optimizer_step,_step,_step__MIN,_step__MAX,global_grad_norm,global_grad_norm__MIN,global_grad_norm__MAX,,,,,,
0,0,0,0,0,0,0,,,,,,
1,1,1,1,1.47228527069092,1.47228527069092,1.47228527069092,,,,,,
2,3,3,3,1.57959854602814,1.57959854602814,1.57959854602814,,,,,,
3,5,5,5,1.46863210201263,1.46863210201263,1.46863210201263,,,,,,
4,7,7,7,1.76517021656036,1.76517021656036,1.76517021656036,,,,,,
5,9,9,9,1.98153686523438,1.98153686523438,1.98153686523438,,,,,,
6,11,11,11,1.92529535293579,1.92529535293579,1.92529535293579,,,,,,
7,13,13,13,1.84069406986237,1.84069406986237,1.84069406986237,,,,,,
8,15,15,15,1.77796912193298,1.77796912193298,1.77796912193298,,,,,,
9,17,17,17,1.73236954212189,1.73236954212189,1.73236954212189,,,,,,
10,19,19,19,1.56836247444153,1.56836247444153,1.56836247444153,,,,,,
11,21,21,21,1.62737441062927,1.62737441062927,1.62737441062927,,,,,,
12,23,23,23,1.73255693912506,1.73255693912506,1.73255693912506,,,,,,
13,25,25,25,1.57589614391327,1.57589614391327,1.57589614391327,,,,,,
14,27,27,27,1.52553391456604,1.52553391456604,1.52553391456604,,,,,,
15,29,29,29,1.42106890678406,1.42106890678406,1.42106890678406,,,,,,
16,31,31,31,1.32756650447845,1.32756650447845,1.32756650447845,,,,,,
17,33,33,33,10.1609287261963,10.1609287261963,10.1609287261963,,,,,,
18,35,35,35,2.27824759483337,2.27824759483337,2.27824759483337,,,,,,
19,37,37,37,1.437824010849,1.437824010849,1.437824010849,,,,,,
20,39,39,39,1.53779077529907,1.53779077529907,1.53779077529907,,,,,,
21,41,41,41,1.46689772605896,1.46689772605896,1.46689772605896,,,,,,
22,43,43,43,1.94166791439056,1.94166791439056,1.94166791439056,,,,,,
23,45,45,45,1.1657749414444,1.1657749414444,1.1657749414444,,,,,,
24,47,47,47,1.00677525997162,1.00677525997162,1.00677525997162,,,,,,
25,49,49,49,1.05141448974609,1.05141448974609,1.05141448974609,,,,,,
26,51,51,51,0.98047935962677,0.98047935962677,0.98047935962677,,,,,,
27,53,53,53,1.03226757049561,1.03226757049561,1.03226757049561,,,,,,
28,55,55,55,0.895072519779205,0.895072519779205,0.895072519779205,,,,,,
29,57,57,57,1.00484156608582,1.00484156608582,1.00484156608582,,,,,,
30,59,59,59,0.80312979221344,0.80312979221344,0.80312979221344,,,,,,
31,61,61,61,0.908408224582672,0.908408224582672,0.908408224582672,,,,,,
32,63,63,63,0.775972723960877,0.775972723960877,0.775972723960877,,,,,,
33,65,65,65,0.753049850463867,0.753049850463867,0.753049850463867,,,,,,
34,67,67,67,0.797502338886261,0.797502338886261,0.797502338886261,,,,,,
35,69,69,69,0.606817543506622,0.606817543506622,0.606817543506622,,,,,,
36,71,71,71,0.665555238723755,0.665555238723755,0.665555238723755,,,,,,
37,73,73,73,0.528744101524353,0.528744101524353,0.528744101524353,,,,,,
38,75,75,75,0.547088801860809,0.547088801860809,0.547088801860809,,,,,,
39,77,77,77,0.525292634963989,0.525292634963989,0.525292634963989,,,,,,
40,79,79,79,0.506879091262817,0.506879091262817,0.506879091262817,,,,,,
41,81,81,81,0.501196444034576,0.501196444034576,0.501196444034576,,,,,,
42,83,83,83,0.368926584720612,0.368926584720612,0.368926584720612,,,,,,
43,85,85,85,0.52486777305603,0.52486777305603,0.52486777305603,,,,,,
44,87,87,87,0.403289288282394,0.403289288282394,0.403289288282394,,,,,,
45,89,89,89,0.391425251960754,0.391425251960754,0.391425251960754,,,,,,
46,91,91,91,0.44903638958931,0.44903638958931,0.44903638958931,,,,,,
47,93,93,93,0.309558063745499,0.309558063745499,0.309558063745499,,,,,,
48,95,95,95,0.362447053194046,0.362447053194046,0.362447053194046,,,,,,
49,97,97,97,0.389844357967377,0.389844357967377,0.389844357967377,,,,,,
50,99,99,99,0.31914758682251,0.31914758682251,0.31914758682251,,,,,,
51,101,101,101,0.44239667057991,0.44239667057991,0.44239667057991,,,,,,
52,103,103,103,0.385071188211441,0.385071188211441,0.385071188211441,,,,,,
53,105,105,105,0.360714882612228,0.360714882612228,0.360714882612228,,,,,,
54,107,107,107,0.580558836460114,0.580558836460114,0.580558836460114,,,,,,
55,109,109,109,0.717446863651276,0.717446863651276,0.717446863651276,,,,,,
56,111,111,111,0.453158527612686,0.453158527612686,0.453158527612686,,,,,,
57,113,113,113,0.936878800392151,0.936878800392151,0.936878800392151,,,,,,
58,115,115,115,0.475957602262497,0.475957602262497,0.475957602262497,,,,,,
59,117,117,117,0.865953385829926,0.865953385829926,0.865953385829926,,,,,,
60,119,119,119,0.489397019147873,0.489397019147873,0.489397019147873,,,,,,
61,121,121,121,1.03795194625855,1.03795194625855,1.03795194625855,,,,,,
62,123,123,123,0.430851489305496,0.430851489305496,0.430851489305496,,,,,,
63,125,125,125,0.955783843994141,0.955783843994141,0.955783843994141,,,,,,
64,127,127,127,0.576410055160523,0.576410055160523,0.576410055160523,,,,,,
65,129,129,129,0.832458913326263,0.832458913326263,0.832458913326263,,,,,,
66,131,131,131,0.679862141609192,0.679862141609192,0.679862141609192,,,,,,
67,133,133,133,0.478752195835114,0.478752195835114,0.478752195835114,,,,,,
68,135,135,135,0.686400592327118,0.686400592327118,0.686400592327118,,,,,,
69,137,137,137,0.492141336202621,0.492141336202621,0.492141336202621,,,,,,
70,139,139,139,0.575242161750794,0.575242161750794,0.575242161750794,,,,,,
71,141,141,141,0.473733633756638,0.473733633756638,0.473733633756638,,,,,,
72,143,143,143,0.511931121349335,0.511931121349335,0.511931121349335,,,,,,
73,145,145,145,0.414932996034622,0.414932996034622,0.414932996034622,,,,,,
74,147,147,147,0.36317777633667,0.36317777633667,0.36317777633667,,,,,,
75,149,149,149,0.507536709308624,0.507536709308624,0.507536709308624,,,,,,
76,151,151,151,0.342938423156738,0.342938423156738,0.342938423156738,,,,,,
77,153,153,153,0.35208985209465,0.35208985209465,0.35208985209465,,,,,,
78,155,155,155,0.394621521234512,0.394621521234512,0.394621521234512,,,,,,
79,157,157,157,0.30988684296608,0.30988684296608,0.30988684296608,,,,,,
80,159,159,159,0.367114990949631,0.367114990949631,0.367114990949631,,,,,,
81,161,161,161,0.363448292016983,0.363448292016983,0.363448292016983,,,,,,
82,163,163,163,0.32228896021843,0.32228896021843,0.32228896021843,,,,,,
83,165,165,165,0.28799957036972,0.28799957036972,0.28799957036972,,,,,,
84,167,167,167,0.265517294406891,0.265517294406891,0.265517294406891,,,,,,
85,169,169,169,0.314845532178879,0.314845532178879,0.314845532178879,,,,,,
86,171,171,171,0.28537729382515,0.28537729382515,0.28537729382515,,,,,,
87,173,173,173,0.277586281299591,0.277586281299591,0.277586281299591,,,,,,
88,175,175,175,0.355513542890549,0.355513542890549,0.355513542890549,,,,,,
89,177,177,177,0.377703785896301,0.377703785896301,0.377703785896301,,,,,,
90,179,179,179,0.254823327064514,0.254823327064514,0.254823327064514,,,,,,
91,181,181,181,0.298086196184158,0.298086196184158,0.298086196184158,,,,,,
92,183,183,183,0.386171251535416,0.386171251535416,0.386171251535416,,,,,,
93,185,185,185,0.284384310245514,0.284384310245514,0.284384310245514,,,,,,
94,187,187,187,0.333663105964661,0.333663105964661,0.333663105964661,,,,,,
95,189,189,189,0.382372140884399,0.382372140884399,0.382372140884399,,,,,,
96,191,191,191,0.299329936504364,0.299329936504364,0.299329936504364,,,,,,
97,193,193,193,0.239084482192993,0.239084482192993,0.239084482192993,,,,,,
98,195,195,195,0.385197460651398,0.385197460651398,0.385197460651398,,,,,,
99,197,197,197,0.307007044553757,0.307007044553757,0.307007044553757,,,,,,
100,199,199,199,0.288691610097885,0.288691610097885,0.288691610097885,,,,,,
101,201,201,201,0.384464621543884,0.384464621543884,0.384464621543884,,,,,,
102,203,203,203,0.364098370075226,0.364098370075226,0.364098370075226,,,,,,
103,205,205,205,0.311248481273651,0.311248481273651,0.311248481273651,,,,,,
104,207,207,207,0.362270563840866,0.362270563840866,0.362270563840866,,,,,,
105,209,209,209,0.349883407354355,0.349883407354355,0.349883407354355,,,,,,
106,211,211,211,0.338755190372467,0.338755190372467,0.338755190372467,,,,,,
107,213,213,213,0.30419984459877,0.30419984459877,0.30419984459877,,,,,,
108,215,215,215,0.369013458490372,0.369013458490372,0.369013458490372,,,,,,
109,217,217,217,0.528690040111542,0.528690040111542,0.528690040111542,,,,,,
110,219,219,219,0.545571684837341,0.545571684837341,0.545571684837341,,,,,,
111,221,221,221,0.302351385354996,0.302351385354996,0.302351385354996,,,,,,
112,223,223,223,0.588172316551209,0.588172316551209,0.588172316551209,,,,,,
113,225,225,225,0.427447438240051,0.427447438240051,0.427447438240051,,,,,,
114,227,227,227,0.787636697292328,0.787636697292328,0.787636697292328,,,,,,
115,229,229,229,0.56613689661026,0.56613689661026,0.56613689661026,,,,,,
116,231,231,231,0.638316035270691,0.638316035270691,0.638316035270691,,,,,,
117,233,233,233,0.525338888168335,0.525338888168335,0.525338888168335,,,,,,
118,235,235,235,0.662377178668976,0.662377178668976,0.662377178668976,,,,,,
119,237,237,237,0.361132621765137,0.361132621765137,0.361132621765137,,,,,,
120,239,239,239,0.66438752412796,0.66438752412796,0.66438752412796,,,,,,
121,241,241,241,0.448148995637894,0.448148995637894,0.448148995637894,,,,,,
122,243,243,243,0.622353255748749,0.622353255748749,0.622353255748749,,,,,,
123,245,245,245,0.542412102222443,0.542412102222443,0.542412102222443,,,,,,
124,247,247,247,0.606898605823517,0.606898605823517,0.606898605823517,,,,,,
125,249,249,249,0.653534770011902,0.653534770011902,0.653534770011902,,,,,,
126,251,251,251,0.449664741754532,0.449664741754532,0.449664741754532,,,,,,
127,253,253,253,0.614500820636749,0.614500820636749,0.614500820636749,,,,,,
128,255,255,255,0.428765714168549,0.428765714168549,0.428765714168549,,,,,,
129,257,257,257,0.531814992427826,0.531814992427826,0.531814992427826,,,,,,
130,259,259,259,0.509370982646942,0.509370982646942,0.509370982646942,,,,,,
131,261,261,261,0.606965065002441,0.606965065002441,0.606965065002441,,,,,,
132,263,263,263,0.600266993045807,0.600266993045807,0.600266993045807,,,,,,
133,265,265,265,0.612534701824188,0.612534701824188,0.612534701824188,,,,,,
134,267,267,267,0.414461731910706,0.414461731910706,0.414461731910706,,,,,,
135,269,269,269,0.605597019195557,0.605597019195557,0.605597019195557,,,,,,
136,271,271,271,0.59215772151947,0.59215772151947,0.59215772151947,,,,,,
137,273,273,273,0.636811256408691,0.636811256408691,0.636811256408691,,,,,,
138,275,275,275,0.488257586956024,0.488257586956024,0.488257586956024,,,,,,
139,277,277,277,0.464051365852356,0.464051365852356,0.464051365852356,,,,,,
140,279,279,279,0.585503041744232,0.585503041744232,0.585503041744232,,,,,,
141,281,281,281,0.381025582551956,0.381025582551956,0.381025582551956,,,,,,
142,283,283,283,0.49360328912735,0.49360328912735,0.49360328912735,,,,,,
143,285,285,285,0.504335343837738,0.504335343837738,0.504335343837738,,,,,,
144,287,287,287,0.494469821453095,0.494469821453095,0.494469821453095,,,,,,
145,289,289,289,0.543655753135681,0.543655753135681,0.543655753135681,,,,,,
146,291,291,291,0.476070016622543,0.476070016622543,0.476070016622543,,,,,,
147,293,293,293,0.541865110397339,0.541865110397339,0.541865110397339,,,,,,
148,295,295,295,0.527236104011536,0.527236104011536,0.527236104011536,,,,,,
149,297,297,297,0.412103772163391,0.412103772163391,0.412103772163391,,,,,,
150,299,299,299,0.712812304496765,0.712812304496765,0.712812304496765,,,,,,
151,301,301,301,0.559880554676056,0.559880554676056,0.559880554676056,,,,,,
152,303,303,303,0.485652595758438,0.485652595758438,0.485652595758438,,,,,,
153,305,305,305,0.460076570510864,0.460076570510864,0.460076570510864,,,,,,
154,307,307,307,0.466481268405914,0.466481268405914,0.466481268405914,,,,,,
155,309,309,309,0.495656669139862,0.495656669139862,0.495656669139862,,,,,,
156,311,311,311,0.559547424316406,0.559547424316406,0.559547424316406,,,,,,
157,313,313,313,0.611979484558106,0.611979484558106,0.611979484558106,,,,,,
158,315,315,315,0.578199744224548,0.578199744224548,0.578199744224548,,,,,,
159,317,317,317,0.616117358207703,0.616117358207703,0.616117358207703,,,,,,
160,319,319,319,0.544288516044617,0.544288516044617,0.544288516044617,,,,,,
161,321,321,321,0.509716391563416,0.509716391563416,0.509716391563416,,,,,,
162,323,323,323,0.450241655111313,0.450241655111313,0.450241655111313,,,,,,
163,325,325,325,0.623518407344818,0.623518407344818,0.623518407344818,,,,,,
164,327,327,327,0.501616597175598,0.501616597175598,0.501616597175598,,,,,,
165,329,329,329,0.539256274700165,0.539256274700165,0.539256274700165,,,,,,
166,331,331,331,0.619949102401733,0.619949102401733,0.619949102401733,,,,,,
167,333,333,333,0.623725593090057,0.623725593090057,0.623725593090057,,,,,,
168,335,335,335,0.786725401878357,0.786725401878357,0.786725401878357,,,,,,
169,337,337,337,0.493727266788483,0.493727266788483,0.493727266788483,,,,,,
170,339,339,339,0.561521470546722,0.561521470546722,0.561521470546722,,,,,,
171,341,341,341,0.614641964435577,0.614641964435577,0.614641964435577,,,,,,
172,343,343,343,0.783860564231873,0.783860564231873,0.783860564231873,,,,,,
173,345,345,345,0.70320326089859,0.70320326089859,0.70320326089859,,,,,,
174,347,347,347,0.611935138702393,0.611935138702393,0.611935138702393,,,,,,
175,349,349,349,0.708460509777069,0.708460509777069,0.708460509777069,,,,,,
176,351,351,351,0.718549191951752,0.718549191951752,0.718549191951752,,,,,,
177,353,353,353,0.6512690782547,0.6512690782547,0.6512690782547,,,,,,
178,355,355,355,1.08353173732758,1.08353173732758,1.08353173732758,,,,,,
179,357,357,357,0.589084982872009,0.589084982872009,0.589084982872009,,,,,,
180,359,359,359,0.931713283061981,0.931713283061981,0.931713283061981,,,,,,
181,361,361,361,0.606960117816925,0.606960117816925,0.606960117816925,,,,,,
182,363,363,363,0.871397852897644,0.871397852897644,0.871397852897644,,,,,,
183,365,365,365,0.623452484607697,0.623452484607697,0.623452484607697,,,,,,
184,367,367,367,0.807873368263245,0.807873368263245,0.807873368263245,,,,,,
185,369,369,369,0.579845130443573,0.579845130443573,0.579845130443573,,,,,,
186,371,371,371,0.662812113761902,0.662812113761902,0.662812113761902,,,,,,
187,373,373,373,0.723102152347565,0.723102152347565,0.723102152347565,,,,,,
188,375,375,375,0.611646234989166,0.611646234989166,0.611646234989166,,,,,,
189,377,377,377,0.834847092628479,0.834847092628479,0.834847092628479,,,,,,
190,379,379,379,0.524034202098846,0.524034202098846,0.524034202098846,,,,,,
191,381,381,381,0.662350654602051,0.662350654602051,0.662350654602051,,,,,,
192,383,383,383,0.469486832618713,0.469486832618713,0.469486832618713,,,,,,
193,385,385,385,0.593570470809937,0.593570470809937,0.593570470809937,,,,,,
194,387,387,387,0.544561743736267,0.544561743736267,0.544561743736267,,,,,,
195,389,389,389,0.527196943759918,0.527196943759918,0.527196943759918,,,,,,
196,391,391,391,0.521929264068604,0.521929264068604,0.521929264068604,,,,,,
197,393,393,393,0.549283385276794,0.549283385276794,0.549283385276794,,,,,,
198,395,395,395,0.732497096061707,0.732497096061707,0.732497096061707,,,,,,
199,397,397,397,0.951594412326813,0.951594412326813,0.951594412326813,,,,,,
200,399,399,399,0.678140103816986,0.678140103816986,0.678140103816986,,,,,,
201,401,401,401,0.939621925354004,0.939621925354004,0.939621925354004,,,,,,
202,403,403,403,0.800520598888397,0.800520598888397,0.800520598888397,,,,,,
203,405,405,405,0.691641807556152,0.691641807556152,0.691641807556152,,,,,,
204,407,407,407,0.801214993000031,0.801214993000031,0.801214993000031,,,,,,
205,409,409,409,0.907587468624115,0.907587468624115,0.907587468624115,,,,,,
206,411,411,411,0.974049985408783,0.974049985408783,0.974049985408783,,,,,,
207,413,413,413,0.590117633342743,0.590117633342743,0.590117633342743,,,,,,
208,415,415,415,0.742383122444153,0.742383122444153,0.742383122444153,,,,,,
209,417,417,417,0.725609123706818,0.725609123706818,0.725609123706818,,,,,,
210,419,419,419,0.466438174247742,0.466438174247742,0.466438174247742,,,,,,
211,421,421,421,0.644558727741242,0.644558727741242,0.644558727741242,,,,,,
212,423,423,423,0.568139851093292,0.568139851093292,0.568139851093292,,,,,,
213,425,425,425,0.562101781368256,0.562101781368256,0.562101781368256,,,,,,
214,427,427,427,0.619004547595978,0.619004547595978,0.619004547595978,,,,,,
215,429,429,429,0.781189918518066,0.781189918518066,0.781189918518066,,,,,,
216,431,431,431,0.900377213954926,0.900377213954926,0.900377213954926,,,,,,
217,433,433,433,0.728252112865448,0.728252112865448,0.728252112865448,,,,,,
218,435,435,435,0.774500370025635,0.774500370025635,0.774500370025635,,,,,,
219,437,437,437,0.850224196910858,0.850224196910858,0.850224196910858,,,,,,
220,439,439,439,0.728131294250488,0.728131294250488,0.728131294250488,,,,,,
221,441,441,441,0.63185054063797,0.63185054063797,0.63185054063797,,,,,,
222,443,443,443,0.620163917541504,0.620163917541504,0.620163917541504,,,,,,
223,445,445,445,0.682515263557434,0.682515263557434,0.682515263557434,,,,,,
224,447,447,447,0.668198108673096,0.668198108673096,0.668198108673096,,,,,,
225,449,449,449,0.615126609802246,0.615126609802246,0.615126609802246,,,,,,
226,451,451,451,0.748077809810638,0.748077809810638,0.748077809810638,,,,,,
227,453,453,453,0.650776743888855,0.650776743888855,0.650776743888855,,,,,,
228,455,455,455,0.801592648029327,0.801592648029327,0.801592648029327,,,,,,
229,457,457,457,0.585837721824646,0.585837721824646,0.585837721824646,,,,,,
230,459,459,459,0.555554687976837,0.555554687976837,0.555554687976837,,,,,,
231,461,461,461,0.794526636600494,0.794526636600494,0.794526636600494,,,,,,
232,463,463,463,0.752988815307617,0.752988815307617,0.752988815307617,,,,,,
233,465,465,465,0.903453528881073,0.903453528881073,0.903453528881073,,,,,,
234,467,467,467,0.854323267936707,0.854323267936707,0.854323267936707,,,,,,
235,469,469,469,0.804913103580475,0.804913103580475,0.804913103580475,,,,,,
236,471,471,471,0.884980976581574,0.884980976581574,0.884980976581574,,,,,,
237,473,473,473,0.884657323360443,0.884657323360443,0.884657323360443,,,,,,
238,475,475,475,0.642856061458588,0.642856061458588,0.642856061458588,,,,,,
239,477,477,477,0.677344381809235,0.677344381809235,0.677344381809235,,,,,,
240,479,479,479,0.780414998531342,0.780414998531342,0.780414998531342,,,,,,
241,481,481,481,0.909676373004913,0.909676373004913,0.909676373004913,,,,,,
242,483,483,483,0.72669392824173,0.72669392824173,0.72669392824173,,,,,,
243,485,485,485,0.98744809627533,0.98744809627533,0.98744809627533,,,,,,
244,487,487,487,0.766511082649231,0.766511082649231,0.766511082649231,,,,,,
245,489,489,489,0.713521361351013,0.713521361351013,0.713521361351013,,,,,,
246,491,491,491,0.666817545890808,0.666817545890808,0.666817545890808,,,,,,
247,493,493,493,0.677916467189789,0.677916467189789,0.677916467189789,,,,,,
248,495,495,495,0.586917698383331,0.586917698383331,0.586917698383331,,,,,,
249,497,497,497,0.7266965508461,0.7266965508461,0.7266965508461,,,,,,
250,499,499,499,0.812582731246948,0.812582731246948,0.812582731246948,,,,,,
251,501,501,501,0.726564526557922,0.726564526557922,0.726564526557922,,,,,,
252,503,503,503,0.834963798522949,0.834963798522949,0.834963798522949,,,,,,
253,505,505,505,0.641729593276978,0.641729593276978,0.641729593276978,,,,,,
254,507,507,507,0.755618214607239,0.755618214607239,0.755618214607239,,,,,,
255,509,509,509,0.981739223003388,0.981739223003388,0.981739223003388,,,,,,
256,511,511,511,0.670942187309265,0.670942187309265,0.670942187309265,,,,,,
257,513,513,513,0.838710963726044,0.838710963726044,0.838710963726044,,,,,,
258,515,515,515,0.845751762390137,0.845751762390137,0.845751762390137,,,,,,
259,517,517,517,1.01767551898956,1.01767551898956,1.01767551898956,,,,,,
260,519,519,519,0.956836462020874,0.956836462020874,0.956836462020874,,,,,,
261,521,521,521,0.737816870212555,0.737816870212555,0.737816870212555,,,,,,
262,523,523,523,0.794134914875031,0.794134914875031,0.794134914875031,,,,,,
263,525,525,525,0.855798125267029,0.855798125267029,0.855798125267029,,,,,,
264,527,527,527,0.847802340984345,0.847802340984345,0.847802340984345,,,,,,
265,529,529,529,0.919515550136566,0.919515550136566,0.919515550136566,,,,,,
266,531,531,531,0.680606603622437,0.680606603622437,0.680606603622437,,,,,,
267,533,533,533,0.815552234649658,0.815552234649658,0.815552234649658,,,,,,
268,535,535,535,0.76255738735199,0.76255738735199,0.76255738735199,,,,,,
269,537,537,537,0.847875058650971,0.847875058650971,0.847875058650971,,,,,,
270,539,539,539,0.836905360221863,0.836905360221863,0.836905360221863,,,,,,
271,541,541,541,0.788015961647034,0.788015961647034,0.788015961647034,,,,,,
272,543,543,543,0.928766071796417,0.928766071796417,0.928766071796417,,,,,,
273,545,545,545,0.811742722988129,0.811742722988129,0.811742722988129,,,,,,
274,547,547,547,0.728811383247376,0.728811383247376,0.728811383247376,,,,,,
275,549,549,549,0.679694652557373,0.679694652557373,0.679694652557373,,,,,,
276,551,551,551,0.687867760658264,0.687867760658264,0.687867760658264,,,,,,
277,553,553,553,0.767400562763214,0.767400562763214,0.767400562763214,,,,,,
278,555,555,555,0.867181420326233,0.867181420326233,0.867181420326233,,,,,,
279,557,557,557,1.06511890888214,1.06511890888214,1.06511890888214,,,,,,
280,559,559,559,0.614110708236694,0.614110708236694,0.614110708236694,,,,,,
281,561,561,561,0.979654133319855,0.979654133319855,0.979654133319855,,,,,,
282,563,563,563,1.02781438827515,1.02781438827515,1.02781438827515,,,,,,
283,565,565,565,0.979410827159882,0.979410827159882,0.979410827159882,,,,,,
284,567,567,567,0.811236381530762,0.811236381530762,0.811236381530762,,,,,,
285,569,569,569,0.84811943769455,0.84811943769455,0.84811943769455,,,,,,
286,571,571,571,0.776715993881226,0.776715993881226,0.776715993881226,,,,,,
287,573,573,573,0.688644289970398,0.688644289970398,0.688644289970398,,,,,,
288,575,575,575,0.917011976242065,0.917011976242065,0.917011976242065,,,,,,
289,577,577,577,0.807555794715881,0.807555794715881,0.807555794715881,,,,,,
290,579,579,579,0.673889696598053,0.673889696598053,0.673889696598053,,,,,,
291,581,581,581,0.629798471927643,0.629798471927643,0.629798471927643,,,,,,
292,583,583,583,0.584123373031616,0.584123373031616,0.584123373031616,,,,,,
293,585,585,585,0.703040242195129,0.703040242195129,0.703040242195129,,,,,,
294,587,587,587,0.662197649478912,0.662197649478912,0.662197649478912,,,,,,
295,589,589,589,0.852952480316162,0.852952480316162,0.852952480316162,,,,,,
296,591,591,591,0.905968248844147,0.905968248844147,0.905968248844147,,,,,,
297,593,593,593,0.816307663917542,0.816307663917542,0.816307663917542,,,,,,
298,595,595,595,0.842462182044983,0.842462182044983,0.842462182044983,,,,,,
299,597,597,597,0.881108582019806,0.881108582019806,0.881108582019806,,,,,,
300,599,599,599,1.16469871997833,1.16469871997833,1.16469871997833,,,,,,
301,601,601,601,0.905043125152588,0.905043125152588,0.905043125152588,,,,,,
302,603,603,603,1.0184531211853,1.0184531211853,1.0184531211853,,,,,,
303,605,605,605,0.722040295600891,0.722040295600891,0.722040295600891,,,,,,
304,607,607,607,0.804189383983612,0.804189383983612,0.804189383983612,,,,,,
305,609,609,609,1.02259755134583,1.02259755134583,1.02259755134583,,,,,,
306,611,611,611,0.731439590454102,0.731439590454102,0.731439590454102,,,,,,
307,613,613,613,1.02473556995392,1.02473556995392,1.02473556995392,,,,,,
308,615,615,615,0.627941906452179,0.627941906452179,0.627941906452179,,,,,,
309,617,617,617,0.818658292293549,0.818658292293549,0.818658292293549,,,,,,
310,619,619,619,0.848015308380127,0.848015308380127,0.848015308380127,,,,,,
311,621,621,621,0.97907942533493,0.97907942533493,0.97907942533493,,,,,,
312,623,623,623,1.20748519897461,1.20748519897461,1.20748519897461,,,,,,
313,625,625,625,0.777863204479218,0.777863204479218,0.777863204479218,,,,,,
314,627,627,627,0.841300845146179,0.841300845146179,0.841300845146179,,,,,,
315,629,629,629,0.80289101600647,0.80289101600647,0.80289101600647,,,,,,
316,631,631,631,0.853740811347961,0.853740811347961,0.853740811347961,,,,,,
317,633,633,633,0.756515562534332,0.756515562534332,0.756515562534332,,,,,,
318,635,635,635,0.829367756843567,0.829367756843567,0.829367756843567,,,,,,
319,637,637,637,0.711329758167267,0.711329758167267,0.711329758167267,,,,,,
320,639,639,639,0.882094919681549,0.882094919681549,0.882094919681549,,,,,,
321,641,641,641,0.830480992794037,0.830480992794037,0.830480992794037,,,,,,
322,643,643,643,0.902403950691223,0.902403950691223,0.902403950691223,,,,,,
323,645,645,645,0.92849189043045,0.92849189043045,0.92849189043045,,,,,,
324,647,647,647,0.764424979686737,0.764424979686737,0.764424979686737,,,,,,
325,649,649,649,0.787947237491608,0.787947237491608,0.787947237491608,,,,,,
326,651,651,651,0.737791121006012,0.737791121006012,0.737791121006012,,,,,,
327,653,653,653,0.676903665065765,0.676903665065765,0.676903665065765,,,,,,
328,655,655,655,0.799560725688934,0.799560725688934,0.799560725688934,,,,,,
329,657,657,657,0.763654947280884,0.763654947280884,0.763654947280884,,,,,,
330,659,659,659,0.82087653875351,0.82087653875351,0.82087653875351,,,,,,
331,661,661,661,0.87976199388504,0.87976199388504,0.87976199388504,,,,,,
332,663,663,663,0.766395628452301,0.766395628452301,0.766395628452301,,,,,,
333,665,665,665,0.726656377315521,0.726656377315521,0.726656377315521,,,,,,
334,667,667,667,0.80048269033432,0.80048269033432,0.80048269033432,,,,,,
335,669,669,669,1.10911357402802,1.10911357402802,1.10911357402802,,,,,,
336,671,671,671,0.785194456577301,0.785194456577301,0.785194456577301,,,,,,
337,673,673,673,0.793863713741303,0.793863713741303,0.793863713741303,,,,,,
338,675,675,675,0.769859969615936,0.769859969615936,0.769859969615936,,,,,,
339,677,677,677,0.656884789466858,0.656884789466858,0.656884789466858,,,,,,
340,679,679,679,0.653295576572418,0.653295576572418,0.653295576572418,,,,,,
341,681,681,681,0.731663465499878,0.731663465499878,0.731663465499878,,,,,,
342,683,683,683,0.853726029396057,0.853726029396057,0.853726029396057,,,,,,
343,685,685,685,0.851970672607422,0.851970672607422,0.851970672607422,,,,,,
344,687,687,687,1.17109870910645,1.17109870910645,1.17109870910645,,,,,,
345,689,689,689,0.87821900844574,0.87821900844574,0.87821900844574,,,,,,
346,691,691,691,0.902045071125031,0.902045071125031,0.902045071125031,,,,,,
347,693,693,693,0.993516981601715,0.993516981601715,0.993516981601715,,,,,,
348,695,695,695,0.924173355102539,0.924173355102539,0.924173355102539,,,,,,
349,697,697,697,0.710654556751251,0.710654556751251,0.710654556751251,,,,,,
350,699,699,699,1.02528893947601,1.02528893947601,1.02528893947601,,,,,,
351,701,701,701,0.825084447860718,0.825084447860718,0.825084447860718,,,,,,
352,703,703,703,0.865849614143372,0.865849614143372,0.865849614143372,,,,,,
353,705,705,705,0.772355854511261,0.772355854511261,0.772355854511261,,,,,,
354,707,707,707,0.730860471725464,0.730860471725464,0.730860471725464,,,,,,
355,709,709,709,0.671725749969482,0.671725749969482,0.671725749969482,,,,,,
356,711,711,711,0.807715356349945,0.807715356349945,0.807715356349945,,,,,,
357,713,713,713,0.996076583862305,0.996076583862305,0.996076583862305,,,,,,
358,715,715,715,0.750587999820709,0.750587999820709,0.750587999820709,,,,,,
359,717,717,717,0.809762239456177,0.809762239456177,0.809762239456177,,,,,,
360,719,719,719,0.909443199634552,0.909443199634552,0.909443199634552,,,,,,
361,721,721,721,0.862420797348023,0.862420797348023,0.862420797348023,,,,,,
362,723,723,723,0.904768645763397,0.904768645763397,0.904768645763397,,,,,,
363,725,725,725,0.869413316249847,0.869413316249847,0.869413316249847,,,,,,
364,727,727,727,0.829574942588806,0.829574942588806,0.829574942588806,,,,,,
365,729,729,729,0.888266623020172,0.888266623020172,0.888266623020172,,,,,,
366,731,731,731,0.882642090320587,0.882642090320587,0.882642090320587,,,,,,
367,733,733,733,0.833185911178589,0.833185911178589,0.833185911178589,,,,,,
368,735,735,735,0.853631973266602,0.853631973266602,0.853631973266602,,,,,,
369,737,737,737,0.727142751216888,0.727142751216888,0.727142751216888,,,,,,
370,739,739,739,0.815669178962708,0.815669178962708,0.815669178962708,,,,,,
371,741,741,741,0.932521164417267,0.932521164417267,0.932521164417267,,,,,,
372,743,743,743,0.959572553634644,0.959572553634644,0.959572553634644,,,,,,
373,745,745,745,0.857209146022797,0.857209146022797,0.857209146022797,,,,,,
374,747,747,747,0.878066778182983,0.878066778182983,0.878066778182983,,,,,,
375,749,749,749,0.773928105831146,0.773928105831146,0.773928105831146,,,,,,
376,751,751,751,0.898394227027893,0.898394227027893,0.898394227027893,,,,,,
377,753,753,753,1.00024235248566,1.00024235248566,1.00024235248566,,,,,,
378,755,755,755,0.909670829772949,0.909670829772949,0.909670829772949,,,,,,
379,757,757,757,0.767608165740967,0.767608165740967,0.767608165740967,,,,,,
380,759,759,759,0.857642531394959,0.857642531394959,0.857642531394959,,,,,,
381,761,761,761,0.864468693733215,0.864468693733215,0.864468693733215,,,,,,
382,763,763,763,0.679226994514465,0.679226994514465,0.679226994514465,,,,,,
383,765,765,765,0.702249050140381,0.702249050140381,0.702249050140381,,,,,,
384,767,767,767,0.702291369438171,0.702291369438171,0.702291369438171,,,,,,
385,769,769,769,0.873541116714478,0.873541116714478,0.873541116714478,,,,,,
386,771,771,771,0.887092113494873,0.887092113494873,0.887092113494873,,,,,,
387,773,773,773,0.67892462015152,0.67892462015152,0.67892462015152,,,,,,
388,775,775,775,0.705880999565125,0.705880999565125,0.705880999565125,,,,,,
389,777,777,777,0.786103188991547,0.786103188991547,0.786103188991547,,,,,,
390,779,779,779,0.714692890644074,0.714692890644074,0.714692890644074,,,,,,
391,781,781,781,0.777718663215637,0.777718663215637,0.777718663215637,,,,,,
392,783,783,783,0.699399292469025,0.699399292469025,0.699399292469025,,,,,,
393,785,785,785,0.843348324298859,0.843348324298859,0.843348324298859,,,,,,
394,787,787,787,0.836272060871124,0.836272060871124,0.836272060871124,,,,,,
395,789,789,789,0.803401350975037,0.803401350975037,0.803401350975037,,,,,,
396,791,791,791,0.814226388931274,0.814226388931274,0.814226388931274,,,,,,
397,793,793,793,0.898135423660278,0.898135423660278,0.898135423660278,,,,,,
398,795,795,795,0.904959261417389,0.904959261417389,0.904959261417389,,,,,,
399,797,797,797,0.840030431747437,0.840030431747437,0.840030431747437,,,,,,
400,799,799,799,0.770111739635468,0.770111739635468,0.770111739635468,,,,,,
401,801,801,801,0.955955624580383,0.955955624580383,0.955955624580383,,,,,,
402,803,803,803,0.899709820747376,0.899709820747376,0.899709820747376,,,,,,
403,805,805,805,0.848276555538178,0.848276555538178,0.848276555538178,,,,,,
404,807,807,807,0.947410464286804,0.947410464286804,0.947410464286804,,,,,,
405,809,809,809,0.7600417137146,0.7600417137146,0.7600417137146,,,,,,
406,811,811,811,0.770737767219544,0.770737767219544,0.770737767219544,,,,,,
407,813,813,813,0.855545520782471,0.855545520782471,0.855545520782471,,,,,,
408,815,815,815,0.752175033092499,0.752175033092499,0.752175033092499,,,,,,
409,817,817,817,0.826799869537354,0.826799869537354,0.826799869537354,,,,,,
410,819,819,819,1.08174157142639,1.08174157142639,1.08174157142639,,,,,,
411,821,821,821,0.918016731739044,0.918016731739044,0.918016731739044,,,,,,
412,823,823,823,0.792480409145355,0.792480409145355,0.792480409145355,,,,,,
413,825,825,825,0.786921501159668,0.786921501159668,0.786921501159668,,,,,,
414,827,827,827,0.658923387527466,0.658923387527466,0.658923387527466,,,,,,
415,829,829,829,0.710561096668243,0.710561096668243,0.710561096668243,,,,,,
416,831,831,831,0.712222754955292,0.712222754955292,0.712222754955292,,,,,,
417,833,833,833,0.784205317497253,0.784205317497253,0.784205317497253,,,,,,
418,835,835,835,0.759467005729675,0.759467005729675,0.759467005729675,,,,,,
419,837,837,837,0.736216187477112,0.736216187477112,0.736216187477112,,,,,,
420,839,839,839,0.726842045783997,0.726842045783997,0.726842045783997,,,,,,
421,841,841,841,0.807693243026733,0.807693243026733,0.807693243026733,,,,,,
422,843,843,843,0.802861511707306,0.802861511707306,0.802861511707306,,,,,,
423,845,845,845,0.945757389068604,0.945757389068604,0.945757389068604,,,,,,
424,847,847,847,1.1981760263443,1.1981760263443,1.1981760263443,,,,,,
425,849,849,849,0.925325512886047,0.925325512886047,0.925325512886047,,,,,,
426,851,851,851,0.974816858768463,0.974816858768463,0.974816858768463,,,,,,
427,853,853,853,0.996225535869598,0.996225535869598,0.996225535869598,,,,,,
428,855,855,855,0.745163440704346,0.745163440704346,0.745163440704346,,,,,,
429,857,857,857,0.931365787982941,0.931365787982941,0.931365787982941,,,,,,
430,859,859,859,0.872450947761536,0.872450947761536,0.872450947761536,,,,,,
431,861,861,861,0.921406805515289,0.921406805515289,0.921406805515289,,,,,,
432,863,863,863,0.920673787593842,0.920673787593842,0.920673787593842,,,,,,
433,865,865,865,0.816626965999603,0.816626965999603,0.816626965999603,,,,,,
434,867,867,867,0.818840622901917,0.818840622901917,0.818840622901917,,,,,,
435,869,869,869,0.894125163555145,0.894125163555145,0.894125163555145,,,,,,
436,871,871,871,0.956750214099884,0.956750214099884,0.956750214099884,,,,,,
437,873,873,873,0.906552672386169,0.906552672386169,0.906552672386169,,,,,,
438,875,875,875,0.794587671756744,0.794587671756744,0.794587671756744,,,,,,
439,877,877,877,0.801428318023682,0.801428318023682,0.801428318023682,,,,,,
440,879,879,879,0.707090437412262,0.707090437412262,0.707090437412262,,,,,,
441,881,881,881,0.759666562080383,0.759666562080383,0.759666562080383,,,,,,
442,883,883,883,0.68937224149704,0.68937224149704,0.68937224149704,,,,,,
443,885,885,885,0.699344635009766,0.699344635009766,0.699344635009766,,,,,,
444,887,887,887,0.732427358627319,0.732427358627319,0.732427358627319,,,,,,
445,889,889,889,0.891684472560883,0.891684472560883,0.891684472560883,,,,,,
446,891,891,891,1.04393863677979,1.04393863677979,1.04393863677979,,,,,,
447,893,893,893,0.95495730638504,0.95495730638504,0.95495730638504,,,,,,
448,895,895,895,0.736546099185944,0.736546099185944,0.736546099185944,,,,,,
449,897,897,897,0.775285065174103,0.775285065174103,0.775285065174103,,,,,,
450,899,899,899,0.777649521827698,0.777649521827698,0.777649521827698,,,,,,
451,901,901,901,0.922705769538879,0.922705769538879,0.922705769538879,,,,,,
452,903,903,903,0.932948648929596,0.932948648929596,0.932948648929596,,,,,,
453,905,905,905,0.869850754737854,0.869850754737854,0.869850754737854,,,,,,
454,907,907,907,1.07004737854004,1.07004737854004,1.07004737854004,,,,,,
455,909,909,909,0.881622850894928,0.881622850894928,0.881622850894928,,,,,,
456,911,911,911,0.886316299438477,0.886316299438477,0.886316299438477,,,,,,
457,913,913,913,0.917749047279358,0.917749047279358,0.917749047279358,,,,,,
458,915,915,915,0.870288252830505,0.870288252830505,0.870288252830505,,,,,,
459,917,917,917,0.859723448753357,0.859723448753357,0.859723448753357,,,,,,
460,919,919,919,0.816559314727783,0.816559314727783,0.816559314727783,,,,,,
461,921,921,921,0.938046634197235,0.938046634197235,0.938046634197235,,,,,,
462,923,923,923,0.901102602481842,0.901102602481842,0.901102602481842,,,,,,
463,925,925,925,0.808175384998322,0.808175384998322,0.808175384998322,,,,,,
464,927,927,927,0.730551421642304,0.730551421642304,0.730551421642304,,,,,,
465,929,929,929,0.837531685829163,0.837531685829163,0.837531685829163,,,,,,
466,931,931,931,0.916404128074646,0.916404128074646,0.916404128074646,,,,,,
467,933,933,933,0.935616433620453,0.935616433620453,0.935616433620453,,,,,,
468,935,935,935,0.789454936981201,0.789454936981201,0.789454936981201,,,,,,
469,937,937,937,0.85502827167511,0.85502827167511,0.85502827167511,,,,,,
470,939,939,939,1.00824093818665,1.00824093818665,1.00824093818665,,,,,,
471,941,941,941,0.870621979236603,0.870621979236603,0.870621979236603,,,,,,
472,943,943,943,0.705149173736572,0.705149173736572,0.705149173736572,,,,,,
473,945,945,945,0.759306311607361,0.759306311607361,0.759306311607361,,,,,,
474,947,947,947,0.771254658699036,0.771254658699036,0.771254658699036,,,,,,
475,949,949,949,0.808142244815826,0.808142244815826,0.808142244815826,,,,,,
476,951,951,951,0.907393157482147,0.907393157482147,0.907393157482147,,,,,,
477,953,953,953,1.00497817993164,1.00497817993164,1.00497817993164,,,,,,
478,955,955,955,0.808347463607788,0.808347463607788,0.808347463607788,,,,,,
479,957,957,957,0.809261798858643,0.809261798858643,0.809261798858643,,,,,,
480,959,959,959,0.877188980579376,0.877188980579376,0.877188980579376,,,,,,
481,961,961,961,0.860912799835205,0.860912799835205,0.860912799835205,,,,,,
482,963,963,963,0.867321252822876,0.867321252822876,0.867321252822876,,,,,,
483,965,965,965,0.710974335670471,0.710974335670471,0.710974335670471,,,,,,
484,967,967,967,0.680921256542206,0.680921256542206,0.680921256542206,,,,,,
485,969,969,969,0.729182958602905,0.729182958602905,0.729182958602905,,,,,,
486,971,971,971,0.787050426006317,0.787050426006317,0.787050426006317,,,,,,
487,973,973,973,0.781521439552307,0.781521439552307,0.781521439552307,,,,,,
488,975,975,975,0.748688280582428,0.748688280582428,0.748688280582428,,,,,,
489,977,977,977,0.790668547153473,0.790668547153473,0.790668547153473,,,,,,
490,979,979,979,0.696210265159607,0.696210265159607,0.696210265159607,,,,,,
491,981,981,981,0.738236129283905,0.738236129283905,0.738236129283905,,,,,,
492,983,983,983,0.702479243278503,0.702479243278503,0.702479243278503,,,,,,
493,985,985,985,0.818444013595581,0.818444013595581,0.818444013595581,,,,,,
494,987,987,987,0.887120068073273,0.887120068073273,0.887120068073273,,,,,,
495,989,989,989,0.945177435874939,0.945177435874939,0.945177435874939,,,,,,
496,991,991,991,0.723764002323151,0.723764002323151,0.723764002323151,,,,,,
497,993,993,993,1.03664338588715,1.03664338588715,1.03664338588715,,,,,,
498,995,995,995,0.682416260242462,0.682416260242462,0.682416260242462,,,,,,
499,997,997,997,0.96086996793747,0.96086996793747,0.96086996793747,,,,,,
500,999,999,999,0.680383265018463,0.680383265018463,0.680383265018463,,,,,,
501,1001,1001,1001,0.896846532821655,0.896846532821655,0.896846532821655,,,,,,
502,1003,1003,1003,0.783766329288483,0.783766329288483,0.783766329288483,,,,,,
503,1005,1005,1005,1.01377630233765,1.01377630233765,1.01377630233765,,,,,,
504,1007,1007,1007,0.907710433006287,0.907710433006287,0.907710433006287,,,,,,
505,1009,1009,1009,0.886981248855591,0.886981248855591,0.886981248855591,,,,,,
506,1011,1011,1011,0.916301190853119,0.916301190853119,0.916301190853119,,,,,,
507,1013,1013,1013,0.971854984760284,0.971854984760284,0.971854984760284,,,,,,
508,1015,1015,1015,0.818808138370514,0.818808138370514,0.818808138370514,,,,,,
509,1017,1017,1017,0.860654354095459,0.860654354095459,0.860654354095459,,,,,,
510,1019,1019,1019,0.902118265628815,0.902118265628815,0.902118265628815,,,,,,
511,1021,1021,1021,0.917841255664825,0.917841255664825,0.917841255664825,,,,,,
512,1023,1023,1023,0.877632141113281,0.877632141113281,0.877632141113281,,,,,,
513,1025,1025,1025,0.768490254878998,0.768490254878998,0.768490254878998,,,,,,
514,1027,1027,1027,0.795203030109406,0.795203030109406,0.795203030109406,,,,,,
515,1029,1029,1029,0.788016498088837,0.788016498088837,0.788016498088837,,,,,,
516,1031,1031,1031,0.713713943958283,0.713713943958283,0.713713943958283,,,,,,
517,1033,1033,1033,0.852320432662964,0.852320432662964,0.852320432662964,,,,,,
518,1035,1035,1035,0.893254458904266,0.893254458904266,0.893254458904266,,,,,,
519,1037,1037,1037,1.01936197280884,1.01936197280884,1.01936197280884,,,,,,
520,1039,1039,1039,0.929888069629669,0.929888069629669,0.929888069629669,,,,,,
521,1041,1041,1041,0.830789804458618,0.830789804458618,0.830789804458618,,,,,,
522,1043,1043,1043,0.792406022548676,0.792406022548676,0.792406022548676,,,,,,
523,1045,1045,1045,1.03388643264771,1.03388643264771,1.03388643264771,,,,,,
524,1047,1047,1047,1.00499534606934,1.00499534606934,1.00499534606934,,,,,,
525,1049,1049,1049,0.80759608745575,0.80759608745575,0.80759608745575,,,,,,
526,1051,1051,1051,0.733859121799469,0.733859121799469,0.733859121799469,,,,,,
527,1053,1053,1053,0.741853356361389,0.741853356361389,0.741853356361389,,,,,,
528,1055,1055,1055,0.815460741519928,0.815460741519928,0.815460741519928,,,,,,
529,1057,1057,1057,0.7039794921875,0.7039794921875,0.7039794921875,,,,,,
530,1059,1059,1059,0.729221105575562,0.729221105575562,0.729221105575562,,,,,,
531,1061,1061,1061,0.738350570201874,0.738350570201874,0.738350570201874,,,,,,
532,1063,1063,1063,0.672235786914825,0.672235786914825,0.672235786914825,,,,,,
533,1065,1065,1065,0.661707699298859,0.661707699298859,0.661707699298859,,,,,,
534,1067,1067,1067,0.774400532245636,0.774400532245636,0.774400532245636,,,,,,
535,1069,1069,1069,0.984208643436432,0.984208643436432,0.984208643436432,,,,,,
536,1071,1071,1071,0.988080680370331,0.988080680370331,0.988080680370331,,,,,,
537,1073,1073,1073,0.951735317707062,0.951735317707062,0.951735317707062,,,,,,
538,1075,1075,1075,0.920450091362,0.920450091362,0.920450091362,,,,,,
539,1077,1077,1077,0.741930902004242,0.741930902004242,0.741930902004242,,,,,,
540,1079,1079,1079,0.72410774230957,0.72410774230957,0.72410774230957,,,,,,
541,1081,1081,1081,0.902898728847504,0.902898728847504,0.902898728847504,,,,,,
542,1083,1083,1083,0.894164383411408,0.894164383411408,0.894164383411408,,,,,,
543,1085,1085,1085,0.90977668762207,0.90977668762207,0.90977668762207,,,,,,
544,1087,1087,1087,0.938978314399719,0.938978314399719,0.938978314399719,,,,,,
545,1089,1089,1089,0.897664844989777,0.897664844989777,0.897664844989777,,,,,,
546,1091,1091,1091,0.853361248970032,0.853361248970032,0.853361248970032,,,,,,
547,1093,1093,1093,0.822953999042511,0.822953999042511,0.822953999042511,,,,,,
548,1095,1095,1095,0.944888830184937,0.944888830184937,0.944888830184937,,,,,,
549,1097,1097,1097,0.818875312805176,0.818875312805176,0.818875312805176,,,,,,
550,1099,1099,1099,0.898708522319794,0.898708522319794,0.898708522319794,,,,,,
551,1101,1101,1101,0.886704683303833,0.886704683303833,0.886704683303833,,,,,,
552,1103,1103,1103,0.865268051624298,0.865268051624298,0.865268051624298,,,,,,
553,1105,1105,1105,0.887544631958008,0.887544631958008,0.887544631958008,,,,,,
554,1107,1107,1107,0.890957236289978,0.890957236289978,0.890957236289978,,,,,,
555,1109,1109,1109,0.715182542800903,0.715182542800903,0.715182542800903,,,,,,
556,1111,1111,1111,0.764446258544922,0.764446258544922,0.764446258544922,,,,,,
557,1113,1113,1113,0.703246772289276,0.703246772289276,0.703246772289276,,,,,,
558,1115,1115,1115,0.786809921264648,0.786809921264648,0.786809921264648,,,,,,
559,1117,1117,1117,0.748459279537201,0.748459279537201,0.748459279537201,,,,,,
560,1119,1119,1119,0.727926313877106,0.727926313877106,0.727926313877106,,,,,,
561,1121,1121,1121,0.836324095726013,0.836324095726013,0.836324095726013,,,,,,
562,1123,1123,1123,0.987054288387299,0.987054288387299,0.987054288387299,,,,,,
563,1125,1125,1125,0.857742547988892,0.857742547988892,0.857742547988892,,,,,,
564,1127,1127,1127,0.779740333557129,0.779740333557129,0.779740333557129,,,,,,
565,1129,1129,1129,0.885920643806458,0.885920643806458,0.885920643806458,,,,,,
566,1131,1131,1131,0.8904789686203,0.8904789686203,0.8904789686203,,,,,,
567,1133,1133,1133,0.763313412666321,0.763313412666321,0.763313412666321,,,,,,
568,1135,1135,1135,0.778462469577789,0.778462469577789,0.778462469577789,,,,,,
569,1137,1137,1137,0.90916907787323,0.90916907787323,0.90916907787323,,,,,,
570,1139,1139,1139,1.06510353088379,1.06510353088379,1.06510353088379,,,,,,
571,1141,1141,1141,0.665803492069244,0.665803492069244,0.665803492069244,,,,,,
572,1143,1143,1143,0.865035474300385,0.865035474300385,0.865035474300385,,,,,,
573,1145,1145,1145,0.703734219074249,0.703734219074249,0.703734219074249,,,,,,
574,1147,1147,1147,0.801745891571045,0.801745891571045,0.801745891571045,,,,,,
575,1149,1149,1149,0.735685348510742,0.735685348510742,0.735685348510742,,,,,,
576,1151,1151,1151,0.850457966327667,0.850457966327667,0.850457966327667,,,,,,
577,1153,1153,1153,0.791496157646179,0.791496157646179,0.791496157646179,,,,,,
578,1155,1155,1155,0.768790364265442,0.768790364265442,0.768790364265442,,,,,,
579,1157,1157,1157,0.727088510990143,0.727088510990143,0.727088510990143,,,,,,
580,1159,1159,1159,0.795472860336304,0.795472860336304,0.795472860336304,,,,,,
581,1161,1161,1161,0.886155784130096,0.886155784130096,0.886155784130096,,,,,,
582,1163,1163,1163,0.915853023529053,0.915853023529053,0.915853023529053,,,,,,
583,1165,1165,1165,0.859326839447022,0.859326839447022,0.859326839447022,,,,,,
584,1167,1167,1167,0.799737751483917,0.799737751483917,0.799737751483917,,,,,,
585,1169,1169,1169,0.739491820335388,0.739491820335388,0.739491820335388,,,,,,
586,1171,1171,1171,0.706894874572754,0.706894874572754,0.706894874572754,,,,,,
587,1173,1173,1173,0.73703807592392,0.73703807592392,0.73703807592392,,,,,,
588,1175,1175,1175,0.712804019451141,0.712804019451141,0.712804019451141,,,,,,
589,1177,1177,1177,0.807259440422058,0.807259440422058,0.807259440422058,,,,,,
590,1179,1179,1179,0.812298655509949,0.812298655509949,0.812298655509949,,,,,,
591,1181,1181,1181,0.79689621925354,0.79689621925354,0.79689621925354,,,,,,
592,1183,1183,1183,0.778378844261169,0.778378844261169,0.778378844261169,,,,,,
593,1185,1185,1185,0.809445440769196,0.809445440769196,0.809445440769196,,,,,,
594,1187,1187,1187,0.820758283138275,0.820758283138275,0.820758283138275,,,,,,
595,1189,1189,1189,0.726690769195557,0.726690769195557,0.726690769195557,,,,,,
596,1191,1191,1191,0.811213374137878,0.811213374137878,0.811213374137878,,,,,,
597,1193,1193,1193,0.972738325595856,0.972738325595856,0.972738325595856,,,,,,
598,1195,1195,1195,1.02273857593536,1.02273857593536,1.02273857593536,,,,,,
599,1197,1197,1197,0.793489873409271,0.793489873409271,0.793489873409271,,,,,,
600,1199,1199,1199,0.750722467899323,0.750722467899323,0.750722467899323,,,,,,
601,1201,1201,1201,0.937126696109772,0.937126696109772,0.937126696109772,,,,,,
602,1203,1203,1203,0.732229769229889,0.732229769229889,0.732229769229889,,,,,,
603,1205,1205,1205,0.768271923065186,0.768271923065186,0.768271923065186,,,,,,
604,1207,1207,1207,0.795238733291626,0.795238733291626,0.795238733291626,,,,,,
605,1209,1209,1209,0.785210609436035,0.785210609436035,0.785210609436035,,,,,,
606,1211,1211,1211,0.704102098941803,0.704102098941803,0.704102098941803,,,,,,
607,1213,1213,1213,0.682002902030945,0.682002902030945,0.682002902030945,,,,,,
608,1215,1215,1215,0.817544519901276,0.817544519901276,0.817544519901276,,,,,,
609,1217,1217,1217,0.940938293933868,0.940938293933868,0.940938293933868,,,,,,
610,1219,1219,1219,0.946342170238495,0.946342170238495,0.946342170238495,,,,,,
611,1221,1221,1221,0.806257128715515,0.806257128715515,0.806257128715515,,,,,,
612,1223,1223,1223,0.830932915210724,0.830932915210724,0.830932915210724,,,,,,
613,1225,1225,1225,0.790296077728272,0.790296077728272,0.790296077728272,,,,,,
614,1227,1227,1227,0.897122263908386,0.897122263908386,0.897122263908386,,,,,,
615,1229,1229,1229,0.857276499271393,0.857276499271393,0.857276499271393,,,,,,
616,1231,1231,1231,0.815542757511139,0.815542757511139,0.815542757511139,,,,,,
617,1233,1233,1233,0.789391994476318,0.789391994476318,0.789391994476318,,,,,,
618,1235,1235,1235,0.743052542209625,0.743052542209625,0.743052542209625,,,,,,
619,1237,1237,1237,0.616223216056824,0.616223216056824,0.616223216056824,,,,,,
620,1239,1239,1239,0.60300475358963,0.60300475358963,0.60300475358963,,,,,,
621,1241,1241,1241,0.688785254955292,0.688785254955292,0.688785254955292,,,,,,
622,1243,1243,1243,0.621343553066254,0.621343553066254,0.621343553066254,,,,,,
623,1245,1245,1245,0.775100827217102,0.775100827217102,0.775100827217102,,,,,,
624,1247,1247,1247,0.848680138587952,0.848680138587952,0.848680138587952,,,,,,
625,1249,1249,1249,0.811742842197418,0.811742842197418,0.811742842197418,,,,,,
626,1251,1251,1251,0.7693230509758,0.7693230509758,0.7693230509758,,,,,,
627,1253,1253,1253,0.727024257183075,0.727024257183075,0.727024257183075,,,,,,
628,1255,1255,1255,0.847187936306,0.847187936306,0.847187936306,,,,,,
629,1257,1257,1257,0.965790390968323,0.965790390968323,0.965790390968323,,,,,,
630,1259,1259,1259,0.982223570346832,0.982223570346832,0.982223570346832,,,,,,
631,1261,1261,1261,0.792168259620667,0.792168259620667,0.792168259620667,,,,,,
632,1263,1263,1263,0.745689332485199,0.745689332485199,0.745689332485199,,,,,,
633,1265,1265,1265,0.799496412277222,0.799496412277222,0.799496412277222,,,,,,
634,1267,1267,1267,0.827425003051758,0.827425003051758,0.827425003051758,,,,,,
635,1269,1269,1269,0.81533694267273,0.81533694267273,0.81533694267273,,,,,,
636,1271,1271,1271,0.814530670642853,0.814530670642853,0.814530670642853,,,,,,
637,1273,1273,1273,0.782264113426209,0.782264113426209,0.782264113426209,,,,,,
638,1275,1275,1275,0.837071001529694,0.837071001529694,0.837071001529694,,,,,,
639,1277,1277,1277,0.774807572364807,0.774807572364807,0.774807572364807,,,,,,
640,1279,1279,1279,0.747599303722382,0.747599303722382,0.747599303722382,,,,,,
641,1281,1281,1281,0.787734568119049,0.787734568119049,0.787734568119049,,,,,,
642,1283,1283,1283,0.794572293758392,0.794572293758392,0.794572293758392,,,,,,
643,1285,1285,1285,0.672020018100739,0.672020018100739,0.672020018100739,,,,,,
644,1287,1287,1287,0.590537071228027,0.590537071228027,0.590537071228027,,,,,,
645,1289,1289,1289,0.693615674972534,0.693615674972534,0.693615674972534,,,,,,
646,1291,1291,1291,0.7081179022789,0.7081179022789,0.7081179022789,,,,,,
647,1293,1293,1293,0.760266482830048,0.760266482830048,0.760266482830048,,,,,,
648,1295,1295,1295,0.940618753433228,0.940618753433228,0.940618753433228,,,,,,
649,1297,1297,1297,0.858704805374146,0.858704805374146,0.858704805374146,,,,,,
650,1299,1299,1299,0.805172681808472,0.805172681808472,0.805172681808472,,,,,,
651,1301,1301,1301,0.829092800617218,0.829092800617218,0.829092800617218,,,,,,
652,1303,1303,1303,0.875184118747711,0.875184118747711,0.875184118747711,,,,,,
653,1305,1305,1305,0.903266906738281,0.903266906738281,0.903266906738281,,,,,,
654,1307,1307,1307,0.857026636600494,0.857026636600494,0.857026636600494,,,,,,
655,1309,1309,1309,0.768410623073578,0.768410623073578,0.768410623073578,,,,,,
656,1311,1311,1311,0.793104112148285,0.793104112148285,0.793104112148285,,,,,,
657,1313,1313,1313,0.755189597606659,0.755189597606659,0.755189597606659,,,,,,
658,1315,1315,1315,0.768816530704498,0.768816530704498,0.768816530704498,,,,,,
659,1317,1317,1317,0.894769847393036,0.894769847393036,0.894769847393036,,,,,,
660,1319,1319,1319,0.797705769538879,0.797705769538879,0.797705769538879,,,,,,
661,1321,1321,1321,0.747794270515442,0.747794270515442,0.747794270515442,,,,,,
662,1323,1323,1323,0.872549295425415,0.872549295425415,0.872549295425415,,,,,,
663,1325,1325,1325,0.693968713283539,0.693968713283539,0.693968713283539,,,,,,
664,1327,1327,1327,0.8463214635849,0.8463214635849,0.8463214635849,,,,,,
665,1329,1329,1329,0.822129964828491,0.822129964828491,0.822129964828491,,,,,,
666,1331,1331,1331,0.838598012924194,0.838598012924194,0.838598012924194,,,,,,
667,1333,1333,1333,0.851651191711426,0.851651191711426,0.851651191711426,,,,,,
668,1335,1335,1335,0.85451078414917,0.85451078414917,0.85451078414917,,,,,,
669,1337,1337,1337,0.743070542812347,0.743070542812347,0.743070542812347,,,,,,
670,1339,1339,1339,0.71560138463974,0.71560138463974,0.71560138463974,,,,,,
671,1341,1341,1341,0.750016272068024,0.750016272068024,0.750016272068024,,,,,,
672,1343,1343,1343,0.779727339744568,0.779727339744568,0.779727339744568,,,,,,
673,1345,1345,1345,0.978686153888702,0.978686153888702,0.978686153888702,,,,,,
674,1347,1347,1347,0.940967082977295,0.940967082977295,0.940967082977295,,,,,,
675,1349,1349,1349,0.765175461769104,0.765175461769104,0.765175461769104,,,,,,
676,1351,1351,1351,0.851251602172852,0.851251602172852,0.851251602172852,,,,,,
677,1353,1353,1353,0.736518979072571,0.736518979072571,0.736518979072571,,,,,,
678,1355,1355,1355,0.740965604782105,0.740965604782105,0.740965604782105,,,,,,
679,1357,1357,1357,0.688963890075684,0.688963890075684,0.688963890075684,,,,,,
680,1359,1359,1359,0.629351794719696,0.629351794719696,0.629351794719696,,,,,,
681,1361,1361,1361,0.689671635627747,0.689671635627747,0.689671635627747,,,,,,
682,1363,1363,1363,0.737561464309692,0.737561464309692,0.737561464309692,,,,,,
683,1365,1365,1365,0.739147126674652,0.739147126674652,0.739147126674652,,,,,,
684,1367,1367,1367,0.704971134662628,0.704971134662628,0.704971134662628,,,,,,
685,1369,1369,1369,0.813090264797211,0.813090264797211,0.813090264797211,,,,,,
686,1371,1371,1371,0.829233229160309,0.829233229160309,0.829233229160309,,,,,,
687,1373,1373,1373,0.838733732700348,0.838733732700348,0.838733732700348,,,,,,
688,1375,1375,1375,0.887054324150085,0.887054324150085,0.887054324150085,,,,,,
689,1377,1377,1377,0.695800364017487,0.695800364017487,0.695800364017487,,,,,,
690,1379,1379,1379,0.852143108844757,0.852143108844757,0.852143108844757,,,,,,
691,1381,1381,1381,0.830228626728058,0.830228626728058,0.830228626728058,,,,,,
692,1383,1383,1383,0.745946407318115,0.745946407318115,0.745946407318115,,,,,,
693,1385,1385,1385,0.788415908813477,0.788415908813477,0.788415908813477,,,,,,
694,1387,1387,1387,0.750932037830353,0.750932037830353,0.750932037830353,,,,,,
695,1389,1389,1389,0.749535918235779,0.749535918235779,0.749535918235779,,,,,,
696,1391,1391,1391,0.79414975643158,0.79414975643158,0.79414975643158,,,,,,
697,1393,1393,1393,0.831278920173645,0.831278920173645,0.831278920173645,,,,,,
698,1395,1395,1395,0.882659256458283,0.882659256458283,0.882659256458283,,,,,,
699,1397,1397,1397,1.0644246339798,1.0644246339798,1.0644246339798,,,,,,
700,1399,1399,1399,0.725913166999817,0.725913166999817,0.725913166999817,,,,,,
701,1401,1401,1401,0.695056259632111,0.695056259632111,0.695056259632111,,,,,,
702,1403,1403,1403,0.804973661899567,0.804973661899567,0.804973661899567,,,,,,
703,1405,1405,1405,0.778159141540527,0.778159141540527,0.778159141540527,,,,,,
704,1407,1407,1407,0.758015096187592,0.758015096187592,0.758015096187592,,,,,,
705,1409,1409,1409,0.836943030357361,0.836943030357361,0.836943030357361,,,,,,
706,1411,1411,1411,0.744117140769959,0.744117140769959,0.744117140769959,,,,,,
707,1413,1413,1413,0.773148357868195,0.773148357868195,0.773148357868195,,,,,,
708,1415,1415,1415,0.673610031604767,0.673610031604767,0.673610031604767,,,,,,
709,1417,1417,1417,0.615877687931061,0.615877687931061,0.615877687931061,,,,,,
710,1419,1419,1419,0.582669019699097,0.582669019699097,0.582669019699097,,,,,,
711,1421,1421,1421,0.626087963581085,0.626087963581085,0.626087963581085,,,,,,
712,1423,1423,1423,0.620695054531097,0.620695054531097,0.620695054531097,,,,,,
713,1425,1425,1425,0.696987509727478,0.696987509727478,0.696987509727478,,,,,,
714,1427,1427,1427,0.749505341053009,0.749505341053009,0.749505341053009,,,,,,
715,1429,1429,1429,0.754909694194794,0.754909694194794,0.754909694194794,,,,,,
716,1431,1431,1431,0.806469857692719,0.806469857692719,0.806469857692719,,,,,,
717,1433,1433,1433,0.805904090404511,0.805904090404511,0.805904090404511,,,,,,
718,1435,1435,1435,0.693073570728302,0.693073570728302,0.693073570728302,,,,,,
719,1437,1437,1437,0.678381145000458,0.678381145000458,0.678381145000458,,,,,,
720,1439,1439,1439,0.809880197048187,0.809880197048187,0.809880197048187,,,,,,
721,1441,1441,1441,0.750473201274872,0.750473201274872,0.750473201274872,,,,,,
722,1443,1443,1443,0.825175821781158,0.825175821781158,0.825175821781158,,,,,,
723,1445,1445,1445,0.83493983745575,0.83493983745575,0.83493983745575,,,,,,
724,1447,1447,1447,0.743258714675903,0.743258714675903,0.743258714675903,,,,,,
725,1449,1449,1449,0.852466344833374,0.852466344833374,0.852466344833374,,,,,,
726,1451,1451,1451,0.883312582969666,0.883312582969666,0.883312582969666,,,,,,
727,1453,1453,1453,0.902911901473999,0.902911901473999,0.902911901473999,,,,,,
728,1455,1455,1455,0.631616711616516,0.631616711616516,0.631616711616516,,,,,,
729,1457,1457,1457,0.64010101556778,0.64010101556778,0.64010101556778,,,,,,
730,1459,1459,1459,0.737355589866638,0.737355589866638,0.737355589866638,,,,,,
731,1461,1461,1461,0.706072092056274,0.706072092056274,0.706072092056274,,,,,,
732,1463,1463,1463,0.697584807872772,0.697584807872772,0.697584807872772,,,,,,
733,1465,1465,1465,0.628607571125031,0.628607571125031,0.628607571125031,,,,,,
734,1467,1467,1467,0.775605380535126,0.775605380535126,0.775605380535126,,,,,,
735,1469,1469,1469,0.960219442844391,0.960219442844391,0.960219442844391,,,,,,
736,1471,1471,1471,1.03489303588867,1.03489303588867,1.03489303588867,,,,,,
737,1473,1473,1473,0.778050124645233,0.778050124645233,0.778050124645233,,,,,,
738,1475,1475,1475,0.863048911094666,0.863048911094666,0.863048911094666,,,,,,
739,1477,1477,1477,0.880977153778076,0.880977153778076,0.880977153778076,,,,,,
740,1479,1479,1479,0.772498965263367,0.772498965263367,0.772498965263367,,,,,,
741,1481,1481,1481,0.820813357830048,0.820813357830048,0.820813357830048,,,,,,
742,1483,1483,1483,0.784343063831329,0.784343063831329,0.784343063831329,,,,,,
743,1485,1485,1485,0.765753030776978,0.765753030776978,0.765753030776978,,,,,,
744,1487,1487,1487,0.693514049053192,0.693514049053192,0.693514049053192,,,,,,
745,1489,1489,1489,0.627202749252319,0.627202749252319,0.627202749252319,,,,,,
746,1491,1491,1491,0.756542563438416,0.756542563438416,0.756542563438416,,,,,,
747,1493,1493,1493,0.751684010028839,0.751684010028839,0.751684010028839,,,,,,
748,1495,1495,1495,0.975071847438812,0.975071847438812,0.975071847438812,,,,,,
749,1497,1497,1497,0.836630642414093,0.836630642414093,0.836630642414093,,,,,,
750,1499,1499,1499,0.718055248260498,0.718055248260498,0.718055248260498,,,,,,
751,1501,1501,1501,0.819106340408325,0.819106340408325,0.819106340408325,,,,,,
752,1503,1503,1503,0.686005175113678,0.686005175113678,0.686005175113678,,,,,,
753,1505,1505,1505,0.676782071590424,0.676782071590424,0.676782071590424,,,,,,
754,1507,1507,1507,0.737334370613098,0.737334370613098,0.737334370613098,,,,,,
755,1509,1509,1509,0.683616399765015,0.683616399765015,0.683616399765015,,,,,,
756,1511,1511,1511,0.681031823158264,0.681031823158264,0.681031823158264,,,,,,
757,1513,1513,1513,0.724026918411255,0.724026918411255,0.724026918411255,,,,,,
758,1515,1515,1515,0.798283040523529,0.798283040523529,0.798283040523529,,,,,,
759,1517,1517,1517,0.78013551235199,0.78013551235199,0.78013551235199,,,,,,
760,1519,1519,1519,0.735374212265015,0.735374212265015,0.735374212265015,,,,,,
761,1521,1521,1521,0.746285796165466,0.746285796165466,0.746285796165466,,,,,,
762,1523,1523,1523,0.77916818857193,0.77916818857193,0.77916818857193,,,,,,
763,1525,1525,1525,0.862716853618622,0.862716853618622,0.862716853618622,,,,,,
764,1527,1527,1527,0.825959384441376,0.825959384441376,0.825959384441376,,,,,,
765,1529,1529,1529,0.75417286157608,0.75417286157608,0.75417286157608,,,,,,
766,1531,1531,1531,0.716988801956177,0.716988801956177,0.716988801956177,,,,,,
767,1533,1533,1533,0.757944881916046,0.757944881916046,0.757944881916046,,,,,,
768,1535,1535,1535,0.785709917545319,0.785709917545319,0.785709917545319,,,,,,
769,1537,1537,1537,0.807700037956238,0.807700037956238,0.807700037956238,,,,,,
770,1539,1539,1539,0.748206675052643,0.748206675052643,0.748206675052643,,,,,,
771,1541,1541,1541,0.604335784912109,0.604335784912109,0.604335784912109,,,,,,
772,1543,1543,1543,0.654005289077759,0.654005289077759,0.654005289077759,,,,,,
773,1545,1545,1545,0.703878164291382,0.703878164291382,0.703878164291382,,,,,,
774,1547,1547,1547,0.76616096496582,0.76616096496582,0.76616096496582,,,,,,
775,1549,1549,1549,0.778258800506592,0.778258800506592,0.778258800506592,,,,,,
776,1551,1551,1551,0.737316310405731,0.737316310405731,0.737316310405731,,,,,,
777,1553,1553,1553,0.829235017299652,0.829235017299652,0.829235017299652,,,,,,
778,1555,1555,1555,0.765889167785645,0.765889167785645,0.765889167785645,,,,,,
779,1557,1557,1557,0.623940885066986,0.623940885066986,0.623940885066986,,,,,,
780,1559,1559,1559,0.785712361335754,0.785712361335754,0.785712361335754,,,,,,
781,1561,1561,1561,0.893789947032929,0.893789947032929,0.893789947032929,,,,,,
782,1563,1563,1563,0.970006108283997,0.970006108283997,0.970006108283997,,,,,,
783,1565,1565,1565,0.677165448665619,0.677165448665619,0.677165448665619,,,,,,
784,1567,1567,1567,0.887305498123169,0.887305498123169,0.887305498123169,,,,,,
785,1569,1569,1569,0.672661364078522,0.672661364078522,0.672661364078522,,,,,,
786,1571,1571,1571,0.618526697158814,0.618526697158814,0.618526697158814,,,,,,
787,1573,1573,1573,0.633358061313629,0.633358061313629,0.633358061313629,,,,,,
788,1575,1575,1575,0.633472084999085,0.633472084999085,0.633472084999085,,,,,,
789,1577,1577,1577,0.695873320102692,0.695873320102692,0.695873320102692,,,,,,
790,1579,1579,1579,0.686361491680145,0.686361491680145,0.686361491680145,,,,,,
791,1581,1581,1581,0.61113315820694,0.61113315820694,0.61113315820694,,,,,,
792,1583,1583,1583,0.682256460189819,0.682256460189819,0.682256460189819,,,,,,
793,1585,1585,1585,0.729382574558258,0.729382574558258,0.729382574558258,,,,,,
794,1587,1587,1587,0.73806631565094,0.73806631565094,0.73806631565094,,,,,,
795,1589,1589,1589,0.839719951152802,0.839719951152802,0.839719951152802,,,,,,
796,1591,1591,1591,0.728309869766235,0.728309869766235,0.728309869766235,,,,,,
797,1593,1593,1593,0.601756453514099,0.601756453514099,0.601756453514099,,,,,,
798,1595,1595,1595,0.752971589565277,0.752971589565277,0.752971589565277,,,,,,
799,1597,1597,1597,0.843778073787689,0.843778073787689,0.843778073787689,,,,,,
800,1599,1599,1599,0.971554517745972,0.971554517745972,0.971554517745972,,,,,,
801,1601,1601,1601,0.824406802654266,0.824406802654266,0.824406802654266,,,,,,
802,1603,1603,1603,0.649324238300324,0.649324238300324,0.649324238300324,,,,,,
803,1605,1605,1605,0.767669558525085,0.767669558525085,0.767669558525085,,,,,,
804,1607,1607,1607,0.723983526229858,0.723983526229858,0.723983526229858,,,,,,
805,1609,1609,1609,0.773576498031616,0.773576498031616,0.773576498031616,,,,,,
806,1611,1611,1611,0.755393803119659,0.755393803119659,0.755393803119659,,,,,,
807,1613,1613,1613,0.867515206336975,0.867515206336975,0.867515206336975,,,,,,
808,1615,1615,1615,0.891557991504669,0.891557991504669,0.891557991504669,,,,,,
809,1617,1617,1617,0.789708554744721,0.789708554744721,0.789708554744721,,,,,,
810,1619,1619,1619,0.835841715335846,0.835841715335846,0.835841715335846,,,,,,
811,1621,1621,1621,0.773419439792633,0.773419439792633,0.773419439792633,,,,,,
812,1623,1623,1623,0.805141091346741,0.805141091346741,0.805141091346741,,,,,,
813,1625,1625,1625,0.802419662475586,0.802419662475586,0.802419662475586,,,,,,
814,1627,1627,1627,0.769303977489471,0.769303977489471,0.769303977489471,,,,,,
815,1629,1629,1629,0.637307226657867,0.637307226657867,0.637307226657867,,,,,,
816,1631,1631,1631,0.629144906997681,0.629144906997681,0.629144906997681,,,,,,
817,1633,1633,1633,0.590466141700745,0.590466141700745,0.590466141700745,,,,,,
818,1635,1635,1635,0.595562040805817,0.595562040805817,0.595562040805817,,,,,,
819,1637,1637,1637,0.688060641288757,0.688060641288757,0.688060641288757,,,,,,
820,1639,1639,1639,0.618159294128418,0.618159294128418,0.618159294128418,,,,,,
821,1641,1641,1641,0.675044894218445,0.675044894218445,0.675044894218445,,,,,,
822,1643,1643,1643,0.665028154850006,0.665028154850006,0.665028154850006,,,,,,
823,1645,1645,1645,0.673657357692719,0.673657357692719,0.673657357692719,,,,,,
824,1647,1647,1647,0.756950676441193,0.756950676441193,0.756950676441193,,,,,,
825,1649,1649,1649,0.780292510986328,0.780292510986328,0.780292510986328,,,,,,
826,1651,1651,1651,0.74410617351532,0.74410617351532,0.74410617351532,,,,,,
827,1653,1653,1653,0.704371452331543,0.704371452331543,0.704371452331543,,,,,,
828,1655,1655,1655,0.681548237800598,0.681548237800598,0.681548237800598,,,,,,
829,1657,1657,1657,0.861724555492401,0.861724555492401,0.861724555492401,,,,,,
830,1659,1659,1659,0.779185950756073,0.779185950756073,0.779185950756073,,,,,,
831,1661,1661,1661,0.730964839458466,0.730964839458466,0.730964839458466,,,,,,
832,1663,1663,1663,0.766414403915405,0.766414403915405,0.766414403915405,,,,,,
833,1665,1665,1665,0.72995799779892,0.72995799779892,0.72995799779892,,,,,,
834,1667,1667,1667,0.661797821521759,0.661797821521759,0.661797821521759,,,,,,
835,1669,1669,1669,0.714934408664703,0.714934408664703,0.714934408664703,,,,,,
836,1671,1671,1671,0.640185415744782,0.640185415744782,0.640185415744782,,,,,,
837,1673,1673,1673,0.695166170597076,0.695166170597076,0.695166170597076,,,,,,
838,1675,1675,1675,0.740805566310883,0.740805566310883,0.740805566310883,,,,,,
839,1677,1677,1677,0.733285069465637,0.733285069465637,0.733285069465637,,,,,,
840,1679,1679,1679,0.659579217433929,0.659579217433929,0.659579217433929,,,,,,
841,1681,1681,1681,0.658718883991242,0.658718883991242,0.658718883991242,,,,,,
842,1683,1683,1683,0.721652805805206,0.721652805805206,0.721652805805206,,,,,,
843,1685,1685,1685,0.820863127708435,0.820863127708435,0.820863127708435,,,,,,
844,1687,1687,1687,0.881800770759583,0.881800770759583,0.881800770759583,,,,,,
845,1689,1689,1689,0.685307443141937,0.685307443141937,0.685307443141937,,,,,,
846,1691,1691,1691,0.733793497085571,0.733793497085571,0.733793497085571,,,,,,
847,1693,1693,1693,0.628836214542389,0.628836214542389,0.628836214542389,,,,,,
848,1695,1695,1695,0.648435711860657,0.648435711860657,0.648435711860657,,,,,,
849,1697,1697,1697,0.605354070663452,0.605354070663452,0.605354070663452,,,,,,
850,1699,1699,1699,0.641333401203156,0.641333401203156,0.641333401203156,,,,,,
851,1701,1701,1701,0.711043179035187,0.711043179035187,0.711043179035187,,,,,,
852,1703,1703,1703,0.777671754360199,0.777671754360199,0.777671754360199,,,,,,
853,1705,1705,1705,0.778919696807861,0.778919696807861,0.778919696807861,,,,,,
854,1707,1707,1707,0.809959232807159,0.809959232807159,0.809959232807159,,,,,,
855,1709,1709,1709,0.676007091999054,0.676007091999054,0.676007091999054,,,,,,
856,1711,1711,1711,0.666747510433197,0.666747510433197,0.666747510433197,,,,,,
857,1713,1713,1713,0.600745975971222,0.600745975971222,0.600745975971222,,,,,,
858,1715,1715,1715,0.677143454551697,0.677143454551697,0.677143454551697,,,,,,
859,1717,1717,1717,0.729412913322449,0.729412913322449,0.729412913322449,,,,,,
860,1719,1719,1719,0.795140206813812,0.795140206813812,0.795140206813812,,,,,,
861,1721,1721,1721,0.787388026714325,0.787388026714325,0.787388026714325,,,,,,
862,1723,1723,1723,0.633830070495606,0.633830070495606,0.633830070495606,,,,,,
863,1725,1725,1725,0.577887117862701,0.577887117862701,0.577887117862701,,,,,,
864,1727,1727,1727,0.616955637931824,0.616955637931824,0.616955637931824,,,,,,
865,1729,1729,1729,0.672654032707214,0.672654032707214,0.672654032707214,,,,,,
866,1731,1731,1731,0.776097476482391,0.776097476482391,0.776097476482391,,,,,,
867,1733,1733,1733,0.664003968238831,0.664003968238831,0.664003968238831,,,,,,
868,1735,1735,1735,0.61396998167038,0.61396998167038,0.61396998167038,,,,,,
869,1737,1737,1737,0.769333839416504,0.769333839416504,0.769333839416504,,,,,,
870,1739,1739,1739,0.651714026927948,0.651714026927948,0.651714026927948,,,,,,
871,1741,1741,1741,0.736081838607788,0.736081838607788,0.736081838607788,,,,,,
872,1743,1743,1743,0.683413803577423,0.683413803577423,0.683413803577423,,,,,,
873,1745,1745,1745,0.667448818683624,0.667448818683624,0.667448818683624,,,,,,
874,1747,1747,1747,0.735775291919708,0.735775291919708,0.735775291919708,,,,,,
875,1749,1749,1749,0.636166393756867,0.636166393756867,0.636166393756867,,,,,,
876,1751,1751,1751,0.655017197132111,0.655017197132111,0.655017197132111,,,,,,
877,1753,1753,1753,0.64308500289917,0.64308500289917,0.64308500289917,,,,,,
878,1755,1755,1755,0.706679701805115,0.706679701805115,0.706679701805115,,,,,,
879,1757,1757,1757,0.749356865882874,0.749356865882874,0.749356865882874,,,,,,
880,1759,1759,1759,0.781248152256012,0.781248152256012,0.781248152256012,,,,,,
881,1761,1761,1761,0.825466990470886,0.825466990470886,0.825466990470886,,,,,,
882,1763,1763,1763,0.837341010570526,0.837341010570526,0.837341010570526,,,,,,
883,1765,1765,1765,0.831450164318085,0.831450164318085,0.831450164318085,,,,,,
884,1767,1767,1767,0.753032803535461,0.753032803535461,0.753032803535461,,,,,,
885,1769,1769,1769,0.72152715921402,0.72152715921402,0.72152715921402,,,,,,
886,1771,1771,1771,0.715104222297669,0.715104222297669,0.715104222297669,,,,,,
887,1773,1773,1773,0.681776285171509,0.681776285171509,0.681776285171509,,,,,,
888,1775,1775,1775,0.724039912223816,0.724039912223816,0.724039912223816,,,,,,
889,1777,1777,1777,0.687672555446625,0.687672555446625,0.687672555446625,,,,,,
890,1779,1779,1779,0.822721421718597,0.822721421718597,0.822721421718597,,,,,,
891,1781,1781,1781,0.868561625480652,0.868561625480652,0.868561625480652,,,,,,
892,1783,1783,1783,0.683848321437836,0.683848321437836,0.683848321437836,,,,,,
893,1785,1785,1785,0.680021524429321,0.680021524429321,0.680021524429321,,,,,,
894,1787,1787,1787,0.802568078041077,0.802568078041077,0.802568078041077,,,,,,
895,1789,1789,1789,0.801546812057495,0.801546812057495,0.801546812057495,,,,,,
896,1791,1791,1791,0.7215815782547,0.7215815782547,0.7215815782547,,,,,,
897,1793,1793,1793,0.706336617469788,0.706336617469788,0.706336617469788,,,,,,
898,1795,1795,1795,0.755532145500183,0.755532145500183,0.755532145500183,,,,,,
899,1797,1797,1797,0.760646462440491,0.760646462440491,0.760646462440491,,,,,,
900,1799,1799,1799,0.849634885787964,0.849634885787964,0.849634885787964,,,,,,
901,1801,1801,1801,0.852555871009827,0.852555871009827,0.852555871009827,,,,,,
902,1803,1803,1803,0.663708031177521,0.663708031177521,0.663708031177521,,,,,,
903,1805,1805,1805,0.656129539012909,0.656129539012909,0.656129539012909,,,,,,
904,1807,1807,1807,0.760656297206879,0.760656297206879,0.760656297206879,,,,,,
905,1809,1809,1809,0.777100086212158,0.777100086212158,0.777100086212158,,,,,,
906,1811,1811,1811,0.752070546150208,0.752070546150208,0.752070546150208,,,,,,
907,1813,1813,1813,0.752115309238434,0.752115309238434,0.752115309238434,,,,,,
908,1815,1815,1815,0.777041792869568,0.777041792869568,0.777041792869568,,,,,,
909,1817,1817,1817,0.768908560276032,0.768908560276032,0.768908560276032,,,,,,
910,1819,1819,1819,0.7646244764328,0.7646244764328,0.7646244764328,,,,,,
911,1821,1821,1821,0.741579711437225,0.741579711437225,0.741579711437225,,,,,,
912,1823,1823,1823,0.755355954170227,0.755355954170227,0.755355954170227,,,,,,
913,1825,1825,1825,0.754982590675354,0.754982590675354,0.754982590675354,,,,,,
914,1827,1827,1827,0.671986222267151,0.671986222267151,0.671986222267151,,,,,,
915,1829,1829,1829,0.653466045856476,0.653466045856476,0.653466045856476,,,,,,
916,1831,1831,1831,0.641733646392822,0.641733646392822,0.641733646392822,,,,,,
917,1833,1833,1833,0.620129108428955,0.620129108428955,0.620129108428955,,,,,,
918,1835,1835,1835,0.573639571666718,0.573639571666718,0.573639571666718,,,,,,
919,1837,1837,1837,0.664539337158203,0.664539337158203,0.664539337158203,,,,,,
920,1839,1839,1839,0.827755212783814,0.827755212783814,0.827755212783814,,,,,,
921,1841,1841,1841,0.822994410991669,0.822994410991669,0.822994410991669,,,,,,
922,1843,1843,1843,0.829123854637146,0.829123854637146,0.829123854637146,,,,,,
923,1845,1845,1845,0.62020742893219,0.62020742893219,0.62020742893219,,,,,,
924,1847,1847,1847,0.784167289733887,0.784167289733887,0.784167289733887,,,,,,
925,1849,1849,1849,0.781618893146515,0.781618893146515,0.781618893146515,,,,,,
926,1851,1851,1851,0.726309776306152,0.726309776306152,0.726309776306152,,,,,,
927,1853,1853,1853,0.728012561798096,0.728012561798096,0.728012561798096,,,,,,
928,1855,1855,1855,0.734525561332703,0.734525561332703,0.734525561332703,,,,,,
929,1857,1857,1857,0.676863014698029,0.676863014698029,0.676863014698029,,,,,,
930,1859,1859,1859,0.666233479976654,0.666233479976654,0.666233479976654,,,,,,
931,1861,1861,1861,0.661551654338837,0.661551654338837,0.661551654338837,,,,,,
932,1863,1863,1863,0.834576904773712,0.834576904773712,0.834576904773712,,,,,,
933,1865,1865,1865,0.735283434391022,0.735283434391022,0.735283434391022,,,,,,
934,1867,1867,1867,0.723423421382904,0.723423421382904,0.723423421382904,,,,,,
935,1869,1869,1869,0.700159668922424,0.700159668922424,0.700159668922424,,,,,,
936,1871,1871,1871,0.713646054267883,0.713646054267883,0.713646054267883,,,,,,
937,1873,1873,1873,0.70379364490509,0.70379364490509,0.70379364490509,,,,,,
938,1875,1875,1875,0.638576745986939,0.638576745986939,0.638576745986939,,,,,,
939,1877,1877,1877,0.633584320545197,0.633584320545197,0.633584320545197,,,,,,
940,1879,1879,1879,0.63566929101944,0.63566929101944,0.63566929101944,,,,,,
941,1881,1881,1881,0.641700327396393,0.641700327396393,0.641700327396393,,,,,,
942,1883,1883,1883,0.682985842227936,0.682985842227936,0.682985842227936,,,,,,
943,1885,1885,1885,0.62329638004303,0.62329638004303,0.62329638004303,,,,,,
944,1887,1887,1887,0.70067024230957,0.70067024230957,0.70067024230957,,,,,,
945,1889,1889,1889,0.750606000423431,0.750606000423431,0.750606000423431,,,,,,
946,1891,1891,1891,0.707555949687958,0.707555949687958,0.707555949687958,,,,,,
947,1893,1893,1893,0.820878565311432,0.820878565311432,0.820878565311432,,,,,,
948,1895,1895,1895,0.728386580944061,0.728386580944061,0.728386580944061,,,,,,
949,1897,1897,1897,0.74196457862854,0.74196457862854,0.74196457862854,,,,,,
950,1899,1899,1899,0.852314949035645,0.852314949035645,0.852314949035645,,,,,,
951,1901,1901,1901,0.731281340122223,0.731281340122223,0.731281340122223,,,,,,
952,1903,1903,1903,0.667876422405243,0.667876422405243,0.667876422405243,,,,,,
953,1905,1905,1905,0.701808631420136,0.701808631420136,0.701808631420136,,,,,,
954,1907,1907,1907,0.693209648132324,0.693209648132324,0.693209648132324,,,,,,
955,1909,1909,1909,0.591428101062775,0.591428101062775,0.591428101062775,,,,,,
956,1911,1911,1911,0.592923283576965,0.592923283576965,0.592923283576965,,,,,,
957,1913,1913,1913,0.680907726287842,0.680907726287842,0.680907726287842,,,,,,
958,1915,1915,1915,0.728556096553803,0.728556096553803,0.728556096553803,,,,,,
959,1917,1917,1917,0.860879242420197,0.860879242420197,0.860879242420197,,,,,,
960,1919,1919,1919,0.696044981479645,0.696044981479645,0.696044981479645,,,,,,
961,1921,1921,1921,0.668799102306366,0.668799102306366,0.668799102306366,,,,,,
962,1923,1923,1923,0.767789959907532,0.767789959907532,0.767789959907532,,,,,,
963,1925,1925,1925,0.756827414035797,0.756827414035797,0.756827414035797,,,,,,
964,1927,1927,1927,0.751590013504028,0.751590013504028,0.751590013504028,,,,,,
965,1929,1929,1929,0.772324979305267,0.772324979305267,0.772324979305267,,,,,,
966,1931,1931,1931,0.643234550952911,0.643234550952911,0.643234550952911,,,,,,
967,1933,1933,1933,0.65892106294632,0.65892106294632,0.65892106294632,,,,,,
968,1935,1935,1935,0.70631343126297,0.70631343126297,0.70631343126297,,,,,,
969,1937,1937,1937,0.773113548755646,0.773113548755646,0.773113548755646,,,,,,
970,1939,1939,1939,0.714319586753845,0.714319586753845,0.714319586753845,,,,,,
971,1941,1941,1941,0.716644287109375,0.716644287109375,0.716644287109375,,,,,,
972,1943,1943,1943,0.727918684482575,0.727918684482575,0.727918684482575,,,,,,
973,1945,1945,1945,0.763381063938141,0.763381063938141,0.763381063938141,,,,,,
974,1947,1947,1947,0.842772960662842,0.842772960662842,0.842772960662842,,,,,,
975,1949,1949,1949,0.848267734050751,0.848267734050751,0.848267734050751,,,,,,
976,1951,1951,1951,0.732544839382172,0.732544839382172,0.732544839382172,,,,,,
977,1953,1953,1953,0.697600722312927,0.697600722312927,0.697600722312927,,,,,,
978,1955,1955,1955,0.712448298931122,0.712448298931122,0.712448298931122,,,,,,
979,1957,1957,1957,0.752294421195984,0.752294421195984,0.752294421195984,,,,,,
980,1959,1959,1959,0.827964961528778,0.827964961528778,0.827964961528778,,,,,,
981,1961,1961,1961,0.698665320873261,0.698665320873261,0.698665320873261,,,,,,
982,1963,1963,1963,0.670382857322693,0.670382857322693,0.670382857322693,,,,,,
983,1965,1965,1965,0.708279669284821,0.708279669284821,0.708279669284821,,,,,,
984,1967,1967,1967,0.710746347904205,0.710746347904205,0.710746347904205,,,,,,
985,1969,1969,1969,0.77624922990799,0.77624922990799,0.77624922990799,,,,,,
986,1971,1971,1971,0.785502851009369,0.785502851009369,0.785502851009369,,,,,,
987,1973,1973,1973,0.639760196208954,0.639760196208954,0.639760196208954,,,,,,
988,1975,1975,1975,0.688475370407105,0.688475370407105,0.688475370407105,,,,,,
989,1977,1977,1977,0.718481540679932,0.718481540679932,0.718481540679932,,,,,,
990,1979,1979,1979,0.697602927684784,0.697602927684784,0.697602927684784,,,,,,
991,1981,1981,1981,0.676107943058014,0.676107943058014,0.676107943058014,,,,,,
992,1983,1983,1983,0.58598393201828,0.58598393201828,0.58598393201828,,,,,,
993,1985,1985,1985,0.633758842945099,0.633758842945099,0.633758842945099,,,,,,
994,1987,1987,1987,0.719767034053803,0.719767034053803,0.719767034053803,,,,,,
995,1989,1989,1989,0.687368869781494,0.687368869781494,0.687368869781494,,,,,,
996,1991,1991,1991,0.669996857643127,0.669996857643127,0.669996857643127,,,,,,
997,1993,1993,1993,0.858111500740051,0.858111500740051,0.858111500740051,,,,,,
998,1995,1995,1995,0.879422783851624,0.879422783851624,0.879422783851624,,,,,,
999,1997,1997,1997,0.77694433927536,0.77694433927536,0.77694433927536,,,,,,
1000,1999,1999,1999,0.751284837722778,0.751284837722778,0.751284837722778,,,,,,
1001,2001,2001,2001,0.703058660030365,0.703058660030365,0.703058660030365,,,,,,
1002,2003,2003,2003,0.791196763515472,0.791196763515472,0.791196763515472,,,,,,
1003,2005,2005,2005,0.722618639469147,0.722618639469147,0.722618639469147,,,,,,
1004,2007,2007,2007,0.703843653202057,0.703843653202057,0.703843653202057,,,,,,
1005,2009,2009,2009,0.716976284980774,0.716976284980774,0.716976284980774,,,,,,
1006,2011,2011,2011,0.693558573722839,0.693558573722839,0.693558573722839,,,,,,
1007,2013,2013,2013,0.656105160713196,0.656105160713196,0.656105160713196,,,,,,
1008,2015,2015,2015,0.618264138698578,0.618264138698578,0.618264138698578,,,,,,
1009,2017,2017,2017,0.595387160778046,0.595387160778046,0.595387160778046,,,,,,
1010,2019,2019,2019,0.64535403251648,0.64535403251648,0.64535403251648,,,,,,
1011,2021,2021,2021,0.6971675157547,0.6971675157547,0.6971675157547,,,,,,
1012,2023,2023,2023,0.787611186504364,0.787611186504364,0.787611186504364,,,,,,
1013,2025,2025,2025,0.701889216899872,0.701889216899872,0.701889216899872,,,,,,
1014,2027,2027,2027,0.630700647830963,0.630700647830963,0.630700647830963,,,,,,
1015,2029,2029,2029,0.653366982936859,0.653366982936859,0.653366982936859,,,,,,
1016,2031,2031,2031,0.640057921409607,0.640057921409607,0.640057921409607,,,,,,
1017,2033,2033,2033,0.685852885246277,0.685852885246277,0.685852885246277,,,,,,
1018,2035,2035,2035,0.663985192775726,0.663985192775726,0.663985192775726,,,,,,
1019,2037,2037,2037,0.689673542976379,0.689673542976379,0.689673542976379,,,,,,
1020,2039,2039,2039,0.744972288608551,0.744972288608551,0.744972288608551,,,,,,
1021,2041,2041,2041,0.829814493656158,0.829814493656158,0.829814493656158,,,,,,
1022,2043,2043,2043,0.736153066158295,0.736153066158295,0.736153066158295,,,,,,
1023,2045,2045,2045,0.745188713073731,0.745188713073731,0.745188713073731,,,,,,
1024,2047,2047,2047,0.651919066905975,0.651919066905975,0.651919066905975,,,,,,
1025,2049,2049,2049,0.674151360988617,0.674151360988617,0.674151360988617,,,,,,
1026,2051,2051,2051,0.718111991882324,0.718111991882324,0.718111991882324,,,,,,
1027,2053,2053,2053,0.71330201625824,0.71330201625824,0.71330201625824,,,,,,
1028,2055,2055,2055,0.711226582527161,0.711226582527161,0.711226582527161,,,,,,
1029,2057,2057,2057,0.76876175403595,0.76876175403595,0.76876175403595,,,,,,
1030,2059,2059,2059,0.720187723636627,0.720187723636627,0.720187723636627,,,,,,
1031,2061,2061,2061,0.703515589237213,0.703515589237213,0.703515589237213,,,,,,
1032,2063,2063,2063,0.751678466796875,0.751678466796875,0.751678466796875,,,,,,
1033,2065,2065,2065,0.697605729103088,0.697605729103088,0.697605729103088,,,,,,
1034,2067,2067,2067,0.779751181602478,0.779751181602478,0.779751181602478,,,,,,
1035,2069,2069,2069,0.719744503498077,0.719744503498077,0.719744503498077,,,,,,
1036,2071,2071,2071,0.656973242759705,0.656973242759705,0.656973242759705,,,,,,
1037,2073,2073,2073,0.699719071388245,0.699719071388245,0.699719071388245,,,,,,
1038,2075,2075,2075,0.699763774871826,0.699763774871826,0.699763774871826,,,,,,
1039,2077,2077,2077,0.781363606452942,0.781363606452942,0.781363606452942,,,,,,
1040,2079,2079,2079,0.773123800754547,0.773123800754547,0.773123800754547,,,,,,
1041,2081,2081,2081,0.693846523761749,0.693846523761749,0.693846523761749,,,,,,
1042,2083,2083,2083,0.794872581958771,0.794872581958771,0.794872581958771,,,,,,
1043,2085,2085,2085,0.747902452945709,0.747902452945709,0.747902452945709,,,,,,
1044,2087,2087,2087,0.61911416053772,0.61911416053772,0.61911416053772,,,,,,
1045,2089,2089,2089,0.763356924057007,0.763356924057007,0.763356924057007,,,,,,
1046,2091,2091,2091,0.783232033252716,0.783232033252716,0.783232033252716,,,,,,
1047,2093,2093,2093,0.678848564624786,0.678848564624786,0.678848564624786,,,,,,
1048,2095,2095,2095,0.796583592891693,0.796583592891693,0.796583592891693,,,,,,
1049,2097,2097,2097,0.695361137390137,0.695361137390137,0.695361137390137,,,,,,
1050,2099,2099,2099,0.765664339065552,0.765664339065552,0.765664339065552,,,,,,
1051,2101,2101,2101,0.712593674659729,0.712593674659729,0.712593674659729,,,,,,
1052,2103,2103,2103,0.718190491199493,0.718190491199493,0.718190491199493,,,,,,
1053,2105,2105,2105,0.596782386302948,0.596782386302948,0.596782386302948,,,,,,
1054,2107,2107,2107,0.649721443653107,0.649721443653107,0.649721443653107,,,,,,
1055,2109,2109,2109,0.678239047527313,0.678239047527313,0.678239047527313,,,,,,
1056,2111,2111,2111,0.753479182720184,0.753479182720184,0.753479182720184,,,,,,
1057,2113,2113,2113,0.694717109203339,0.694717109203339,0.694717109203339,,,,,,
1058,2115,2115,2115,0.66700541973114,0.66700541973114,0.66700541973114,,,,,,
1059,2117,2117,2117,0.645098090171814,0.645098090171814,0.645098090171814,,,,,,
1060,2119,2119,2119,0.746875584125519,0.746875584125519,0.746875584125519,,,,,,
1061,2121,2121,2121,0.779665946960449,0.779665946960449,0.779665946960449,,,,,,
1062,2123,2123,2123,0.673935532569885,0.673935532569885,0.673935532569885,,,,,,
1063,2125,2125,2125,0.722685515880585,0.722685515880585,0.722685515880585,,,,,,
1064,2127,2127,2127,0.704539239406586,0.704539239406586,0.704539239406586,,,,,,
1065,2129,2129,2129,0.637850701808929,0.637850701808929,0.637850701808929,,,,,,
1066,2131,2131,2131,0.676126778125763,0.676126778125763,0.676126778125763,,,,,,
1067,2133,2133,2133,0.572667241096497,0.572667241096497,0.572667241096497,,,,,,
1068,2135,2135,2135,0.58612447977066,0.58612447977066,0.58612447977066,,,,,,
1069,2137,2137,2137,0.66574501991272,0.66574501991272,0.66574501991272,,,,,,
1070,2139,2139,2139,0.796299278736115,0.796299278736115,0.796299278736115,,,,,,
1071,2141,2141,2141,0.763255178928375,0.763255178928375,0.763255178928375,,,,,,
1072,2143,2143,2143,0.641172289848328,0.641172289848328,0.641172289848328,,,,,,
1073,2145,2145,2145,0.704508304595947,0.704508304595947,0.704508304595947,,,,,,
1074,2147,2147,2147,0.734546005725861,0.734546005725861,0.734546005725861,,,,,,
1075,2149,2149,2149,0.679047882556915,0.679047882556915,0.679047882556915,,,,,,
1076,2151,2151,2151,0.665682375431061,0.665682375431061,0.665682375431061,,,,,,
1077,2153,2153,2153,0.672875642776489,0.672875642776489,0.672875642776489,,,,,,
1078,2155,2155,2155,0.615417838096619,0.615417838096619,0.615417838096619,,,,,,
1079,2157,2157,2157,0.65434718132019,0.65434718132019,0.65434718132019,,,,,,
1080,2159,2159,2159,0.727794528007507,0.727794528007507,0.727794528007507,,,,,,
1081,2161,2161,2161,0.67993688583374,0.67993688583374,0.67993688583374,,,,,,
1082,2163,2163,2163,0.663513481616974,0.663513481616974,0.663513481616974,,,,,,
1083,2165,2165,2165,0.674498975276947,0.674498975276947,0.674498975276947,,,,,,
1084,2167,2167,2167,0.665437996387482,0.665437996387482,0.665437996387482,,,,,,
1085,2169,2169,2169,0.685602188110352,0.685602188110352,0.685602188110352,,,,,,
1086,2171,2171,2171,0.692705869674683,0.692705869674683,0.692705869674683,,,,,,
1087,2173,2173,2173,0.696862876415253,0.696862876415253,0.696862876415253,,,,,,
1088,2175,2175,2175,0.640507340431213,0.640507340431213,0.640507340431213,,,,,,
1089,2177,2177,2177,0.622924625873566,0.622924625873566,0.622924625873566,,,,,,
1090,2179,2179,2179,0.650175154209137,0.650175154209137,0.650175154209137,,,,,,
1091,2181,2181,2181,0.613660752773285,0.613660752773285,0.613660752773285,,,,,,
1092,2183,2183,2183,0.666719198226929,0.666719198226929,0.666719198226929,,,,,,
1093,2185,2185,2185,0.774274051189423,0.774274051189423,0.774274051189423,,,,,,
1094,2187,2187,2187,0.807077944278717,0.807077944278717,0.807077944278717,,,,,,
1095,2189,2189,2189,0.692130625247955,0.692130625247955,0.692130625247955,,,,,,
1096,2191,2191,2191,0.788546562194824,0.788546562194824,0.788546562194824,,,,,,
1097,2193,2193,2193,0.735269248485565,0.735269248485565,0.735269248485565,,,,,,
1098,2195,2195,2195,0.691396832466126,0.691396832466126,0.691396832466126,,,,,,
1099,2197,2197,2197,0.734489977359772,0.734489977359772,0.734489977359772,,,,,,
1100,2199,2199,2199,0.701480984687805,0.701480984687805,0.701480984687805,,,,,,
1101,2201,2201,2201,0.723284542560577,0.723284542560577,0.723284542560577,,,,,,
1102,2203,2203,2203,0.716340601444244,0.716340601444244,0.716340601444244,,,,,,
1103,2205,2205,2205,0.716300427913666,0.716300427913666,0.716300427913666,,,,,,
1104,2207,2207,2207,0.582402765750885,0.582402765750885,0.582402765750885,,,,,,
1105,2209,2209,2209,0.593721628189087,0.593721628189087,0.593721628189087,,,,,,
1106,2211,2211,2211,0.553535997867584,0.553535997867584,0.553535997867584,,,,,,
1107,2213,2213,2213,0.63897567987442,0.63897567987442,0.63897567987442,,,,,,
1108,2215,2215,2215,0.635285198688507,0.635285198688507,0.635285198688507,,,,,,
1109,2217,2217,2217,0.569852709770203,0.569852709770203,0.569852709770203,,,,,,
1110,2219,2219,2219,0.625447273254395,0.625447273254395,0.625447273254395,,,,,,
1111,2221,2221,2221,0.684327006340027,0.684327006340027,0.684327006340027,,,,,,
1112,2223,2223,2223,0.736679196357727,0.736679196357727,0.736679196357727,,,,,,
1113,2225,2225,2225,0.783415973186493,0.783415973186493,0.783415973186493,,,,,,
1114,2227,2227,2227,0.724321842193604,0.724321842193604,0.724321842193604,,,,,,
1115,2229,2229,2229,0.737811803817749,0.737811803817749,0.737811803817749,,,,,,
1116,2231,2231,2231,0.721103072166443,0.721103072166443,0.721103072166443,,,,,,
1117,2233,2233,2233,0.681887447834015,0.681887447834015,0.681887447834015,,,,,,
1118,2235,2235,2235,0.704066932201386,0.704066932201386,0.704066932201386,,,,,,
1119,2237,2237,2237,0.649257719516754,0.649257719516754,0.649257719516754,,,,,,
1120,2239,2239,2239,0.692936480045319,0.692936480045319,0.692936480045319,,,,,,
1121,2241,2241,2241,0.710166394710541,0.710166394710541,0.710166394710541,,,,,,
1122,2243,2243,2243,0.693850576877594,0.693850576877594,0.693850576877594,,,,,,
1123,2245,2245,2245,0.653811693191528,0.653811693191528,0.653811693191528,,,,,,
1124,2247,2247,2247,0.635133564472199,0.635133564472199,0.635133564472199,,,,,,
1125,2249,2249,2249,0.594676554203033,0.594676554203033,0.594676554203033,,,,,,
1126,2251,2251,2251,0.541943550109863,0.541943550109863,0.541943550109863,,,,,,
1127,2253,2253,2253,0.560923039913178,0.560923039913178,0.560923039913178,,,,,,
1128,2255,2255,2255,0.555954337120056,0.555954337120056,0.555954337120056,,,,,,
1129,2257,2257,2257,0.661942780017853,0.661942780017853,0.661942780017853,,,,,,
1130,2259,2259,2259,0.661081910133362,0.661081910133362,0.661081910133362,,,,,,
1131,2261,2261,2261,0.680573761463165,0.680573761463165,0.680573761463165,,,,,,
1132,2263,2263,2263,0.679139196872711,0.679139196872711,0.679139196872711,,,,,,
1133,2265,2265,2265,0.650003373622894,0.650003373622894,0.650003373622894,,,,,,
1134,2267,2267,2267,0.657585859298706,0.657585859298706,0.657585859298706,,,,,,
1135,2269,2269,2269,0.723369896411896,0.723369896411896,0.723369896411896,,,,,,
1136,2271,2271,2271,0.708474457263947,0.708474457263947,0.708474457263947,,,,,,
1137,2273,2273,2273,0.724534571170807,0.724534571170807,0.724534571170807,,,,,,
1138,2275,2275,2275,0.614924907684326,0.614924907684326,0.614924907684326,,,,,,
1139,2277,2277,2277,0.679577767848969,0.679577767848969,0.679577767848969,,,,,,
1140,2279,2279,2279,0.757622301578522,0.757622301578522,0.757622301578522,,,,,,
1141,2281,2281,2281,0.60751223564148,0.60751223564148,0.60751223564148,,,,,,
1142,2283,2283,2283,0.618085443973541,0.618085443973541,0.618085443973541,,,,,,
1143,2285,2285,2285,0.60267186164856,0.60267186164856,0.60267186164856,,,,,,
1144,2287,2287,2287,0.622463285923004,0.622463285923004,0.622463285923004,,,,,,
1145,2289,2289,2289,0.713283479213715,0.713283479213715,0.713283479213715,,,,,,
1146,2291,2291,2291,0.753305613994598,0.753305613994598,0.753305613994598,,,,,,
1147,2293,2293,2293,0.687292098999023,0.687292098999023,0.687292098999023,,,,,,
1148,2295,2295,2295,0.713371694087982,0.713371694087982,0.713371694087982,,,,,,
1149,2297,2297,2297,0.787233829498291,0.787233829498291,0.787233829498291,,,,,,
1150,2299,2299,2299,0.645329117774963,0.645329117774963,0.645329117774963,,,,,,
1151,2301,2301,2301,0.610950112342835,0.610950112342835,0.610950112342835,,,,,,
1152,2303,2303,2303,0.665143966674805,0.665143966674805,0.665143966674805,,,,,,
1153,2305,2305,2305,0.657433688640595,0.657433688640595,0.657433688640595,,,,,,
1154,2307,2307,2307,0.625882565975189,0.625882565975189,0.625882565975189,,,,,,
1155,2309,2309,2309,0.571289837360382,0.571289837360382,0.571289837360382,,,,,,
1156,2311,2311,2311,0.614667654037476,0.614667654037476,0.614667654037476,,,,,,
1157,2313,2313,2313,0.612649857997894,0.612649857997894,0.612649857997894,,,,,,
1158,2315,2315,2315,0.697346687316895,0.697346687316895,0.697346687316895,,,,,,
1159,2317,2317,2317,0.770660996437073,0.770660996437073,0.770660996437073,,,,,,
1160,2319,2319,2319,0.761401057243347,0.761401057243347,0.761401057243347,,,,,,
1161,2321,2321,2321,0.725156605243683,0.725156605243683,0.725156605243683,,,,,,
1162,2323,2323,2323,0.680105865001679,0.680105865001679,0.680105865001679,,,,,,
1163,2325,2325,2325,0.709999740123749,0.709999740123749,0.709999740123749,,,,,,
1164,2327,2327,2327,0.718921601772308,0.718921601772308,0.718921601772308,,,,,,
1165,2329,2329,2329,0.71415650844574,0.71415650844574,0.71415650844574,,,,,,
1166,2331,2331,2331,0.695941269397736,0.695941269397736,0.695941269397736,,,,,,
1167,2333,2333,2333,0.685088515281677,0.685088515281677,0.685088515281677,,,,,,
1168,2335,2335,2335,0.692479968070984,0.692479968070984,0.692479968070984,,,,,,
1169,2337,2337,2337,0.774746537208557,0.774746537208557,0.774746537208557,,,,,,
1170,2339,2339,2339,0.650451898574829,0.650451898574829,0.650451898574829,,,,,,
1171,2341,2341,2341,0.74473237991333,0.74473237991333,0.74473237991333,,,,,,
1172,2343,2343,2343,0.681820154190064,0.681820154190064,0.681820154190064,,,,,,
1173,2345,2345,2345,0.655741810798645,0.655741810798645,0.655741810798645,,,,,,
1174,2347,2347,2347,0.720578193664551,0.720578193664551,0.720578193664551,,,,,,
1175,2349,2349,2349,0.716257095336914,0.716257095336914,0.716257095336914,,,,,,
1176,2351,2351,2351,0.735158085823059,0.735158085823059,0.735158085823059,,,,,,
1177,2353,2353,2353,0.659138679504395,0.659138679504395,0.659138679504395,,,,,,
1178,2355,2355,2355,0.691215634346008,0.691215634346008,0.691215634346008,,,,,,
1179,2357,2357,2357,0.666130840778351,0.666130840778351,0.666130840778351,,,,,,
1180,2359,2359,2359,0.63929033279419,0.63929033279419,0.63929033279419,,,,,,
1181,2361,2361,2361,0.686917066574097,0.686917066574097,0.686917066574097,,,,,,
1182,2363,2363,2363,0.689144015312195,0.689144015312195,0.689144015312195,,,,,,
1183,2365,2365,2365,0.684445083141327,0.684445083141327,0.684445083141327,,,,,,
1184,2367,2367,2367,0.707054913043976,0.707054913043976,0.707054913043976,,,,,,
1185,2369,2369,2369,0.666141033172607,0.666141033172607,0.666141033172607,,,,,,
1186,2371,2371,2371,0.595438122749329,0.595438122749329,0.595438122749329,,,,,,
1187,2373,2373,2373,0.669204711914063,0.669204711914063,0.669204711914063,,,,,,
1188,2375,2375,2375,0.680186212062836,0.680186212062836,0.680186212062836,,,,,,
1189,2377,2377,2377,0.674262285232544,0.674262285232544,0.674262285232544,,,,,,
1190,2379,2379,2379,0.701033771038055,0.701033771038055,0.701033771038055,,,,,,
1191,2381,2381,2381,0.63030731678009,0.63030731678009,0.63030731678009,,,,,,
1192,2383,2383,2383,0.532713234424591,0.532713234424591,0.532713234424591,,,,,,
1193,2385,2385,2385,0.527266204357147,0.527266204357147,0.527266204357147,,,,,,
1194,2387,2387,2387,0.503576993942261,0.503576993942261,0.503576993942261,,,,,,
1195,2389,2389,2389,0.536841034889221,0.536841034889221,0.536841034889221,,,,,,
1196,2391,2391,2391,0.585495352745056,0.585495352745056,0.585495352745056,,,,,,
1197,2393,2393,2393,0.628134787082672,0.628134787082672,0.628134787082672,,,,,,
1198,2395,2395,2395,0.695731699466705,0.695731699466705,0.695731699466705,,,,,,
1199,2397,2397,2397,0.695451378822327,0.695451378822327,0.695451378822327,,,,,,
1200,2399,2399,2399,0.702730417251587,0.702730417251587,0.702730417251587,,,,,,
1201,2401,2401,2401,0.708917200565338,0.708917200565338,0.708917200565338,,,,,,
1202,2403,2403,2403,0.670593857765198,0.670593857765198,0.670593857765198,,,,,,
1203,2405,2405,2405,0.810396432876587,0.810396432876587,0.810396432876587,,,,,,
1204,2407,2407,2407,0.708596289157867,0.708596289157867,0.708596289157867,,,,,,
1205,2409,2409,2409,0.692681729793549,0.692681729793549,0.692681729793549,,,,,,
1206,2411,2411,2411,0.723158895969391,0.723158895969391,0.723158895969391,,,,,,
1207,2413,2413,2413,0.657193660736084,0.657193660736084,0.657193660736084,,,,,,
1208,2415,2415,2415,0.621491730213165,0.621491730213165,0.621491730213165,,,,,,
1209,2417,2417,2417,0.653945982456207,0.653945982456207,0.653945982456207,,,,,,
1210,2419,2419,2419,0.763883411884308,0.763883411884308,0.763883411884308,,,,,,
1211,2421,2421,2421,0.752144992351532,0.752144992351532,0.752144992351532,,,,,,
1212,2423,2423,2423,0.613665819168091,0.613665819168091,0.613665819168091,,,,,,
1213,2425,2425,2425,0.562008798122406,0.562008798122406,0.562008798122406,,,,,,
1214,2427,2427,2427,0.639278173446655,0.639278173446655,0.639278173446655,,,,,,
1215,2429,2429,2429,0.65902054309845,0.65902054309845,0.65902054309845,,,,,,
1216,2431,2431,2431,0.742226541042328,0.742226541042328,0.742226541042328,,,,,,
1217,2433,2433,2433,0.65786749124527,0.65786749124527,0.65786749124527,,,,,,
1218,2435,2435,2435,0.595797657966614,0.595797657966614,0.595797657966614,,,,,,
1219,2437,2437,2437,0.675721406936646,0.675721406936646,0.675721406936646,,,,,,
1220,2439,2439,2439,0.636286914348602,0.636286914348602,0.636286914348602,,,,,,
1221,2441,2441,2441,0.663136124610901,0.663136124610901,0.663136124610901,,,,,,
1222,2443,2443,2443,0.621702551841736,0.621702551841736,0.621702551841736,,,,,,
1223,2445,2445,2445,0.634451806545258,0.634451806545258,0.634451806545258,,,,,,
1224,2447,2447,2447,0.624544143676758,0.624544143676758,0.624544143676758,,,,,,
1225,2449,2449,2449,0.609617590904236,0.609617590904236,0.609617590904236,,,,,,
1226,2451,2451,2451,0.587430894374847,0.587430894374847,0.587430894374847,,,,,,
1227,2453,2453,2453,0.575495064258575,0.575495064258575,0.575495064258575,,,,,,
1228,2455,2455,2455,0.605256140232086,0.605256140232086,0.605256140232086,,,,,,
1229,2457,2457,2457,0.642282843589783,0.642282843589783,0.642282843589783,,,,,,
1230,2459,2459,2459,0.638519108295441,0.638519108295441,0.638519108295441,,,,,,
1231,2461,2461,2461,0.635001361370087,0.635001361370087,0.635001361370087,,,,,,
1232,2463,2463,2463,0.696478307247162,0.696478307247162,0.696478307247162,,,,,,
1233,2465,2465,2465,0.789962947368622,0.789962947368622,0.789962947368622,,,,,,
1234,2467,2467,2467,0.60595703125,0.60595703125,0.60595703125,,,,,,
1235,2469,2469,2469,0.6175816655159,0.6175816655159,0.6175816655159,,,,,,
1236,2471,2471,2471,0.677548050880432,0.677548050880432,0.677548050880432,,,,,,
1237,2473,2473,2473,0.643815636634827,0.643815636634827,0.643815636634827,,,,,,
1238,2475,2475,2475,0.635709881782532,0.635709881782532,0.635709881782532,,,,,,
1239,2477,2477,2477,0.595775842666626,0.595775842666626,0.595775842666626,,,,,,
1240,2479,2479,2479,0.627712488174439,0.627712488174439,0.627712488174439,,,,,,
1241,2481,2481,2481,0.620717108249664,0.620717108249664,0.620717108249664,,,,,,
1242,2483,2483,2483,0.576129913330078,0.576129913330078,0.576129913330078,,,,,,
1243,2485,2485,2485,0.54906153678894,0.54906153678894,0.54906153678894,,,,,,
1244,2487,2487,2487,0.506595611572266,0.506595611572266,0.506595611572266,,,,,,
1245,2489,2489,2489,0.609559595584869,0.609559595584869,0.609559595584869,,,,,,
1246,2491,2491,2491,0.659638404846191,0.659638404846191,0.659638404846191,,,,,,
1247,2493,2493,2493,0.664600014686585,0.664600014686585,0.664600014686585,,,,,,
1248,2495,2495,2495,0.731240689754486,0.731240689754486,0.731240689754486,,,,,,
1249,2497,2497,2497,0.826937019824982,0.826937019824982,0.826937019824982,,,,,,
1250,2499,2499,2499,0.634788155555725,0.634788155555725,0.634788155555725,,,,,,
1251,2501,2501,2501,0.672132551670075,0.672132551670075,0.672132551670075,,,,,,
1252,2503,2503,2503,0.655005037784576,0.655005037784576,0.655005037784576,,,,,,
1253,2505,2505,2505,0.662104427814484,0.662104427814484,0.662104427814484,,,,,,
1254,2507,2507,2507,0.682115614414215,0.682115614414215,0.682115614414215,,,,,,
1255,2509,2509,2509,0.70054304599762,0.70054304599762,0.70054304599762,,,,,,
1256,2511,2511,2511,0.641168355941773,0.641168355941773,0.641168355941773,,,,,,
1257,2513,2513,2513,0.610297679901123,0.610297679901123,0.610297679901123,,,,,,
1258,2515,2515,2515,0.697998523712158,0.697998523712158,0.697998523712158,,,,,,
1259,2517,2517,2517,0.640985190868378,0.640985190868378,0.640985190868378,,,,,,
1260,2519,2519,2519,0.622942328453064,0.622942328453064,0.622942328453064,,,,,,
1261,2521,2521,2521,0.572507858276367,0.572507858276367,0.572507858276367,,,,,,
1262,2523,2523,2523,0.591154038906097,0.591154038906097,0.591154038906097,,,,,,
1263,2525,2525,2525,0.550485193729401,0.550485193729401,0.550485193729401,,,,,,
1264,2527,2527,2527,0.579235792160034,0.579235792160034,0.579235792160034,,,,,,
1265,2529,2529,2529,0.649089872837067,0.649089872837067,0.649089872837067,,,,,,
1266,2531,2531,2531,0.648001372814179,0.648001372814179,0.648001372814179,,,,,,
1267,2533,2533,2533,0.620167911052704,0.620167911052704,0.620167911052704,,,,,,
1268,2535,2535,2535,0.68568766117096,0.68568766117096,0.68568766117096,,,,,,
1269,2537,2537,2537,0.637511551380158,0.637511551380158,0.637511551380158,,,,,,
1270,2539,2539,2539,0.640573143959045,0.640573143959045,0.640573143959045,,,,,,
1271,2541,2541,2541,0.67932665348053,0.67932665348053,0.67932665348053,,,,,,
1272,2543,2543,2543,0.647345721721649,0.647345721721649,0.647345721721649,,,,,,
1273,2545,2545,2545,0.695280611515045,0.695280611515045,0.695280611515045,,,,,,
1274,2547,2547,2547,0.664997160434723,0.664997160434723,0.664997160434723,,,,,,
1275,2549,2549,2549,0.715501546859741,0.715501546859741,0.715501546859741,,,,,,
1276,2551,2551,2551,0.636305868625641,0.636305868625641,0.636305868625641,,,,,,
1277,2553,2553,2553,0.672206819057465,0.672206819057465,0.672206819057465,,,,,,
1278,2555,2555,2555,0.69451642036438,0.69451642036438,0.69451642036438,,,,,,
1279,2557,2557,2557,0.736668288707733,0.736668288707733,0.736668288707733,,,,,,
1280,2559,2559,2559,0.574265778064728,0.574265778064728,0.574265778064728,,,,,,
1281,2561,2561,2561,0.531533062458038,0.531533062458038,0.531533062458038,,,,,,
1282,2563,2563,2563,0.538829803466797,0.538829803466797,0.538829803466797,,,,,,
1283,2565,2565,2565,0.597641825675964,0.597641825675964,0.597641825675964,,,,,,
1284,2567,2567,2567,0.545967280864716,0.545967280864716,0.545967280864716,,,,,,
1285,2569,2569,2569,0.549872994422913,0.549872994422913,0.549872994422913,,,,,,
1286,2571,2571,2571,0.607011616230011,0.607011616230011,0.607011616230011,,,,,,
1287,2573,2573,2573,0.612921953201294,0.612921953201294,0.612921953201294,,,,,,
1288,2575,2575,2575,0.703879296779633,0.703879296779633,0.703879296779633,,,,,,
1289,2577,2577,2577,0.899123311042786,0.899123311042786,0.899123311042786,,,,,,
1290,2579,2579,2579,0.725327849388123,0.725327849388123,0.725327849388123,,,,,,
1291,2581,2581,2581,0.743395268917084,0.743395268917084,0.743395268917084,,,,,,
1292,2583,2583,2583,0.780509531497955,0.780509531497955,0.780509531497955,,,,,,
1293,2585,2585,2585,0.631166815757752,0.631166815757752,0.631166815757752,,,,,,
1294,2587,2587,2587,0.675480484962463,0.675480484962463,0.675480484962463,,,,,,
1295,2589,2589,2589,0.664304971694946,0.664304971694946,0.664304971694946,,,,,,
1296,2591,2591,2591,0.728819191455841,0.728819191455841,0.728819191455841,,,,,,
1297,2593,2593,2593,0.698813021183014,0.698813021183014,0.698813021183014,,,,,,
1298,2595,2595,2595,0.639597356319428,0.639597356319428,0.639597356319428,,,,,,
1299,2597,2597,2597,0.661458432674408,0.661458432674408,0.661458432674408,,,,,,
1300,2599,2599,2599,0.672321796417236,0.672321796417236,0.672321796417236,,,,,,
1301,2601,2601,2601,0.728318274021149,0.728318274021149,0.728318274021149,,,,,,
1302,2603,2603,2603,0.711911559104919,0.711911559104919,0.711911559104919,,,,,,
1303,2605,2605,2605,0.689714789390564,0.689714789390564,0.689714789390564,,,,,,
1304,2607,2607,2607,0.614967882633209,0.614967882633209,0.614967882633209,,,,,,
1305,2609,2609,2609,0.585814893245697,0.585814893245697,0.585814893245697,,,,,,
1306,2611,2611,2611,0.623562037944794,0.623562037944794,0.623562037944794,,,,,,
1307,2613,2613,2613,0.562562227249146,0.562562227249146,0.562562227249146,,,,,,
1308,2615,2615,2615,0.547584474086762,0.547584474086762,0.547584474086762,,,,,,
1309,2617,2617,2617,0.597744464874268,0.597744464874268,0.597744464874268,,,,,,
1310,2619,2619,2619,0.533111035823822,0.533111035823822,0.533111035823822,,,,,,
1311,2621,2621,2621,0.636746346950531,0.636746346950531,0.636746346950531,,,,,,
1312,2623,2623,2623,0.642245054244995,0.642245054244995,0.642245054244995,,,,,,
1313,2625,2625,2625,0.648793280124664,0.648793280124664,0.648793280124664,,,,,,
1314,2627,2627,2627,0.638668239116669,0.638668239116669,0.638668239116669,,,,,,
1315,2629,2629,2629,0.667183458805084,0.667183458805084,0.667183458805084,,,,,,
1316,2631,2631,2631,0.706563413143158,0.706563413143158,0.706563413143158,,,,,,
1317,2633,2633,2633,0.644658744335175,0.644658744335175,0.644658744335175,,,,,,
1318,2635,2635,2635,0.662131607532501,0.662131607532501,0.662131607532501,,,,,,
1319,2637,2637,2637,0.647577822208405,0.647577822208405,0.647577822208405,,,,,,
1320,2639,2639,2639,0.61817592382431,0.61817592382431,0.61817592382431,,,,,,
1321,2641,2641,2641,0.616219580173492,0.616219580173492,0.616219580173492,,,,,,
1322,2643,2643,2643,0.549143433570862,0.549143433570862,0.549143433570862,,,,,,
1323,2645,2645,2645,0.566710829734802,0.566710829734802,0.566710829734802,,,,,,
1324,2647,2647,2647,0.654374599456787,0.654374599456787,0.654374599456787,,,,,,
1325,2649,2649,2649,0.666290938854218,0.666290938854218,0.666290938854218,,,,,,
1326,2651,2651,2651,0.739554047584534,0.739554047584534,0.739554047584534,,,,,,
1327,2653,2653,2653,0.689277708530426,0.689277708530426,0.689277708530426,,,,,,
1328,2655,2655,2655,0.655266463756561,0.655266463756561,0.655266463756561,,,,,,
1329,2657,2657,2657,0.571757435798645,0.571757435798645,0.571757435798645,,,,,,
1330,2659,2659,2659,0.643314778804779,0.643314778804779,0.643314778804779,,,,,,
1331,2661,2661,2661,0.667764246463776,0.667764246463776,0.667764246463776,,,,,,
1332,2663,2663,2663,0.594690024852753,0.594690024852753,0.594690024852753,,,,,,
1333,2665,2665,2665,0.637604713439941,0.637604713439941,0.637604713439941,,,,,,
1334,2667,2667,2667,0.524111568927765,0.524111568927765,0.524111568927765,,,,,,
1335,2669,2669,2669,0.589358150959015,0.589358150959015,0.589358150959015,,,,,,
1336,2671,2671,2671,0.667685270309448,0.667685270309448,0.667685270309448,,,,,,
1337,2673,2673,2673,0.652145862579346,0.652145862579346,0.652145862579346,,,,,,
1338,2675,2675,2675,0.597550988197327,0.597550988197327,0.597550988197327,,,,,,
1339,2677,2677,2677,0.565968871116638,0.565968871116638,0.565968871116638,,,,,,
1340,2679,2679,2679,0.525347173213959,0.525347173213959,0.525347173213959,,,,,,
1341,2681,2681,2681,0.613607525825501,0.613607525825501,0.613607525825501,,,,,,
1342,2683,2683,2683,0.702163934707642,0.702163934707642,0.702163934707642,,,,,,
1343,2685,2685,2685,0.595704853534699,0.595704853534699,0.595704853534699,,,,,,
1344,2687,2687,2687,0.582692086696625,0.582692086696625,0.582692086696625,,,,,,
1345,2689,2689,2689,0.586176991462708,0.586176991462708,0.586176991462708,,,,,,
1346,2691,2691,2691,0.646847784519196,0.646847784519196,0.646847784519196,,,,,,
1347,2693,2693,2693,0.712843537330627,0.712843537330627,0.712843537330627,,,,,,
1348,2695,2695,2695,0.644676864147186,0.644676864147186,0.644676864147186,,,,,,
1349,2697,2697,2697,0.651950716972351,0.651950716972351,0.651950716972351,,,,,,
1350,2699,2699,2699,0.634813606739044,0.634813606739044,0.634813606739044,,,,,,
1351,2701,2701,2701,0.618357956409454,0.618357956409454,0.618357956409454,,,,,,
1352,2703,2703,2703,0.692391753196716,0.692391753196716,0.692391753196716,,,,,,
1353,2705,2705,2705,0.710076928138733,0.710076928138733,0.710076928138733,,,,,,
1354,2707,2707,2707,0.61875718832016,0.61875718832016,0.61875718832016,,,,,,
1355,2709,2709,2709,0.719829440116882,0.719829440116882,0.719829440116882,,,,,,
1356,2711,2711,2711,0.693214893341065,0.693214893341065,0.693214893341065,,,,,,
1357,2713,2713,2713,0.567926824092865,0.567926824092865,0.567926824092865,,,,,,
1358,2715,2715,2715,0.628125667572022,0.628125667572022,0.628125667572022,,,,,,
1359,2717,2717,2717,0.619470536708832,0.619470536708832,0.619470536708832,,,,,,
1360,2719,2719,2719,0.621541082859039,0.621541082859039,0.621541082859039,,,,,,
1361,2721,2721,2721,0.623629450798035,0.623629450798035,0.623629450798035,,,,,,
1362,2723,2723,2723,0.622948527336121,0.622948527336121,0.622948527336121,,,,,,
1363,2725,2725,2725,0.643456041812897,0.643456041812897,0.643456041812897,,,,,,
1364,2727,2727,2727,0.590544641017914,0.590544641017914,0.590544641017914,,,,,,
1365,2729,2729,2729,0.600422859191895,0.600422859191895,0.600422859191895,,,,,,
1366,2731,2731,2731,0.571750521659851,0.571750521659851,0.571750521659851,,,,,,
1367,2733,2733,2733,0.669026255607605,0.669026255607605,0.669026255607605,,,,,,
1368,2735,2735,2735,0.621737420558929,0.621737420558929,0.621737420558929,,,,,,
1369,2737,2737,2737,0.515008449554443,0.515008449554443,0.515008449554443,,,,,,
1370,2739,2739,2739,0.537720799446106,0.537720799446106,0.537720799446106,,,,,,
1371,2741,2741,2741,0.570643782615662,0.570643782615662,0.570643782615662,,,,,,
1372,2743,2743,2743,0.549923777580261,0.549923777580261,0.549923777580261,,,,,,
1373,2745,2745,2745,0.523039937019348,0.523039937019348,0.523039937019348,,,,,,
1374,2747,2747,2747,0.568416118621826,0.568416118621826,0.568416118621826,,,,,,
1375,2749,2749,2749,0.559749126434326,0.559749126434326,0.559749126434326,,,,,,
1376,2751,2751,2751,0.588216543197632,0.588216543197632,0.588216543197632,,,,,,
1377,2753,2753,2753,0.727853894233704,0.727853894233704,0.727853894233704,,,,,,
1378,2755,2755,2755,0.629210829734802,0.629210829734802,0.629210829734802,,,,,,
1379,2757,2757,2757,0.675951242446899,0.675951242446899,0.675951242446899,,,,,,
1380,2759,2759,2759,0.745549321174622,0.745549321174622,0.745549321174622,,,,,,
1381,2761,2761,2761,0.622108459472656,0.622108459472656,0.622108459472656,,,,,,
1382,2763,2763,2763,0.657586693763733,0.657586693763733,0.657586693763733,,,,,,
1383,2765,2765,2765,0.628197968006134,0.628197968006134,0.628197968006134,,,,,,
1384,2767,2767,2767,0.602773129940033,0.602773129940033,0.602773129940033,,,,,,
1385,2769,2769,2769,0.718637228012085,0.718637228012085,0.718637228012085,,,,,,
1386,2771,2771,2771,0.638493120670319,0.638493120670319,0.638493120670319,,,,,,
1387,2773,2773,2773,0.58078920841217,0.58078920841217,0.58078920841217,,,,,,
1388,2775,2775,2775,0.610661506652832,0.610661506652832,0.610661506652832,,,,,,
1389,2777,2777,2777,0.633462309837341,0.633462309837341,0.633462309837341,,,,,,
1390,2779,2779,2779,0.685041010379791,0.685041010379791,0.685041010379791,,,,,,
1391,2781,2781,2781,0.587836444377899,0.587836444377899,0.587836444377899,,,,,,
1392,2783,2783,2783,0.565849840641022,0.565849840641022,0.565849840641022,,,,,,
1393,2785,2785,2785,0.588138401508331,0.588138401508331,0.588138401508331,,,,,,
1394,2787,2787,2787,0.732744216918945,0.732744216918945,0.732744216918945,,,,,,
1395,2789,2789,2789,0.67919796705246,0.67919796705246,0.67919796705246,,,,,,
1396,2791,2791,2791,0.701821088790894,0.701821088790894,0.701821088790894,,,,,,
1397,2793,2793,2793,0.621192812919617,0.621192812919617,0.621192812919617,,,,,,
1398,2795,2795,2795,0.584577918052673,0.584577918052673,0.584577918052673,,,,,,
1399,2797,2797,2797,0.652361035346985,0.652361035346985,0.652361035346985,,,,,,
1400,2799,2799,2799,0.725704610347748,0.725704610347748,0.725704610347748,,,,,,
1401,2801,2801,2801,0.614737510681152,0.614737510681152,0.614737510681152,,,,,,
1402,2803,2803,2803,0.700492560863495,0.700492560863495,0.700492560863495,,,,,,
1403,2805,2805,2805,0.614632844924927,0.614632844924927,0.614632844924927,,,,,,
1404,2807,2807,2807,0.675744652748108,0.675744652748108,0.675744652748108,,,,,,
1405,2809,2809,2809,0.677394866943359,0.677394866943359,0.677394866943359,,,,,,
1406,2811,2811,2811,0.790674090385437,0.790674090385437,0.790674090385437,,,,,,
1407,2813,2813,2813,0.555664658546448,0.555664658546448,0.555664658546448,,,,,,
1408,2815,2815,2815,0.681128859519959,0.681128859519959,0.681128859519959,,,,,,
1409,2817,2817,2817,0.713168919086456,0.713168919086456,0.713168919086456,,,,,,
1410,2819,2819,2819,0.622421383857727,0.622421383857727,0.622421383857727,,,,,,
1411,2821,2821,2821,0.643948137760162,0.643948137760162,0.643948137760162,,,,,,
1412,2823,2823,2823,0.566221296787262,0.566221296787262,0.566221296787262,,,,,,
1413,2825,2825,2825,0.564215302467346,0.564215302467346,0.564215302467346,,,,,,
1414,2827,2827,2827,0.569912552833557,0.569912552833557,0.569912552833557,,,,,,
1415,2829,2829,2829,0.598870694637299,0.598870694637299,0.598870694637299,,,,,,
1416,2831,2831,2831,0.672357380390167,0.672357380390167,0.672357380390167,,,,,,
1417,2833,2833,2833,0.785979151725769,0.785979151725769,0.785979151725769,,,,,,
1418,2835,2835,2835,0.70661336183548,0.70661336183548,0.70661336183548,,,,,,
1419,2837,2837,2837,0.62568062543869,0.62568062543869,0.62568062543869,,,,,,
1420,2839,2839,2839,0.588714778423309,0.588714778423309,0.588714778423309,,,,,,
1421,2841,2841,2841,0.578137576580048,0.578137576580048,0.578137576580048,,,,,,
1422,2843,2843,2843,0.555752992630005,0.555752992630005,0.555752992630005,,,,,,
1423,2845,2845,2845,0.58280473947525,0.58280473947525,0.58280473947525,,,,,,
1424,2847,2847,2847,0.649511218070984,0.649511218070984,0.649511218070984,,,,,,
1425,2849,2849,2849,0.580866634845734,0.580866634845734,0.580866634845734,,,,,,
1426,2851,2851,2851,0.569968342781067,0.569968342781067,0.569968342781067,,,,,,
1427,2853,2853,2853,0.629052877426148,0.629052877426148,0.629052877426148,,,,,,
1428,2855,2855,2855,0.61528754234314,0.61528754234314,0.61528754234314,,,,,,
1429,2857,2857,2857,0.58369117975235,0.58369117975235,0.58369117975235,,,,,,
1430,2859,2859,2859,0.590718805789948,0.590718805789948,0.590718805789948,,,,,,
1431,2861,2861,2861,0.542740523815155,0.542740523815155,0.542740523815155,,,,,,
1432,2863,2863,2863,0.567476332187653,0.567476332187653,0.567476332187653,,,,,,
1433,2865,2865,2865,0.579478800296783,0.579478800296783,0.579478800296783,,,,,,
1434,2867,2867,2867,0.552014589309692,0.552014589309692,0.552014589309692,,,,,,
1435,2869,2869,2869,0.567013144493103,0.567013144493103,0.567013144493103,,,,,,
1436,2871,2871,2871,0.576286613941193,0.576286613941193,0.576286613941193,,,,,,
1437,2873,2873,2873,0.628254354000092,0.628254354000092,0.628254354000092,,,,,,
1438,2875,2875,2875,0.703655064105988,0.703655064105988,0.703655064105988,,,,,,
1439,2877,2877,2877,0.58476847410202,0.58476847410202,0.58476847410202,,,,,,
1440,2879,2879,2879,0.559727966785431,0.559727966785431,0.559727966785431,,,,,,
1441,2881,2881,2881,0.583209812641144,0.583209812641144,0.583209812641144,,,,,,
1442,2883,2883,2883,0.600081145763397,0.600081145763397,0.600081145763397,,,,,,
1443,2885,2885,2885,0.63461434841156,0.63461434841156,0.63461434841156,,,,,,
1444,2887,2887,2887,0.559828877449036,0.559828877449036,0.559828877449036,,,,,,
1445,2889,2889,2889,0.574456810951233,0.574456810951233,0.574456810951233,,,,,,
1446,2891,2891,2891,0.644079387187958,0.644079387187958,0.644079387187958,,,,,,
1447,2893,2893,2893,0.602304697036743,0.602304697036743,0.602304697036743,,,,,,
1448,2895,2895,2895,0.636465787887573,0.636465787887573,0.636465787887573,,,,,,
1449,2897,2897,2897,0.662854790687561,0.662854790687561,0.662854790687561,,,,,,
1450,2899,2899,2899,0.642611086368561,0.642611086368561,0.642611086368561,,,,,,
1451,2901,2901,2901,0.671935141086578,0.671935141086578,0.671935141086578,,,,,,
1452,2903,2903,2903,0.680760979652405,0.680760979652405,0.680760979652405,,,,,,
1453,2905,2905,2905,0.657269597053528,0.657269597053528,0.657269597053528,,,,,,
1454,2907,2907,2907,0.668623447418213,0.668623447418213,0.668623447418213,,,,,,
1455,2909,2909,2909,0.634664595127106,0.634664595127106,0.634664595127106,,,,,,
1456,2911,2911,2911,0.563296556472778,0.563296556472778,0.563296556472778,,,,,,
1457,2913,2913,2913,0.618928074836731,0.618928074836731,0.618928074836731,,,,,,
1458,2915,2915,2915,0.551905572414398,0.551905572414398,0.551905572414398,,,,,,
1459,2917,2917,2917,0.575125753879547,0.575125753879547,0.575125753879547,,,,,,
1460,2919,2919,2919,0.585511803627014,0.585511803627014,0.585511803627014,,,,,,
1461,2921,2921,2921,0.630685031414032,0.630685031414032,0.630685031414032,,,,,,
1462,2923,2923,2923,0.631823837757111,0.631823837757111,0.631823837757111,,,,,,
1463,2925,2925,2925,0.55857789516449,0.55857789516449,0.55857789516449,,,,,,
1464,2927,2927,2927,0.590330362319946,0.590330362319946,0.590330362319946,,,,,,
1465,2929,2929,2929,0.607252717018127,0.607252717018127,0.607252717018127,,,,,,
1466,2931,2931,2931,0.665686070919037,0.665686070919037,0.665686070919037,,,,,,
1467,2933,2933,2933,0.590926051139832,0.590926051139832,"0.5909260511398315""1430",0,0,0,0,0,0
1468,75,75,75,0.46159240603447,0.46159240603447,0.46159240603447,,,,,,
1469,77,77,77,0.464080780744553,0.464080780744553,0.464080780744553,,,,,,
1470,79,79,79,0.46832337975502,0.46832337975502,0.46832337975502,,,,,,
1471,81,81,81,0.418635457754135,0.418635457754135,0.418635457754135,,,,,,
1472,83,83,83,0.404978662729263,0.404978662729263,0.404978662729263,,,,,,
1473,85,85,85,0.416996031999588,0.416996031999588,0.416996031999588,,,,,,
1474,87,87,87,0.424247056245804,0.424247056245804,0.424247056245804,,,,,,
1475,89,89,89,0.432721316814423,0.432721316814423,0.432721316814423,,,,,,
1476,91,91,91,0.430602014064789,0.430602014064789,0.430602014064789,,,,,,
1477,93,93,93,0.54046368598938,0.54046368598938,0.54046368598938,,,,,,
1478,95,95,95,0.616339206695557,0.616339206695557,0.616339206695557,,,,,,
1479,97,97,97,0.692234992980957,0.692234992980957,0.692234992980957,,,,,,
1480,99,99,99,0.656197369098663,0.656197369098663,0.656197369098663,,,,,,
1481,101,101,101,0.522532939910889,0.522532939910889,0.522532939910889,,,,,,
1482,103,103,103,0.453068733215332,0.453068733215332,0.453068733215332,,,,,,
1483,105,105,105,0.487026065587997,0.487026065587997,0.487026065587997,,,,,,
1484,107,107,107,0.614532649517059,0.614532649517059,0.614532649517059,,,,,,
1485,109,109,109,0.605187952518463,0.605187952518463,0.605187952518463,,,,,,
1486,111,111,111,0.536149680614471,0.536149680614471,0.536149680614471,,,,,,
1487,113,113,113,0.506160080432892,0.506160080432892,0.506160080432892,,,,,,
1488,115,115,115,0.537777364253998,0.537777364253998,0.537777364253998,,,,,,
1489,117,117,117,0.568121075630188,0.568121075630188,0.568121075630188,,,,,,
1490,119,119,119,0.556832671165466,0.556832671165466,0.556832671165466,,,,,,
1491,121,121,121,0.77881669998169,0.77881669998169,0.77881669998169,,,,,,
1492,123,123,123,0.813540101051331,0.813540101051331,0.813540101051331,,,,,,
1493,125,125,125,0.54749059677124,0.54749059677124,0.54749059677124,,,,,,
1494,127,127,127,0.600240647792816,0.600240647792816,0.600240647792816,,,,,,
1495,129,129,129,0.719490706920624,0.719490706920624,0.719490706920624,,,,,,
1496,131,131,131,0.581193208694458,0.581193208694458,0.581193208694458,,,,,,
1497,133,133,133,0.612816095352173,0.612816095352173,0.612816095352173,,,,,,
1498,135,135,135,0.63443797826767,0.63443797826767,0.63443797826767,,,,,,
1499,137,137,137,0.545859217643738,0.545859217643738,0.545859217643738,,,,,,
1500,139,139,139,0.59815639257431,0.59815639257431,0.59815639257431,,,,,,
1501,141,141,141,0.640649139881134,0.640649139881134,0.640649139881134,,,,,,
1502,143,143,143,0.726980626583099,0.726980626583099,0.726980626583099,,,,,,
1503,145,145,145,0.729449033737183,0.729449033737183,0.729449033737183,,,,,,
1504,147,147,147,0.56819099187851,0.56819099187851,0.56819099187851,,,,,,
1505,149,149,149,0.573262572288513,0.573262572288513,0.573262572288513,,,,,,
1506,151,151,151,0.669745445251465,0.669745445251465,0.669745445251465,,,,,,
1507,153,153,153,0.649189114570618,0.649189114570618,0.649189114570618,,,,,,
1508,155,155,155,0.718848288059235,0.718848288059235,0.718848288059235,,,,,,
1509,157,157,157,0.653754055500031,0.653754055500031,0.653754055500031,,,,,,
1510,159,159,159,0.519682466983795,0.519682466983795,0.519682466983795,,,,,,
1511,161,161,161,0.539478540420532,0.539478540420532,0.539478540420532,,,,,,
1512,163,163,163,0.551034867763519,0.551034867763519,0.551034867763519,,,,,,
1513,165,165,165,0.543082714080811,0.543082714080811,0.543082714080811,,,,,,
1514,167,167,167,0.573611557483673,0.573611557483673,0.573611557483673,,,,,,
1515,169,169,169,0.741435945034027,0.741435945034027,0.741435945034027,,,,,,
1516,171,171,171,0.681731224060059,0.681731224060059,0.681731224060059,,,,,,
1517,173,173,173,0.579305827617645,0.579305827617645,0.579305827617645,,,,,,
1518,175,175,175,0.659101665019989,0.659101665019989,0.659101665019989,,,,,,
1519,177,177,177,0.609699726104736,0.609699726104736,0.609699726104736,,,,,,
1520,179,179,179,0.662416100502014,0.662416100502014,0.662416100502014,,,,,,
1521,181,181,181,0.608156561851502,0.608156561851502,0.608156561851502,,,,,,
1522,183,183,183,0.579667091369629,0.579667091369629,0.579667091369629,,,,,,
1523,185,185,185,0.592515468597412,0.592515468597412,0.592515468597412,,,,,,
1524,187,187,187,0.536703050136566,0.536703050136566,0.536703050136566,,,,,,
1525,189,189,189,0.527445256710053,0.527445256710053,0.527445256710053,,,,,,
1526,191,191,191,0.548003375530243,0.548003375530243,0.548003375530243,,,,,,
1527,193,193,193,0.642603576183319,0.642603576183319,0.642603576183319,,,,,,
1528,195,195,195,0.76972097158432,0.76972097158432,0.76972097158432,,,,,,
1529,197,197,197,0.685676276683807,0.685676276683807,0.685676276683807,,,,,,
1530,199,199,199,0.555218994617462,0.555218994617462,0.555218994617462,,,,,,
1531,201,201,201,0.530809581279755,0.530809581279755,0.530809581279755,,,,,,
1532,203,203,203,0.580049633979797,0.580049633979797,0.580049633979797,,,,,,
1533,205,205,205,0.588458299636841,0.588458299636841,0.588458299636841,,,,,,
1534,207,207,207,0.639086425304413,0.639086425304413,0.639086425304413,,,,,,
1535,209,209,209,0.737255930900574,0.737255930900574,0.737255930900574,,,,,,
1536,211,211,211,0.753022015094757,0.753022015094757,0.753022015094757,,,,,,
1537,213,213,213,0.558152914047241,0.558152914047241,0.558152914047241,,,,,,
1538,215,215,215,0.550095021724701,0.550095021724701,0.550095021724701,,,,,,
1539,217,217,217,0.54839700460434,0.54839700460434,0.54839700460434,,,,,,
1540,219,219,219,0.56653356552124,0.56653356552124,0.56653356552124,,,,,,
1541,221,221,221,0.517971217632294,0.517971217632294,0.517971217632294,,,,,,
1542,223,223,223,0.577855348587036,0.577855348587036,0.577855348587036,,,,,,
1543,225,225,225,0.610113918781281,0.610113918781281,0.610113918781281,,,,,,
1544,227,227,227,0.569112777709961,0.569112777709961,0.569112777709961,,,,,,
1545,229,229,229,0.582990884780884,0.582990884780884,0.582990884780884,,,,,,
1546,231,231,231,0.676823496818543,0.676823496818543,0.676823496818543,,,,,,
1547,233,233,233,0.654658496379852,0.654658496379852,0.654658496379852,,,,,,
1548,235,235,235,0.58723509311676,0.58723509311676,0.58723509311676,,,,,,
1549,237,237,237,0.679751455783844,0.679751455783844,0.679751455783844,,,,,,
1550,239,239,239,0.768644690513611,0.768644690513611,0.768644690513611,,,,,,
1551,241,241,241,0.75195574760437,0.75195574760437,0.75195574760437,,,,,,
1552,243,243,243,0.571881055831909,0.571881055831909,0.571881055831909,,,,,,
1553,245,245,245,0.610529243946075,0.610529243946075,0.610529243946075,,,,,,
1554,247,247,247,0.538317501544952,0.538317501544952,0.538317501544952,,,,,,
1555,249,249,249,0.578374624252319,0.578374624252319,0.578374624252319,,,,,,
1556,251,251,251,0.576322853565216,0.576322853565216,0.576322853565216,,,,,,
1557,253,253,253,0.661167025566101,0.661167025566101,0.661167025566101,,,,,,
1558,255,255,255,0.753665924072266,0.753665924072266,0.753665924072266,,,,,,
1559,257,257,257,0.689211487770081,0.689211487770081,0.689211487770081,,,,,,
1560,259,259,259,0.617369532585144,0.617369532585144,0.617369532585144,,,,,,
1561,261,261,261,0.61205792427063,0.61205792427063,0.61205792427063,,,,,,
1562,263,263,263,0.792906999588013,0.792906999588013,0.792906999588013,,,,,,
1563,265,265,265,0.680932223796845,0.680932223796845,0.680932223796845,,,,,,
1564,267,267,267,0.720220327377319,0.720220327377319,0.720220327377319,,,,,,
1565,269,269,269,0.772315502166748,0.772315502166748,0.772315502166748,,,,,,
1566,271,271,271,0.599113404750824,0.599113404750824,0.599113404750824,,,,,,
1567,273,273,273,0.554514348506928,0.554514348506928,0.554514348506928,,,,,,
1568,275,275,275,0.600295543670654,0.600295543670654,0.600295543670654,,,,,,
1569,277,277,277,0.581540942192078,0.581540942192078,0.581540942192078,,,,,,
1570,279,279,279,0.620285034179688,0.620285034179688,0.620285034179688,,,,,,
1571,281,281,281,0.650650382041931,0.650650382041931,0.650650382041931,,,,,,
1572,283,283,283,0.581840395927429,0.581840395927429,0.581840395927429,,,,,,
1573,285,285,285,0.557284474372864,0.557284474372864,0.557284474372864,,,,,,
1574,287,287,287,0.492952138185501,0.492952138185501,0.492952138185501,,,,,,
1575,289,289,289,0.486684620380402,0.486684620380402,0.486684620380402,,,,,,
1576,291,291,291,0.566877603530884,0.566877603530884,0.566877603530884,,,,,,
1577,293,293,293,0.594324707984924,0.594324707984924,0.594324707984924,,,,,,
1578,295,295,295,0.659660935401917,0.659660935401917,0.659660935401917,,,,,,
1579,297,297,297,0.643060028553009,0.643060028553009,0.643060028553009,,,,,,
1580,299,299,299,0.585960566997528,0.585960566997528,0.585960566997528,,,,,,
1581,301,301,301,0.535815179347992,0.535815179347992,0.535815179347992,,,,,,
1582,303,303,303,0.635322749614716,0.635322749614716,0.635322749614716,,,,,,
1583,305,305,305,0.638180136680603,0.638180136680603,0.638180136680603,,,,,,
1584,307,307,307,0.613606929779053,0.613606929779053,0.613606929779053,,,,,,
1585,309,309,309,0.67840451002121,0.67840451002121,0.67840451002121,,,,,,
1586,311,311,311,0.612179458141327,0.612179458141327,0.612179458141327,,,,,,
1587,313,313,313,0.577371597290039,0.577371597290039,0.577371597290039,,,,,,
1588,315,315,315,0.636625528335571,0.636625528335571,0.636625528335571,,,,,,
1589,317,317,317,0.571031510829926,0.571031510829926,0.571031510829926,,,,,,
1590,319,319,319,0.529201924800873,0.529201924800873,0.529201924800873,,,,,,
1591,321,321,321,0.554987072944641,0.554987072944641,0.554987072944641,,,,,,
1592,323,323,323,0.646410822868347,0.646410822868347,0.646410822868347,,,,,,
1593,325,325,325,0.665863513946533,0.665863513946533,0.665863513946533,,,,,,
1594,327,327,327,0.731692731380463,0.731692731380463,0.731692731380463,,,,,,
1595,329,329,329,0.73534369468689,0.73534369468689,0.73534369468689,,,,,,
1596,331,331,331,0.57772833108902,0.57772833108902,0.57772833108902,,,,,,
1597,333,333,333,0.630488991737366,0.630488991737366,0.630488991737366,,,,,,
1598,335,335,335,0.622086048126221,0.622086048126221,0.622086048126221,,,,,,
1599,337,337,337,0.603310406208038,0.603310406208038,0.603310406208038,,,,,,
1600,339,339,339,0.632403671741486,0.632403671741486,0.632403671741486,,,,,,
1601,341,341,341,0.565367698669434,0.565367698669434,0.565367698669434,,,,,,
1602,343,343,343,0.60277396440506,0.60277396440506,0.60277396440506,,,,,,
1603,345,345,345,0.580298542976379,0.580298542976379,0.580298542976379,,,,,,
1604,347,347,347,0.567470133304596,0.567470133304596,0.567470133304596,,,,,,
1605,349,349,349,0.581592202186585,0.581592202186585,0.581592202186585,,,,,,
1606,351,351,351,0.606123268604279,0.606123268604279,0.606123268604279,,,,,,
1607,353,353,353,0.589263379573822,0.589263379573822,0.589263379573822,,,,,,
1608,355,355,355,0.503220558166504,0.503220558166504,0.503220558166504,,,,,,
1609,357,357,357,0.559384822845459,0.559384822845459,0.559384822845459,,,,,,
1610,359,359,359,0.570809602737427,0.570809602737427,0.570809602737427,,,,,,
1611,361,361,361,0.546245634555817,0.546245634555817,0.546245634555817,,,,,,
1612,363,363,363,0.569351017475128,0.569351017475128,0.569351017475128,,,,,,
1613,365,365,365,0.580511927604675,0.580511927604675,0.580511927604675,,,,,,
1614,367,367,367,0.608541011810303,0.608541011810303,0.608541011810303,,,,,,
1615,369,369,369,0.647674381732941,0.647674381732941,0.647674381732941,,,,,,
1616,371,371,371,0.646063387393951,0.646063387393951,0.646063387393951,,,,,,
1617,373,373,373,0.585740685462952,0.585740685462952,0.585740685462952,,,,,,
1618,375,375,375,0.603863477706909,0.603863477706909,0.603863477706909,,,,,,
1619,377,377,377,0.56244558095932,0.56244558095932,0.56244558095932,,,,,,
1620,379,379,379,0.485572308301926,0.485572308301926,0.485572308301926,,,,,,
1621,381,381,381,0.573992967605591,0.573992967605591,0.573992967605591,,,,,,
1622,383,383,383,0.602675795555115,0.602675795555115,0.602675795555115,,,,,,
1623,385,385,385,0.651090919971466,0.651090919971466,0.651090919971466,,,,,,
1624,387,387,387,0.707044124603272,0.707044124603272,0.707044124603272,,,,,,
1625,389,389,389,0.561489284038544,0.561489284038544,0.561489284038544,,,,,,
1626,391,391,391,0.492907106876373,0.492907106876373,0.492907106876373,,,,,,
1627,393,393,393,0.62382709980011,0.62382709980011,0.62382709980011,,,,,,
1628,395,395,395,0.542455077171326,0.542455077171326,0.542455077171326,,,,,,
1629,397,397,397,0.594019174575806,0.594019174575806,0.594019174575806,,,,,,
1630,399,399,399,0.526324987411499,0.526324987411499,0.526324987411499,,,,,,
1631,401,401,401,0.602699816226959,0.602699816226959,0.602699816226959,,,,,,
1632,403,403,403,0.61419951915741,0.61419951915741,0.61419951915741,,,,,,
1633,405,405,405,0.616959035396576,0.616959035396576,0.616959035396576,,,,,,
1634,407,407,407,0.689241647720337,0.689241647720337,0.689241647720337,,,,,,
1635,409,409,409,0.679533362388611,0.679533362388611,0.679533362388611,,,,,,
1636,411,411,411,0.543219208717346,0.543219208717346,0.543219208717346,,,,,,
1637,413,413,413,0.57500547170639,0.57500547170639,0.57500547170639,,,,,,
1638,415,415,415,0.6645188331604,0.6645188331604,0.6645188331604,,,,,,
1639,417,417,417,0.650556921958923,0.650556921958923,0.650556921958923,,,,,,
1640,419,419,419,0.611324071884155,0.611324071884155,0.611324071884155,,,,,,
1641,421,421,421,0.545353174209595,0.545353174209595,0.545353174209595,,,,,,
1642,423,423,423,0.564326941967011,0.564326941967011,0.564326941967011,,,,,,
1643,425,425,425,0.664283633232117,0.664283633232117,0.664283633232117,,,,,,
1644,427,427,427,0.695007741451263,0.695007741451263,0.695007741451263,,,,,,
1645,429,429,429,0.554767191410065,0.554767191410065,0.554767191410065,,,,,,
1646,431,431,431,0.539828777313232,0.539828777313232,0.539828777313232,,,,,,
1647,433,433,433,0.601302921772003,0.601302921772003,0.601302921772003,,,,,,
1648,435,435,435,0.574829459190369,0.574829459190369,0.574829459190369,,,,,,
1649,437,437,437,0.518841028213501,0.518841028213501,0.518841028213501,,,,,,
1650,439,439,439,0.513351261615753,0.513351261615753,0.513351261615753,,,,,,
1651,441,441,441,0.513009309768677,0.513009309768677,0.513009309768677,,,,,,
1652,443,443,443,0.546811044216156,0.546811044216156,0.546811044216156,,,,,,
1653,445,445,445,0.546150267124176,0.546150267124176,0.546150267124176,,,,,,
1654,447,447,447,0.580838263034821,0.580838263034821,0.580838263034821,,,,,,
1655,449,449,449,0.548775613307953,0.548775613307953,0.548775613307953,,,,,,
1656,451,451,451,0.601664423942566,0.601664423942566,0.601664423942566,,,,,,
1657,453,453,453,0.638325572013855,0.638325572013855,0.638325572013855,,,,,,
1658,455,455,455,0.503734230995178,0.503734230995178,0.503734230995178,,,,,,
1659,457,457,457,0.518677830696106,0.518677830696106,0.518677830696106,,,,,,
1660,459,459,459,0.520195126533508,0.520195126533508,0.520195126533508,,,,,,
1661,461,461,461,0.573062837123871,0.573062837123871,0.573062837123871,,,,,,
1662,463,463,463,0.567670047283173,0.567670047283173,0.567670047283173,,,,,,
1663,465,465,465,0.538269817829132,0.538269817829132,0.538269817829132,,,,,,
1664,467,467,467,0.557646930217743,0.557646930217743,0.557646930217743,,,,,,
1665,469,469,469,0.525154232978821,0.525154232978821,0.525154232978821,,,,,,
1666,471,471,471,0.526553809642792,0.526553809642792,0.526553809642792,,,,,,
1667,473,473,473,0.605264365673065,0.605264365673065,0.605264365673065,,,,,,
1668,475,475,475,0.595438897609711,0.595438897609711,0.595438897609711,,,,,,
1669,477,477,477,0.560233771800995,0.560233771800995,0.560233771800995,,,,,,
1670,479,479,479,0.572689890861511,0.572689890861511,0.572689890861511,,,,,,
1671,481,481,481,0.508460521697998,0.508460521697998,0.508460521697998,,,,,,
1672,483,483,483,0.566686987876892,0.566686987876892,0.566686987876892,,,,,,
1673,485,485,485,0.539003551006317,0.539003551006317,0.539003551006317,,,,,,
1674,487,487,487,0.528164267539978,0.528164267539978,0.528164267539978,,,,,,
1675,489,489,489,0.555709183216095,0.555709183216095,0.555709183216095,,,,,,
1676,491,491,491,0.540224671363831,0.540224671363831,0.540224671363831,,,,,,
1677,493,493,493,0.541349112987518,0.541349112987518,0.541349112987518,,,,,,
1678,495,495,495,0.524274706840515,0.524274706840515,0.524274706840515,,,,,,
1679,497,497,497,0.715829491615295,0.715829491615295,0.715829491615295,,,,,,
1680,499,499,499,0.630199193954468,0.630199193954468,0.630199193954468,,,,,,
1681,501,501,501,0.634501338005066,0.634501338005066,0.634501338005066,,,,,,
1682,503,503,503,0.664902567863464,0.664902567863464,0.664902567863464,,,,,,
1683,505,505,505,0.62000960111618,0.62000960111618,0.62000960111618,,,,,,
1684,507,507,507,0.55336320400238,0.55336320400238,0.55336320400238,,,,,,
1685,509,509,509,0.573288500308991,0.573288500308991,0.573288500308991,,,,,,
1686,511,511,511,0.516072869300842,0.516072869300842,0.516072869300842,,,,,,
1687,513,513,513,0.536622583866119,0.536622583866119,0.536622583866119,,,,,,
1688,515,515,515,0.518960356712341,0.518960356712341,0.518960356712341,,,,,,
1689,517,517,517,0.617518603801727,0.617518603801727,0.617518603801727,,,,,,
1690,519,519,519,0.654330313205719,0.654330313205719,0.654330313205719,,,,,,
1691,521,521,521,0.635103940963745,0.635103940963745,0.635103940963745,,,,,,
1692,523,523,523,0.52934604883194,0.52934604883194,0.52934604883194,,,,,,
1693,525,525,525,0.498407751321793,0.498407751321793,0.498407751321793,,,,,,
1694,527,527,527,0.526594400405884,0.526594400405884,0.526594400405884,,,,,,
1695,529,529,529,0.516918361186981,0.516918361186981,0.516918361186981,,,,,,
1696,531,531,531,0.563403129577637,0.563403129577637,0.563403129577637,,,,,,
1697,533,533,533,0.603861033916473,0.603861033916473,0.603861033916473,,,,,,
1698,535,535,535,0.508211612701416,0.508211612701416,0.508211612701416,,,,,,
1699,537,537,537,0.509472250938416,0.509472250938416,0.509472250938416,,,,,,
1700,539,539,539,0.551046252250671,0.551046252250671,0.551046252250671,,,,,,
1701,541,541,541,0.483732610940933,0.483732610940933,0.483732610940933,,,,,,
1702,543,543,543,0.514423847198486,0.514423847198486,0.514423847198486,,,,,,
1703,545,545,545,0.57225102186203,0.57225102186203,0.57225102186203,,,,,,
1704,547,547,547,0.53997939825058,0.53997939825058,0.53997939825058,,,,,,
1705,549,549,549,0.519763767719269,0.519763767719269,0.519763767719269,,,,,,
1706,551,551,551,0.51032292842865,0.51032292842865,0.51032292842865,,,,,,
1707,553,553,553,0.54142689704895,0.54142689704895,0.54142689704895,,,,,,
1708,555,555,555,0.55556857585907,0.55556857585907,0.55556857585907,,,,,,
1709,557,557,557,0.497536301612854,0.497536301612854,0.497536301612854,,,,,,
1710,559,559,559,0.521238446235657,0.521238446235657,0.521238446235657,,,,,,
1711,561,561,561,0.521046578884125,0.521046578884125,0.521046578884125,,,,,,
1712,563,563,563,0.514471709728241,0.514471709728241,0.514471709728241,,,,,,
1713,565,565,565,0.492155253887177,0.492155253887177,0.492155253887177,,,,,,
1714,567,567,567,0.487445443868637,0.487445443868637,0.487445443868637,,,,,,
1715,569,569,569,0.525006234645844,0.525006234645844,0.525006234645844,,,,,,
1716,571,571,571,0.520388007164002,0.520388007164002,0.520388007164002,,,,,,
1717,573,573,573,0.609460830688477,0.609460830688477,0.609460830688477,,,,,,
1718,575,575,575,0.679168999195099,0.679168999195099,0.679168999195099,,,,,,
1719,577,577,577,0.509090125560761,0.509090125560761,0.509090125560761,,,,,,
1720,579,579,579,0.562426686286926,0.562426686286926,0.562426686286926,,,,,,
1721,581,581,581,0.594748616218567,0.594748616218567,0.594748616218567,,,,,,
1722,583,583,583,0.524892866611481,0.524892866611481,0.524892866611481,,,,,,
1723,585,585,585,0.523990631103516,0.523990631103516,0.523990631103516,,,,,,
1724,587,587,587,0.584962248802185,0.584962248802185,0.584962248802185,,,,,,
1725,589,589,589,0.575232267379761,0.575232267379761,0.575232267379761,,,,,,
1726,591,591,591,0.533354818820953,0.533354818820953,0.533354818820953,,,,,,
1727,593,593,593,0.612308204174042,0.612308204174042,0.612308204174042,,,,,,
1728,595,595,595,0.759629845619202,0.759629845619202,0.759629845619202,,,,,,
1729,597,597,597,0.56301736831665,0.56301736831665,0.56301736831665,,,,,,
1730,599,599,599,0.549229025840759,0.549229025840759,0.549229025840759,,,,,,
1731,601,601,601,0.542657971382141,0.542657971382141,0.542657971382141,,,,,,
1732,603,603,603,0.503888845443726,0.503888845443726,0.503888845443726,,,,,,
1733,605,605,605,0.540336310863495,0.540336310863495,0.540336310863495,,,,,,
1734,607,607,607,0.49340033531189,0.49340033531189,0.49340033531189,,,,,,
1735,609,609,609,0.561848402023315,0.561848402023315,0.561848402023315,,,,,,
1736,611,611,611,0.598074913024902,0.598074913024902,0.598074913024902,,,,,,
1737,613,613,613,0.541149139404297,0.541149139404297,0.541149139404297,,,,,,
1738,615,615,615,0.470499902963638,0.470499902963638,0.470499902963638,,,,,,
1739,617,617,617,0.513492465019226,0.513492465019226,0.513492465019226,,,,,,
1740,619,619,619,0.56948322057724,0.56948322057724,0.56948322057724,,,,,,
1741,621,621,621,0.515353918075562,0.515353918075562,0.515353918075562,,,,,,
1742,623,623,623,0.531317710876465,0.531317710876465,0.531317710876465,,,,,,
1743,625,625,625,0.561399042606354,0.561399042606354,0.561399042606354,,,,,,
1744,627,627,627,0.612571179866791,0.612571179866791,0.612571179866791,,,,,,
1745,629,629,629,0.565126478672028,0.565126478672028,0.565126478672028,,,,,,
1746,631,631,631,0.543218314647675,0.543218314647675,0.543218314647675,,,,,,
1747,633,633,633,0.544851720333099,0.544851720333099,0.544851720333099,,,,,,
1748,635,635,635,0.500602245330811,0.500602245330811,0.500602245330811,,,,,,
1749,637,637,637,0.589665114879608,0.589665114879608,0.589665114879608,,,,,,
1750,639,639,639,0.587418079376221,0.587418079376221,0.587418079376221,,,,,,
1751,641,641,641,0.507082581520081,0.507082581520081,0.507082581520081,,,,,,
1752,643,643,643,0.543020904064179,0.543020904064179,0.543020904064179,,,,,,
1753,645,645,645,0.550097346305847,0.550097346305847,0.550097346305847,,,,,,
1754,647,647,647,0.517009735107422,0.517009735107422,0.517009735107422,,,,,,
1755,649,649,649,0.463574349880219,0.463574349880219,0.463574349880219,,,,,,
1756,651,651,651,0.475065559148788,0.475065559148788,0.475065559148788,,,,,,
1757,653,653,653,0.484183192253113,0.484183192253113,0.484183192253113,,,,,,
1758,655,655,655,0.590877652168274,0.590877652168274,0.590877652168274,,,,,,
1759,657,657,657,0.59681111574173,0.59681111574173,0.59681111574173,,,,,,
1760,659,659,659,0.560255587100983,0.560255587100983,0.560255587100983,,,,,,
1761,661,661,661,0.543868720531464,0.543868720531464,0.543868720531464,,,,,,
1762,663,663,663,0.513423502445221,0.513423502445221,0.513423502445221,,,,,,
1763,665,665,665,0.500397503376007,0.500397503376007,0.500397503376007,,,,,,
1764,667,667,667,0.524523079395294,0.524523079395294,0.524523079395294,,,,,,
1765,669,669,669,0.481482535600662,0.481482535600662,0.481482535600662,,,,,,
1766,671,671,671,0.480666905641556,0.480666905641556,0.480666905641556,,,,,,
1767,673,673,673,0.504064440727234,0.504064440727234,0.504064440727234,,,,,,
1768,675,675,675,0.580333054065704,0.580333054065704,0.580333054065704,,,,,,
1769,677,677,677,0.577248394489288,0.577248394489288,0.577248394489288,,,,,,
1770,679,679,679,0.464717775583267,0.464717775583267,0.464717775583267,,,,,,
1771,681,681,681,0.528051376342773,0.528051376342773,0.528051376342773,,,,,,
1772,683,683,683,0.51072758436203,0.51072758436203,0.51072758436203,,,,,,
1773,685,685,685,0.594115972518921,0.594115972518921,0.594115972518921,,,,,,
1774,687,687,687,0.568062007427216,0.568062007427216,0.568062007427216,,,,,,
1775,689,689,689,0.536173164844513,0.536173164844513,0.536173164844513,,,,,,
1776,691,691,691,0.490868777036667,0.490868777036667,0.490868777036667,,,,,,
1777,693,693,693,0.51015430688858,0.51015430688858,0.51015430688858,,,,,,
1778,695,695,695,0.509580910205841,0.509580910205841,0.509580910205841,,,,,,
1779,697,697,697,0.548286557197571,0.548286557197571,0.548286557197571,,,,,,
1780,699,699,699,0.47219330072403,0.47219330072403,0.47219330072403,,,,,,
1781,701,701,701,0.467327445745468,0.467327445745468,0.467327445745468,,,,,,
1782,703,703,703,0.449591815471649,0.449591815471649,0.449591815471649,,,,,,
1783,705,705,705,0.544897973537445,0.544897973537445,0.544897973537445,,,,,,
1784,707,707,707,0.568760514259338,0.568760514259338,0.568760514259338,,,,,,
1785,709,709,709,0.562803149223328,0.562803149223328,0.562803149223328,,,,,,
1786,711,711,711,0.579162180423737,0.579162180423737,0.579162180423737,,,,,,
1787,713,713,713,0.62295538187027,0.62295538187027,0.62295538187027,,,,,,
1788,715,715,715,0.490052044391632,0.490052044391632,0.490052044391632,,,,,,
1789,717,717,717,0.542264878749847,0.542264878749847,0.542264878749847,,,,,,
1790,719,719,719,0.576533734798431,0.576533734798431,0.576533734798431,,,,,,
1791,721,721,721,0.557719230651856,0.557719230651856,0.557719230651856,,,,,,
1792,723,723,723,0.496238350868225,0.496238350868225,0.496238350868225,,,,,,
1793,725,725,725,0.567596316337585,0.567596316337585,0.567596316337585,,,,,,
1794,727,727,727,0.544800996780396,0.544800996780396,0.544800996780396,,,,,,
1795,729,729,729,0.464403331279755,0.464403331279755,0.464403331279755,,,,,,
1796,731,731,731,0.515001535415649,0.515001535415649,0.515001535415649,,,,,,
1797,733,733,733,0.520880460739136,0.520880460739136,0.520880460739136,,,,,,
1798,735,735,735,0.572055399417877,0.572055399417877,0.572055399417877,,,,,,
1799,737,737,737,0.648337125778198,0.648337125778198,0.648337125778198,,,,,,
1800,739,739,739,0.719923675060272,0.719923675060272,0.719923675060272,,,,,,
1801,741,741,741,0.52120441198349,0.52120441198349,0.52120441198349,,,,,,
1802,743,743,743,0.561083495616913,0.561083495616913,0.561083495616913,,,,,,
1803,745,745,745,0.494028717279434,0.494028717279434,0.494028717279434,,,,,,
1804,747,747,747,0.554318010807037,0.554318010807037,0.554318010807037,,,,,,
1805,749,749,749,0.543147206306458,0.543147206306458,0.543147206306458,,,,,,
1806,751,751,751,0.559925854206085,0.559925854206085,0.559925854206085,,,,,,
1807,753,753,753,0.553861141204834,0.553861141204834,0.553861141204834,,,,,,
1808,755,755,755,0.538630127906799,0.538630127906799,0.538630127906799,,,,,,
1809,757,757,757,0.493642181158066,0.493642181158066,0.493642181158066,,,,,,
1810,759,759,759,0.508596956729889,0.508596956729889,0.508596956729889,,,,,,
1811,761,761,761,0.54779040813446,0.54779040813446,0.54779040813446,,,,,,
1812,763,763,763,0.501134812831879,0.501134812831879,0.501134812831879,,,,,,
1813,765,765,765,0.471087664365768,0.471087664365768,0.471087664365768,,,,,,
1814,767,767,767,0.529177129268646,0.529177129268646,0.529177129268646,,,,,,
1815,769,769,769,0.581467032432556,0.581467032432556,0.581467032432556,,,,,,
1816,771,771,771,0.561981916427612,0.561981916427612,0.561981916427612,,,,,,
1817,773,773,773,0.568149149417877,0.568149149417877,0.568149149417877,,,,,,
1818,775,775,775,0.614263415336609,0.614263415336609,0.614263415336609,,,,,,
1819,777,777,777,0.466448038816452,0.466448038816452,0.466448038816452,,,,,,
1820,779,779,779,0.568566024303436,0.568566024303436,0.568566024303436,,,,,,
1821,781,781,781,0.557888686656952,0.557888686656952,0.557888686656952,,,,,,
1822,783,783,783,0.568223297595978,0.568223297595978,0.568223297595978,,,,,,
1823,785,785,785,0.541886985301971,0.541886985301971,0.541886985301971,,,,,,
1824,787,787,787,0.480290532112122,0.480290532112122,0.480290532112122,,,,,,
1825,789,789,789,0.488992303609848,0.488992303609848,0.488992303609848,,,,,,
1826,791,791,791,0.53123664855957,0.53123664855957,0.53123664855957,,,,,,
1827,793,793,793,0.523001670837402,0.523001670837402,0.523001670837402,,,,,,
1828,795,795,795,0.493666142225266,0.493666142225266,0.493666142225266,,,,,,
1829,797,797,797,0.488901078701019,0.488901078701019,0.488901078701019,,,,,,
1830,799,799,799,0.486242681741715,0.486242681741715,0.486242681741715,,,,,,
1831,801,801,801,0.474562495946884,0.474562495946884,0.474562495946884,,,,,,
1832,803,803,803,0.525657832622528,0.525657832622528,0.525657832622528,,,,,,
1833,805,805,805,0.522726714611054,0.522726714611054,0.522726714611054,,,,,,
1834,807,807,807,0.524585843086243,0.524585843086243,0.524585843086243,,,,,,
1835,809,809,809,0.49135285615921,0.49135285615921,0.49135285615921,,,,,,
1836,811,811,811,0.495422542095184,0.495422542095184,0.495422542095184,,,,,,
1837,813,813,813,0.51077926158905,0.51077926158905,0.51077926158905,,,,,,
1838,815,815,815,0.537737786769867,0.537737786769867,0.537737786769867,,,,,,
1839,817,817,817,0.523777604103088,0.523777604103088,0.523777604103088,,,,,,
1840,819,819,819,0.538544356822968,0.538544356822968,0.538544356822968,,,,,,
1841,821,821,821,0.525561928749085,0.525561928749085,0.525561928749085,,,,,,
1842,823,823,823,0.480218827724457,0.480218827724457,0.480218827724457,,,,,,
1843,825,825,825,0.506195247173309,0.506195247173309,0.506195247173309,,,,,,
1844,827,827,827,0.471956253051758,0.471956253051758,0.471956253051758,,,,,,
1845,829,829,829,0.440999746322632,0.440999746322632,0.440999746322632,,,,,,
1846,831,831,831,0.466399550437927,0.466399550437927,0.466399550437927,,,,,,
1847,833,833,833,0.539525091648102,0.539525091648102,0.539525091648102,,,,,,
1848,835,835,835,0.56709897518158,0.56709897518158,0.56709897518158,,,,,,
1849,837,837,837,0.516833543777466,0.516833543777466,0.516833543777466,,,,,,
1850,839,839,839,0.479399919509888,0.479399919509888,0.479399919509888,,,,,,
1851,841,841,841,0.516788423061371,0.516788423061371,0.516788423061371,,,,,,
1852,843,843,843,0.52307665348053,0.52307665348053,0.52307665348053,,,,,,
1853,845,845,845,0.468621343374252,0.468621343374252,0.468621343374252,,,,,,
1854,847,847,847,0.450747132301331,0.450747132301331,0.450747132301331,,,,,,
1855,849,849,849,0.443090230226517,0.443090230226517,0.443090230226517,,,,,,
1856,851,851,851,0.446823596954346,0.446823596954346,0.446823596954346,,,,,,
1857,853,853,853,0.448363155126572,0.448363155126572,0.448363155126572,,,,,,
1858,855,855,855,0.496090441942215,0.496090441942215,0.496090441942215,,,,,,
1859,857,857,857,0.557334363460541,0.557334363460541,0.557334363460541,,,,,,
1860,859,859,859,0.617384195327759,0.617384195327759,0.617384195327759,,,,,,
1861,861,861,861,0.695584058761597,0.695584058761597,0.695584058761597,,,,,,
1862,863,863,863,0.501148104667664,0.501148104667664,0.501148104667664,,,,,,
1863,865,865,865,0.554760456085205,0.554760456085205,0.554760456085205,,,,,,
1864,867,867,867,0.604228138923645,0.604228138923645,0.604228138923645,,,,,,
1865,869,869,869,0.544914186000824,0.544914186000824,0.544914186000824,,,,,,
1866,871,871,871,0.559625506401062,0.559625506401062,0.559625506401062,,,,,,
1867,873,873,873,0.535514533519745,0.535514533519745,0.535514533519745,,,,,,
1868,875,875,875,0.504844903945923,0.504844903945923,0.504844903945923,,,,,,
1869,877,877,877,0.542484521865845,0.542484521865845,0.542484521865845,,,,,,
1870,879,879,879,0.513849377632141,0.513849377632141,0.513849377632141,,,,,,
1871,881,881,881,0.499113261699677,0.499113261699677,0.499113261699677,,,,,,
1872,883,883,883,0.517412781715393,0.517412781715393,0.517412781715393,,,,,,
1873,885,885,885,0.455112040042877,0.455112040042877,0.455112040042877,,,,,,
1874,887,887,887,0.476105958223343,0.476105958223343,0.476105958223343,,,,,,
1875,889,889,889,0.481309324502945,0.481309324502945,0.481309324502945,,,,,,
1876,891,891,891,0.486813545227051,0.486813545227051,0.486813545227051,,,,,,
1877,893,893,893,0.493099391460419,0.493099391460419,0.493099391460419,,,,,,
1878,895,895,895,0.466825097799301,0.466825097799301,0.466825097799301,,,,,,
1879,897,897,897,0.505775332450867,0.505775332450867,0.505775332450867,,,,,,
1880,899,899,899,0.58544921875,0.58544921875,0.58544921875,,,,,,
1881,901,901,901,0.54550176858902,0.54550176858902,0.54550176858902,,,,,,
1882,903,903,903,0.481709480285645,0.481709480285645,0.481709480285645,,,,,,
1883,905,905,905,0.477003186941147,0.477003186941147,0.477003186941147,,,,,,
1884,907,907,907,0.514117896556854,0.514117896556854,0.514117896556854,,,,,,
1885,909,909,909,0.491306722164154,0.491306722164154,0.491306722164154,,,,,,
1886,911,911,911,0.545343041419983,0.545343041419983,0.545343041419983,,,,,,
1887,913,913,913,0.586879193782806,0.586879193782806,0.586879193782806,,,,,,
1888,915,915,915,0.510325193405151,0.510325193405151,0.510325193405151,,,,,,
1889,917,917,917,0.519143164157867,0.519143164157867,0.519143164157867,,,,,,
1890,919,919,919,0.536013185977936,0.536013185977936,0.536013185977936,,,,,,
1891,921,921,921,0.549674451351166,0.549674451351166,0.549674451351166,,,,,,
1892,923,923,923,0.592732846736908,0.592732846736908,0.592732846736908,,,,,,
1893,925,925,925,0.601097345352173,0.601097345352173,0.601097345352173,,,,,,
1894,927,927,927,0.583510041236877,0.583510041236877,0.583510041236877,,,,,,
1895,929,929,929,0.66640704870224,0.66640704870224,0.66640704870224,,,,,,
1896,931,931,931,0.480031937360764,0.480031937360764,0.480031937360764,,,,,,
1897,933,933,933,0.566849112510681,0.566849112510681,0.566849112510681,,,,,,
1898,935,935,935,0.571618556976318,0.571618556976318,0.571618556976318,,,,,,
1899,937,937,937,0.554729223251343,0.554729223251343,0.554729223251343,,,,,,
1900,939,939,939,0.603014767169952,0.603014767169952,0.603014767169952,,,,,,
1901,941,941,941,0.489384591579437,0.489384591579437,0.489384591579437,,,,,,
1902,943,943,943,0.51015317440033,0.51015317440033,0.51015317440033,,,,,,
1903,945,945,945,0.500906825065613,0.500906825065613,0.500906825065613,,,,,,
1904,947,947,947,0.5240638256073,0.5240638256073,0.5240638256073,,,,,,
1905,949,949,949,0.487045556306839,0.487045556306839,0.487045556306839,,,,,,
1906,951,951,951,0.492657452821732,0.492657452821732,0.492657452821732,,,,,,
1907,953,953,953,0.486653000116348,0.486653000116348,0.486653000116348,,,,,,
1908,955,955,955,0.520536005496979,0.520536005496979,0.520536005496979,,,,,,
1909,957,957,957,0.448753833770752,0.448753833770752,0.448753833770752,,,,,,
1910,959,959,959,0.457903355360031,0.457903355360031,0.457903355360031,,,,,,
1911,961,961,961,0.465308219194412,0.465308219194412,0.465308219194412,,,,,,
1912,963,963,963,0.486322730779648,0.486322730779648,0.486322730779648,,,,,,
1913,965,965,965,0.511216282844544,0.511216282844544,0.511216282844544,,,,,,
1914,967,967,967,0.500921964645386,0.500921964645386,0.500921964645386,,,,,,
1915,969,969,969,0.468594014644623,0.468594014644623,0.468594014644623,,,,,,
1916,971,971,971,0.44502067565918,0.44502067565918,0.44502067565918,,,,,,
1917,973,973,973,0.490145295858383,0.490145295858383,0.490145295858383,,,,,,
1918,975,975,975,0.55814665555954,0.55814665555954,0.55814665555954,,,,,,
1919,977,977,977,0.558291494846344,0.558291494846344,0.558291494846344,,,,,,
1920,979,979,979,0.559623420238495,0.559623420238495,0.559623420238495,,,,,,
1921,981,981,981,0.570843040943146,0.570843040943146,0.570843040943146,,,,,,
1922,983,983,983,0.432225197553635,0.432225197553635,0.432225197553635,,,,,,
1923,985,985,985,0.52461701631546,0.52461701631546,0.52461701631546,,,,,,
1924,987,987,987,0.523636400699616,0.523636400699616,0.523636400699616,,,,,,
1925,989,989,989,0.518321931362152,0.518321931362152,0.518321931362152,,,,,,
1926,991,991,991,0.530839323997498,0.530839323997498,0.530839323997498,,,,,,
1927,993,993,993,0.468112915754318,0.468112915754318,0.468112915754318,,,,,,
1928,995,995,995,0.511414527893066,0.511414527893066,0.511414527893066,,,,,,
1929,997,997,997,0.488402634859085,0.488402634859085,0.488402634859085,,,,,,
1930,999,999,999,0.53742915391922,0.53742915391922,0.53742915391922,,,,,,
1931,1001,1001,1001,0.584313035011292,0.584313035011292,0.584313035011292,,,,,,
1932,1003,1003,1003,0.641899049282074,0.641899049282074,0.641899049282074,,,,,,
1933,1005,1005,1005,0.452635258436203,0.452635258436203,0.452635258436203,,,,,,
1934,1007,1007,1007,0.65704482793808,0.65704482793808,0.65704482793808,,,,,,
1935,1009,1009,1009,0.63289076089859,0.63289076089859,0.63289076089859,,,,,,
1936,1011,1011,1011,0.525428116321564,0.525428116321564,0.525428116321564,,,,,,
1937,1013,1013,1013,0.553294360637665,0.553294360637665,0.553294360637665,,,,,,
1938,1015,1015,1015,0.499610424041748,0.499610424041748,0.499610424041748,,,,,,
1939,1017,1017,1017,0.478887349367142,0.478887349367142,0.478887349367142,,,,,,
1940,1019,1019,1019,0.5218226313591,0.5218226313591,0.5218226313591,,,,,,
1941,1021,1021,1021,0.455579608678818,0.455579608678818,0.455579608678818,,,,,,
1942,1023,1023,1023,0.457948744297028,0.457948744297028,0.457948744297028,,,,,,
1943,1025,1025,1025,0.488769829273224,0.488769829273224,0.488769829273224,,,,,,
1944,1027,1027,1027,0.464057683944702,0.464057683944702,0.464057683944702,,,,,,
1945,1029,1029,1029,0.450878918170929,0.450878918170929,0.450878918170929,,,,,,
1946,1031,1031,1031,0.498757123947144,0.498757123947144,0.498757123947144,,,,,,
1947,1033,1033,1033,0.528147399425507,0.528147399425507,0.528147399425507,,,,,,
1948,1035,1035,1035,0.467233508825302,0.467233508825302,0.467233508825302,,,,,,
1949,1037,1037,1037,0.410592079162598,0.410592079162598,0.410592079162598,,,,,,
1950,1039,1039,1039,0.442983120679855,0.442983120679855,0.442983120679855,,,,,,
1951,1041,1041,1041,0.470122396945953,0.470122396945953,0.470122396945953,,,,,,
1952,1043,1043,1043,0.521710276603699,0.521710276603699,0.521710276603699,,,,,,
1953,1045,1045,1045,0.558831632137299,0.558831632137299,0.558831632137299,,,,,,
1954,1047,1047,1047,0.566922724246979,0.566922724246979,0.566922724246979,,,,,,
1955,1049,1049,1049,0.484877914190292,0.484877914190292,0.484877914190292,,,,,,
1956,1051,1051,1051,0.473039031028748,0.473039031028748,0.473039031028748,,,,,,
1957,1053,1053,1053,0.548181235790253,0.548181235790253,0.548181235790253,,,,,,
1958,1055,1055,1055,0.533267617225647,0.533267617225647,0.533267617225647,,,,,,
1959,1057,1057,1057,0.468353271484375,0.468353271484375,0.468353271484375,,,,,,
1960,1059,1059,1059,0.483043074607849,0.483043074607849,0.483043074607849,,,,,,
1961,1061,1061,1061,0.484453141689301,0.484453141689301,0.484453141689301,,,,,,
1962,1063,1063,1063,0.471390843391418,0.471390843391418,0.471390843391418,,,,,,
1963,1065,1065,1065,0.453745543956757,0.453745543956757,0.453745543956757,,,,,,
1964,1067,1067,1067,0.48542445898056,0.48542445898056,0.48542445898056,,,,,,
1965,1069,1069,1069,0.478413641452789,0.478413641452789,0.478413641452789,,,,,,
1966,1071,1071,1071,0.454830974340439,0.454830974340439,0.454830974340439,,,,,,
1967,1073,1073,1073,0.458822578191757,0.458822578191757,0.458822578191757,,,,,,
1968,1075,1075,1075,0.476380795240402,0.476380795240402,0.476380795240402,,,,,,
1969,1077,1077,1077,0.465599358081818,0.465599358081818,0.465599358081818,,,,,,
1970,1079,1079,1079,0.474988222122192,0.474988222122192,0.474988222122192,,,,,,
1971,1081,1081,1081,0.488051474094391,0.488051474094391,0.488051474094391,,,,,,
1972,1083,1083,1083,0.443395674228668,0.443395674228668,0.443395674228668,,,,,,
1973,1085,1085,1085,0.473519831895828,0.473519831895828,0.473519831895828,,,,,,
1974,1087,1087,1087,0.468736588954926,0.468736588954926,0.468736588954926,,,,,,
1975,1089,1089,1089,0.483394503593445,0.483394503593445,0.483394503593445,,,,,,
1976,1091,1091,1091,0.539135992527008,0.539135992527008,0.539135992527008,,,,,,
1977,1093,1093,1093,0.467399448156357,0.467399448156357,0.467399448156357,,,,,,
1978,1095,1095,1095,0.403329610824585,0.403329610824585,0.403329610824585,,,,,,
1979,1097,1097,1097,0.46052423119545,0.46052423119545,0.46052423119545,,,,,,
1980,1099,1099,1099,0.47743570804596,0.47743570804596,0.47743570804596,,,,,,
1981,1101,1101,1101,0.485240012407303,0.485240012407303,0.485240012407303,,,,,,
1982,1103,1103,1103,0.48183998465538,0.48183998465538,0.48183998465538,,,,,,
1983,1105,1105,1105,0.495165437459946,0.495165437459946,0.495165437459946,,,,,,
1984,1107,1107,1107,0.466501504182816,0.466501504182816,0.466501504182816,,,,,,
1985,1109,1109,1109,0.51033228635788,0.51033228635788,0.51033228635788,,,,,,
1986,1111,1111,1111,0.50929981470108,0.50929981470108,0.50929981470108,,,,,,
1987,1113,1113,1113,0.480360418558121,0.480360418558121,0.480360418558121,,,,,,
1988,1115,1115,1115,0.548082053661346,0.548082053661346,0.548082053661346,,,,,,
1989,1117,1117,1117,0.537004828453064,0.537004828453064,0.537004828453064,,,,,,
1990,1119,1119,1119,0.462466925382614,0.462466925382614,0.462466925382614,,,,,,
1991,1121,1121,1121,0.523572683334351,0.523572683334351,0.523572683334351,,,,,,
1992,1123,1123,1123,0.521848499774933,0.521848499774933,0.521848499774933,,,,,,
1993,1125,1125,1125,0.517787635326386,0.517787635326386,0.517787635326386,,,,,,
1994,1127,1127,1127,0.493725836277008,0.493725836277008,0.493725836277008,,,,,,
1995,1129,1129,1129,0.475471377372742,0.475471377372742,0.475471377372742,,,,,,
1996,1131,1131,1131,0.545065820217133,0.545065820217133,0.545065820217133,,,,,,
1997,1133,1133,1133,0.518426299095154,0.518426299095154,0.518426299095154,,,,,,
1998,1135,1135,1135,0.5019411444664,0.5019411444664,0.5019411444664,,,,,,
1999,1137,1137,1137,0.460460126399994,0.460460126399994,0.460460126399994,,,,,,
2000,1139,1139,1139,0.441008478403091,0.441008478403091,0.441008478403091,,,,,,
2001,1141,1141,1141,0.400547832250595,0.400547832250595,0.400547832250595,,,,,,
2002,1143,1143,1143,0.410314440727234,0.410314440727234,0.410314440727234,,,,,,
2003,1145,1145,1145,0.43809574842453,0.43809574842453,0.43809574842453,,,,,,
2004,1147,1147,1147,0.448955476284027,0.448955476284027,0.448955476284027,,,,,,
2005,1149,1149,1149,0.529413282871246,0.529413282871246,0.529413282871246,,,,,,
2006,1151,1151,1151,0.601136863231659,0.601136863231659,0.601136863231659,,,,,,
2007,1153,1153,1153,0.511793971061707,0.511793971061707,0.511793971061707,,,,,,
2008,1155,1155,1155,0.480774611234665,0.480774611234665,0.480774611234665,,,,,,
2009,1157,1157,1157,0.458156794309616,0.458156794309616,0.458156794309616,,,,,,
2010,1159,1159,1159,0.588308990001679,0.588308990001679,0.588308990001679,,,,,,
2011,1161,1161,1161,0.500861763954163,0.500861763954163,0.500861763954163,,,,,,
2012,1163,1163,1163,0.52239191532135,0.52239191532135,0.52239191532135,,,,,,
2013,1165,1165,1165,0.46577313542366,0.46577313542366,0.46577313542366,,,,,,
2014,1167,1167,1167,0.670692443847656,0.670692443847656,0.670692443847656,,,,,,
2015,1169,1169,1169,0.484370291233063,0.484370291233063,0.484370291233063,,,,,,
2016,1171,1171,1171,0.532268047332764,0.532268047332764,0.532268047332764,,,,,,
2017,1173,1173,1173,0.509285628795624,0.509285628795624,0.509285628795624,,,,,,
2018,1175,1175,1175,0.458980113267899,0.458980113267899,0.458980113267899,,,,,,
2019,1177,1177,1177,0.482503652572632,0.482503652572632,0.482503652572632,,,,,,
2020,1179,1179,1179,0.503944933414459,0.503944933414459,0.503944933414459,,,,,,
2021,1181,1181,1181,0.510552883148193,0.510552883148193,0.510552883148193,,,,,,
2022,1183,1183,1183,0.470571607351303,0.470571607351303,0.470571607351303,,,,,,
2023,1185,1185,1185,0.475544989109039,0.475544989109039,0.475544989109039,,,,,,
2024,1187,1187,1187,0.468156397342682,0.468156397342682,0.468156397342682,,,,,,
2025,1189,1189,1189,0.536026239395142,0.536026239395142,0.536026239395142,,,,,,
2026,1191,1191,1191,0.505801856517792,0.505801856517792,0.505801856517792,,,,,,
2027,1193,1193,1193,0.448922961950302,0.448922961950302,0.448922961950302,,,,,,
2028,1195,1195,1195,0.456131488084793,0.456131488084793,0.456131488084793,,,,,,
2029,1197,1197,1197,0.509595274925232,0.509595274925232,0.509595274925232,,,,,,
2030,1199,1199,1199,0.433597207069397,0.433597207069397,0.433597207069397,,,,,,
2031,1201,1201,1201,0.462272852659225,0.462272852659225,0.462272852659225,,,,,,
2032,1203,1203,1203,0.460325032472611,0.460325032472611,0.460325032472611,,,,,,
2033,1205,1205,1205,0.44644096493721,0.44644096493721,0.44644096493721,,,,,,
2034,1207,1207,1207,0.486025840044022,0.486025840044022,0.486025840044022,,,,,,
2035,1209,1209,1209,0.451433271169663,0.451433271169663,0.451433271169663,,,,,,
2036,1211,1211,1211,0.467016220092773,0.467016220092773,0.467016220092773,,,,,,
2037,1213,1213,1213,0.467870831489563,0.467870831489563,0.467870831489563,,,,,,
2038,1215,1215,1215,0.505118668079376,0.505118668079376,0.505118668079376,,,,,,
2039,1217,1217,1217,0.522824466228485,0.522824466228485,0.522824466228485,,,,,,
2040,1219,1219,1219,0.452410370111465,0.452410370111465,0.452410370111465,,,,,,
2041,1221,1221,1221,0.500724613666534,0.500724613666534,0.500724613666534,,,,,,
2042,1223,1223,1223,0.544861137866974,0.544861137866974,0.544861137866974,,,,,,
2043,1225,1225,1225,0.516184866428375,0.516184866428375,0.516184866428375,,,,,,
2044,1227,1227,1227,0.4991714656353,0.4991714656353,0.4991714656353,,,,,,
2045,1229,1229,1229,0.509106397628784,0.509106397628784,0.509106397628784,,,,,,
2046,1231,1231,1231,0.516036212444305,0.516036212444305,0.516036212444305,,,,,,
2047,1233,1233,1233,0.47683984041214,0.47683984041214,0.47683984041214,,,,,,
2048,1235,1235,1235,0.519297003746033,0.519297003746033,0.519297003746033,,,,,,
2049,1237,1237,1237,0.44128629565239,0.44128629565239,0.44128629565239,,,,,,
2050,1239,1239,1239,0.472186893224716,0.472186893224716,0.472186893224716,,,,,,
2051,1241,1241,1241,0.475304901599884,0.475304901599884,0.475304901599884,,,,,,
2052,1243,1243,1243,0.486987352371216,0.486987352371216,0.486987352371216,,,,,,
2053,1245,1245,1245,0.467907845973969,0.467907845973969,0.467907845973969,,,,,,
2054,1247,1247,1247,0.466818541288376,0.466818541288376,0.466818541288376,,,,,,
2055,1249,1249,1249,0.472786486148834,0.472786486148834,0.472786486148834,,,,,,
2056,1251,1251,1251,0.539146065711975,0.539146065711975,0.539146065711975,,,,,,
2057,1253,1253,1253,0.518994033336639,0.518994033336639,0.518994033336639,,,,,,
2058,1255,1255,1255,0.501336574554443,0.501336574554443,0.501336574554443,,,,,,
2059,1257,1257,1257,0.46183580160141,0.46183580160141,0.46183580160141,,,,,,
2060,1259,1259,1259,0.447175174951553,0.447175174951553,0.447175174951553,,,,,,
2061,1261,1261,1261,0.518379986286163,0.518379986286163,0.518379986286163,,,,,,
2062,1263,1263,1263,0.515446245670319,0.515446245670319,0.515446245670319,,,,,,
2063,1265,1265,1265,0.572771728038788,0.572771728038788,0.572771728038788,,,,,,
2064,1267,1267,1267,0.536805152893066,0.536805152893066,0.536805152893066,,,,,,
2065,1269,1269,1269,0.44704881310463,0.44704881310463,0.44704881310463,,,,,,
2066,1271,1271,1271,0.540899991989136,0.540899991989136,0.540899991989136,,,,,,
2067,1273,1273,1273,0.524762392044067,0.524762392044067,0.524762392044067,,,,,,
2068,1275,1275,1275,0.525538146495819,0.525538146495819,0.525538146495819,,,,,,
2069,1277,1277,1277,0.527345776557922,0.527345776557922,0.527345776557922,,,,,,
2070,1279,1279,1279,0.521200120449066,0.521200120449066,0.521200120449066,,,,,,
2071,1281,1281,1281,0.49851182103157,0.49851182103157,0.49851182103157,,,,,,
2072,1283,1283,1283,0.452967137098312,0.452967137098312,0.452967137098312,,,,,,
2073,1285,1285,1285,0.480732381343842,0.480732381343842,0.480732381343842,,,,,,
2074,1287,1287,1287,0.444675475358963,0.444675475358963,0.444675475358963,,,,,,
2075,1289,1289,1289,0.461783170700073,0.461783170700073,0.461783170700073,,,,,,
2076,1291,1291,1291,0.475295513868332,0.475295513868332,0.475295513868332,,,,,,
2077,1293,1293,1293,0.435651183128357,0.435651183128357,0.435651183128357,,,,,,
2078,1295,1295,1295,0.490940481424332,0.490940481424332,0.490940481424332,,,,,,
2079,1297,1297,1297,0.466270506381989,0.466270506381989,0.466270506381989,,,,,,
2080,1299,1299,1299,0.44367703795433,0.44367703795433,0.44367703795433,,,,,,
2081,1301,1301,1301,0.442294120788574,0.442294120788574,0.442294120788574,,,,,,
2082,1303,1303,1303,0.42542028427124,0.42542028427124,0.42542028427124,,,,,,
2083,1305,1305,1305,0.431628614664078,0.431628614664078,0.431628614664078,,,,,,
2084,1307,1307,1307,0.447967857122421,0.447967857122421,0.447967857122421,,,,,,
2085,1309,1309,1309,0.4705850481987,0.4705850481987,0.4705850481987,,,,,,
2086,1311,1311,1311,0.488676816225052,0.488676816225052,0.488676816225052,,,,,,
2087,1313,1313,1313,0.458562344312668,0.458562344312668,0.458562344312668,,,,,,
2088,1315,1315,1315,0.458125740289688,0.458125740289688,0.458125740289688,,,,,,
2089,1317,1317,1317,0.502378761768341,0.502378761768341,0.502378761768341,,,,,,
2090,1319,1319,1319,0.503045797348023,0.503045797348023,0.503045797348023,,,,,,
2091,1321,1321,1321,0.534070432186127,0.534070432186127,0.534070432186127,,,,,,
2092,1323,1323,1323,0.595172882080078,0.595172882080078,0.595172882080078,,,,,,
2093,1325,1325,1325,0.488026320934296,0.488026320934296,0.488026320934296,,,,,,
2094,1327,1327,1327,0.48661008477211,0.48661008477211,0.48661008477211,,,,,,
2095,1329,1329,1329,0.524385094642639,0.524385094642639,0.524385094642639,,,,,,
2096,1331,1331,1331,0.501772999763489,0.501772999763489,0.501772999763489,,,,,,
2097,1333,1333,1333,0.472327947616577,0.472327947616577,0.472327947616577,,,,,,
2098,1335,1335,1335,0.49753400683403,0.49753400683403,0.49753400683403,,,,,,
2099,1337,1337,1337,0.494166731834412,0.494166731834412,0.494166731834412,,,,,,
2100,1339,1339,1339,0.516970098018646,0.516970098018646,0.516970098018646,,,,,,
2101,1341,1341,1341,0.430042713880539,0.430042713880539,0.430042713880539,,,,,,
2102,1343,1343,1343,0.437712043523788,0.437712043523788,0.437712043523788,,,,,,
2103,1345,1345,1345,0.453823894262314,0.453823894262314,0.453823894262314,,,,,,
2104,1347,1347,1347,0.464615136384964,0.464615136384964,0.464615136384964,,,,,,
2105,1349,1349,1349,0.508175492286682,0.508175492286682,0.508175492286682,,,,,,
2106,1351,1351,1351,0.500712990760803,0.500712990760803,0.500712990760803,,,,,,
2107,1353,1353,1353,0.56487375497818,0.56487375497818,0.56487375497818,,,,,,
2108,1355,1355,1355,0.500052869319916,0.500052869319916,0.500052869319916,,,,,,
2109,1357,1357,1357,0.507880806922913,0.507880806922913,0.507880806922913,,,,,,
2110,1359,1359,1359,0.524447321891785,0.524447321891785,0.524447321891785,,,,,,
2111,1361,1361,1361,0.498639404773712,0.498639404773712,0.498639404773712,,,,,,
2112,1363,1363,1363,0.467058420181274,0.467058420181274,0.467058420181274,,,,,,
2113,1365,1365,1365,0.409148991107941,0.409148991107941,0.409148991107941,,,,,,
2114,1367,1367,1367,0.461307942867279,0.461307942867279,0.461307942867279,,,,,,
2115,1369,1369,1369,0.448012173175812,0.448012173175812,0.448012173175812,,,,,,
2116,1371,1371,1371,0.441658735275269,0.441658735275269,0.441658735275269,,,,,,
2117,1373,1373,1373,0.435212999582291,0.435212999582291,0.435212999582291,,,,,,
2118,1375,1375,1375,0.470013827085495,0.470013827085495,0.470013827085495,,,,,,
2119,1377,1377,1377,0.454588949680328,0.454588949680328,0.454588949680328,,,,,,
2120,1379,1379,1379,0.420671850442886,0.420671850442886,0.420671850442886,,,,,,
2121,1381,1381,1381,0.46223059296608,0.46223059296608,0.46223059296608,,,,,,
2122,1383,1383,1383,0.445214956998825,0.445214956998825,0.445214956998825,,,,,,
2123,1385,1385,1385,0.434201657772064,0.434201657772064,0.434201657772064,,,,,,
2124,1387,1387,1387,0.431489050388336,0.431489050388336,0.431489050388336,,,,,,
2125,1389,1389,1389,0.458262294530869,0.458262294530869,0.458262294530869,,,,,,
2126,1391,1391,1391,0.46062296628952,0.46062296628952,0.46062296628952,,,,,,
2127,1393,1393,1393,0.435895651578903,0.435895651578903,0.435895651578903,,,,,,
2128,1395,1395,1395,0.50066739320755,0.50066739320755,0.50066739320755,,,,,,
2129,1397,1397,1397,0.465804547071457,0.465804547071457,0.465804547071457,,,,,,
2130,1399,1399,1399,0.499368339776993,0.499368339776993,0.499368339776993,,,,,,
2131,1401,1401,1401,0.545544266700745,0.545544266700745,0.545544266700745,,,,,,
2132,1403,1403,1403,0.616064131259918,0.616064131259918,0.616064131259918,,,,,,
2133,1405,1405,1405,0.658746838569641,0.658746838569641,0.658746838569641,,,,,,
2134,1407,1407,1407,0.464316993951798,0.464316993951798,0.464316993951798,,,,,,
2135,1409,1409,1409,0.618663251399994,0.618663251399994,0.618663251399994,,,,,,
2136,1411,1411,1411,0.504871964454651,0.504871964454651,0.504871964454651,,,,,,
2137,1413,1413,1413,0.567893028259277,0.567893028259277,0.567893028259277,,,,,,
2138,1415,1415,1415,0.462160259485245,0.462160259485245,0.462160259485245,,,,,,
2139,1417,1417,1417,0.495919436216354,0.495919436216354,0.495919436216354,,,,,,
2140,1419,1419,1419,0.452350646257401,0.452350646257401,0.452350646257401,,,,,,
2141,1421,1421,1421,0.516997873783112,0.516997873783112,0.516997873783112,,,,,,
2142,1423,1423,1423,0.562206506729126,0.562206506729126,0.562206506729126,,,,,,
2143,1425,1425,1425,0.50285530090332,0.50285530090332,0.50285530090332,,,,,,
2144,1427,1427,1427,0.498209536075592,0.498209536075592,0.498209536075592,,,,,,
2145,1429,1429,1429,0.501124799251556,0.501124799251556,0.501124799251556,,,,,,
2146,1431,1431,1431,0.489347696304321,0.489347696304321,0.489347696304321,,,,,,
2147,1433,1433,1433,0.504220068454742,0.504220068454742,0.504220068454742,,,,,,
2148,1435,1435,1435,0.46211439371109,0.46211439371109,0.46211439371109,,,,,,
2149,1437,1437,1437,0.427458673715591,0.427458673715591,0.427458673715591,,,,,,
2150,1439,1439,1439,0.44544506072998,0.44544506072998,0.44544506072998,,,,,,
2151,1441,1441,1441,0.504507839679718,0.504507839679718,0.504507839679718,,,,,,
2152,1443,1443,1443,0.523789584636688,0.523789584636688,0.523789584636688,,,,,,
2153,1445,1445,1445,0.501629054546356,0.501629054546356,0.501629054546356,,,,,,
2154,1447,1447,1447,0.492810368537903,0.492810368537903,0.492810368537903,,,,,,
2155,1449,1449,1449,0.467439651489258,0.467439651489258,0.467439651489258,,,,,,
2156,1451,1451,1451,0.485888510942459,0.485888510942459,0.485888510942459,,,,,,
2157,1453,1453,1453,0.465980857610703,0.465980857610703,0.465980857610703,,,,,,
2158,1455,1455,1455,0.437658607959747,0.437658607959747,0.437658607959747,,,,,,
2159,1457,1457,1457,0.458020925521851,0.458020925521851,0.458020925521851,,,,,,
2160,1459,1459,1459,0.467271685600281,0.467271685600281,0.467271685600281,,,,,,
2161,1461,1461,1461,0.465119898319244,0.465119898319244,0.465119898319244,,,,,,
2162,1463,1463,1463,0.498194515705109,0.498194515705109,0.498194515705109,,,,,,
2163,1465,1465,1465,0.503665506839752,0.503665506839752,0.503665506839752,,,,,,
2164,1467,1467,1467,0.436234891414642,0.436234891414642,0.436234891414642,,,,,,
2165,1469,1469,1469,0.482707917690277,0.482707917690277,0.482707917690277,,,,,,
2166,1471,1471,1471,0.466650813817978,0.466650813817978,0.466650813817978,,,,,,
2167,1473,1473,1473,0.57656055688858,0.57656055688858,0.57656055688858,,,,,,
2168,1475,1475,1475,0.580443859100342,0.580443859100342,0.580443859100342,,,,,,
2169,1477,1477,1477,0.531749844551086,0.531749844551086,0.531749844551086,,,,,,
2170,1479,1479,1479,0.502885282039642,0.502885282039642,0.502885282039642,,,,,,
2171,1481,1481,1481,0.538025498390198,0.538025498390198,0.538025498390198,,,,,,
2172,1483,1483,1483,0.507429540157318,0.507429540157318,0.507429540157318,,,,,,
2173,1485,1485,1485,0.475237846374512,0.475237846374512,0.475237846374512,,,,,,
2174,1487,1487,1487,0.541442155838013,0.541442155838013,0.541442155838013,,,,,,
2175,1489,1489,1489,0.533598959445953,0.533598959445953,0.533598959445953,,,,,,
2176,1491,1491,1491,0.458251297473907,0.458251297473907,0.458251297473907,,,,,,
2177,1493,1493,1493,0.46811643242836,0.46811643242836,0.46811643242836,,,,,,
2178,1495,1495,1495,0.49697357416153,0.49697357416153,0.49697357416153,,,,,,
2179,1497,1497,1497,0.498689204454422,0.498689204454422,0.498689204454422,,,,,,
2180,1499,1499,1499,0.455831497907639,0.455831497907639,0.455831497907639,,,,,,
2181,1501,1501,1501,0.455690056085587,0.455690056085587,0.455690056085587,,,,,,
2182,1503,1503,1503,0.445185542106628,0.445185542106628,0.445185542106628,,,,,,
2183,1505,1505,1505,0.486369490623474,0.486369490623474,0.486369490623474,,,,,,
2184,1507,1507,1507,0.429739683866501,0.429739683866501,0.429739683866501,,,,,,
2185,1509,1509,1509,0.451739996671677,0.451739996671677,0.451739996671677,,,,,,
2186,1511,1511,1511,0.427258908748627,0.427258908748627,0.427258908748627,,,,,,
2187,1513,1513,1513,0.418020457029343,0.418020457029343,0.418020457029343,,,,,,
2188,1515,1515,1515,0.493909925222397,0.493909925222397,0.493909925222397,,,,,,
2189,1517,1517,1517,0.467822462320328,0.467822462320328,0.467822462320328,,,,,,
2190,1519,1519,1519,0.469569176435471,0.469569176435471,0.469569176435471,,,,,,
2191,1521,1521,1521,0.458750307559967,0.458750307559967,0.458750307559967,,,,,,
2192,1523,1523,1523,0.444583117961884,0.444583117961884,0.444583117961884,,,,,,
2193,1525,1525,1525,0.421294420957565,0.421294420957565,0.421294420957565,,,,,,
2194,1527,1527,1527,0.423945009708405,0.423945009708405,0.423945009708405,,,,,,
2195,1529,1529,1529,0.418847233057022,0.418847233057022,0.418847233057022,,,,,,
2196,1531,1531,1531,0.424103140830994,0.424103140830994,0.424103140830994,,,,,,
2197,1533,1533,1533,0.409502059221268,0.409502059221268,0.409502059221268,,,,,,
2198,1535,1535,1535,0.441561847925186,0.441561847925186,0.441561847925186,,,,,,
2199,1537,1537,1537,0.408699810504913,0.408699810504913,0.408699810504913,,,,,,
2200,1539,1539,1539,0.444833964109421,0.444833964109421,0.444833964109421,,,,,,
2201,1541,1541,1541,0.528689980506897,0.528689980506897,0.528689980506897,,,,,,
2202,1543,1543,1543,0.57919716835022,0.57919716835022,0.57919716835022,,,,,,
2203,1545,1545,1545,0.525927186012268,0.525927186012268,0.525927186012268,,,,,,
2204,1547,1547,1547,0.472847074270248,0.472847074270248,0.472847074270248,,,,,,
2205,1549,1549,1549,0.541804373264313,0.541804373264313,0.541804373264313,,,,,,
2206,1551,1551,1551,0.656644225120544,0.656644225120544,0.656644225120544,,,,,,
2207,1553,1553,1553,0.48895063996315,0.48895063996315,0.48895063996315,,,,,,
2208,1555,1555,1555,0.55478698015213,0.55478698015213,0.55478698015213,,,,,,