total_tokens,_step,_step__MIN,_step__MAX,global_loss,global_loss__MIN,global_loss__MAX,,,,,,
1048576,0,0,0,10.5628032684326,10.5628032684326,10.5628032684326,,,,,,
2097152,1,1,1,10.5543880462646,10.5543880462646,10.5543880462646,,,,,,
3145728,2,2,2,10.5528421401978,10.5528421401978,10.5528421401978,,,,,,
4194304,3,3,3,10.5469331741333,10.5469331741333,10.5469331741333,,,,,,
5242880,4,4,4,10.0433235168457,10.0433235168457,10.0433235168457,,,,,,
6291456,5,5,5,9.8410701751709,9.8410701751709,9.8410701751709,,,,,,
7340032,6,6,6,9.86630439758301,9.86630439758301,9.86630439758301,,,,,,
8388608,7,7,7,9.64025497436523,9.64025497436523,9.64025497436523,,,,,,
9437184,8,8,8,9.67221069335938,9.67221069335938,9.67221069335938,,,,,,
10485760,9,9,9,9.43999290466309,9.43999290466309,9.43999290466309,,,,,,
11534336,10,10,10,9.35065841674805,9.35065841674805,9.35065841674805,,,,,,
12582912,11,11,11,9.24607658386231,9.24607658386231,9.24607658386231,,,,,,
13631488,12,12,12,9.36540794372559,9.36540794372559,9.36540794372559,,,,,,
14680064,13,13,13,9.18273735046387,9.18273735046387,9.18273735046387,,,,,,
15728640,14,14,14,9.20324325561523,9.20324325561523,9.20324325561523,,,,,,
16777216,15,15,15,9.11110305786133,9.11110305786133,9.11110305786133,,,,,,
17825792,16,16,16,9.11147880554199,9.11147880554199,9.11147880554199,,,,,,
18874368,17,17,17,8.9512243270874,8.9512243270874,8.9512243270874,,,,,,
19922944,18,18,18,9.0018196105957,9.0018196105957,9.0018196105957,,,,,,
20971520,19,19,19,8.85935878753662,8.85935878753662,8.85935878753662,,,,,,
22020096,20,20,20,8.97133255004883,8.97133255004883,8.97133255004883,,,,,,
23068672,21,21,21,8.95917415618897,8.95917415618897,8.95917415618897,,,,,,
24117248,22,22,22,8.85364723205566,8.85364723205566,8.85364723205566,,,,,,
25165824,23,23,23,8.77909278869629,8.77909278869629,8.77909278869629,,,,,,
26214400,24,24,24,8.79448986053467,8.79448986053467,8.79448986053467,,,,,,
27262976,25,25,25,8.65048217773438,8.65048217773438,8.65048217773438,,,,,,
28311552,26,26,26,8.77211856842041,8.77211856842041,8.77211856842041,,,,,,
29360128,27,27,27,8.63161182403565,8.63161182403565,8.63161182403565,,,,,,
30408704,28,28,28,8.73980140686035,8.73980140686035,8.73980140686035,,,,,,
31457280,29,29,29,8.55999755859375,8.55999755859375,8.55999755859375,,,,,,
32505856,30,30,30,8.52602100372315,8.52602100372315,8.52602100372315,,,,,,
33554432,31,31,31,8.45170116424561,8.45170116424561,8.45170116424561,,,,,,
34603008,32,32,32,9.31547260284424,9.31547260284424,9.31547260284424,,,,,,
35651584,33,33,33,9.2147331237793,9.2147331237793,9.2147331237793,,,,,,
36700160,34,34,34,8.66464233398438,8.66464233398438,8.66464233398438,,,,,,
37748736,35,35,35,8.49562454223633,8.49562454223633,8.49562454223633,,,,,,
38797312,36,36,36,8.52195167541504,8.52195167541504,8.52195167541504,,,,,,
39845888,37,37,37,8.3592586517334,8.3592586517334,8.3592586517334,,,,,,
40894464,38,38,38,8.46096611022949,8.46096611022949,8.46096611022949,,,,,,
41943040,39,39,39,8.3352861404419,8.3352861404419,8.3352861404419,,,,,,
42991616,40,40,40,8.45888900756836,8.45888900756836,8.45888900756836,,,,,,
44040192,41,41,41,8.3823356628418,8.3823356628418,8.3823356628418,,,,,,
45088768,42,42,42,8.25089740753174,8.25089740753174,8.25089740753174,,,,,,
46137344,43,43,43,8.13251876831055,8.13251876831055,8.13251876831055,,,,,,
47185920,44,44,44,8.20106601715088,8.20106601715088,8.20106601715088,,,,,,
48234496,45,45,45,8.16687393188477,8.16687393188477,8.16687393188477,,,,,,
49283072,46,46,46,8.16431045532227,8.16431045532227,8.16431045532227,,,,,,
50331648,47,47,47,8.13575553894043,8.13575553894043,8.13575553894043,,,,,,
51380224,48,48,48,8.12676239013672,8.12676239013672,8.12676239013672,,,,,,
52428800,49,49,49,7.87597846984863,7.87597846984863,7.87597846984863,,,,,,
53477376,50,50,50,8.01483917236328,8.01483917236328,8.01483917236328,,,,,,
54525952,51,51,51,7.91275358200073,7.91275358200073,7.91275358200073,,,,,,
55574528,52,52,52,8.03005790710449,8.03005790710449,8.03005790710449,,,,,,
56623104,53,53,53,7.80229473114014,7.80229473114014,7.80229473114014,,,,,,
57671680,54,54,54,7.88202857971191,7.88202857971191,7.88202857971191,,,,,,
58720256,55,55,55,7.80817031860352,7.80817031860352,7.80817031860352,,,,,,
59768832,56,56,56,7.78795719146729,7.78795719146729,7.78795719146729,,,,,,
60817408,57,57,57,7.77440977096558,7.77440977096558,7.77440977096558,,,,,,
61865984,58,58,58,7.79189205169678,7.79189205169678,7.79189205169678,,,,,,
62914560,59,59,59,7.68614149093628,7.68614149093628,7.68614149093628,,,,,,
63963136,60,60,60,7.6345329284668,7.6345329284668,7.6345329284668,,,,,,
65011712,61,61,61,7.54849052429199,7.54849052429199,7.54849052429199,,,,,,
66060288,62,62,62,7.54550647735596,7.54550647735596,7.54550647735596,,,,,,
67108864,63,63,63,7.55422115325928,7.55422115325928,7.55422115325928,,,,,,
68157440,64,64,64,7.57884788513184,7.57884788513184,7.57884788513184,,,,,,
69206016,65,65,65,7.43329238891602,7.43329238891602,7.43329238891602,,,,,,
70254592,66,66,66,7.53857707977295,7.53857707977295,7.53857707977295,,,,,,
71303168,67,67,67,7.36088705062866,7.36088705062866,7.36088705062866,,,,,,
72351744,68,68,68,7.3380331993103,7.3380331993103,7.3380331993103,,,,,,
73400320,69,69,69,7.31018590927124,7.31018590927124,7.31018590927124,,,,,,
74448896,70,70,70,7.40174007415772,7.40174007415772,7.40174007415772,,,,,,
75497472,71,71,71,7.14446115493774,7.14446115493774,7.14446115493774,,,,,,
76546048,72,72,72,7.1738452911377,7.1738452911377,7.1738452911377,,,,,,
77594624,73,73,73,7.18777990341187,7.18777990341187,7.18777990341187,,,,,,
78643200,74,74,74,7.26849937438965,7.26849937438965,7.26849937438965,,,,,,
79691776,75,75,75,7.12850761413574,7.12850761413574,7.12850761413574,,,,,,
80740352,76,76,76,7.18254232406616,7.18254232406616,7.18254232406616,,,,,,
81788928,77,77,77,7.08110189437866,7.08110189437866,7.08110189437866,,,,,,
82837504,78,78,78,7.17549991607666,7.17549991607666,7.17549991607666,,,,,,
83886080,79,79,79,7.05748176574707,7.05748176574707,7.05748176574707,,,,,,
84934656,80,80,80,7.10584878921509,7.10584878921509,7.10584878921509,,,,,,
85983232,81,81,81,6.7995023727417,6.7995023727417,6.7995023727417,,,,,,
87031808,82,82,82,7.02594661712647,7.02594661712647,7.02594661712647,,,,,,
88080384,83,83,83,6.91029644012451,6.91029644012451,6.91029644012451,,,,,,
89128960,84,84,84,6.97170734405518,6.97170734405518,6.97170734405518,,,,,,
90177536,85,85,85,6.80784702301025,6.80784702301025,6.80784702301025,,,,,,
91226112,86,86,86,6.9903359413147,6.9903359413147,6.9903359413147,,,,,,
92274688,87,87,87,6.84589195251465,6.84589195251465,6.84589195251465,,,,,,
93323264,88,88,88,7.0342960357666,7.0342960357666,7.0342960357666,,,,,,
94371840,89,89,89,6.79894876480103,6.79894876480103,6.79894876480103,,,,,,
95420416,90,90,90,6.92243671417236,6.92243671417236,6.92243671417236,,,,,,
96468992,91,91,91,6.80216503143311,6.80216503143311,6.80216503143311,,,,,,
97517568,92,92,92,6.84901475906372,6.84901475906372,6.84901475906372,,,,,,
98566144,93,93,93,6.7947793006897,6.7947793006897,6.7947793006897,,,,,,
99614720,94,94,94,6.83621549606323,6.83621549606323,6.83621549606323,,,,,,
100663296,95,95,95,6.78591299057007,6.78591299057007,6.78591299057007,,,,,,
101711872,96,96,96,6.82984447479248,6.82984447479248,6.82984447479248,,,,,,
102760448,97,97,97,6.81338977813721,6.81338977813721,6.81338977813721,,,,,,
103809024,98,98,98,6.78155994415283,6.78155994415283,6.78155994415283,,,,,,
104857600,99,99,99,6.64428043365479,6.64428043365479,6.64428043365479,,,,,,
105906176,100,100,100,6.79921627044678,6.79921627044678,6.79921627044678,,,,,,
106954752,101,101,101,6.66112279891968,6.66112279891968,6.66112279891968,,,,,,
108003328,102,102,102,6.73129081726074,6.73129081726074,6.73129081726074,,,,,,
109051904,103,103,103,6.59851694107056,6.59851694107056,6.59851694107056,,,,,,
110100480,104,104,104,6.69796800613403,6.69796800613403,6.69796800613403,,,,,,
111149056,105,105,105,6.68115615844727,6.68115615844727,6.68115615844727,,,,,,
112197632,106,106,106,6.67536354064941,6.67536354064941,6.67536354064941,,,,,,
113246208,107,107,107,6.64345836639404,6.64345836639404,6.64345836639404,,,,,,
114294784,108,108,108,6.64172458648682,6.64172458648682,6.64172458648682,,,,,,
115343360,109,109,109,6.52812051773071,6.52812051773071,6.52812051773071,,,,,,
116391936,110,110,110,6.56968784332275,6.56968784332275,6.56968784332275,,,,,,
117440512,111,111,111,6.47272443771362,6.47272443771362,6.47272443771362,,,,,,
118489088,112,112,112,6.61971569061279,6.61971569061279,6.61971569061279,,,,,,
119537664,113,113,113,6.47597599029541,6.47597599029541,6.47597599029541,,,,,,
120586240,114,114,114,6.6051549911499,6.6051549911499,6.6051549911499,,,,,,
121634816,115,115,115,6.52024745941162,6.52024745941162,6.52024745941162,,,,,,
122683392,116,116,116,6.57684183120728,6.57684183120728,6.57684183120728,,,,,,
123731968,117,117,117,6.42082118988037,6.42082118988037,6.42082118988037,,,,,,
124780544,118,118,118,6.46188354492188,6.46188354492188,6.46188354492188,,,,,,
125829120,119,119,119,6.3461275100708,6.3461275100708,6.3461275100708,,,,,,
126877696,120,120,120,6.4820613861084,6.4820613861084,6.4820613861084,,,,,,
127926272,121,121,121,6.37468528747559,6.37468528747559,6.37468528747559,,,,,,
128974848,122,122,122,6.47326612472534,6.47326612472534,6.47326612472534,,,,,,
130023424,123,123,123,6.29320907592773,6.29320907592773,6.29320907592773,,,,,,
131072000,124,124,124,6.52390050888062,6.52390050888062,6.52390050888062,,,,,,
132120576,125,125,125,6.36832523345947,6.36832523345947,6.36832523345947,,,,,,
133169152,126,126,126,6.33840322494507,6.33840322494507,6.33840322494507,,,,,,
134217728,127,127,127,6.34493780136108,6.34493780136108,6.34493780136108,,,,,,
135266304,128,128,128,6.41765546798706,6.41765546798706,6.41765546798706,,,,,,
136314880,129,129,129,6.25640773773193,6.25640773773193,6.25640773773193,,,,,,
137363456,130,130,130,6.34402275085449,6.34402275085449,6.34402275085449,,,,,,
138412032,131,131,131,6.25948810577393,6.25948810577393,6.25948810577393,,,,,,
139460608,132,132,132,6.28019523620606,6.28019523620606,6.28019523620606,,,,,,
140509184,133,133,133,6.15471172332764,6.15471172332764,6.15471172332764,,,,,,
141557760,134,134,134,6.31884145736694,6.31884145736694,6.31884145736694,,,,,,
142606336,135,135,135,6.22172260284424,6.22172260284424,6.22172260284424,,,,,,
143654912,136,136,136,6.30458068847656,6.30458068847656,6.30458068847656,,,,,,
144703488,137,137,137,6.12553119659424,6.12553119659424,6.12553119659424,,,,,,
145752064,138,138,138,6.24891757965088,6.24891757965088,6.24891757965088,,,,,,
146800640,139,139,139,6.21925210952759,6.21925210952759,6.21925210952759,,,,,,
147849216,140,140,140,6.19685649871826,6.19685649871826,6.19685649871826,,,,,,
148897792,141,141,141,6.06943798065186,6.06943798065186,6.06943798065186,,,,,,
149946368,142,142,142,6.06983470916748,6.06983470916748,6.06983470916748,,,,,,
150994944,143,143,143,5.9378924369812,5.9378924369812,5.9378924369812,,,,,,
152043520,144,144,144,6.17082405090332,6.17082405090332,6.17082405090332,,,,,,
153092096,145,145,145,6.03118419647217,6.03118419647217,6.03118419647217,,,,,,
154140672,146,146,146,6.16737461090088,6.16737461090088,6.16737461090088,,,,,,
155189248,147,147,147,6.18997049331665,6.18997049331665,6.18997049331665,,,,,,
156237824,148,148,148,6.16590404510498,6.16590404510498,6.16590404510498,,,,,,
157286400,149,149,149,6.03995418548584,6.03995418548584,6.03995418548584,,,,,,
158334976,150,150,150,6.03802537918091,6.03802537918091,6.03802537918091,,,,,,
159383552,151,151,151,6.01227998733521,6.01227998733521,6.01227998733521,,,,,,
160432128,152,152,152,6.08599090576172,6.08599090576172,6.08599090576172,,,,,,
161480704,153,153,153,5.9149808883667,5.9149808883667,5.9149808883667,,,,,,
162529280,154,154,154,5.96992015838623,5.96992015838623,5.96992015838623,,,,,,
163577856,155,155,155,5.93867206573486,5.93867206573486,5.93867206573486,,,,,,
164626432,156,156,156,6.06623077392578,6.06623077392578,6.06623077392578,,,,,,
165675008,157,157,157,5.89682245254517,5.89682245254517,5.89682245254517,,,,,,
166723584,158,158,158,5.99310636520386,5.99310636520386,5.99310636520386,,,,,,
167772160,159,159,159,5.98676443099976,5.98676443099976,5.98676443099976,,,,,,
168820736,160,160,160,5.9811282157898,5.9811282157898,5.9811282157898,,,,,,
169869312,161,161,161,5.88041973114014,5.88041973114014,5.88041973114014,,,,,,
170917888,162,162,162,5.94518089294434,5.94518089294434,5.94518089294434,,,,,,
171966464,163,163,163,5.94382286071777,5.94382286071777,5.94382286071777,,,,,,
173015040,164,164,164,5.88899230957031,5.88899230957031,5.88899230957031,,,,,,
174063616,165,165,165,5.93153858184814,5.93153858184814,5.93153858184814,,,,,,
175112192,166,166,166,5.96286249160767,5.96286249160767,5.96286249160767,,,,,,
176160768,167,167,167,5.93538475036621,5.93538475036621,5.93538475036621,,,,,,
177209344,168,168,168,5.84313011169434,5.84313011169434,5.84313011169434,,,,,,
178257920,169,169,169,5.78910636901856,5.78910636901856,5.78910636901856,,,,,,
179306496,170,170,170,5.88606977462769,5.88606977462769,5.88606977462769,,,,,,
180355072,171,171,171,5.91822957992554,5.91822957992554,5.91822957992554,,,,,,
181403648,172,172,172,5.88150310516357,5.88150310516357,5.88150310516357,,,,,,
182452224,173,173,173,5.75989055633545,5.75989055633545,5.75989055633545,,,,,,
183500800,174,174,174,5.93506526947022,5.93506526947022,5.93506526947022,,,,,,
184549376,175,175,175,5.85389041900635,5.85389041900635,5.85389041900635,,,,,,
185597952,176,176,176,5.7958984375,5.7958984375,5.7958984375,,,,,,
186646528,177,177,177,5.78133249282837,5.78133249282837,5.78133249282837,,,,,,
187695104,178,178,178,5.86922216415405,5.86922216415405,5.86922216415405,,,,,,
188743680,179,179,179,5.68043947219849,5.68043947219849,5.68043947219849,,,,,,
189792256,180,180,180,5.82908439636231,5.82908439636231,5.82908439636231,,,,,,
190840832,181,181,181,5.81728601455689,5.81728601455689,5.81728601455689,,,,,,
191889408,182,182,182,5.83241605758667,5.83241605758667,5.83241605758667,,,,,,
192937984,183,183,183,5.70421600341797,5.70421600341797,5.70421600341797,,,,,,
193986560,184,184,184,5.83875179290772,5.83875179290772,5.83875179290772,,,,,,
195035136,185,185,185,5.75628757476807,5.75628757476807,5.75628757476807,,,,,,
196083712,186,186,186,5.72559690475464,5.72559690475464,5.72559690475464,,,,,,
197132288,187,187,187,5.75754833221436,5.75754833221436,5.75754833221436,,,,,,
198180864,188,188,188,5.80885791778564,5.80885791778564,5.80885791778564,,,,,,
199229440,189,189,189,5.74073600769043,5.74073600769043,5.74073600769043,,,,,,
200278016,190,190,190,5.7633752822876,5.7633752822876,5.7633752822876,,,,,,
201326592,191,191,191,5.72847414016724,5.72847414016724,5.72847414016724,,,,,,
202375168,192,192,192,5.72414445877075,5.72414445877075,5.72414445877075,,,,,,
203423744,193,193,193,5.75190305709839,5.75190305709839,5.75190305709839,,,,,,
204472320,194,194,194,5.80914115905762,5.80914115905762,5.80914115905762,,,,,,
205520896,195,195,195,5.67509889602661,5.67509889602661,5.67509889602661,,,,,,
206569472,196,196,196,5.70977830886841,5.70977830886841,5.70977830886841,,,,,,
207618048,197,197,197,5.56638908386231,5.56638908386231,5.56638908386231,,,,,,
208666624,198,198,198,5.71517467498779,5.71517467498779,5.71517467498779,,,,,,
209715200,199,199,199,5.67600631713867,5.67600631713867,5.67600631713867,,,,,,
210763776,200,200,200,5.76915693283081,5.76915693283081,5.76915693283081,,,,,,
211812352,201,201,201,5.57189559936523,5.57189559936523,5.57189559936523,,,,,,
212860928,202,202,202,5.68994808197022,5.68994808197022,5.68994808197022,,,,,,
213909504,203,203,203,5.62180328369141,5.62180328369141,5.62180328369141,,,,,,
214958080,204,204,204,5.65891885757446,5.65891885757446,5.65891885757446,,,,,,
216006656,205,205,205,5.62852430343628,5.62852430343628,5.62852430343628,,,,,,
217055232,206,206,206,5.56785917282105,5.56785917282105,5.56785917282105,,,,,,
218103808,207,207,207,5.62054252624512,5.62054252624512,5.62054252624512,,,,,,
219152384,208,208,208,5.66224098205566,5.66224098205566,5.66224098205566,,,,,,
220200960,209,209,209,5.55196094512939,5.55196094512939,5.55196094512939,,,,,,
221249536,210,210,210,5.63029623031616,5.63029623031616,5.63029623031616,,,,,,
222298112,211,211,211,5.55796194076538,5.55796194076538,5.55796194076538,,,,,,
223346688,212,212,212,5.59904384613037,5.59904384613037,5.59904384613037,,,,,,
224395264,213,213,213,5.59113502502441,5.59113502502441,5.59113502502441,,,,,,
225443840,214,214,214,5.64819049835205,5.64819049835205,5.64819049835205,,,,,,
226492416,215,215,215,5.58638191223145,5.58638191223145,5.58638191223145,,,,,,
227540992,216,216,216,5.58997440338135,5.58997440338135,5.58997440338135,,,,,,
228589568,217,217,217,5.58368968963623,5.58368968963623,5.58368968963623,,,,,,
229638144,218,218,218,5.55713558197022,5.55713558197022,5.55713558197022,,,,,,
230686720,219,219,219,5.51953172683716,5.51953172683716,5.51953172683716,,,,,,
231735296,220,220,220,5.51627349853516,5.51627349853516,5.51627349853516,,,,,,
232783872,221,221,221,5.53606414794922,5.53606414794922,5.53606414794922,,,,,,
233832448,222,222,222,5.52086687088013,5.52086687088013,5.52086687088013,,,,,,
234881024,223,223,223,5.4602198600769,5.4602198600769,5.4602198600769,,,,,,
235929600,224,224,224,5.50349235534668,5.50349235534668,5.50349235534668,,,,,,
236978176,225,225,225,5.45802545547485,5.45802545547485,5.45802545547485,,,,,,
238026752,226,226,226,5.58097982406616,5.58097982406616,5.58097982406616,,,,,,
239075328,227,227,227,5.53536987304688,5.53536987304688,5.53536987304688,,,,,,
240123904,228,228,228,5.55316925048828,5.55316925048828,5.55316925048828,,,,,,
241172480,229,229,229,5.43771553039551,5.43771553039551,5.43771553039551,,,,,,
242221056,230,230,230,5.491530418396,5.491530418396,5.491530418396,,,,,,
243269632,231,231,231,5.37628841400147,5.37628841400147,5.37628841400147,,,,,,
244318208,232,232,232,5.46597290039063,5.46597290039063,5.46597290039063,,,,,,
245366784,233,233,233,5.4532413482666,5.4532413482666,5.4532413482666,,,,,,
246415360,234,234,234,5.50091743469238,5.50091743469238,5.50091743469238,,,,,,
247463936,235,235,235,5.45752620697022,5.45752620697022,5.45752620697022,,,,,,
248512512,236,236,236,5.50440740585327,5.50440740585327,5.50440740585327,,,,,,
249561088,237,237,237,5.46890163421631,5.46890163421631,5.46890163421631,,,,,,
250609664,238,238,238,5.50374841690064,5.50374841690064,5.50374841690064,,,,,,
251658240,239,239,239,5.36478662490845,5.36478662490845,5.36478662490845,,,,,,
252706816,240,240,240,5.45207023620606,5.45207023620606,5.45207023620606,,,,,,
253755392,241,241,241,5.39688014984131,5.39688014984131,5.39688014984131,,,,,,
254803968,242,242,242,5.51046323776245,5.51046323776245,5.51046323776245,,,,,,
255852544,243,243,243,5.43857002258301,5.43857002258301,5.43857002258301,,,,,,
256901120,244,244,244,5.43958377838135,5.43958377838135,5.43958377838135,,,,,,
257949696,245,245,245,5.35888576507568,5.35888576507568,5.35888576507568,,,,,,
258998272,246,246,246,5.42261219024658,5.42261219024658,5.42261219024658,,,,,,
260046848,247,247,247,5.39732837677002,5.39732837677002,5.39732837677002,,,,,,
261095424,248,248,248,5.47522783279419,5.47522783279419,5.47522783279419,,,,,,
262144000,249,249,249,5.37764501571655,5.37764501571655,5.37764501571655,,,,,,
263192576,250,250,250,5.47743034362793,5.47743034362793,5.47743034362793,,,,,,
264241152,251,251,251,5.32739925384522,5.32739925384522,5.32739925384522,,,,,,
265289728,252,252,252,5.4122805595398,5.4122805595398,5.4122805595398,,,,,,
266338304,253,253,253,5.3958625793457,5.3958625793457,5.3958625793457,,,,,,
267386880,254,254,254,5.3490104675293,5.3490104675293,5.3490104675293,,,,,,
268435456,255,255,255,5.28586769104004,5.28586769104004,5.28586769104004,,,,,,
269484032,256,256,256,5.43008518218994,5.43008518218994,5.43008518218994,,,,,,
270532608,257,257,257,5.35996818542481,5.35996818542481,5.35996818542481,,,,,,
271581184,258,258,258,5.36531209945679,5.36531209945679,5.36531209945679,,,,,,
272629760,259,259,259,5.29324722290039,5.29324722290039,5.29324722290039,,,,,,
273678336,260,260,260,5.3187518119812,5.3187518119812,5.3187518119812,,,,,,
274726912,261,261,261,5.31620454788208,5.31620454788208,5.31620454788208,,,,,,
275775488,262,262,262,5.35372447967529,5.35372447967529,5.35372447967529,,,,,,
276824064,263,263,263,5.36115980148315,5.36115980148315,5.36115980148315,,,,,,
277872640,264,264,264,5.3696231842041,5.3696231842041,5.3696231842041,,,,,,
278921216,265,265,265,5.35498714447022,5.35498714447022,5.35498714447022,,,,,,
279969792,266,266,266,5.35587358474731,5.35587358474731,5.35587358474731,,,,,,
281018368,267,267,267,5.36499500274658,5.36499500274658,5.36499500274658,,,,,,
282066944,268,268,268,5.38547706604004,5.38547706604004,5.38547706604004,,,,,,
283115520,269,269,269,5.29815864562988,5.29815864562988,5.29815864562988,,,,,,
284164096,270,270,270,5.40660715103149,5.40660715103149,5.40660715103149,,,,,,
285212672,271,271,271,5.34227561950684,5.34227561950684,5.34227561950684,,,,,,
286261248,272,272,272,5.327956199646,5.327956199646,5.327956199646,,,,,,
287309824,273,273,273,5.3154411315918,5.3154411315918,5.3154411315918,,,,,,
288358400,274,274,274,5.37634897232056,5.37634897232056,5.37634897232056,,,,,,
289406976,275,275,275,5.34574794769287,5.34574794769287,5.34574794769287,,,,,,
290455552,276,276,276,5.35339403152466,5.35339403152466,5.35339403152466,,,,,,
291504128,277,277,277,5.20900917053223,5.20900917053223,5.20900917053223,,,,,,
292552704,278,278,278,5.27781200408936,5.27781200408936,5.27781200408936,,,,,,
293601280,279,279,279,5.28723049163818,5.28723049163818,5.28723049163818,,,,,,
294649856,280,280,280,5.30632066726685,5.30632066726685,5.30632066726685,,,,,,
295698432,281,281,281,5.25838661193848,5.25838661193848,5.25838661193848,,,,,,
296747008,282,282,282,5.24965286254883,5.24965286254883,5.24965286254883,,,,,,
297795584,283,283,283,5.19823360443115,5.19823360443115,5.19823360443115,,,,,,
298844160,284,284,284,5.26091146469116,5.26091146469116,5.26091146469116,,,,,,
299892736,285,285,285,5.25755310058594,5.25755310058594,5.25755310058594,,,,,,
300941312,286,286,286,5.29577398300171,5.29577398300171,5.29577398300171,,,,,,
301989888,287,287,287,5.23338460922241,5.23338460922241,5.23338460922241,,,,,,
303038464,288,288,288,5.25077104568481,5.25077104568481,5.25077104568481,,,,,,
304087040,289,289,289,5.2670316696167,5.2670316696167,5.2670316696167,,,,,,
305135616,290,290,290,5.23605871200562,5.23605871200562,5.23605871200562,,,,,,
306184192,291,291,291,5.22195339202881,5.22195339202881,5.22195339202881,,,,,,
307232768,292,292,292,5.31823301315308,5.31823301315308,5.31823301315308,,,,,,
308281344,293,293,293,5.24837589263916,5.24837589263916,5.24837589263916,,,,,,
309329920,294,294,294,5.14750814437866,5.14750814437866,5.14750814437866,,,,,,
310378496,295,295,295,5.1668176651001,5.1668176651001,5.1668176651001,,,,,,
311427072,296,296,296,5.25282287597656,5.25282287597656,5.25282287597656,,,,,,
312475648,297,297,297,5.23688793182373,5.23688793182373,5.23688793182373,,,,,,
313524224,298,298,298,5.26315116882324,5.26315116882324,5.26315116882324,,,,,,
314572800,299,299,299,5.28749704360962,5.28749704360962,5.28749704360962,,,,,,
315621376,300,300,300,5.24280548095703,5.24280548095703,5.24280548095703,,,,,,
316669952,301,301,301,5.14916133880615,5.14916133880615,5.14916133880615,,,,,,
317718528,302,302,302,5.30030059814453,5.30030059814453,5.30030059814453,,,,,,
318767104,303,303,303,5.1624436378479,5.1624436378479,5.1624436378479,,,,,,
319815680,304,304,304,5.28110647201538,5.28110647201538,5.28110647201538,,,,,,
320864256,305,305,305,5.14474058151245,5.14474058151245,5.14474058151245,,,,,,
321912832,306,306,306,5.19839334487915,5.19839334487915,5.19839334487915,,,,,,
322961408,307,307,307,5.17589378356934,5.17589378356934,5.17589378356934,,,,,,
324009984,308,308,308,5.18916130065918,5.18916130065918,5.18916130065918,,,,,,
325058560,309,309,309,5.15532493591309,5.15532493591309,5.15532493591309,,,,,,
326107136,310,310,310,5.23427295684814,5.23427295684814,5.23427295684814,,,,,,
327155712,311,311,311,5.2031888961792,5.2031888961792,5.2031888961792,,,,,,
328204288,312,312,312,5.1732702255249,5.1732702255249,5.1732702255249,,,,,,
329252864,313,313,313,5.18479681015015,5.18479681015015,5.18479681015015,,,,,,
330301440,314,314,314,5.26072931289673,5.26072931289673,5.26072931289673,,,,,,
331350016,315,315,315,5.10583829879761,5.10583829879761,5.10583829879761,,,,,,
332398592,316,316,316,5.09784317016602,5.09784317016602,5.09784317016602,,,,,,
333447168,317,317,317,5.10832023620606,5.10832023620606,5.10832023620606,,,,,,
334495744,318,318,318,5.16021251678467,5.16021251678467,5.16021251678467,,,,,,
335544320,319,319,319,5.15058946609497,5.15058946609497,5.15058946609497,,,,,,
336592896,320,320,320,5.19378471374512,5.19378471374512,5.19378471374512,,,,,,
337641472,321,321,321,5.10945987701416,5.10945987701416,5.10945987701416,,,,,,
338690048,322,322,322,5.1792254447937,5.1792254447937,5.1792254447937,,,,,,
339738624,323,323,323,5.11656188964844,5.11656188964844,5.11656188964844,,,,,,
340787200,324,324,324,5.17195320129395,5.17195320129395,5.17195320129395,,,,,,
341835776,325,325,325,5.16430187225342,5.16430187225342,5.16430187225342,,,,,,
342884352,326,326,326,5.15348148345947,5.15348148345947,5.15348148345947,,,,,,
343932928,327,327,327,5.07514047622681,5.07514047622681,5.07514047622681,,,,,,
344981504,328,328,328,5.09658861160278,5.09658861160278,5.09658861160278,,,,,,
346030080,329,329,329,5.1800274848938,5.1800274848938,5.1800274848938,,,,,,
347078656,330,330,330,5.10764837265015,5.10764837265015,5.10764837265015,,,,,,
348127232,331,331,331,4.99199724197388,4.99199724197388,4.99199724197388,,,,,,
349175808,332,332,332,5.18111610412598,5.18111610412598,5.18111610412598,,,,,,
350224384,333,333,333,5.07247161865234,5.07247161865234,5.07247161865234,,,,,,
351272960,334,334,334,5.17955303192139,5.17955303192139,5.17955303192139,,,,,,
352321536,335,335,335,5.15876770019531,5.15876770019531,5.15876770019531,,,,,,
353370112,336,336,336,5.0374002456665,5.0374002456665,5.0374002456665,,,,,,
354418688,337,337,337,5.02313709259033,5.02313709259033,5.02313709259033,,,,,,
355467264,338,338,338,5.1069221496582,5.1069221496582,5.1069221496582,,,,,,
356515840,339,339,339,5.02304315567017,5.02304315567017,5.02304315567017,,,,,,
357564416,340,340,340,5.09586620330811,5.09586620330811,5.09586620330811,,,,,,
358612992,341,341,341,5.08183288574219,5.08183288574219,5.08183288574219,,,,,,
359661568,342,342,342,5.04699230194092,5.04699230194092,5.04699230194092,,,,,,
360710144,343,343,343,5.08523225784302,5.08523225784302,5.08523225784302,,,,,,
361758720,344,344,344,5.13718795776367,5.13718795776367,5.13718795776367,,,,,,
362807296,345,345,345,5.08288860321045,5.08288860321045,5.08288860321045,,,,,,
363855872,346,346,346,5.12876224517822,5.12876224517822,5.12876224517822,,,,,,
364904448,347,347,347,4.90884208679199,4.90884208679199,4.90884208679199,,,,,,
365953024,348,348,348,5.12246131896973,5.12246131896973,5.12246131896973,,,,,,
367001600,349,349,349,5.09460020065308,5.09460020065308,5.09460020065308,,,,,,
368050176,350,350,350,5.08353519439697,5.08353519439697,5.08353519439697,,,,,,
369098752,351,351,351,5.03243541717529,5.03243541717529,5.03243541717529,,,,,,
370147328,352,352,352,5.07681894302368,5.07681894302368,5.07681894302368,,,,,,
371195904,353,353,353,5.05134391784668,5.05134391784668,5.05134391784668,,,,,,
372244480,354,354,354,5.10028696060181,5.10028696060181,5.10028696060181,,,,,,
373293056,355,355,355,4.99277687072754,4.99277687072754,4.99277687072754,,,,,,
374341632,356,356,356,5.05095672607422,5.05095672607422,5.05095672607422,,,,,,
375390208,357,357,357,5.03104209899902,5.03104209899902,5.03104209899902,,,,,,
376438784,358,358,358,5.04757213592529,5.04757213592529,5.04757213592529,,,,,,
377487360,359,359,359,4.96067523956299,4.96067523956299,4.96067523956299,,,,,,
378535936,360,360,360,5.04217147827148,5.04217147827148,5.04217147827148,,,,,,
379584512,361,361,361,4.93671464920044,4.93671464920044,4.93671464920044,,,,,,
380633088,362,362,362,5.10312557220459,5.10312557220459,5.10312557220459,,,,,,
381681664,363,363,363,5.01715660095215,5.01715660095215,5.01715660095215,,,,,,
382730240,364,364,364,5.05373239517212,5.05373239517212,5.05373239517212,,,,,,
383778816,365,365,365,4.98764705657959,4.98764705657959,4.98764705657959,,,,,,
384827392,366,366,366,5.04925060272217,5.04925060272217,5.04925060272217,,,,,,
385875968,367,367,367,4.97733783721924,4.97733783721924,4.97733783721924,,,,,,
386924544,368,368,368,5.10658121109009,5.10658121109009,5.10658121109009,,,,,,
387973120,369,369,369,5.03802061080933,5.03802061080933,5.03802061080933,,,,,,
389021696,370,370,370,4.9613618850708,4.9613618850708,4.9613618850708,,,,,,
390070272,371,371,371,4.95818614959717,4.95818614959717,4.95818614959717,,,,,,
391118848,372,372,372,5.09039831161499,5.09039831161499,5.09039831161499,,,,,,
392167424,373,373,373,4.8928279876709,4.8928279876709,4.8928279876709,,,,,,
393216000,374,374,374,4.99531984329224,4.99531984329224,4.99531984329224,,,,,,
394264576,375,375,375,4.92671632766724,4.92671632766724,4.92671632766724,,,,,,
395313152,376,376,376,4.99354982376099,4.99354982376099,4.99354982376099,,,,,,
396361728,377,377,377,4.85701751708984,4.85701751708984,4.85701751708984,,,,,,
397410304,378,378,378,4.91028451919556,4.91028451919556,4.91028451919556,,,,,,
398458880,379,379,379,4.82887315750122,4.82887315750122,4.82887315750122,,,,,,
399507456,380,380,380,4.9526538848877,4.9526538848877,4.9526538848877,,,,,,
400556032,381,381,381,4.85840511322022,4.85840511322022,4.85840511322022,,,,,,
401604608,382,382,382,4.97105407714844,4.97105407714844,4.97105407714844,,,,,,
402653184,383,383,383,4.74985122680664,4.74985122680664,4.74985122680664,,,,,,
403701760,384,384,384,4.98362302780151,4.98362302780151,4.98362302780151,,,,,,
404750336,385,385,385,4.79010152816773,4.79010152816773,4.79010152816773,,,,,,
405798912,386,386,386,4.98795461654663,4.98795461654663,4.98795461654663,,,,,,
406847488,387,387,387,4.85235118865967,4.85235118865967,4.85235118865967,,,,,,
407896064,388,388,388,4.95339250564575,4.95339250564575,4.95339250564575,,,,,,
408944640,389,389,389,4.89941835403442,4.89941835403442,4.89941835403442,,,,,,
409993216,390,390,390,4.94180011749268,4.94180011749268,4.94180011749268,,,,,,
411041792,391,391,391,4.91322755813599,4.91322755813599,4.91322755813599,,,,,,
412090368,392,392,392,4.97889518737793,4.97889518737793,4.97889518737793,,,,,,
413138944,393,393,393,5.0148811340332,5.0148811340332,5.0148811340332,,,,,,
414187520,394,394,394,4.98108196258545,4.98108196258545,4.98108196258545,,,,,,
415236096,395,395,395,4.95443534851074,4.95443534851074,4.95443534851074,,,,,,
416284672,396,396,396,4.96429538726807,4.96429538726807,4.96429538726807,,,,,,
417333248,397,397,397,4.93211650848389,4.93211650848389,4.93211650848389,,,,,,
418381824,398,398,398,4.9565486907959,4.9565486907959,4.9565486907959,,,,,,
419430400,399,399,399,4.86083650588989,4.86083650588989,4.86083650588989,,,,,,
420478976,400,400,400,4.88839101791382,4.88839101791382,4.88839101791382,,,,,,
421527552,401,401,401,4.93129014968872,4.93129014968872,4.93129014968872,,,,,,
422576128,402,402,402,4.9822940826416,4.9822940826416,4.9822940826416,,,,,,
423624704,403,403,403,4.90538120269775,4.90538120269775,4.90538120269775,,,,,,
424673280,404,404,404,4.91879749298096,4.91879749298096,4.91879749298096,,,,,,
425721856,405,405,405,4.98577785491943,4.98577785491943,4.98577785491943,,,,,,
426770432,406,406,406,4.94577789306641,4.94577789306641,4.94577789306641,,,,,,
427819008,407,407,407,4.83395051956177,4.83395051956177,4.83395051956177,,,,,,
428867584,408,408,408,4.94446897506714,4.94446897506714,4.94446897506714,,,,,,
429916160,409,409,409,4.81235027313232,4.81235027313232,4.81235027313232,,,,,,
430964736,410,410,410,4.95545339584351,4.95545339584351,4.95545339584351,,,,,,
432013312,411,411,411,4.93344736099243,4.93344736099243,4.93344736099243,,,,,,
433061888,412,412,412,4.90819931030273,4.90819931030273,4.90819931030273,,,,,,
434110464,413,413,413,4.86882972717285,4.86882972717285,4.86882972717285,,,,,,
435159040,414,414,414,4.81089496612549,4.81089496612549,4.81089496612549,,,,,,
436207616,415,415,415,4.85709714889526,4.85709714889526,4.85709714889526,,,,,,
437256192,416,416,416,4.95405435562134,4.95405435562134,4.95405435562134,,,,,,
438304768,417,417,417,4.87315130233765,4.87315130233765,4.87315130233765,,,,,,
439353344,418,418,418,4.94073486328125,4.94073486328125,4.94073486328125,,,,,,
440401920,419,419,419,4.85898542404175,4.85898542404175,4.85898542404175,,,,,,
441450496,420,420,420,4.91438674926758,4.91438674926758,4.91438674926758,,,,,,
442499072,421,421,421,4.79662036895752,4.79662036895752,4.79662036895752,,,,,,
443547648,422,422,422,4.91392374038696,4.91392374038696,4.91392374038696,,,,,,
444596224,423,423,423,4.84305191040039,4.84305191040039,4.84305191040039,,,,,,
445644800,424,424,424,4.82669687271118,4.82669687271118,4.82669687271118,,,,,,
446693376,425,425,425,4.82856607437134,4.82856607437134,4.82856607437134,,,,,,
447741952,426,426,426,4.8918251991272,4.8918251991272,4.8918251991272,,,,,,
448790528,427,427,427,4.82202529907227,4.82202529907227,4.82202529907227,,,,,,
449839104,428,428,428,4.81680250167847,4.81680250167847,4.81680250167847,,,,,,
450887680,429,429,429,4.72323799133301,4.72323799133301,4.72323799133301,,,,,,
451936256,430,430,430,4.86050415039063,4.86050415039063,4.86050415039063,,,,,,
452984832,431,431,431,4.78073358535767,4.78073358535767,4.78073358535767,,,,,,
454033408,432,432,432,4.88251304626465,4.88251304626465,4.88251304626465,,,,,,
455081984,433,433,433,4.79047775268555,4.79047775268555,4.79047775268555,,,,,,
456130560,434,434,434,4.78417921066284,4.78417921066284,4.78417921066284,,,,,,
457179136,435,435,435,4.69620895385742,4.69620895385742,4.69620895385742,,,,,,
458227712,436,436,436,4.84895896911621,4.84895896911621,4.84895896911621,,,,,,
459276288,437,437,437,4.77642583847046,4.77642583847046,4.77642583847046,,,,,,
460324864,438,438,438,4.84589099884033,4.84589099884033,4.84589099884033,,,,,,
461373440,439,439,439,4.74440002441406,4.74440002441406,4.74440002441406,,,,,,
462422016,440,440,440,4.86090230941773,4.86090230941773,4.86090230941773,,,,,,
463470592,441,441,441,4.74068307876587,4.74068307876587,4.74068307876587,,,,,,
464519168,442,442,442,4.8094220161438,4.8094220161438,4.8094220161438,,,,,,
465567744,443,443,443,4.70924854278564,4.70924854278564,4.70924854278564,,,,,,
466616320,444,444,444,4.88147830963135,4.88147830963135,4.88147830963135,,,,,,
467664896,445,445,445,4.88541269302368,4.88541269302368,4.88541269302368,,,,,,
468713472,446,446,446,4.88112354278564,4.88112354278564,4.88112354278564,,,,,,
469762048,447,447,447,4.78607177734375,4.78607177734375,4.78607177734375,,,,,,
470810624,448,448,448,4.81551456451416,4.81551456451416,4.81551456451416,,,,,,
471859200,449,449,449,4.77766466140747,4.77766466140747,4.77766466140747,,,,,,
472907776,450,450,450,4.76254844665527,4.76254844665527,4.76254844665527,,,,,,
473956352,451,451,451,4.82578468322754,4.82578468322754,4.82578468322754,,,,,,
475004928,452,452,452,4.79477548599243,4.79477548599243,4.79477548599243,,,,,,
476053504,453,453,453,4.67398262023926,4.67398262023926,4.67398262023926,,,,,,
477102080,454,454,454,4.84320735931397,4.84320735931397,4.84320735931397,,,,,,
478150656,455,455,455,4.73798370361328,4.73798370361328,4.73798370361328,,,,,,
479199232,456,456,456,4.76554584503174,4.76554584503174,4.76554584503174,,,,,,
480247808,457,457,457,4.72492218017578,4.72492218017578,4.72492218017578,,,,,,
481296384,458,458,458,4.86457204818726,4.86457204818726,4.86457204818726,,,,,,
482344960,459,459,459,4.80304050445557,4.80304050445557,4.80304050445557,,,,,,
483393536,460,460,460,4.80720901489258,4.80720901489258,4.80720901489258,,,,,,
484442112,461,461,461,4.75411367416382,4.75411367416382,4.75411367416382,,,,,,
485490688,462,462,462,4.81725168228149,4.81725168228149,4.81725168228149,,,,,,
486539264,463,463,463,4.71462965011597,4.71462965011597,4.71462965011597,,,,,,
487587840,464,464,464,4.80917644500732,4.80917644500732,4.80917644500732,,,,,,
488636416,465,465,465,4.6632022857666,4.6632022857666,4.6632022857666,,,,,,
489684992,466,466,466,4.7712082862854,4.7712082862854,4.7712082862854,,,,,,
490733568,467,467,467,4.71614360809326,4.71614360809326,4.71614360809326,,,,,,
491782144,468,468,468,4.78955698013306,4.78955698013306,4.78955698013306,,,,,,
492830720,469,469,469,4.7003059387207,4.7003059387207,4.7003059387207,,,,,,
493879296,470,470,470,4.71356821060181,4.71356821060181,4.71356821060181,,,,,,
494927872,471,471,471,4.71898555755615,4.71898555755615,4.71898555755615,,,,,,
495976448,472,472,472,4.70540332794189,4.70540332794189,4.70540332794189,,,,,,
497025024,473,473,473,4.61009693145752,4.61009693145752,4.61009693145752,,,,,,
498073600,474,474,474,4.6981315612793,4.6981315612793,4.6981315612793,,,,,,
499122176,475,475,475,4.6740894317627,4.6740894317627,4.6740894317627,,,,,,
500170752,476,476,476,4.7914662361145,4.7914662361145,4.7914662361145,,,,,,
501219328,477,477,477,4.68334245681763,4.68334245681763,4.68334245681763,,,,,,
502267904,478,478,478,4.73793935775757,4.73793935775757,4.73793935775757,,,,,,
503316480,479,479,479,4.6803412437439,4.6803412437439,4.6803412437439,,,,,,
504365056,480,480,480,4.7837233543396,4.7837233543396,4.7837233543396,,,,,,
505413632,481,481,481,4.6989483833313,4.6989483833313,4.6989483833313,,,,,,
506462208,482,482,482,4.69565105438232,4.69565105438232,4.69565105438232,,,,,,
507510784,483,483,483,4.78422403335571,4.78422403335571,4.78422403335571,,,,,,
508559360,484,484,484,4.73102903366089,4.73102903366089,4.73102903366089,,,,,,
509607936,485,485,485,4.67747592926025,4.67747592926025,4.67747592926025,,,,,,
510656512,486,486,486,4.77593803405762,4.77593803405762,4.77593803405762,,,,,,
511705088,487,487,487,4.73484134674072,4.73484134674072,4.73484134674072,,,,,,
512753664,488,488,488,4.76968669891357,4.76968669891357,4.76968669891357,,,,,,
513802240,489,489,489,4.7343864440918,4.7343864440918,4.7343864440918,,,,,,
514850816,490,490,490,4.77489376068115,4.77489376068115,4.77489376068115,,,,,,
515899392,491,491,491,4.62803077697754,4.62803077697754,4.62803077697754,,,,,,
516947968,492,492,492,4.73193740844727,4.73193740844727,4.73193740844727,,,,,,
517996544,493,493,493,4.6639404296875,4.6639404296875,4.6639404296875,,,,,,
519045120,494,494,494,4.72317552566528,4.72317552566528,4.72317552566528,,,,,,
520093696,495,495,495,4.65754222869873,4.65754222869873,4.65754222869873,,,,,,
521142272,496,496,496,4.67344474792481,4.67344474792481,4.67344474792481,,,,,,
522190848,497,497,497,4.66319227218628,4.66319227218628,4.66319227218628,,,,,,
523239424,498,498,498,4.70189094543457,4.70189094543457,4.70189094543457,,,,,,
524288000,499,499,499,4.60023403167725,4.60023403167725,4.60023403167725,,,,,,
525336576,500,500,500,4.68070316314697,4.68070316314697,4.68070316314697,,,,,,
526385152,501,501,501,4.70313835144043,4.70313835144043,4.70313835144043,,,,,,
527433728,502,502,502,4.74594306945801,4.74594306945801,4.74594306945801,,,,,,
528482304,503,503,503,4.62108325958252,4.62108325958252,4.62108325958252,,,,,,
529530880,504,504,504,4.61994647979736,4.61994647979736,4.61994647979736,,,,,,
530579456,505,505,505,4.57983493804932,4.57983493804932,4.57983493804932,,,,,,
531628032,506,506,506,4.65457725524902,4.65457725524902,4.65457725524902,,,,,,
532676608,507,507,507,4.6587405204773,4.6587405204773,4.6587405204773,,,,,,
533725184,508,508,508,4.71953201293945,4.71953201293945,4.71953201293945,,,,,,
534773760,509,509,509,4.65751791000366,4.65751791000366,4.65751791000366,,,,,,
535822336,510,510,510,4.72309303283691,4.72309303283691,4.72309303283691,,,,,,
536870912,511,511,511,4.58539247512817,4.58539247512817,4.58539247512817,,,,,,
537919488,512,512,512,4.68587446212769,4.68587446212769,4.68587446212769,,,,,,
538968064,513,513,513,4.60292291641235,4.60292291641235,4.60292291641235,,,,,,
540016640,514,514,514,4.72290754318237,4.72290754318237,4.72290754318237,,,,,,
541065216,515,515,515,4.60693454742432,4.60693454742432,4.60693454742432,,,,,,
542113792,516,516,516,4.71218872070313,4.71218872070313,4.71218872070313,,,,,,
543162368,517,517,517,4.60378503799439,4.60378503799439,4.60378503799439,,,,,,
544210944,518,518,518,4.680251121521,4.680251121521,4.680251121521,,,,,,
545259520,519,519,519,4.56820058822632,4.56820058822632,4.56820058822632,,,,,,
546308096,520,520,520,4.64433240890503,4.64433240890503,4.64433240890503,,,,,,
547356672,521,521,521,4.6262640953064,4.6262640953064,4.6262640953064,,,,,,
548405248,522,522,522,4.62281513214111,4.62281513214111,4.62281513214111,,,,,,
549453824,523,523,523,4.5128927230835,4.5128927230835,4.5128927230835,,,,,,
550502400,524,524,524,4.69612407684326,4.69612407684326,4.69612407684326,,,,,,
551550976,525,525,525,4.52892875671387,4.52892875671387,4.52892875671387,,,,,,
552599552,526,526,526,4.68565893173218,4.68565893173218,4.68565893173218,,,,,,
553648128,527,527,527,4.55143642425537,4.55143642425537,4.55143642425537,,,,,,
554696704,528,528,528,4.62881374359131,4.62881374359131,4.62881374359131,,,,,,
555745280,529,529,529,4.55379819869995,4.55379819869995,4.55379819869995,,,,,,
556793856,530,530,530,4.59704351425171,4.59704351425171,4.59704351425171,,,,,,
557842432,531,531,531,4.57127189636231,4.57127189636231,4.57127189636231,,,,,,
558891008,532,532,532,4.69009828567505,4.69009828567505,4.69009828567505,,,,,,
559939584,533,533,533,4.64930438995361,4.64930438995361,4.64930438995361,,,,,,
560988160,534,534,534,4.63504695892334,4.63504695892334,4.63504695892334,,,,,,
562036736,535,535,535,4.55635976791382,4.55635976791382,4.55635976791382,,,,,,
563085312,536,536,536,4.65439605712891,4.65439605712891,4.65439605712891,,,,,,
564133888,537,537,537,4.61164045333862,4.61164045333862,4.61164045333862,,,,,,
565182464,538,538,538,4.63855123519898,4.63855123519898,4.63855123519898,,,,,,
566231040,539,539,539,4.48938417434692,4.48938417434692,4.48938417434692,,,,,,
567279616,540,540,540,4.62477684020996,4.62477684020996,4.62477684020996,,,,,,
568328192,541,541,541,4.53339862823486,4.53339862823486,4.53339862823486,,,,,,
569376768,542,542,542,4.59630298614502,4.59630298614502,4.59630298614502,,,,,,
570425344,543,543,543,4.63976764678955,4.63976764678955,4.63976764678955,,,,,,
571473920,544,544,544,4.67539691925049,4.67539691925049,4.67539691925049,,,,,,
572522496,545,545,545,4.6007604598999,4.6007604598999,4.6007604598999,,,,,,
573571072,546,546,546,4.54496192932129,4.54496192932129,4.54496192932129,,,,,,
574619648,547,547,547,4.59200716018677,4.59200716018677,4.59200716018677,,,,,,
575668224,548,548,548,4.55066394805908,4.55066394805908,4.55066394805908,,,,,,
576716800,549,549,549,4.50109910964966,4.50109910964966,4.50109910964966,,,,,,
577765376,550,550,550,4.5934042930603,4.5934042930603,4.5934042930603,,,,,,
578813952,551,551,551,4.52487277984619,4.52487277984619,4.52487277984619,,,,,,
579862528,552,552,552,4.6422872543335,4.6422872543335,4.6422872543335,,,,,,
580911104,553,553,553,4.57016134262085,4.57016134262085,4.57016134262085,,,,,,
581959680,554,554,554,4.50128316879273,4.50128316879273,4.50128316879273,,,,,,
583008256,555,555,555,4.55170249938965,4.55170249938965,4.55170249938965,,,,,,
584056832,556,556,556,4.5217604637146,4.5217604637146,4.5217604637146,,,,,,
585105408,557,557,557,4.45230960845947,4.45230960845947,4.45230960845947,,,,,,
586153984,558,558,558,4.49323081970215,4.49323081970215,4.49323081970215,,,,,,
587202560,559,559,559,4.4805588722229,4.4805588722229,4.4805588722229,,,,,,
588251136,560,560,560,4.5345139503479,4.5345139503479,4.5345139503479,,,,,,
589299712,561,561,561,4.46792411804199,4.46792411804199,4.46792411804199,,,,,,
590348288,562,562,562,4.56635475158691,4.56635475158691,4.56635475158691,,,,,,
591396864,563,563,563,4.53721284866333,4.53721284866333,4.53721284866333,,,,,,
592445440,564,564,564,4.61223316192627,4.61223316192627,4.61223316192627,,,,,,
593494016,565,565,565,4.53198146820068,4.53198146820068,4.53198146820068,,,,,,
594542592,566,566,566,4.47691297531128,4.47691297531128,4.47691297531128,,,,,,
595591168,567,567,567,4.5160026550293,4.5160026550293,4.5160026550293,,,,,,
596639744,568,568,568,4.59885263442993,4.59885263442993,4.59885263442993,,,,,,
597688320,569,569,569,4.49668025970459,4.49668025970459,4.49668025970459,,,,,,
598736896,570,570,570,4.51047706604004,4.51047706604004,4.51047706604004,,,,,,
599785472,571,571,571,4.54370212554932,4.54370212554932,4.54370212554932,,,,,,
600834048,572,572,572,4.5951771736145,4.5951771736145,4.5951771736145,,,,,,
601882624,573,573,573,4.50087070465088,4.50087070465088,4.50087070465088,,,,,,
602931200,574,574,574,4.57156372070313,4.57156372070313,4.57156372070313,,,,,,
603979776,575,575,575,4.41462230682373,4.41462230682373,4.41462230682373,,,,,,
605028352,576,576,576,4.50891876220703,4.50891876220703,4.50891876220703,,,,,,
606076928,577,577,577,4.53095531463623,4.53095531463623,4.53095531463623,,,,,,
607125504,578,578,578,4.55907726287842,4.55907726287842,4.55907726287842,,,,,,
608174080,579,579,579,4.5316686630249,4.5316686630249,4.5316686630249,,,,,,
609222656,580,580,580,4.56660985946655,4.56660985946655,4.56660985946655,,,,,,
610271232,581,581,581,4.49907970428467,4.49907970428467,4.49907970428467,,,,,,
611319808,582,582,582,4.57373189926148,4.57373189926148,4.57373189926148,,,,,,
612368384,583,583,583,4.48680686950684,4.48680686950684,4.48680686950684,,,,,,
613416960,584,584,584,4.55223178863525,4.55223178863525,4.55223178863525,,,,,,
614465536,585,585,585,4.52835416793823,4.52835416793823,4.52835416793823,,,,,,
615514112,586,586,586,4.53931283950806,4.53931283950806,4.53931283950806,,,,,,
616562688,587,587,587,4.38255882263184,4.38255882263184,4.38255882263184,,,,,,
617611264,588,588,588,4.54567766189575,4.54567766189575,4.54567766189575,,,,,,
618659840,589,589,589,4.52934455871582,4.52934455871582,4.52934455871582,,,,,,
619708416,590,590,590,4.50377607345581,4.50377607345581,4.50377607345581,,,,,,
620756992,591,591,591,4.48018980026245,4.48018980026245,4.48018980026245,,,,,,
621805568,592,592,592,4.53117179870606,4.53117179870606,4.53117179870606,,,,,,
622854144,593,593,593,4.477379322052,4.477379322052,4.477379322052,,,,,,
623902720,594,594,594,4.47004652023315,4.47004652023315,4.47004652023315,,,,,,
624951296,595,595,595,4.4634165763855,4.4634165763855,4.4634165763855,,,,,,
625999872,596,596,596,4.51966285705566,4.51966285705566,4.51966285705566,,,,,,
627048448,597,597,597,4.49548292160034,4.49548292160034,4.49548292160034,,,,,,
628097024,598,598,598,4.56335639953613,4.56335639953613,4.56335639953613,,,,,,
629145600,599,599,599,4.47264099121094,4.47264099121094,4.47264099121094,,,,,,
630194176,600,600,600,4.54218196868897,4.54218196868897,4.54218196868897,,,,,,
631242752,601,601,601,4.44806861877441,4.44806861877441,4.44806861877441,,,,,,
632291328,602,602,602,4.5447096824646,4.5447096824646,4.5447096824646,,,,,,
633339904,603,603,603,4.45452690124512,4.45452690124512,4.45452690124512,,,,,,
634388480,604,604,604,4.53163623809814,4.53163623809814,4.53163623809814,,,,,,
635437056,605,605,605,4.45525455474854,4.45525455474854,4.45525455474854,,,,,,
636485632,606,606,606,4.50421714782715,4.50421714782715,4.50421714782715,,,,,,
637534208,607,607,607,4.48870182037354,4.48870182037354,4.48870182037354,,,,,,
638582784,608,608,608,4.53423404693604,4.53423404693604,4.53423404693604,,,,,,
639631360,609,609,609,4.50749969482422,4.50749969482422,4.50749969482422,,,,,,
640679936,610,610,610,4.56482934951782,4.56482934951782,4.56482934951782,,,,,,
641728512,611,611,611,4.45093965530396,4.45093965530396,4.45093965530396,,,,,,
642777088,612,612,612,4.47618103027344,4.47618103027344,4.47618103027344,,,,,,
643825664,613,613,613,4.4378457069397,4.4378457069397,4.4378457069397,,,,,,
644874240,614,614,614,4.51944923400879,4.51944923400879,4.51944923400879,,,,,,
645922816,615,615,615,4.47877359390259,4.47877359390259,4.47877359390259,,,,,,
646971392,616,616,616,4.52927494049072,4.52927494049072,4.52927494049072,,,,,,
648019968,617,617,617,4.43820667266846,4.43820667266846,4.43820667266846,,,,,,
649068544,618,618,618,4.56753253936768,4.56753253936768,4.56753253936768,,,,,,
650117120,619,619,619,4.42005300521851,4.42005300521851,4.42005300521851,,,,,,
651165696,620,620,620,4.54570531845093,4.54570531845093,4.54570531845093,,,,,,
652214272,621,621,621,4.46363162994385,4.46363162994385,4.46363162994385,,,,,,
653262848,622,622,622,4.50924301147461,4.50924301147461,4.50924301147461,,,,,,
654311424,623,623,623,4.46867847442627,4.46867847442627,4.46867847442627,,,,,,
655360000,624,624,624,4.44908714294434,4.44908714294434,4.44908714294434,,,,,,
656408576,625,625,625,4.40536642074585,4.40536642074585,4.40536642074585,,,,,,
657457152,626,626,626,4.45841026306152,4.45841026306152,4.45841026306152,,,,,,
658505728,627,627,627,4.41801834106445,4.41801834106445,4.41801834106445,,,,,,
659554304,628,628,628,4.444748878479,4.444748878479,4.444748878479,,,,,,
660602880,629,629,629,4.36869621276856,4.36869621276856,4.36869621276856,,,,,,
661651456,630,630,630,4.36556959152222,4.36556959152222,4.36556959152222,,,,,,
662700032,631,631,631,4.45365619659424,4.45365619659424,4.45365619659424,,,,,,
663748608,632,632,632,4.48531770706177,4.48531770706177,4.48531770706177,,,,,,
664797184,633,633,633,4.40974521636963,4.40974521636963,4.40974521636963,,,,,,
665845760,634,634,634,4.49566507339478,4.49566507339478,4.49566507339478,,,,,,
666894336,635,635,635,4.41458034515381,4.41458034515381,4.41458034515381,,,,,,
667942912,636,636,636,4.48720836639404,4.48720836639404,4.48720836639404,,,,,,
668991488,637,637,637,4.36257076263428,4.36257076263428,4.36257076263428,,,,,,
670040064,638,638,638,4.49750947952271,4.49750947952271,4.49750947952271,,,,,,
671088640,639,639,639,4.49885559082031,4.49885559082031,4.49885559082031,,,,,,
672137216,640,640,640,4.40180969238281,4.40180969238281,4.40180969238281,,,,,,
673185792,641,641,641,4.38042068481445,4.38042068481445,4.38042068481445,,,,,,
674234368,642,642,642,4.42274236679077,4.42274236679077,4.42274236679077,,,,,,
675282944,643,643,643,4.43925428390503,4.43925428390503,4.43925428390503,,,,,,
676331520,644,644,644,4.46098852157593,4.46098852157593,4.46098852157593,,,,,,
677380096,645,645,645,4.41189384460449,4.41189384460449,4.41189384460449,,,,,,
678428672,646,646,646,4.4775128364563,4.4775128364563,4.4775128364563,,,,,,
679477248,647,647,647,4.33721208572388,4.33721208572388,4.33721208572388,,,,,,
680525824,648,648,648,4.42302131652832,4.42302131652832,4.42302131652832,,,,,,
681574400,649,649,649,4.36980962753296,4.36980962753296,4.36980962753296,,,,,,
682622976,650,650,650,4.38366460800171,4.38366460800171,4.38366460800171,,,,,,
683671552,651,651,651,4.34862041473389,4.34862041473389,4.34862041473389,,,,,,
684720128,652,652,652,4.49034023284912,4.49034023284912,4.49034023284912,,,,,,
685768704,653,653,653,4.3917179107666,4.3917179107666,4.3917179107666,,,,,,
686817280,654,654,654,4.46233034133911,4.46233034133911,4.46233034133911,,,,,,
687865856,655,655,655,4.3503794670105,4.3503794670105,4.3503794670105,,,,,,
688914432,656,656,656,4.4315299987793,4.4315299987793,4.4315299987793,,,,,,
689963008,657,657,657,4.42539405822754,4.42539405822754,4.42539405822754,,,,,,
691011584,658,658,658,4.36381673812866,4.36381673812866,4.36381673812866,,,,,,
692060160,659,659,659,4.32466554641724,4.32466554641724,4.32466554641724,,,,,,
693108736,660,660,660,4.36925935745239,4.36925935745239,4.36925935745239,,,,,,
694157312,661,661,661,4.37191915512085,4.37191915512085,4.37191915512085,,,,,,
695205888,662,662,662,4.41556549072266,4.41556549072266,4.41556549072266,,,,,,
696254464,663,663,663,4.43363952636719,4.43363952636719,4.43363952636719,,,,,,
697303040,664,664,664,4.41539096832275,4.41539096832275,4.41539096832275,,,,,,
698351616,665,665,665,4.38748455047607,4.38748455047607,4.38748455047607,,,,,,
699400192,666,666,666,4.41317129135132,4.41317129135132,4.41317129135132,,,,,,
700448768,667,667,667,4.42223453521729,4.42223453521729,4.42223453521729,,,,,,
701497344,668,668,668,4.48200988769531,4.48200988769531,4.48200988769531,,,,,,
702545920,669,669,669,4.40362119674683,4.40362119674683,4.40362119674683,,,,,,
703594496,670,670,670,4.38562297821045,4.38562297821045,4.38562297821045,,,,,,
704643072,671,671,671,4.36877202987671,4.36877202987671,4.36877202987671,,,,,,
705691648,672,672,672,4.40859222412109,4.40859222412109,4.40859222412109,,,,,,
706740224,673,673,673,4.30449962615967,4.30449962615967,4.30449962615967,,,,,,
707788800,674,674,674,4.37813282012939,4.37813282012939,4.37813282012939,,,,,,
708837376,675,675,675,4.36399841308594,4.36399841308594,4.36399841308594,,,,,,
709885952,676,676,676,4.46746683120728,4.46746683120728,4.46746683120728,,,,,,
710934528,677,677,677,4.3241457939148,4.3241457939148,4.3241457939148,,,,,,
711983104,678,678,678,4.40103387832642,4.40103387832642,4.40103387832642,,,,,,
713031680,679,679,679,4.38173294067383,4.38173294067383,4.38173294067383,,,,,,
714080256,680,680,680,4.4281530380249,4.4281530380249,4.4281530380249,,,,,,
715128832,681,681,681,4.31009244918823,4.31009244918823,4.31009244918823,,,,,,
716177408,682,682,682,4.34995412826538,4.34995412826538,4.34995412826538,,,,,,
717225984,683,683,683,4.32048797607422,4.32048797607422,4.32048797607422,,,,,,
718274560,684,684,684,4.39075136184692,4.39075136184692,4.39075136184692,,,,,,
719323136,685,685,685,4.411780834198,4.411780834198,4.411780834198,,,,,,
720371712,686,686,686,4.41899013519287,4.41899013519287,4.41899013519287,,,,,,
721420288,687,687,687,4.31361770629883,4.31361770629883,4.31361770629883,,,,,,
722468864,688,688,688,4.39558601379395,4.39558601379395,4.39558601379395,,,,,,
723517440,689,689,689,4.30466270446777,4.30466270446777,4.30466270446777,,,,,,
724566016,690,690,690,4.40242576599121,4.40242576599121,4.40242576599121,,,,,,
725614592,691,691,691,4.35519504547119,4.35519504547119,4.35519504547119,,,,,,
726663168,692,692,692,4.41550636291504,4.41550636291504,4.41550636291504,,,,,,
727711744,693,693,693,4.35003089904785,4.35003089904785,4.35003089904785,,,,,,
728760320,694,694,694,4.33740472793579,4.33740472793579,4.33740472793579,,,,,,
729808896,695,695,695,4.29857921600342,4.29857921600342,4.29857921600342,,,,,,
730857472,696,696,696,4.35862398147583,4.35862398147583,4.35862398147583,,,,,,
731906048,697,697,697,4.37592554092407,4.37592554092407,4.37592554092407,,,,,,
732954624,698,698,698,4.38218879699707,4.38218879699707,4.38218879699707,,,,,,
734003200,699,699,699,4.32712650299072,4.32712650299072,4.32712650299072,,,,,,
735051776,700,700,700,4.43259620666504,4.43259620666504,4.43259620666504,,,,,,
736100352,701,701,701,4.35432815551758,4.35432815551758,4.35432815551758,,,,,,
737148928,702,702,702,4.38616323471069,4.38616323471069,4.38616323471069,,,,,,
738197504,703,703,703,4.32499361038208,4.32499361038208,4.32499361038208,,,,,,
739246080,704,704,704,4.34750556945801,4.34750556945801,4.34750556945801,,,,,,
740294656,705,705,705,4.26090288162231,4.26090288162231,4.26090288162231,,,,,,
741343232,706,706,706,4.2491717338562,4.2491717338562,4.2491717338562,,,,,,
742391808,707,707,707,4.2288670539856,4.2288670539856,4.2288670539856,,,,,,
743440384,708,708,708,4.34088611602783,4.34088611602783,4.34088611602783,,,,,,
744488960,709,709,709,4.28458118438721,4.28458118438721,4.28458118438721,,,,,,
745537536,710,710,710,4.35236072540283,4.35236072540283,4.35236072540283,,,,,,
746586112,711,711,711,4.3402853012085,4.3402853012085,4.3402853012085,,,,,,
747634688,712,712,712,4.34024429321289,4.34024429321289,4.34024429321289,,,,,,
748683264,713,713,713,4.36907577514648,4.36907577514648,4.36907577514648,,,,,,
749731840,714,714,714,4.221022605896,4.221022605896,4.221022605896,,,,,,
750780416,715,715,715,4.26520586013794,4.26520586013794,4.26520586013794,,,,,,
751828992,716,716,716,4.37490749359131,4.37490749359131,4.37490749359131,,,,,,
752877568,717,717,717,4.36622428894043,4.36622428894043,4.36622428894043,,,,,,
753926144,718,718,718,4.31157207489014,4.31157207489014,4.31157207489014,,,,,,
754974720,719,719,719,4.35551404953003,4.35551404953003,4.35551404953003,,,,,,
756023296,720,720,720,4.30268573760986,4.30268573760986,4.30268573760986,,,,,,
757071872,721,721,721,4.30305910110474,4.30305910110474,4.30305910110474,,,,,,
758120448,722,722,722,4.34688520431519,4.34688520431519,4.34688520431519,,,,,,
759169024,723,723,723,4.36988592147827,4.36988592147827,4.36988592147827,,,,,,
760217600,724,724,724,4.36872720718384,4.36872720718384,4.36872720718384,,,,,,
761266176,725,725,725,4.24242687225342,4.24242687225342,4.24242687225342,,,,,,
762314752,726,726,726,4.33765268325806,4.33765268325806,4.33765268325806,,,,,,
763363328,727,727,727,4.31424951553345,4.31424951553345,4.31424951553345,,,,,,
764411904,728,728,728,4.32898044586182,4.32898044586182,4.32898044586182,,,,,,
765460480,729,729,729,4.18212699890137,4.18212699890137,4.18212699890137,,,,,,
766509056,730,730,730,4.34339714050293,4.34339714050293,4.34339714050293,,,,,,
767557632,731,731,731,4.31783246994019,4.31783246994019,4.31783246994019,,,,,,
768606208,732,732,732,4.35615873336792,4.35615873336792,4.35615873336792,,,,,,
769654784,733,733,733,4.25675010681152,4.25675010681152,4.25675010681152,,,,,,
770703360,734,734,734,4.35119915008545,4.35119915008545,4.35119915008545,,,,,,
771751936,735,735,735,4.2708215713501,4.2708215713501,4.2708215713501,,,,,,
772800512,736,736,736,4.3464560508728,4.3464560508728,4.3464560508728,,,,,,
773849088,737,737,737,4.26081371307373,4.26081371307373,4.26081371307373,,,,,,
774897664,738,738,738,4.23441076278687,4.23441076278687,4.23441076278687,,,,,,
775946240,739,739,739,4.24097061157227,4.24097061157227,4.24097061157227,,,,,,
776994816,740,740,740,4.36086893081665,4.36086893081665,4.36086893081665,,,,,,
778043392,741,741,741,4.27086210250855,4.27086210250855,4.27086210250855,,,,,,
779091968,742,742,742,4.22019672393799,4.22019672393799,4.22019672393799,,,,,,
780140544,743,743,743,4.20087385177612,4.20087385177612,4.20087385177612,,,,,,
781189120,744,744,744,4.2608642578125,4.2608642578125,4.2608642578125,,,,,,
782237696,745,745,745,4.19761943817139,4.19761943817139,4.19761943817139,,,,,,
783286272,746,746,746,4.30160856246948,4.30160856246948,4.30160856246948,,,,,,
784334848,747,747,747,4.26106262207031,4.26106262207031,4.26106262207031,,,,,,
785383424,748,748,748,4.2365198135376,4.2365198135376,4.2365198135376,,,,,,
786432000,749,749,749,4.25109720230103,4.25109720230103,4.25109720230103,,,,,,
787480576,750,750,750,4.28290319442749,4.28290319442749,4.28290319442749,,,,,,
788529152,751,751,751,4.23860454559326,4.23860454559326,4.23860454559326,,,,,,
789577728,752,752,752,4.28527355194092,4.28527355194092,4.28527355194092,,,,,,
790626304,753,753,753,4.28333473205566,4.28333473205566,4.28333473205566,,,,,,
791674880,754,754,754,4.24125099182129,4.24125099182129,4.24125099182129,,,,,,
792723456,755,755,755,4.14502573013306,4.14502573013306,4.14502573013306,,,,,,
793772032,756,756,756,4.20778560638428,4.20778560638428,4.20778560638428,,,,,,
794820608,757,757,757,4.19722890853882,4.19722890853882,4.19722890853882,,,,,,
795869184,758,758,758,4.35832929611206,4.35832929611206,4.35832929611206,,,,,,
796917760,759,759,759,4.19381713867188,4.19381713867188,4.19381713867188,,,,,,
797966336,760,760,760,4.19101858139038,4.19101858139038,4.19101858139038,,,,,,
799014912,761,761,761,4.23470067977905,4.23470067977905,4.23470067977905,,,,,,
800063488,762,762,762,4.29693794250488,4.29693794250488,4.29693794250488,,,,,,
801112064,763,763,763,4.17983818054199,4.17983818054199,4.17983818054199,,,,,,
802160640,764,764,764,4.33407020568848,4.33407020568848,4.33407020568848,,,,,,
803209216,765,765,765,4.2671275138855,4.2671275138855,4.2671275138855,,,,,,
804257792,766,766,766,4.34211826324463,4.34211826324463,4.34211826324463,,,,,,
805306368,767,767,767,4.16916465759277,4.16916465759277,4.16916465759277,,,,,,
806354944,768,768,768,4.29211902618408,4.29211902618408,4.29211902618408,,,,,,
807403520,769,769,769,4.25894451141357,4.25894451141357,4.25894451141357,,,,,,
808452096,770,770,770,4.2199182510376,4.2199182510376,4.2199182510376,,,,,,
809500672,771,771,771,4.20727491378784,4.20727491378784,4.20727491378784,,,,,,
810549248,772,772,772,4.30820989608765,4.30820989608765,4.30820989608765,,,,,,
811597824,773,773,773,4.14962530136108,4.14962530136108,4.14962530136108,,,,,,
812646400,774,774,774,4.29516267776489,4.29516267776489,4.29516267776489,,,,,,
813694976,775,775,775,4.25091981887817,4.25091981887817,4.25091981887817,,,,,,
814743552,776,776,776,4.22472906112671,4.22472906112671,4.22472906112671,,,,,,
815792128,777,777,777,4.12477493286133,4.12477493286133,4.12477493286133,,,,,,
816840704,778,778,778,4.26024150848389,4.26024150848389,4.26024150848389,,,,,,
817889280,779,779,779,4.17464351654053,4.17464351654053,4.17464351654053,,,,,,
818937856,780,780,780,4.18178653717041,4.18178653717041,4.18178653717041,,,,,,
819986432,781,781,781,4.14306688308716,4.14306688308716,4.14306688308716,,,,,,
821035008,782,782,782,4.2500262260437,4.2500262260437,4.2500262260437,,,,,,
822083584,783,783,783,4.1785135269165,4.1785135269165,4.1785135269165,,,,,,
823132160,784,784,784,4.26126956939697,4.26126956939697,4.26126956939697,,,,,,
824180736,785,785,785,4.26510047912598,4.26510047912598,4.26510047912598,,,,,,
825229312,786,786,786,4.2457857131958,4.2457857131958,4.2457857131958,,,,,,
826277888,787,787,787,4.19743299484253,4.19743299484253,4.19743299484253,,,,,,
827326464,788,788,788,4.18956327438355,4.18956327438355,4.18956327438355,,,,,,
828375040,789,789,789,4.18458461761475,4.18458461761475,4.18458461761475,,,,,,
829423616,790,790,790,4.19805145263672,4.19805145263672,4.19805145263672,,,,,,
830472192,791,791,791,4.19962978363037,4.19962978363037,4.19962978363037,,,,,,
831520768,792,792,792,4.22097396850586,4.22097396850586,4.22097396850586,,,,,,
832569344,793,793,793,4.2436466217041,4.2436466217041,4.2436466217041,,,,,,
833617920,794,794,794,4.21968460083008,4.21968460083008,4.21968460083008,,,,,,
834666496,795,795,795,4.18097448348999,4.18097448348999,4.18097448348999,,,,,,
835715072,796,796,796,4.22221422195435,4.22221422195435,4.22221422195435,,,,,,
836763648,797,797,797,4.15642213821411,4.15642213821411,4.15642213821411,,,,,,
837812224,798,798,798,4.21124505996704,4.21124505996704,4.21124505996704,,,,,,
838860800,799,799,799,4.1179370880127,4.1179370880127,4.1179370880127,,,,,,
839909376,800,800,800,4.23851156234741,4.23851156234741,4.23851156234741,,,,,,
840957952,801,801,801,4.20889902114868,4.20889902114868,4.20889902114868,,,,,,
842006528,802,802,802,4.16164207458496,4.16164207458496,4.16164207458496,,,,,,
843055104,803,803,803,4.09089040756226,4.09089040756226,4.09089040756226,,,,,,
844103680,804,804,804,4.27990102767944,4.27990102767944,4.27990102767944,,,,,,
845152256,805,805,805,4.17139673233032,4.17139673233032,4.17139673233032,,,,,,
846200832,806,806,806,4.22955703735352,4.22955703735352,4.22955703735352,,,,,,
847249408,807,807,807,4.15190553665161,4.15190553665161,4.15190553665161,,,,,,
848297984,808,808,808,4.1269006729126,4.1269006729126,4.1269006729126,,,,,,
849346560,809,809,809,4.11138534545898,4.11138534545898,4.11138534545898,,,,,,
850395136,810,810,810,4.21035671234131,4.21035671234131,4.21035671234131,,,,,,
851443712,811,811,811,4.10310888290405,4.10310888290405,4.10310888290405,,,,,,
852492288,812,812,812,4.11563968658447,4.11563968658447,4.11563968658447,,,,,,
853540864,813,813,813,4.140784740448,4.140784740448,4.140784740448,,,,,,
854589440,814,814,814,4.14166736602783,4.14166736602783,4.14166736602783,,,,,,
855638016,815,815,815,4.16823768615723,4.16823768615723,4.16823768615723,,,,,,
856686592,816,816,816,4.10731601715088,4.10731601715088,4.10731601715088,,,,,,
857735168,817,817,817,4.11502456665039,4.11502456665039,4.11502456665039,,,,,,
858783744,818,818,818,4.17446327209473,4.17446327209473,4.17446327209473,,,,,,
859832320,819,819,819,4.15027618408203,4.15027618408203,4.15027618408203,,,,,,
860880896,820,820,820,4.1974630355835,4.1974630355835,4.1974630355835,,,,,,
861929472,821,821,821,4.12266159057617,4.12266159057617,4.12266159057617,,,,,,
862978048,822,822,822,4.24641036987305,4.24641036987305,4.24641036987305,,,,,,
864026624,823,823,823,4.12581825256348,4.12581825256348,4.12581825256348,,,,,,
865075200,824,824,824,4.16212224960327,4.16212224960327,4.16212224960327,,,,,,
866123776,825,825,825,4.07665634155273,4.07665634155273,4.07665634155273,,,,,,
867172352,826,826,826,4.21098566055298,4.21098566055298,4.21098566055298,,,,,,
868220928,827,827,827,4.19326496124268,4.19326496124268,4.19326496124268,,,,,,
869269504,828,828,828,4.14884185791016,4.14884185791016,4.14884185791016,,,,,,
870318080,829,829,829,4.14930057525635,4.14930057525635,4.14930057525635,,,,,,
871366656,830,830,830,4.17024278640747,4.17024278640747,4.17024278640747,,,,,,
872415232,831,831,831,4.14716625213623,4.14716625213623,4.14716625213623,,,,,,
873463808,832,832,832,4.1291389465332,4.1291389465332,4.1291389465332,,,,,,
874512384,833,833,833,4.12856674194336,4.12856674194336,4.12856674194336,,,,,,
875560960,834,834,834,4.19844722747803,4.19844722747803,4.19844722747803,,,,,,
876609536,835,835,835,4.05921316146851,4.05921316146851,4.05921316146851,,,,,,
877658112,836,836,836,4.10365009307861,4.10365009307861,4.10365009307861,,,,,,
878706688,837,837,837,4.1069130897522,4.1069130897522,4.1069130897522,,,,,,
879755264,838,838,838,4.1792631149292,4.1792631149292,4.1792631149292,,,,,,
880803840,839,839,839,4.12508964538574,4.12508964538574,4.12508964538574,,,,,,
881852416,840,840,840,4.11077117919922,4.11077117919922,4.11077117919922,,,,,,
882900992,841,841,841,4.02826023101807,4.02826023101807,4.02826023101807,,,,,,
883949568,842,842,842,4.08969736099243,4.08969736099243,4.08969736099243,,,,,,
884998144,843,843,843,4.08432149887085,4.08432149887085,4.08432149887085,,,,,,
886046720,844,844,844,4.11687517166138,4.11687517166138,4.11687517166138,,,,,,
887095296,845,845,845,4.10337543487549,4.10337543487549,4.10337543487549,,,,,,
888143872,846,846,846,4.1762261390686,4.1762261390686,4.1762261390686,,,,,,
889192448,847,847,847,4.10864067077637,4.10864067077637,4.10864067077637,,,,,,
890241024,848,848,848,4.11327505111694,4.11327505111694,4.11327505111694,,,,,,
891289600,849,849,849,4.09498262405396,4.09498262405396,4.09498262405396,,,,,,
892338176,850,850,850,4.15944480895996,4.15944480895996,4.15944480895996,,,,,,
893386752,851,851,851,4.16434621810913,4.16434621810913,4.16434621810913,,,,,,
894435328,852,852,852,4.14583921432495,4.14583921432495,4.14583921432495,,,,,,
895483904,853,853,853,4.12486743927002,4.12486743927002,4.12486743927002,,,,,,
896532480,854,854,854,4.13646125793457,4.13646125793457,4.13646125793457,,,,,,
897581056,855,855,855,4.05721235275269,4.05721235275269,4.05721235275269,,,,,,
898629632,856,856,856,4.11337232589722,4.11337232589722,4.11337232589722,,,,,,
899678208,857,857,857,4.14717149734497,4.14717149734497,4.14717149734497,,,,,,
900726784,858,858,858,4.13252925872803,4.13252925872803,4.13252925872803,,,,,,
901775360,859,859,859,4.08919620513916,4.08919620513916,4.08919620513916,,,,,,
902823936,860,860,860,4.19720792770386,4.19720792770386,4.19720792770386,,,,,,
903872512,861,861,861,4.10508298873901,4.10508298873901,4.10508298873901,,,,,,
904921088,862,862,862,4.10969305038452,4.10969305038452,4.10969305038452,,,,,,
905969664,863,863,863,4.15305995941162,4.15305995941162,4.15305995941162,,,,,,
907018240,864,864,864,4.08633661270142,4.08633661270142,4.08633661270142,,,,,,
908066816,865,865,865,3.98141956329346,3.98141956329346,3.98141956329346,,,,,,
909115392,866,866,866,4.11805295944214,4.11805295944214,4.11805295944214,,,,,,
910163968,867,867,867,4.03900814056397,4.03900814056397,4.03900814056397,,,,,,
911212544,868,868,868,4.07059288024902,4.07059288024902,4.07059288024902,,,,,,
912261120,869,869,869,3.97255325317383,3.97255325317383,3.97255325317383,,,,,,
913309696,870,870,870,4.12762641906738,4.12762641906738,4.12762641906738,,,,,,
914358272,871,871,871,4.06627655029297,4.06627655029297,4.06627655029297,,,,,,
915406848,872,872,872,4.06955194473267,4.06955194473267,4.06955194473267,,,,,,
916455424,873,873,873,4.05113840103149,4.05113840103149,4.05113840103149,,,,,,
917504000,874,874,874,4.08204650878906,4.08204650878906,4.08204650878906,,,,,,
918552576,875,875,875,4.09963750839233,4.09963750839233,4.09963750839233,,,,,,
919601152,876,876,876,4.13438987731934,4.13438987731934,4.13438987731934,,,,,,
920649728,877,877,877,4.03853034973145,4.03853034973145,4.03853034973145,,,,,,
921698304,878,878,878,4.08000755310059,4.08000755310059,4.08000755310059,,,,,,
922746880,879,879,879,4.16585397720337,4.16585397720337,4.16585397720337,,,,,,
923795456,880,880,880,4.11120223999023,4.11120223999023,4.11120223999023,,,,,,
924844032,881,881,881,4.02954769134522,4.02954769134522,4.02954769134522,,,,,,
925892608,882,882,882,4.08259057998657,4.08259057998657,4.08259057998657,,,,,,
926941184,883,883,883,3.94920086860657,3.94920086860657,3.94920086860657,,,,,,
927989760,884,884,884,4.09594583511353,4.09594583511353,4.09594583511353,,,,,,
929038336,885,885,885,4.08344841003418,4.08344841003418,4.08344841003418,,,,,,
930086912,886,886,886,4.07074356079102,4.07074356079102,4.07074356079102,,,,,,
931135488,887,887,887,4.04779100418091,4.04779100418091,4.04779100418091,,,,,,
932184064,888,888,888,4.17252254486084,4.17252254486084,4.17252254486084,,,,,,
933232640,889,889,889,4.08093118667603,4.08093118667603,4.08093118667603,,,,,,
934281216,890,890,890,4.1593770980835,4.1593770980835,4.1593770980835,,,,,,
935329792,891,891,891,4.06623077392578,4.06623077392578,4.06623077392578,,,,,,
936378368,892,892,892,4.13491153717041,4.13491153717041,4.13491153717041,,,,,,
937426944,893,893,893,4.05071830749512,4.05071830749512,4.05071830749512,,,,,,
938475520,894,894,894,4.09952020645142,4.09952020645142,4.09952020645142,,,,,,
939524096,895,895,895,4.04205226898193,4.04205226898193,4.04205226898193,,,,,,
940572672,896,896,896,4.02590847015381,4.02590847015381,4.02590847015381,,,,,,
941621248,897,897,897,4.03642749786377,4.03642749786377,4.03642749786377,,,,,,
942669824,898,898,898,4.06951570510864,4.06951570510864,4.06951570510864,,,,,,
943718400,899,899,899,4.00062274932861,4.00062274932861,4.00062274932861,,,,,,
944766976,900,900,900,4.12570762634277,4.12570762634277,4.12570762634277,,,,,,
945815552,901,901,901,3.99473595619202,3.99473595619202,3.99473595619202,,,,,,
946864128,902,902,902,4.03796815872192,4.03796815872192,4.03796815872192,,,,,,
947912704,903,903,903,4.05711269378662,4.05711269378662,4.05711269378662,,,,,,
948961280,904,904,904,4.06470108032227,4.06470108032227,4.06470108032227,,,,,,
950009856,905,905,905,3.96667718887329,3.96667718887329,3.96667718887329,,,,,,
951058432,906,906,906,4.09117603302002,4.09117603302002,4.09117603302002,,,,,,
952107008,907,907,907,3.97190165519714,3.97190165519714,3.97190165519714,,,,,,
953155584,908,908,908,4.04853534698486,4.04853534698486,4.04853534698486,,,,,,
954204160,909,909,909,3.93070030212402,3.93070030212402,3.93070030212402,,,,,,
955252736,910,910,910,4.00553894042969,4.00553894042969,4.00553894042969,,,,,,
956301312,911,911,911,4.07844638824463,4.07844638824463,4.07844638824463,,,,,,
957349888,912,912,912,4.13741493225098,4.13741493225098,4.13741493225098,,,,,,
958398464,913,913,913,3.9596848487854,3.9596848487854,3.9596848487854,,,,,,
959447040,914,914,914,4.12635850906372,4.12635850906372,4.12635850906372,,,,,,
960495616,915,915,915,4.0184178352356,4.0184178352356,4.0184178352356,,,,,,
961544192,916,916,916,4.0300145149231,4.0300145149231,4.0300145149231,,,,,,
962592768,917,917,917,3.94870758056641,3.94870758056641,3.94870758056641,,,,,,
963641344,918,918,918,3.94730758666992,3.94730758666992,3.94730758666992,,,,,,
964689920,919,919,919,3.86805009841919,3.86805009841919,3.86805009841919,,,,,,
965738496,920,920,920,3.99423956871033,3.99423956871033,3.99423956871033,,,,,,
966787072,921,921,921,3.87699246406555,3.87699246406555,3.87699246406555,,,,,,
967835648,922,922,922,3.90273475646973,3.90273475646973,3.90273475646973,,,,,,
968884224,923,923,923,3.77388453483582,3.77388453483582,3.77388453483582,,,,,,
969932800,924,924,924,3.96764230728149,3.96764230728149,3.96764230728149,,,,,,
970981376,925,925,925,3.9307599067688,3.9307599067688,3.9307599067688,,,,,,
972029952,926,926,926,3.86091709136963,3.86091709136963,3.86091709136963,,,,,,
973078528,927,927,927,3.72019505500793,3.72019505500793,3.72019505500793,,,,,,
974127104,928,928,928,3.87832593917847,3.87832593917847,3.87832593917847,,,,,,
975175680,929,929,929,3.89379453659058,3.89379453659058,3.89379453659058,,,,,,
976224256,930,930,930,3.94870185852051,3.94870185852051,3.94870185852051,,,,,,
977272832,931,931,931,3.83087015151978,3.83087015151978,3.83087015151978,,,,,,
978321408,932,932,932,3.78510093688965,3.78510093688965,3.78510093688965,,,,,,
979369984,933,933,933,3.87837696075439,3.87837696075439,3.87837696075439,,,,,,
980418560,934,934,934,3.96036195755005,3.96036195755005,3.96036195755005,,,,,,
981467136,935,935,935,3.91790628433228,3.91790628433228,3.91790628433228,,,,,,
982515712,936,936,936,3.88301157951355,3.88301157951355,3.88301157951355,,,,,,
983564288,937,937,937,3.7421293258667,3.7421293258667,3.7421293258667,,,,,,
984612864,938,938,938,3.90933752059937,3.90933752059937,3.90933752059937,,,,,,
985661440,939,939,939,3.81509041786194,3.81509041786194,3.81509041786194,,,,,,
986710016,940,940,940,3.75627565383911,3.75627565383911,3.75627565383911,,,,,,
987758592,941,941,941,3.74206352233887,3.74206352233887,3.74206352233887,,,,,,
988807168,942,942,942,3.83993673324585,3.83993673324585,3.83993673324585,,,,,,
989855744,943,943,943,3.87397217750549,3.87397217750549,3.87397217750549,,,,,,
990904320,944,944,944,4.087317943573,4.087317943573,4.087317943573,,,,,,
991952896,945,945,945,3.94968914985657,3.94968914985657,3.94968914985657,,,,,,
993001472,946,946,946,3.93711042404175,3.93711042404175,3.93711042404175,,,,,,
994050048,947,947,947,3.87278032302856,3.87278032302856,3.87278032302856,,,,,,
995098624,948,948,948,3.93945026397705,3.93945026397705,3.93945026397705,,,,,,
996147200,949,949,949,3.93756365776062,3.93756365776062,3.93756365776062,,,,,,
997195776,950,950,950,3.9854040145874,3.9854040145874,3.9854040145874,,,,,,
998244352,951,951,951,3.92946648597717,3.92946648597717,3.92946648597717,,,,,,
999292928,952,952,952,4.02169466018677,4.02169466018677,4.02169466018677,,,,,,
1000341504,953,953,953,3.93616056442261,3.93616056442261,3.93616056442261,,,,,,
1001390080,954,954,954,3.68186330795288,3.68186330795288,3.68186330795288,,,,,,
1002438656,955,955,955,3.74992656707764,3.74992656707764,3.74992656707764,,,,,,
1003487232,956,956,956,3.79089689254761,3.79089689254761,3.79089689254761,,,,,,
1004535808,957,957,957,3.68218803405762,3.68218803405762,3.68218803405762,,,,,,
1005584384,958,958,958,3.82253408432007,3.82253408432007,3.82253408432007,,,,,,
1006632960,959,959,959,3.78743505477905,3.78743505477905,3.78743505477905,,,,,,
1007681536,960,960,960,3.85723447799683,3.85723447799683,3.85723447799683,,,,,,
1008730112,961,961,961,3.8892970085144,3.8892970085144,3.8892970085144,,,,,,
1009778688,962,962,962,3.93665337562561,3.93665337562561,3.93665337562561,,,,,,
1010827264,963,963,963,3.87363314628601,3.87363314628601,3.87363314628601,,,,,,
1011875840,964,964,964,3.97383260726929,3.97383260726929,3.97383260726929,,,,,,
1012924416,965,965,965,3.83803009986877,3.83803009986877,3.83803009986877,,,,,,
1013972992,966,966,966,3.94119381904602,3.94119381904602,3.94119381904602,,,,,,
1015021568,967,967,967,3.92341566085815,3.92341566085815,3.92341566085815,,,,,,
1016070144,968,968,968,3.9070885181427,3.9070885181427,3.9070885181427,,,,,,
1017118720,969,969,969,3.67388463020325,3.67388463020325,3.67388463020325,,,,,,
1018167296,970,970,970,3.75231170654297,3.75231170654297,3.75231170654297,,,,,,
1019215872,971,971,971,3.70168828964233,3.70168828964233,3.70168828964233,,,,,,
1020264448,972,972,972,3.66740417480469,3.66740417480469,3.66740417480469,,,,,,
1021313024,973,973,973,3.66920495033264,3.66920495033264,3.66920495033264,,,,,,
1022361600,974,974,974,3.85665941238403,3.85665941238403,3.85665941238403,,,,,,
1023410176,975,975,975,3.69717073440552,3.69717073440552,3.69717073440552,,,,,,
1024458752,976,976,976,3.84559631347656,3.84559631347656,3.84559631347656,,,,,,
1025507328,977,977,977,3.83473706245422,3.83473706245422,3.83473706245422,,,,,,
1026555904,978,978,978,3.84415912628174,3.84415912628174,3.84415912628174,,,,,,
1027604480,979,979,979,3.77617406845093,3.77617406845093,3.77617406845093,,,,,,
1028653056,980,980,980,3.83346390724182,3.83346390724182,3.83346390724182,,,,,,
1029701632,981,981,981,3.68365001678467,3.68365001678467,3.68365001678467,,,,,,
1030750208,982,982,982,3.89034032821655,3.89034032821655,3.89034032821655,,,,,,
1031798784,983,983,983,3.8558247089386,3.8558247089386,3.8558247089386,,,,,,
1032847360,984,984,984,3.9415271282196,3.9415271282196,3.9415271282196,,,,,,
1033895936,985,985,985,3.82312917709351,3.82312917709351,3.82312917709351,,,,,,
1034944512,986,986,986,3.71137404441834,3.71137404441834,3.71137404441834,,,,,,
1035993088,987,987,987,3.70568799972534,3.70568799972534,3.70568799972534,,,,,,
1037041664,988,988,988,3.85371613502502,3.85371613502502,3.85371613502502,,,,,,
1038090240,989,989,989,3.83243632316589,3.83243632316589,3.83243632316589,,,,,,
1039138816,990,990,990,3.75933074951172,3.75933074951172,3.75933074951172,,,,,,
1040187392,991,991,991,3.61582827568054,3.61582827568054,3.61582827568054,,,,,,
1041235968,992,992,992,3.69420456886292,3.69420456886292,3.69420456886292,,,,,,
1042284544,993,993,993,3.6064772605896,3.6064772605896,3.6064772605896,,,,,,
1043333120,994,994,994,3.91484808921814,3.91484808921814,3.91484808921814,,,,,,
1044381696,995,995,995,3.83855366706848,3.83855366706848,3.83855366706848,,,,,,
1045430272,996,996,996,3.87495899200439,3.87495899200439,3.87495899200439,,,,,,
1046478848,997,997,997,3.85442018508911,3.85442018508911,3.85442018508911,,,,,,
1047527424,998,998,998,3.89971709251404,3.89971709251404,3.89971709251404,,,,,,
1048576000,999,999,999,3.62032604217529,3.62032604217529,3.62032604217529,,,,,,
1049624576,1000,1000,1000,3.85902905464172,3.85902905464172,3.85902905464172,,,,,,
1050673152,1001,1001,1001,3.65536236763001,3.65536236763001,3.65536236763001,,,,,,
1051721728,1002,1002,1002,3.84320425987244,3.84320425987244,3.84320425987244,,,,,,
1052770304,1003,1003,1003,3.7763512134552,3.7763512134552,3.7763512134552,,,,,,
1053818880,1004,1004,1004,3.91031527519226,3.91031527519226,3.91031527519226,,,,,,
1054867456,1005,1005,1005,3.78315615653992,3.78315615653992,3.78315615653992,,,,,,
1055916032,1006,1006,1006,3.91750478744507,3.91750478744507,3.91750478744507,,,,,,
1056964608,1007,1007,1007,3.86073470115662,3.86073470115662,3.86073470115662,,,,,,
1058013184,1008,1008,1008,3.81789088249207,3.81789088249207,3.81789088249207,,,,,,
1059061760,1009,1009,1009,3.84361791610718,3.84361791610718,3.84361791610718,,,,,,
1060110336,1010,1010,1010,3.8662314414978,3.8662314414978,3.8662314414978,,,,,,
1061158912,1011,1011,1011,3.86553263664246,3.86553263664246,3.86553263664246,,,,,,
1062207488,1012,1012,1012,3.8542103767395,3.8542103767395,3.8542103767395,,,,,,
1063256064,1013,1013,1013,3.78901171684265,3.78901171684265,3.78901171684265,,,,,,
1064304640,1014,1014,1014,3.87886333465576,3.87886333465576,3.87886333465576,,,,,,
1065353216,1015,1015,1015,3.84071063995361,3.84071063995361,3.84071063995361,,,,,,
1066401792,1016,1016,1016,3.97134017944336,3.97134017944336,3.97134017944336,,,,,,
1067450368,1017,1017,1017,3.76494407653809,3.76494407653809,3.76494407653809,,,,,,
1068498944,1018,1018,1018,3.9094922542572,3.9094922542572,3.9094922542572,,,,,,
1069547520,1019,1019,1019,3.83714914321899,3.83714914321899,3.83714914321899,,,,,,
1070596096,1020,1020,1020,3.88939189910889,3.88939189910889,3.88939189910889,,,,,,
1071644672,1021,1021,1021,3.87198257446289,3.87198257446289,3.87198257446289,,,,,,
1072693248,1022,1022,1022,3.97678399085999,3.97678399085999,3.97678399085999,,,,,,
1073741824,1023,1023,1023,3.83917665481567,3.83917665481567,3.83917665481567,,,,,,
1074790400,1024,1024,1024,3.90517735481262,3.90517735481262,3.90517735481262,,,,,,
1075838976,1025,1025,1025,3.92444038391113,3.92444038391113,3.92444038391113,,,,,,
1076887552,1026,1026,1026,3.94230580329895,3.94230580329895,3.94230580329895,,,,,,
1077936128,1027,1027,1027,3.82243728637695,3.82243728637695,3.82243728637695,,,,,,
1078984704,1028,1028,1028,3.95613145828247,3.95613145828247,3.95613145828247,,,,,,
1080033280,1029,1029,1029,3.81360244750977,3.81360244750977,3.81360244750977,,,,,,
1081081856,1030,1030,1030,3.92150902748108,3.92150902748108,3.92150902748108,,,,,,
1082130432,1031,1031,1031,3.82920789718628,3.82920789718628,3.82920789718628,,,,,,
1083179008,1032,1032,1032,3.99067974090576,3.99067974090576,3.99067974090576,,,,,,
1084227584,1033,1033,1033,3.86512756347656,3.86512756347656,3.86512756347656,,,,,,
1085276160,1034,1034,1034,3.89891529083252,3.89891529083252,3.89891529083252,,,,,,
1086324736,1035,1035,1035,3.91380167007446,3.91380167007446,3.91380167007446,,,,,,
1087373312,1036,1036,1036,3.95838928222656,3.95838928222656,3.95838928222656,,,,,,
1088421888,1037,1037,1037,3.78640031814575,3.78640031814575,3.78640031814575,,,,,,
1089470464,1038,1038,1038,3.86837124824524,3.86837124824524,3.86837124824524,,,,,,
1090519040,1039,1039,1039,3.8296480178833,3.8296480178833,3.8296480178833,,,,,,
1091567616,1040,1040,1040,3.84984302520752,3.84984302520752,3.84984302520752,,,,,,
1092616192,1041,1041,1041,3.74069023132324,3.74069023132324,3.74069023132324,,,,,,
1093664768,1042,1042,1042,4.02909088134766,4.02909088134766,4.02909088134766,,,,,,
1094713344,1043,1043,1043,3.86633229255676,3.86633229255676,3.86633229255676,,,,,,
1095761920,1044,1044,1044,3.88451099395752,3.88451099395752,3.88451099395752,,,,,,
1096810496,1045,1045,1045,3.77999258041382,3.77999258041382,3.77999258041382,,,,,,
1097859072,1046,1046,1046,3.97822165489197,3.97822165489197,3.97822165489197,,,,,,
1098907648,1047,1047,1047,3.74111151695251,3.74111151695251,3.74111151695251,,,,,,
1099956224,1048,1048,1048,3.88314938545227,3.88314938545227,3.88314938545227,,,,,,
1101004800,1049,1049,1049,3.79552435874939,3.79552435874939,3.79552435874939,,,,,,
1102053376,1050,1050,1050,3.83504128456116,3.83504128456116,3.83504128456116,,,,,,
1103101952,1051,1051,1051,3.83111190795898,3.83111190795898,3.83111190795898,,,,,,
1104150528,1052,1052,1052,3.8280873298645,3.8280873298645,3.8280873298645,,,,,,
1105199104,1053,1053,1053,3.77884721755981,3.77884721755981,3.77884721755981,,,,,,
1106247680,1054,1054,1054,3.77516651153564,3.77516651153564,3.77516651153564,,,,,,
1107296256,1055,1055,1055,3.68011903762817,3.68011903762817,3.68011903762817,,,,,,
1108344832,1056,1056,1056,3.86998081207275,3.86998081207275,3.86998081207275,,,,,,
1109393408,1057,1057,1057,3.78638601303101,3.78638601303101,3.78638601303101,,,,,,
1110441984,1058,1058,1058,3.83344173431397,3.83344173431397,3.83344173431397,,,,,,
1111490560,1059,1059,1059,3.83910775184631,3.83910775184631,3.83910775184631,,,,,,
1112539136,1060,1060,1060,3.78762292861938,3.78762292861938,3.78762292861938,,,,,,
1113587712,1061,1061,1061,3.78320360183716,3.78320360183716,3.78320360183716,,,,,,
1114636288,1062,1062,1062,3.86488270759583,3.86488270759583,3.86488270759583,,,,,,
1115684864,1063,1063,1063,3.69149827957153,3.69149827957153,3.69149827957153,,,,,,
1116733440,1064,1064,1064,3.85442423820496,3.85442423820496,3.85442423820496,,,,,,
1117782016,1065,1065,1065,3.82711052894592,3.82711052894592,3.82711052894592,,,,,,
1118830592,1066,1066,1066,3.72091102600098,3.72091102600098,3.72091102600098,,,,,,
1119879168,1067,1067,1067,3.66151642799377,3.66151642799377,3.66151642799377,,,,,,
1120927744,1068,1068,1068,3.68840503692627,3.68840503692627,3.68840503692627,,,,,,
1121976320,1069,1069,1069,3.66471910476685,3.66471910476685,3.66471910476685,,,,,,
1123024896,1070,1070,1070,3.74515604972839,3.74515604972839,3.74515604972839,,,,,,
1124073472,1071,1071,1071,3.78244256973267,3.78244256973267,3.78244256973267,,,,,,
1125122048,1072,1072,1072,3.72928929328918,3.72928929328918,3.72928929328918,,,,,,
1126170624,1073,1073,1073,3.75288486480713,3.75288486480713,3.75288486480713,,,,,,
1127219200,1074,1074,1074,3.74234986305237,3.74234986305237,3.74234986305237,,,,,,
1128267776,1075,1075,1075,3.7058482170105,3.7058482170105,3.7058482170105,,,,,,
1129316352,1076,1076,1076,3.53407955169678,3.53407955169678,3.53407955169678,,,,,,
1130364928,1077,1077,1077,3.60591173171997,3.60591173171997,3.60591173171997,,,,,,
1131413504,1078,1078,1078,3.66180014610291,3.66180014610291,3.66180014610291,,,,,,
1132462080,1079,1079,1079,3.59771537780762,3.59771537780762,3.59771537780762,,,,,,
1133510656,1080,1080,1080,3.61059045791626,3.61059045791626,3.61059045791626,,,,,,
1134559232,1081,1081,1081,3.61948013305664,3.61948013305664,3.61948013305664,,,,,,
1135607808,1082,1082,1082,3.70688128471375,3.70688128471375,3.70688128471375,,,,,,
1136656384,1083,1083,1083,3.74575161933899,3.74575161933899,3.74575161933899,,,,,,
1137704960,1084,1084,1084,3.63922739028931,3.63922739028931,3.63922739028931,,,,,,
1138753536,1085,1085,1085,3.62764286994934,3.62764286994934,3.62764286994934,,,,,,
1139802112,1086,1086,1086,3.74738025665283,3.74738025665283,3.74738025665283,,,,,,
1140850688,1087,1087,1087,3.69889426231384,3.69889426231384,3.69889426231384,,,,,,
1141899264,1088,1088,1088,3.67393970489502,3.67393970489502,3.67393970489502,,,,,,
1142947840,1089,1089,1089,3.71990633010864,3.71990633010864,3.71990633010864,,,,,,
1143996416,1090,1090,1090,3.64288663864136,3.64288663864136,3.64288663864136,,,,,,
1145044992,1091,1091,1091,3.64398837089539,3.64398837089539,3.64398837089539,,,,,,
1146093568,1092,1092,1092,3.57085633277893,3.57085633277893,3.57085633277893,,,,,,
1147142144,1093,1093,1093,3.64693379402161,3.64693379402161,3.64693379402161,,,,,,
1148190720,1094,1094,1094,3.6816029548645,3.6816029548645,3.6816029548645,,,,,,
1149239296,1095,1095,1095,3.63033747673035,3.63033747673035,3.63033747673035,,,,,,
1150287872,1096,1096,1096,3.60642385482788,3.60642385482788,3.60642385482788,,,,,,
1151336448,1097,1097,1097,3.56428122520447,3.56428122520447,3.56428122520447,,,,,,
1152385024,1098,1098,1098,3.6531400680542,3.6531400680542,3.6531400680542,,,,,,
1153433600,1099,1099,1099,3.65745258331299,3.65745258331299,3.65745258331299,,,,,,
1154482176,1100,1100,1100,3.69024562835693,3.69024562835693,3.69024562835693,,,,,,
1155530752,1101,1101,1101,3.66290283203125,3.66290283203125,3.66290283203125,,,,,,
1156579328,1102,1102,1102,3.65523052215576,3.65523052215576,3.65523052215576,,,,,,
1157627904,1103,1103,1103,3.71910548210144,3.71910548210144,3.71910548210144,,,,,,
1158676480,1104,1104,1104,3.64219951629639,3.64219951629639,3.64219951629639,,,,,,
1159725056,1105,1105,1105,3.53553700447083,3.53553700447083,3.53553700447083,,,,,,
1160773632,1106,1106,1106,3.52089214324951,3.52089214324951,3.52089214324951,,,,,,
1161822208,1107,1107,1107,3.61228132247925,3.61228132247925,3.61228132247925,,,,,,
1162870784,1108,1108,1108,3.52936172485352,3.52936172485352,3.52936172485352,,,,,,
1163919360,1109,1109,1109,3.45061254501343,3.45061254501343,3.45061254501343,,,,,,
1164967936,1110,1110,1110,3.58930969238281,3.58930969238281,3.58930969238281,,,,,,
1166016512,1111,1111,1111,3.61946511268616,3.61946511268616,3.61946511268616,,,,,,
1167065088,1112,1112,1112,3.62700605392456,3.62700605392456,3.62700605392456,,,,,,
1168113664,1113,1113,1113,3.57113528251648,3.57113528251648,3.57113528251648,,,,,,
1169162240,1114,1114,1114,3.52259993553162,3.52259993553162,3.52259993553162,,,,,,
1170210816,1115,1115,1115,3.51597762107849,3.51597762107849,3.51597762107849,,,,,,
1171259392,1116,1116,1116,3.61246013641357,3.61246013641357,3.61246013641357,,,,,,
1172307968,1117,1117,1117,3.45008230209351,3.45008230209351,3.45008230209351,,,,,,
1173356544,1118,1118,1118,3.64809226989746,3.64809226989746,3.64809226989746,,,,,,
1174405120,1119,1119,1119,3.47976183891296,3.47976183891296,3.47976183891296,,,,,,
1175453696,1120,1120,1120,3.45754814147949,3.45754814147949,3.45754814147949,,,,,,
1176502272,1121,1121,1121,3.29741621017456,3.29741621017456,3.29741621017456,,,,,,
1177550848,1122,1122,1122,3.41540789604187,3.41540789604187,3.41540789604187,,,,,,
1178599424,1123,1123,1123,3.40141129493713,3.40141129493713,3.40141129493713,,,,,,
1179648000,1124,1124,1124,3.50938057899475,3.50938057899475,3.50938057899475,,,,,,
1180696576,1125,1125,1125,3.48197221755981,3.48197221755981,3.48197221755981,,,,,,
1181745152,1126,1126,1126,3.56643390655518,3.56643390655518,3.56643390655518,,,,,,
1182793728,1127,1127,1127,3.49089622497559,3.49089622497559,3.49089622497559,,,,,,
1183842304,1128,1128,1128,3.57566118240356,3.57566118240356,3.57566118240356,,,,,,
1184890880,1129,1129,1129,3.52753758430481,3.52753758430481,3.52753758430481,,,,,,
1185939456,1130,1130,1130,3.56119656562805,3.56119656562805,3.56119656562805,,,,,,
1186988032,1131,1131,1131,3.62770867347717,3.62770867347717,3.62770867347717,,,,,,
1188036608,1132,1132,1132,3.64068269729614,3.64068269729614,3.64068269729614,,,,,,
1189085184,1133,1133,1133,3.39675188064575,3.39675188064575,3.39675188064575,,,,,,
1190133760,1134,1134,1134,3.40490770339966,3.40490770339966,3.40490770339966,,,,,,
1191182336,1135,1135,1135,3.46346712112427,3.46346712112427,3.46346712112427,,,,,,
1192230912,1136,1136,1136,3.61106204986572,3.61106204986572,3.61106204986572,,,,,,
1193279488,1137,1137,1137,3.4846179485321,3.4846179485321,3.4846179485321,,,,,,
1194328064,1138,1138,1138,3.63292574882507,3.63292574882507,3.63292574882507,,,,,,
1195376640,1139,1139,1139,3.65862917900085,3.65862917900085,3.65862917900085,,,,,,
1196425216,1140,1140,1140,3.56605076789856,3.56605076789856,3.56605076789856,,,,,,
1197473792,1141,1141,1141,3.51283001899719,3.51283001899719,3.51283001899719,,,,,,
1198522368,1142,1142,1142,3.40530776977539,3.40530776977539,3.40530776977539,,,,,,
1199570944,1143,1143,1143,3.48721742630005,3.48721742630005,3.48721742630005,,,,,,
1200619520,1144,1144,1144,3.57604289054871,3.57604289054871,3.57604289054871,,,,,,
1201668096,1145,1145,1145,3.61081767082214,3.61081767082214,3.61081767082214,,,,,,
1202716672,1146,1146,1146,3.65428996086121,3.65428996086121,3.65428996086121,,,,,,
1203765248,1147,1147,1147,3.56052875518799,3.56052875518799,3.56052875518799,,,,,,
1204813824,1148,1148,1148,3.64297103881836,3.64297103881836,3.64297103881836,,,,,,
1205862400,1149,1149,1149,3.51934456825256,3.51934456825256,3.51934456825256,,,,,,
1206910976,1150,1150,1150,3.53061389923096,3.53061389923096,3.53061389923096,,,,,,
1207959552,1151,1151,1151,3.42896771430969,3.42896771430969,3.42896771430969,,,,,,
1209008128,1152,1152,1152,3.30170869827271,3.30170869827271,3.30170869827271,,,,,,
1210056704,1153,1153,1153,3.37561321258545,3.37561321258545,3.37561321258545,,,,,,
1211105280,1154,1154,1154,3.52697539329529,3.52697539329529,3.52697539329529,,,,,,
1212153856,1155,1155,1155,3.50595712661743,3.50595712661743,3.50595712661743,,,,,,
1213202432,1156,1156,1156,3.56118607521057,3.56118607521057,3.56118607521057,,,,,,
1214251008,1157,1157,1157,3.44738578796387,3.44738578796387,3.44738578796387,,,,,,
1215299584,1158,1158,1158,3.4388279914856,3.4388279914856,3.4388279914856,,,,,,
1216348160,1159,1159,1159,3.5852541923523,3.5852541923523,3.5852541923523,,,,,,
1217396736,1160,1160,1160,3.50295877456665,3.50295877456665,3.50295877456665,,,,,,
1218445312,1161,1161,1161,3.5074291229248,3.5074291229248,3.5074291229248,,,,,,
1219493888,1162,1162,1162,3.46266317367554,3.46266317367554,3.46266317367554,,,,,,
1220542464,1163,1163,1163,3.35858178138733,3.35858178138733,3.35858178138733,,,,,,
1221591040,1164,1164,1164,3.32821750640869,3.32821750640869,3.32821750640869,,,,,,
1222639616,1165,1165,1165,3.3634557723999,3.3634557723999,3.3634557723999,,,,,,
1223688192,1166,1166,1166,3.48509192466736,3.48509192466736,3.48509192466736,,,,,,
1224736768,1167,1167,1167,3.54883337020874,3.54883337020874,3.54883337020874,,,,,,
1225785344,1168,1168,1168,3.49391722679138,3.49391722679138,3.49391722679138,,,,,,
1226833920,1169,1169,1169,3.30893611907959,3.30893611907959,3.30893611907959,,,,,,
1227882496,1170,1170,1170,3.54978775978088,3.54978775978088,3.54978775978088,,,,,,
1228931072,1171,1171,1171,3.5013644695282,3.5013644695282,3.5013644695282,,,,,,
1229979648,1172,1172,1172,3.45841503143311,3.45841503143311,3.45841503143311,,,,,,
1231028224,1173,1173,1173,3.38180661201477,3.38180661201477,3.38180661201477,,,,,,
1232076800,1174,1174,1174,3.45283555984497,3.45283555984497,3.45283555984497,,,,,,
1233125376,1175,1175,1175,3.38697123527527,3.38697123527527,3.38697123527527,,,,,,
1234173952,1176,1176,1176,3.65202498435974,3.65202498435974,3.65202498435974,,,,,,
1235222528,1177,1177,1177,3.56290888786316,3.56290888786316,3.56290888786316,,,,,,
1236271104,1178,1178,1178,3.37651062011719,3.37651062011719,3.37651062011719,,,,,,
1237319680,1179,1179,1179,3.42641639709473,3.42641639709473,3.42641639709473,,,,,,
1238368256,1180,1180,1180,3.68275284767151,3.68275284767151,3.68275284767151,,,,,,
1239416832,1181,1181,1181,3.50909018516541,3.50909018516541,3.50909018516541,,,,,,
1240465408,1182,1182,1182,3.3633508682251,3.3633508682251,3.3633508682251,,,,,,
1241513984,1183,1183,1183,3.39395380020142,3.39395380020142,3.39395380020142,,,,,,
1242562560,1184,1184,1184,3.56963300704956,3.56963300704956,3.56963300704956,,,,,,
1243611136,1185,1185,1185,3.43439197540283,3.43439197540283,3.43439197540283,,,,,,
1244659712,1186,1186,1186,3.28700113296509,3.28700113296509,3.28700113296509,,,,,,
1245708288,1187,1187,1187,3.36562752723694,3.36562752723694,3.36562752723694,,,,,,
1246756864,1188,1188,1188,3.51905965805054,3.51905965805054,3.51905965805054,,,,,,
1247805440,1189,1189,1189,3.48687672615051,3.48687672615051,3.48687672615051,,,,,,
1248854016,1190,1190,1190,3.34178185462952,3.34178185462952,3.34178185462952,,,,,,
1249902592,1191,1191,1191,3.46264290809631,3.46264290809631,3.46264290809631,,,,,,
1250951168,1192,1192,1192,3.43915224075317,3.43915224075317,3.43915224075317,,,,,,
1251999744,1193,1193,1193,3.29783535003662,3.29783535003662,3.29783535003662,,,,,,
1253048320,1194,1194,1194,3.31532096862793,3.31532096862793,3.31532096862793,,,,,,
1254096896,1195,1195,1195,3.41754746437073,3.41754746437073,3.41754746437073,,,,,,
1255145472,1196,1196,1196,3.32736253738403,3.32736253738403,3.32736253738403,,,,,,
1256194048,1197,1197,1197,3.33721494674683,3.33721494674683,3.33721494674683,,,,,,
1257242624,1198,1198,1198,3.4427375793457,3.4427375793457,3.4427375793457,,,,,,
1258291200,1199,1199,1199,3.43199515342712,3.43199515342712,3.43199515342712,,,,,,
1259339776,1200,1200,1200,3.42440438270569,3.42440438270569,3.42440438270569,,,,,,
1260388352,1201,1201,1201,3.42029023170471,3.42029023170471,3.42029023170471,,,,,,
1261436928,1202,1202,1202,3.33370161056519,3.33370161056519,3.33370161056519,,,,,,
1262485504,1203,1203,1203,3.45189523696899,3.45189523696899,3.45189523696899,,,,,,
1263534080,1204,1204,1204,3.47807121276855,3.47807121276855,3.47807121276855,,,,,,
1264582656,1205,1205,1205,3.48308324813843,3.48308324813843,3.48308324813843,,,,,,
1265631232,1206,1206,1206,3.5027871131897,3.5027871131897,3.5027871131897,,,,,,
1266679808,1207,1207,1207,3.36636853218079,3.36636853218079,3.36636853218079,,,,,,
1267728384,1208,1208,1208,3.44867944717407,3.44867944717407,3.44867944717407,,,,,,
1268776960,1209,1209,1209,3.31564545631409,3.31564545631409,3.31564545631409,,,,,,
1269825536,1210,1210,1210,3.20589995384216,3.20589995384216,3.20589995384216,,,,,,
1270874112,1211,1211,1211,3.34857606887817,3.34857606887817,3.34857606887817,,,,,,
1271922688,1212,1212,1212,3.30431795120239,3.30431795120239,3.30431795120239,,,,,,
1272971264,1213,1213,1213,3.42688989639282,3.42688989639282,3.42688989639282,,,,,,
1274019840,1214,1214,1214,3.10401582717896,3.10401582717896,3.10401582717896,,,,,,
1275068416,1215,1215,1215,3.26050662994385,3.26050662994385,3.26050662994385,,,,,,
1276116992,1216,1216,1216,3.50163555145264,3.50163555145264,3.50163555145264,,,,,,
1277165568,1217,1217,1217,3.49551796913147,3.49551796913147,3.49551796913147,,,,,,
1278214144,1218,1218,1218,3.44380927085876,3.44380927085876,3.44380927085876,,,,,,
1279262720,1219,1219,1219,3.49571084976196,3.49571084976196,3.49571084976196,,,,,,
1280311296,1220,1220,1220,3.32800912857056,3.32800912857056,3.32800912857056,,,,,,
1281359872,1221,1221,1221,3.25822925567627,3.25822925567627,3.25822925567627,,,,,,
1282408448,1222,1222,1222,3.24951100349426,3.24951100349426,3.24951100349426,,,,,,
1283457024,1223,1223,1223,3.35643935203552,3.35643935203552,3.35643935203552,,,,,,
1284505600,1224,1224,1224,3.48563194274902,3.48563194274902,3.48563194274902,,,,,,
1285554176,1225,1225,1225,3.46856737136841,3.46856737136841,3.46856737136841,,,,,,
1286602752,1226,1226,1226,3.57538938522339,3.57538938522339,3.57538938522339,,,,,,
1287651328,1227,1227,1227,3.6398196220398,3.6398196220398,3.6398196220398,,,,,,
1288699904,1228,1228,1228,3.45247173309326,3.45247173309326,3.45247173309326,,,,,,
1289748480,1229,1229,1229,3.22174572944641,3.22174572944641,3.22174572944641,,,,,,
1290797056,1230,1230,1230,3.36551117897034,3.36551117897034,3.36551117897034,,,,,,
1291845632,1231,1231,1231,3.21181583404541,3.21181583404541,3.21181583404541,,,,,,
1292894208,1232,1232,1232,3.3102707862854,3.3102707862854,3.3102707862854,,,,,,
1293942784,1233,1233,1233,3.29498243331909,3.29498243331909,3.29498243331909,,,,,,
1294991360,1234,1234,1234,3.20579028129578,3.20579028129578,3.20579028129578,,,,,,
1296039936,1235,1235,1235,3.25174450874329,3.25174450874329,3.25174450874329,,,,,,
1297088512,1236,1236,1236,3.4420120716095,3.4420120716095,3.4420120716095,,,,,,
1298137088,1237,1237,1237,3.50743842124939,3.50743842124939,3.50743842124939,,,,,,
1299185664,1238,1238,1238,3.31557011604309,3.31557011604309,3.31557011604309,,,,,,
1300234240,1239,1239,1239,3.24073886871338,3.24073886871338,3.24073886871338,,,,,,
1301282816,1240,1240,1240,3.18256807327271,3.18256807327271,3.18256807327271,,,,,,
1302331392,1241,1241,1241,3.12171840667725,3.12171840667725,3.12171840667725,,,,,,
1303379968,1242,1242,1242,3.29550981521606,3.29550981521606,3.29550981521606,,,,,,
1304428544,1243,1243,1243,3.45494055747986,3.45494055747986,3.45494055747986,,,,,,
1305477120,1244,1244,1244,3.448655128479,3.448655128479,3.448655128479,,,,,,
1306525696,1245,1245,1245,3.30323028564453,3.30323028564453,3.30323028564453,,,,,,
1307574272,1246,1246,1246,3.06907200813293,3.06907200813293,3.06907200813293,,,,,,
1308622848,1247,1247,1247,3.29193067550659,3.29193067550659,3.29193067550659,,,,,,
1309671424,1248,1248,1248,3.34629797935486,3.34629797935486,3.34629797935486,,,,,,
1310720000,1249,1249,1249,3.52681612968445,3.52681612968445,3.52681612968445,,,,,,
1311768576,1250,1250,1250,3.43709969520569,3.43709969520569,3.43709969520569,,,,,,
1312817152,1251,1251,1251,3.48508930206299,3.48508930206299,3.48508930206299,,,,,,
1313865728,1252,1252,1252,3.37467765808105,3.37467765808105,3.37467765808105,,,,,,
1314914304,1253,1253,1253,3.27469253540039,3.27469253540039,3.27469253540039,,,,,,
1315962880,1254,1254,1254,3.35132813453674,3.35132813453674,3.35132813453674,,,,,,
1317011456,1255,1255,1255,3.42813611030579,3.42813611030579,3.42813611030579,,,,,,
1318060032,1256,1256,1256,3.51585483551025,3.51585483551025,3.51585483551025,,,,,,
1319108608,1257,1257,1257,3.3588490486145,3.3588490486145,3.3588490486145,,,,,,
1320157184,1258,1258,1258,3.2146577835083,3.2146577835083,3.2146577835083,,,,,,
1321205760,1259,1259,1259,3.14092707633972,3.14092707633972,3.14092707633972,,,,,,
1322254336,1260,1260,1260,3.23747801780701,3.23747801780701,3.23747801780701,,,,,,
1323302912,1261,1261,1261,3.40259456634522,3.40259456634522,3.40259456634522,,,,,,
1324351488,1262,1262,1262,3.14262771606445,3.14262771606445,3.14262771606445,,,,,,
1325400064,1263,1263,1263,3.20905113220215,3.20905113220215,3.20905113220215,,,,,,
1326448640,1264,1264,1264,3.34995794296265,3.34995794296265,3.34995794296265,,,,,,
1327497216,1265,1265,1265,3.38390636444092,3.38390636444092,3.38390636444092,,,,,,
1328545792,1266,1266,1266,3.46763277053833,3.46763277053833,3.46763277053833,,,,,,
1329594368,1267,1267,1267,3.34225821495056,3.34225821495056,3.34225821495056,,,,,,
1330642944,1268,1268,1268,3.37766122817993,3.37766122817993,3.37766122817993,,,,,,
1331691520,1269,1269,1269,3.30655312538147,3.30655312538147,3.30655312538147,,,,,,
1332740096,1270,1270,1270,3.48425626754761,3.48425626754761,3.48425626754761,,,,,,
1333788672,1271,1271,1271,3.46096301078796,3.46096301078796,3.46096301078796,,,,,,
1334837248,1272,1272,1272,3.30133080482483,3.30133080482483,3.30133080482483,,,,,,
1335885824,1273,1273,1273,3.33270597457886,3.33270597457886,3.33270597457886,,,,,,
1336934400,1274,1274,1274,3.39974856376648,3.39974856376648,3.39974856376648,,,,,,
1337982976,1275,1275,1275,3.22667360305786,3.22667360305786,3.22667360305786,,,,,,
1339031552,1276,1276,1276,3.28517723083496,3.28517723083496,3.28517723083496,,,,,,
1340080128,1277,1277,1277,3.3288402557373,3.3288402557373,3.3288402557373,,,,,,
1341128704,1278,1278,1278,3.43509578704834,3.43509578704834,3.43509578704834,,,,,,
1342177280,1279,1279,1279,3.38451409339905,3.38451409339905,3.38451409339905,,,,,,
1343225856,1280,1280,1280,3.33422040939331,3.33422040939331,3.33422040939331,,,,,,
1344274432,1281,1281,1281,3.34744930267334,3.34744930267334,3.34744930267334,,,,,,
1345323008,1282,1282,1282,3.47100520133972,3.47100520133972,3.47100520133972,,,,,,
1346371584,1283,1283,1283,3.25551199913025,3.25551199913025,3.25551199913025,,,,,,
1347420160,1284,1284,1284,3.42014050483704,3.42014050483704,3.42014050483704,,,,,,
1348468736,1285,1285,1285,3.32886528968811,3.32886528968811,3.32886528968811,,,,,,
1349517312,1286,1286,1286,3.51228189468384,3.51228189468384,3.51228189468384,,,,,,
1350565888,1287,1287,1287,3.32247543334961,3.32247543334961,3.32247543334961,,,,,,
1351614464,1288,1288,1288,3.4826717376709,3.4826717376709,3.4826717376709,,,,,,
1352663040,1289,1289,1289,3.50480532646179,3.50480532646179,3.50480532646179,,,,,,
1353711616,1290,1290,1290,3.35562181472778,3.35562181472778,3.35562181472778,,,,,,
1354760192,1291,1291,1291,3.39440131187439,3.39440131187439,3.39440131187439,,,,,,
1355808768,1292,1292,1292,3.28980231285095,3.28980231285095,3.28980231285095,,,,,,
1356857344,1293,1293,1293,3.33319902420044,3.33319902420044,3.33319902420044,,,,,,
1357905920,1294,1294,1294,3.15036606788635,3.15036606788635,3.15036606788635,,,,,,
1358954496,1295,1295,1295,3.37561106681824,3.37561106681824,3.37561106681824,,,,,,
1360003072,1296,1296,1296,3.23659467697144,3.23659467697144,3.23659467697144,,,,,,
1361051648,1297,1297,1297,3.30196046829224,3.30196046829224,3.30196046829224,,,,,,
1362100224,1298,1298,1298,3.38024663925171,3.38024663925171,3.38024663925171,,,,,,
1363148800,1299,1299,1299,3.45589661598206,3.45589661598206,3.45589661598206,,,,,,
1364197376,1300,1300,1300,3.56554937362671,3.56554937362671,3.56554937362671,,,,,,
1365245952,1301,1301,1301,3.41633725166321,3.41633725166321,3.41633725166321,,,,,,
1366294528,1302,1302,1302,3.47548317909241,3.47548317909241,3.47548317909241,,,,,,
1367343104,1303,1303,1303,3.30029535293579,3.30029535293579,3.30029535293579,,,,,,
1368391680,1304,1304,1304,3.34107232093811,3.34107232093811,3.34107232093811,,,,,,
1369440256,1305,1305,1305,3.43344640731812,3.43344640731812,3.43344640731812,,,,,,
1370488832,1306,1306,1306,3.3349347114563,3.3349347114563,3.3349347114563,,,,,,
1371537408,1307,1307,1307,3.3605842590332,3.3605842590332,3.3605842590332,,,,,,
1372585984,1308,1308,1308,3.25511693954468,3.25511693954468,3.25511693954468,,,,,,
1373634560,1309,1309,1309,3.25063967704773,3.25063967704773,3.25063967704773,,,,,,
1374683136,1310,1310,1310,3.28037619590759,3.28037619590759,3.28037619590759,,,,,,
1375731712,1311,1311,1311,3.22801852226257,3.22801852226257,3.22801852226257,,,,,,
1376780288,1312,1312,1312,3.01920127868652,3.01920127868652,3.01920127868652,,,,,,
1377828864,1313,1313,1313,3.14195132255554,3.14195132255554,3.14195132255554,,,,,,
1378877440,1314,1314,1314,3.50923538208008,3.50923538208008,3.50923538208008,,,,,,
1379926016,1315,1315,1315,3.33877992630005,3.33877992630005,3.33877992630005,,,,,,
1380974592,1316,1316,1316,3.28520822525024,3.28520822525024,3.28520822525024,,,,,,
1382023168,1317,1317,1317,3.24605488777161,3.24605488777161,3.24605488777161,,,,,,
1383071744,1318,1318,1318,3.4792366027832,3.4792366027832,3.4792366027832,,,,,,
1384120320,1319,1319,1319,3.44040679931641,3.44040679931641,3.44040679931641,,,,,,
1385168896,1320,1320,1320,3.10596942901611,3.10596942901611,3.10596942901611,,,,,,
1386217472,1321,1321,1321,3.12462759017944,3.12462759017944,3.12462759017944,,,,,,
1387266048,1322,1322,1322,3.39421606063843,3.39421606063843,3.39421606063843,,,,,,
1388314624,1323,1323,1323,3.37706708908081,3.37706708908081,3.37706708908081,,,,,,
1389363200,1324,1324,1324,3.55615925788879,3.55615925788879,3.55615925788879,,,,,,
1390411776,1325,1325,1325,3.55385828018188,3.55385828018188,3.55385828018188,,,,,,
1391460352,1326,1326,1326,3.33655452728272,3.33655452728272,3.33655452728272,,,,,,
1392508928,1327,1327,1327,3.40598964691162,3.40598964691162,3.40598964691162,,,,,,
1393557504,1328,1328,1328,3.30009365081787,3.30009365081787,3.30009365081787,,,,,,
1394606080,1329,1329,1329,3.27080726623535,3.27080726623535,3.27080726623535,,,,,,
1395654656,1330,1330,1330,3.42430973052979,3.42430973052979,3.42430973052979,,,,,,
1396703232,1331,1331,1331,3.42736196517944,3.42736196517944,3.42736196517944,,,,,,
1397751808,1332,1332,1332,3.41763710975647,3.41763710975647,3.41763710975647,,,,,,
1398800384,1333,1333,1333,3.32235956192017,3.32235956192017,3.32235956192017,,,,,,
1399848960,1334,1334,1334,3.47705483436584,3.47705483436584,3.47705483436584,,,,,,
1400897536,1335,1335,1335,3.44531893730164,3.44531893730164,3.44531893730164,,,,,,
1401946112,1336,1336,1336,2.99033975601196,2.99033975601196,2.99033975601196,,,,,,
1402994688,1337,1337,1337,3.24256062507629,3.24256062507629,3.24256062507629,,,,,,
1404043264,1338,1338,1338,3.30022597312927,3.30022597312927,3.30022597312927,,,,,,
1405091840,1339,1339,1339,3.38229513168335,3.38229513168335,3.38229513168335,,,,,,
1406140416,1340,1340,1340,3.16955900192261,3.16955900192261,3.16955900192261,,,,,,
1407188992,1341,1341,1341,3.34415531158447,3.34415531158447,3.34415531158447,,,,,,
1408237568,1342,1342,1342,3.37167596817017,3.37167596817017,3.37167596817017,,,,,,
1409286144,1343,1343,1343,3.24389743804932,3.24389743804932,3.24389743804932,,,,,,
1410334720,1344,1344,1344,3.01987743377686,3.01987743377686,3.01987743377686,,,,,,
1411383296,1345,1345,1345,3.25189304351807,3.25189304351807,3.25189304351807,,,,,,
1412431872,1346,1346,1346,3.23728847503662,3.23728847503662,3.23728847503662,,,,,,
1413480448,1347,1347,1347,3.29629945755005,3.29629945755005,3.29629945755005,,,,,,
1414529024,1348,1348,1348,3.37285089492798,3.37285089492798,3.37285089492798,,,,,,
1415577600,1349,1349,1349,3.23930144309998,3.23930144309998,3.23930144309998,,,,,,
1416626176,1350,1350,1350,3.13939261436462,3.13939261436462,3.13939261436462,,,,,,
1417674752,1351,1351,1351,3.27741432189941,3.27741432189941,3.27741432189941,,,,,,
1418723328,1352,1352,1352,3.30438470840454,3.30438470840454,3.30438470840454,,,,,,
1419771904,1353,1353,1353,3.25571322441101,3.25571322441101,3.25571322441101,,,,,,
1420820480,1354,1354,1354,3.29681444168091,3.29681444168091,3.29681444168091,,,,,,
1421869056,1355,1355,1355,3.30983114242554,3.30983114242554,3.30983114242554,,,,,,
1422917632,1356,1356,1356,3.20755290985107,3.20755290985107,3.20755290985107,,,,,,
1423966208,1357,1357,1357,3.17313265800476,3.17313265800476,3.17313265800476,,,,,,
1425014784,1358,1358,1358,3.42120695114136,3.42120695114136,3.42120695114136,,,,,,
1426063360,1359,1359,1359,3.31280469894409,3.31280469894409,3.31280469894409,,,,,,
1427111936,1360,1360,1360,3.27639722824097,3.27639722824097,3.27639722824097,,,,,,
1428160512,1361,1361,1361,3.36516714096069,3.36516714096069,3.36516714096069,,,,,,
1429209088,1362,1362,1362,3.42568159103394,3.42568159103394,3.42568159103394,,,,,,
1430257664,1363,1363,1363,3.2791953086853,3.2791953086853,3.2791953086853,,,,,,
1431306240,1364,1364,1364,3.22570538520813,3.22570538520813,3.22570538520813,,,,,,
1432354816,1365,1365,1365,3.24253129959106,3.24253129959106,3.24253129959106,,,,,,
1433403392,1366,1366,1366,3.24299550056458,3.24299550056458,3.24299550056458,,,,,,
1434451968,1367,1367,1367,3.31066250801086,3.31066250801086,3.31066250801086,,,,,,
1435500544,1368,1368,1368,3.03992795944214,3.03992795944214,3.03992795944214,,,,,,
1436549120,1369,1369,1369,3.1987099647522,3.1987099647522,3.1987099647522,,,,,,
1437597696,1370,1370,1370,3.17925786972046,3.17925786972046,3.17925786972046,,,,,,
1438646272,1371,1371,1371,3.28932857513428,3.28932857513428,3.28932857513428,,,,,,
1439694848,1372,1372,1372,3.22215700149536,3.22215700149536,3.22215700149536,,,,,,
1440743424,1373,1373,1373,3.14682722091675,3.14682722091675,3.14682722091675,,,,,,
1441792000,1374,1374,1374,3.35718774795532,3.35718774795532,3.35718774795532,,,,,,
1442840576,1375,1375,1375,3.32509636878967,3.32509636878967,3.32509636878967,,,,,,
1443889152,1376,1376,1376,3.2981390953064,3.2981390953064,3.2981390953064,,,,,,
1444937728,1377,1377,1377,3.38253688812256,3.38253688812256,3.38253688812256,,,,,,
1445986304,1378,1378,1378,3.34019470214844,3.34019470214844,3.34019470214844,,,,,,
1447034880,1379,1379,1379,3.38621592521668,3.38621592521668,3.38621592521668,,,,,,
1448083456,1380,1380,1380,3.23662948608398,3.23662948608398,3.23662948608398,,,,,,
1449132032,1381,1381,1381,3.44450616836548,3.44450616836548,3.44450616836548,,,,,,
1450180608,1382,1382,1382,3.25770807266235,3.25770807266235,3.25770807266235,,,,,,
1451229184,1383,1383,1383,3.23427700996399,3.23427700996399,3.23427700996399,,,,,,
1452277760,1384,1384,1384,3.10219764709473,3.10219764709473,3.10219764709473,,,,,,
1453326336,1385,1385,1385,3.1927285194397,3.1927285194397,3.1927285194397,,,,,,
1454374912,1386,1386,1386,3.26275873184204,3.26275873184204,3.26275873184204,,,,,,
1455423488,1387,1387,1387,3.21293067932129,3.21293067932129,3.21293067932129,,,,,,
1456472064,1388,1388,1388,3.27651023864746,3.27651023864746,3.27651023864746,,,,,,
1457520640,1389,1389,1389,3.21766901016235,3.21766901016235,3.21766901016235,,,,,,
1458569216,1390,1390,1390,3.35468697547913,3.35468697547913,3.35468697547913,,,,,,
1459617792,1391,1391,1391,3.35325193405151,3.35325193405151,3.35325193405151,,,,,,
1460666368,1392,1392,1392,3.14636921882629,3.14636921882629,3.14636921882629,,,,,,
1461714944,1393,1393,1393,3.23237586021423,3.23237586021423,3.23237586021423,,,,,,
1462763520,1394,1394,1394,3.52200078964233,3.52200078964233,3.52200078964233,,,,,,
1463812096,1395,1395,1395,3.27164816856384,3.27164816856384,3.27164816856384,,,,,,
1464860672,1396,1396,1396,3.02600836753845,3.02600836753845,3.02600836753845,,,,,,
1465909248,1397,1397,1397,3.21686458587647,3.21686458587647,3.21686458587647,,,,,,
1466957824,1398,1398,1398,2.92974472045898,2.92974472045898,2.92974472045898,,,,,,
1468006400,1399,1399,1399,3.22598910331726,3.22598910331726,3.22598910331726,,,,,,
1469054976,1400,1400,1400,3.21331834793091,3.21331834793091,3.21331834793091,,,,,,
1470103552,1401,1401,1401,3.20010113716126,3.20010113716126,3.20010113716126,,,,,,
1471152128,1402,1402,1402,3.28965330123901,3.28965330123901,3.28965330123901,,,,,,
1472200704,1403,1403,1403,3.33556985855103,3.33556985855103,3.33556985855103,,,,,,
1473249280,1404,1404,1404,2.98345041275024,2.98345041275024,2.98345041275024,,,,,,
1474297856,1405,1405,1405,3.2835054397583,3.2835054397583,3.2835054397583,,,,,,
1475346432,1406,1406,1406,3.35972809791565,3.35972809791565,3.35972809791565,,,,,,
1476395008,1407,1407,1407,3.39882612228394,3.39882612228394,3.39882612228394,,,,,,
1477443584,1408,1408,1408,3.21416592597961,3.21416592597961,3.21416592597961,,,,,,
1478492160,1409,1409,1409,3.21261072158813,3.21261072158813,3.21261072158813,,,,,,
1479540736,1410,1410,1410,3.04413294792175,3.04413294792175,3.04413294792175,,,,,,
1480589312,1411,1411,1411,3.30545902252197,3.30545902252197,3.30545902252197,,,,,,
1481637888,1412,1412,1412,3.15331029891968,3.15331029891968,3.15331029891968,,,,,,
1482686464,1413,1413,1413,3.32278990745544,3.32278990745544,3.32278990745544,,,,,,
1483735040,1414,1414,1414,3.29159998893738,3.29159998893738,3.29159998893738,,,,,,
1484783616,1415,1415,1415,3.14648032188416,3.14648032188416,3.14648032188416,,,,,,
1485832192,1416,1416,1416,3.06194067001343,3.06194067001343,3.06194067001343,,,,,,
1486880768,1417,1417,1417,3.25876569747925,3.25876569747925,3.25876569747925,,,,,,
1487929344,1418,1418,1418,3.37717390060425,3.37717390060425,3.37717390060425,,,,,,
1488977920,1419,1419,1419,3.30537843704224,3.30537843704224,3.30537843704224,,,,,,
1490026496,1420,1420,1420,3.18691897392273,3.18691897392273,3.18691897392273,,,,,,
1491075072,1421,1421,1421,3.19393420219421,3.19393420219421,3.19393420219421,,,,,,
1492123648,1422,1422,1422,3.14826560020447,3.14826560020447,3.14826560020447,,,,,,
1493172224,1423,1423,1423,3.15420150756836,3.15420150756836,3.15420150756836,,,,,,
1494220800,1424,1424,1424,3.46093797683716,3.46093797683716,3.46093797683716,,,,,,
1495269376,1425,1425,1425,3.39237451553345,3.39237451553345,3.39237451553345,,,,,,
1496317952,1426,1426,1426,3.33169960975647,3.33169960975647,3.33169960975647,,,,,,
1497366528,1427,1427,1427,3.18989515304565,3.18989515304565,3.18989515304565,,,,,,
1498415104,1428,1428,1428,3.14603972434998,3.14603972434998,3.14603972434998,,,,,,
1499463680,1429,1429,1429,3.04152584075928,3.04152584075928,3.04152584075928,,,,,,
1500512256,1430,1430,1430,3.2038300037384,3.2038300037384,3.2038300037384,,,,,,
1501560832,1431,1431,1431,3.23236989974976,3.23236989974976,3.23236989974976,,,,,,
1502609408,1432,1432,1432,3.13606882095337,3.13606882095337,3.13606882095337,,,,,,
1503657984,1433,1433,1433,3.13388538360596,3.13388538360596,3.13388538360596,,,,,,
1504706560,1434,1434,1434,3.18198299407959,3.18198299407959,3.18198299407959,,,,,,
1505755136,1435,1435,1435,3.37287855148315,3.37287855148315,3.37287855148315,,,,,,
1506803712,1436,1436,1436,3.13459444046021,3.13459444046021,3.13459444046021,,,,,,
1507852288,1437,1437,1437,3.35410046577454,3.35410046577454,3.35410046577454,,,,,,
1508900864,1438,1438,1438,3.08735656738281,3.08735656738281,3.08735656738281,,,,,,
1509949440,1439,1439,1439,3.21578598022461,3.21578598022461,3.21578598022461,,,,,,
1510998016,1440,1440,1440,3.36676454544067,3.36676454544067,3.36676454544067,,,,,,
1512046592,1441,1441,1441,3.25036787986755,3.25036787986755,3.25036787986755,,,,,,
1513095168,1442,1442,1442,3.26995372772217,3.26995372772217,3.26995372772217,,,,,,
1514143744,1443,1443,1443,3.19347310066223,3.19347310066223,3.19347310066223,,,,,,
1515192320,1444,1444,1444,3.14260864257813,3.14260864257813,3.14260864257813,,,,,,
1516240896,1445,1445,1445,3.1435272693634,3.1435272693634,3.1435272693634,,,,,,
1517289472,1446,1446,1446,3.28631734848022,3.28631734848022,3.28631734848022,,,,,,
1518338048,1447,1447,1447,3.04016947746277,3.04016947746277,3.04016947746277,,,,,,
1519386624,1448,1448,1448,3.28691411018372,3.28691411018372,3.28691411018372,,,,,,
1520435200,1449,1449,1449,3.09389662742615,3.09389662742615,3.09389662742615,,,,,,
1521483776,1450,1450,1450,3.13201236724854,3.13201236724854,3.13201236724854,,,,,,
1522532352,1451,1451,1451,3.20961260795593,3.20961260795593,3.20961260795593,,,,,,
1523580928,1452,1452,1452,3.18166160583496,3.18166160583496,3.18166160583496,,,,,,
1524629504,1453,1453,1453,3.23279285430908,3.23279285430908,3.23279285430908,,,,,,
1525678080,1454,1454,1454,3.0929262638092,3.0929262638092,3.0929262638092,,,,,,
1526726656,1455,1455,1455,3.19293761253357,3.19293761253357,3.19293761253357,,,,,,
1527775232,1456,1456,1456,3.1729691028595,3.1729691028595,3.1729691028595,,,,,,
1528823808,1457,1457,1457,3.04173183441162,3.04173183441162,3.04173183441162,,,,,,
1529872384,1458,1458,1458,3.16280865669251,3.16280865669251,3.16280865669251,,,,,,
1530920960,1459,1459,1459,3.21516275405884,3.21516275405884,3.21516275405884,,,,,,
1531969536,1460,1460,1460,3.36421847343445,3.36421847343445,3.36421847343445,,,,,,
1533018112,1461,1461,1461,3.40527391433716,3.40527391433716,3.40527391433716,,,,,,
1534066688,1462,1462,1462,3.37394237518311,3.37394237518311,3.37394237518311,,,,,,
1535115264,1463,1463,1463,3.20429086685181,3.20429086685181,3.20429086685181,,,,,,
1536163840,1464,1464,1464,3.25590252876282,3.25590252876282,3.25590252876282,,,,,,
1537212416,1465,1465,1465,3.26177740097046,3.26177740097046,3.26177740097046,,,,,,
1538260992,1466,1466,1466,3.31778120994568,3.31778120994568,3.31778120994568,,,,,,
1539309568,1467,1467,1467,3.21755290031433,3.21755290031433,3.21755290031433,,,,,,
1540358144,1468,1468,1468,3.27871584892273,3.27871584892273,3.27871584892273,,,,,,
1541406720,1469,1469,1469,3.14276885986328,3.14276885986328,3.14276885986328,,,,,,
1542455296,1470,1470,1470,3.22591066360474,3.22591066360474,3.22591066360474,,,,,,
1543503872,1471,1471,1471,3.11815357208252,3.11815357208252,3.11815357208252,,,,,,
1544552448,1472,1472,1472,3.29210066795349,3.29210066795349,3.29210066795349,,,,,,
1545601024,1473,1473,1473,3.18656206130981,3.18656206130981,3.18656206130981,,,,,,
1546649600,1474,1474,1474,3.36605858802795,3.36605858802795,3.36605858802795,,,,,,
1547698176,1475,1475,1475,3.29503965377808,3.29503965377808,3.29503965377808,,,,,,
1548746752,1476,1476,1476,3.17701292037964,3.17701292037964,3.17701292037964,,,,,,
1549795328,1477,1477,1477,3.14789009094238,3.14789009094238,3.14789009094238,,,,,,
1550843904,1478,1478,1478,3.4076554775238,3.4076554775238,3.4076554775238,,,,,,
1551892480,1479,1479,1479,3.33236360549927,3.33236360549927,3.33236360549927,,,,,,
1552941056,1480,1480,1480,3.39411783218384,3.39411783218384,3.39411783218384,,,,,,
1553989632,1481,1481,1481,3.20080900192261,3.20080900192261,3.20080900192261,,,,,,
1555038208,1482,1482,1482,3.14679479598999,3.14679479598999,3.14679479598999,,,,,,
1556086784,1483,1483,1483,3.1534161567688,3.1534161567688,3.1534161567688,,,,,,
1557135360,1484,1484,1484,3.31111407279968,3.31111407279968,3.31111407279968,,,,,,
1558183936,1485,1485,1485,3.16019725799561,3.16019725799561,3.16019725799561,,,,,,
1559232512,1486,1486,1486,3.29507207870483,3.29507207870483,3.29507207870483,,,,,,
1560281088,1487,1487,1487,3.13041639328003,3.13041639328003,3.13041639328003,,,,,,
1561329664,1488,1488,1488,3.16617488861084,3.16617488861084,3.16617488861084,,,,,,
1562378240,1489,1489,1489,3.22815680503845,3.22815680503845,3.22815680503845,,,,,,
1563426816,1490,1490,1490,3.37455773353577,3.37455773353577,3.37455773353577,,,,,,
1564475392,1491,1491,1491,3.30443334579468,3.30443334579468,3.30443334579468,,,,,,
1565523968,1492,1492,1492,3.25236225128174,3.25236225128174,3.25236225128174,,,,,,
1566572544,1493,1493,1493,3.13732194900513,3.13732194900513,3.13732194900513,,,,,,
1567621120,1494,1494,1494,3.3427734375,3.3427734375,3.3427734375,,,,,,
1568669696,1495,1495,1495,3.3251531124115,3.3251531124115,3.3251531124115,,,,,,
1569718272,1496,1496,1496,3.29194855690002,3.29194855690002,3.29194855690002,,,,,,
1570766848,1497,1497,1497,3.16096830368042,3.16096830368042,3.16096830368042,,,,,,
1571815424,1498,1498,1498,3.24188828468323,3.24188828468323,3.24188828468323,,,,,,
1572864000,1499,1499,1499,3.09507298469543,3.09507298469543,3.09507298469543,,,,,,
1573912576,1500,1500,1500,3.0447039604187,3.0447039604187,3.0447039604187,,,,,,
1574961152,1501,1501,1501,3.2134120464325,3.2134120464325,3.2134120464325,,,,,,
1576009728,1502,1502,1502,2.98597812652588,2.98597812652588,2.98597812652588,,,,,,
1577058304,1503,1503,1503,3.10983443260193,3.10983443260193,3.10983443260193,,,,,,
1578106880,1504,1504,1504,3.36403274536133,3.36403274536133,3.36403274536133,,,,,,
1579155456,1505,1505,1505,3.31631994247437,3.31631994247437,3.31631994247437,,,,,,
1580204032,1506,1506,1506,3.22343420982361,3.22343420982361,3.22343420982361,,,,,,
1581252608,1507,1507,1507,3.24345135688782,3.24345135688782,3.24345135688782,,,,,,
1582301184,1508,1508,1508,3.19229531288147,3.19229531288147,3.19229531288147,,,,,,
1583349760,1509,1509,1509,3.15923690795898,3.15923690795898,3.15923690795898,,,,,,
1584398336,1510,1510,1510,3.21701765060425,3.21701765060425,3.21701765060425,,,,,,
1585446912,1511,1511,1511,3.18199253082275,3.18199253082275,3.18199253082275,,,,,,
1586495488,1512,1512,1512,3.14101815223694,3.14101815223694,3.14101815223694,,,,,,
1587544064,1513,1513,1513,3.25598430633545,3.25598430633545,3.25598430633545,,,,,,
1588592640,1514,1514,1514,3.17405962944031,3.17405962944031,3.17405962944031,,,,,,
1589641216,1515,1515,1515,3.17266893386841,3.17266893386841,3.17266893386841,,,,,,
1590689792,1516,1516,1516,3.28745770454407,3.28745770454407,3.28745770454407,,,,,,
1591738368,1517,1517,1517,3.22142124176025,3.22142124176025,3.22142124176025,,,,,,
1592786944,1518,1518,1518,3.22963714599609,3.22963714599609,3.22963714599609,,,,,,
1593835520,1519,1519,1519,3.23734521865845,3.23734521865845,3.23734521865845,,,,,,
1594884096,1520,1520,1520,3.34056186676025,3.34056186676025,3.34056186676025,,,,,,
1595932672,1521,1521,1521,3.19066572189331,3.19066572189331,3.19066572189331,,,,,,
1596981248,1522,1522,1522,3.49059081077576,3.49059081077576,3.49059081077576,,,,,,
1598029824,1523,1523,1523,3.27956032752991,3.27956032752991,3.27956032752991,,,,,,
1599078400,1524,1524,1524,3.13842725753784,3.13842725753784,3.13842725753784,,,,,,
1600126976,1525,1525,1525,3.16637229919434,3.16637229919434,3.16637229919434,,,,,,
1601175552,1526,1526,1526,3.20287895202637,3.20287895202637,3.20287895202637,,,,,,
1602224128,1527,1527,1527,3.20504021644592,3.20504021644592,3.20504021644592,,,,,,
1603272704,1528,1528,1528,3.0821590423584,3.0821590423584,3.0821590423584,,,,,,
1604321280,1529,1529,1529,3.14881873130798,3.14881873130798,3.14881873130798,,,,,,
1605369856,1530,1530,1530,2.94490122795105,2.94490122795105,2.94490122795105,,,,,,
1606418432,1531,1531,1531,3.14509344100952,3.14509344100952,3.14509344100952,,,,,,
1607467008,1532,1532,1532,3.16029524803162,3.16029524803162,3.16029524803162,,,,,,
1608515584,1533,1533,1533,3.11706352233887,3.11706352233887,3.11706352233887,,,,,,
1609564160,1534,1534,1534,3.23525714874268,3.23525714874268,3.23525714874268,,,,,,
1610612736,1535,1535,1535,3.37533068656921,3.37533068656921,3.37533068656921,,,,,,
1611661312,1536,1536,1536,3.18655061721802,3.18655061721802,3.18655061721802,,,,,,
1612709888,1537,1537,1537,3.29895663261414,3.29895663261414,3.29895663261414,,,,,,
1613758464,1538,1538,1538,3.10413599014282,3.10413599014282,3.10413599014282,,,,,,
1614807040,1539,1539,1539,3.03225755691528,3.03225755691528,3.03225755691528,,,,,,
1615855616,1540,1540,1540,3.08372688293457,3.08372688293457,3.08372688293457,,,,,,
1616904192,1541,1541,1541,3.21922326087952,3.21922326087952,3.21922326087952,,,,,,
1617952768,1542,1542,1542,3.25199198722839,3.25199198722839,3.25199198722839,,,,,,
1619001344,1543,1543,1543,3.19149041175842,3.19149041175842,3.19149041175842,,,,,,
1620049920,1544,1544,1544,3.15436148643494,3.15436148643494,3.15436148643494,,,,,,
1621098496,1545,1545,1545,3.14440202713013,3.14440202713013,3.14440202713013,,,,,,
1622147072,1546,1546,1546,3.24845218658447,3.24845218658447,3.24845218658447,,,,,,
1623195648,1547,1547,1547,3.2015528678894,3.2015528678894,3.2015528678894,,,,,,
1624244224,1548,1548,1548,3.07631921768188,3.07631921768188,3.07631921768188,,,,,,
1625292800,1549,1549,1549,3.21380233764648,3.21380233764648,3.21380233764648,,,,,,
1626341376,1550,1550,1550,3.30902338027954,3.30902338027954,3.30902338027954,,,,,,
1627389952,1551,1551,1551,3.20714426040649,3.20714426040649,3.20714426040649,,,,,,
1628438528,1552,1552,1552,3.22100806236267,3.22100806236267,3.22100806236267,,,,,,
1629487104,1553,1553,1553,3.08935832977295,3.08935832977295,3.08935832977295,,,,,,
1630535680,1554,1554,1554,3.13453531265259,3.13453531265259,3.13453531265259,,,,,,
1631584256,1555,1555,1555,3.02570986747742,3.02570986747742,3.02570986747742,,,,,,
1632632832,1556,1556,1556,3.3510434627533,3.3510434627533,3.3510434627533,,,,,,
1633681408,1557,1557,1557,3.27602481842041,3.27602481842041,3.27602481842041,,,,,,
1634729984,1558,1558,1558,3.21258735656738,3.21258735656738,3.21258735656738,,,,,,
1635778560,1559,1559,1559,3.16800951957703,3.16800951957703,3.16800951957703,,,,,,
1636827136,1560,1560,1560,3.23786544799805,3.23786544799805,3.23786544799805,,,,,,
1637875712,1561,1561,1561,3.1017370223999,3.1017370223999,3.1017370223999,,,,,,
1638924288,1562,1562,1562,3.0663743019104,3.0663743019104,3.0663743019104,,,,,,
1639972864,1563,1563,1563,3.03115105628967,3.03115105628967,3.03115105628967,,,,,,
1641021440,1564,1564,1564,3.21456241607666,3.21456241607666,3.21456241607666,,,,,,
1642070016,1565,1565,1565,3.25443887710571,3.25443887710571,3.25443887710571,,,,,,
1643118592,1566,1566,1566,3.27880191802979,3.27880191802979,3.27880191802979,,,,,,
1644167168,1567,1567,1567,3.14044427871704,3.14044427871704,3.14044427871704,,,,,,
1645215744,1568,1568,1568,3.16661977767944,3.16661977767944,3.16661977767944,,,,,,
1646264320,1569,1569,1569,3.12625169754028,3.12625169754028,3.12625169754028,,,,,,
1647312896,1570,1570,1570,3.13732671737671,3.13732671737671,3.13732671737671,,,,,,
1648361472,1571,1571,1571,3.07324719429016,3.07324719429016,3.07324719429016,,,,,,
1649410048,1572,1572,1572,3.24599742889404,3.24599742889404,3.24599742889404,,,,,,
1650458624,1573,1573,1573,3.11010217666626,3.11010217666626,3.11010217666626,,,,,,
1651507200,1574,1574,1574,3.24515390396118,3.24515390396118,3.24515390396118,,,,,,
1652555776,1575,1575,1575,3.04841804504395,3.04841804504395,3.04841804504395,,,,,,
1653604352,1576,1576,1576,3.37597703933716,3.37597703933716,3.37597703933716,,,,,,
1654652928,1577,1577,1577,3.2866222858429,3.2866222858429,3.2866222858429,,,,,,
1655701504,1578,1578,1578,3.1764988899231,3.1764988899231,3.1764988899231,,,,,,
1656750080,1579,1579,1579,3.07901787757874,3.07901787757874,3.07901787757874,,,,,,
1657798656,1580,1580,1580,3.16023778915405,3.16023778915405,3.16023778915405,,,,,,
1658847232,1581,1581,1581,3.08880853652954,3.08880853652954,3.08880853652954,,,,,,
1659895808,1582,1582,1582,3.23593592643738,3.23593592643738,3.23593592643738,,,,,,
1660944384,1583,1583,1583,3.17800641059876,3.17800641059876,3.17800641059876,,,,,,
1661992960,1584,1584,1584,3.20485472679138,3.20485472679138,3.20485472679138,,,,,,
1663041536,1585,1585,1585,3.06920480728149,3.06920480728149,3.06920480728149,,,,,,
1664090112,1586,1586,1586,3.29325294494629,3.29325294494629,3.29325294494629,,,,,,
1665138688,1587,1587,1587,3.11903977394104,3.11903977394104,3.11903977394104,,,,,,
1666187264,1588,1588,1588,3.06610894203186,3.06610894203186,3.06610894203186,,,,,,
1667235840,1589,1589,1589,2.93219184875488,2.93219184875488,2.93219184875488,,,,,,
1668284416,1590,1590,1590,3.11950492858887,3.11950492858887,3.11950492858887,,,,,,
1669332992,1591,1591,1591,3.07182717323303,3.07182717323303,3.07182717323303,,,,,,
1670381568,1592,1592,1592,3.26366353034973,3.26366353034973,3.26366353034973,,,,,,
1671430144,1593,1593,1593,3.20903062820435,3.20903062820435,3.20903062820435,,,,,,
1672478720,1594,1594,1594,3.10238099098206,3.10238099098206,3.10238099098206,,,,,,
1673527296,1595,1595,1595,3.11838388442993,3.11838388442993,3.11838388442993,,,,,,
1674575872,1596,1596,1596,2.99381017684937,2.99381017684937,2.99381017684937,,,,,,
1675624448,1597,1597,1597,2.97603917121887,2.97603917121887,2.97603917121887,,,,,,
1676673024,1598,1598,1598,2.93967890739441,2.93967890739441,2.93967890739441,,,,,,
1677721600,1599,1599,1599,3.11740303039551,3.11740303039551,3.11740303039551,,,,,,
1678770176,1600,1600,1600,3.13508605957031,3.13508605957031,3.13508605957031,,,,,,
1679818752,1601,1601,1601,3.04092669487,3.04092669487,3.04092669487,,,,,,
1680867328,1602,1602,1602,3.26070690155029,3.26070690155029,3.26070690155029,,,,,,
1681915904,1603,1603,1603,3.14961862564087,3.14961862564087,3.14961862564087,,,,,,
1682964480,1604,1604,1604,3.26445269584656,3.26445269584656,3.26445269584656,,,,,,
1684013056,1605,1605,1605,3.18903803825378,3.18903803825378,3.18903803825378,,,,,,
1685061632,1606,1606,1606,3.12825012207031,3.12825012207031,3.12825012207031,,,,,,
1686110208,1607,1607,1607,3.22028160095215,3.22028160095215,3.22028160095215,,,,,,
1687158784,1608,1608,1608,3.15789222717285,3.15789222717285,3.15789222717285,,,,,,
1688207360,1609,1609,1609,3.2287917137146,3.2287917137146,3.2287917137146,,,,,,
1689255936,1610,1610,1610,3.3096764087677,3.3096764087677,3.3096764087677,,,,,,
1690304512,1611,1611,1611,3.13933396339417,3.13933396339417,3.13933396339417,,,,,,
1691353088,1612,1612,1612,3.23674964904785,3.23674964904785,3.23674964904785,,,,,,
1692401664,1613,1613,1613,3.172119140625,3.172119140625,3.172119140625,,,,,,
1693450240,1614,1614,1614,3.19060444831848,3.19060444831848,3.19060444831848,,,,,,
1694498816,1615,1615,1615,3.19551038742065,3.19551038742065,3.19551038742065,,,,,,
1695547392,1616,1616,1616,3.18273305892944,3.18273305892944,3.18273305892944,,,,,,
1696595968,1617,1617,1617,3.23632788658142,3.23632788658142,3.23632788658142,,,,,,
1697644544,1618,1618,1618,3.234619140625,3.234619140625,3.234619140625,,,,,,
1698693120,1619,1619,1619,3.19547533988953,3.19547533988953,3.19547533988953,,,,,,
1699741696,1620,1620,1620,3.25417900085449,3.25417900085449,3.25417900085449,,,,,,
1700790272,1621,1621,1621,3.14209651947022,3.14209651947022,3.14209651947022,,,,,,
1701838848,1622,1622,1622,3.21716976165772,3.21716976165772,3.21716976165772,,,,,,
1702887424,1623,1623,1623,3.06786441802979,3.06786441802979,3.06786441802979,,,,,,
1703936000,1624,1624,1624,3.24141097068787,3.24141097068787,3.24141097068787,,,,,,
1704984576,1625,1625,1625,3.11920237541199,3.11920237541199,3.11920237541199,,,,,,
1706033152,1626,1626,1626,3.26189470291138,3.26189470291138,3.26189470291138,,,,,,
1707081728,1627,1627,1627,3.15463447570801,3.15463447570801,3.15463447570801,,,,,,
1708130304,1628,1628,1628,3.16316628456116,3.16316628456116,3.16316628456116,,,,,,
1709178880,1629,1629,1629,3.19685029983521,3.19685029983521,3.19685029983521,,,,,,
1710227456,1630,1630,1630,3.17470669746399,3.17470669746399,3.17470669746399,,,,,,
1711276032,1631,1631,1631,3.12294363975525,3.12294363975525,3.12294363975525,,,,,,
1712324608,1632,1632,1632,2.99552631378174,2.99552631378174,2.99552631378174,,,,,,
1713373184,1633,1633,1633,3.1822509765625,3.1822509765625,3.1822509765625,,,,,,
1714421760,1634,1634,1634,3.09063959121704,3.09063959121704,3.09063959121704,,,,,,
1715470336,1635,1635,1635,3.17717528343201,3.17717528343201,3.17717528343201,,,,,,
1716518912,1636,1636,1636,3.34445738792419,3.34445738792419,3.34445738792419,,,,,,
1717567488,1637,1637,1637,3.20222949981689,3.20222949981689,3.20222949981689,,,,,,
1718616064,1638,1638,1638,3.14933156967163,3.14933156967163,3.14933156967163,,,,,,
1719664640,1639,1639,1639,3.13688611984253,3.13688611984253,3.13688611984253,,,,,,
1720713216,1640,1640,1640,3.23768377304077,3.23768377304077,3.23768377304077,,,,,,
1721761792,1641,1641,1641,3.05318117141724,3.05318117141724,3.05318117141724,,,,,,
1722810368,1642,1642,1642,3.05298972129822,3.05298972129822,3.05298972129822,,,,,,
1723858944,1643,1643,1643,3.04051494598389,3.04051494598389,3.04051494598389,,,,,,
1724907520,1644,1644,1644,3.0589337348938,3.0589337348938,3.0589337348938,,,,,,
1725956096,1645,1645,1645,3.05364871025085,3.05364871025085,3.05364871025085,,,,,,
1727004672,1646,1646,1646,2.94325637817383,2.94325637817383,2.94325637817383,,,,,,
1728053248,1647,1647,1647,3.10519790649414,3.10519790649414,3.10519790649414,,,,,,
1729101824,1648,1648,1648,3.15617084503174,3.15617084503174,3.15617084503174,,,,,,
1730150400,1649,1649,1649,3.05368828773499,3.05368828773499,3.05368828773499,,,,,,
1731198976,1650,1650,1650,3.27450251579285,3.27450251579285,3.27450251579285,,,,,,
1732247552,1651,1651,1651,3.13754296302795,3.13754296302795,3.13754296302795,,,,,,
1733296128,1652,1652,1652,3.11587476730347,3.11587476730347,3.11587476730347,,,,,,
1734344704,1653,1653,1653,3.08489060401917,3.08489060401917,3.08489060401917,,,,,,
1735393280,1654,1654,1654,3.15755319595337,3.15755319595337,3.15755319595337,,,,,,
1736441856,1655,1655,1655,3.15226674079895,3.15226674079895,3.15226674079895,,,,,,
1737490432,1656,1656,1656,3.05019211769104,3.05019211769104,3.05019211769104,,,,,,
1738539008,1657,1657,1657,3.16047954559326,3.16047954559326,3.16047954559326,,,,,,
1739587584,1658,1658,1658,2.99450922012329,2.99450922012329,2.99450922012329,,,,,,
1740636160,1659,1659,1659,3.02667713165283,3.02667713165283,3.02667713165283,,,,,,
1741684736,1660,1660,1660,2.9741792678833,2.9741792678833,2.9741792678833,,,,,,
1742733312,1661,1661,1661,2.98516845703125,2.98516845703125,2.98516845703125,,,,,,
1743781888,1662,1662,1662,2.94729065895081,2.94729065895081,2.94729065895081,,,,,,
1744830464,1663,1663,1663,3.01317238807678,3.01317238807678,3.01317238807678,,,,,,
1745879040,1664,1664,1664,3.09448981285095,3.09448981285095,3.09448981285095,,,,,,
1746927616,1665,1665,1665,3.08161449432373,3.08161449432373,3.08161449432373,,,,,,
1747976192,1666,1666,1666,3.06224727630615,3.06224727630615,3.06224727630615,,,,,,
1749024768,1667,1667,1667,2.92009282112122,2.92009282112122,2.92009282112122,,,,,,
1750073344,1668,1668,1668,3.22278261184692,3.22278261184692,3.22278261184692,,,,,,
1751121920,1669,1669,1669,3.1257631778717,3.1257631778717,3.1257631778717,,,,,,
1752170496,1670,1670,1670,3.15728282928467,3.15728282928467,3.15728282928467,,,,,,
1753219072,1671,1671,1671,3.09533405303955,3.09533405303955,3.09533405303955,,,,,,
1754267648,1672,1672,1672,3.07301378250122,3.07301378250122,3.07301378250122,,,,,,
1755316224,1673,1673,1673,3.00955724716187,3.00955724716187,3.00955724716187,,,,,,
1756364800,1674,1674,1674,3.1013445854187,3.1013445854187,3.1013445854187,,,,,,
1757413376,1675,1675,1675,3.05614376068115,3.05614376068115,3.05614376068115,,,,,,
1758461952,1676,1676,1676,3.02390241622925,3.02390241622925,3.02390241622925,,,,,,
1759510528,1677,1677,1677,3.12005734443665,3.12005734443665,3.12005734443665,,,,,,
1760559104,1678,1678,1678,3.03640699386597,3.03640699386597,3.03640699386597,,,,,,
1761607680,1679,1679,1679,3.05704689025879,3.05704689025879,3.05704689025879,,,,,,
1762656256,1680,1680,1680,3.20857334136963,3.20857334136963,3.20857334136963,,,,,,
1763704832,1681,1681,1681,3.10445690155029,3.10445690155029,3.10445690155029,,,,,,
1764753408,1682,1682,1682,3.16306400299072,3.16306400299072,3.16306400299072,,,,,,
1765801984,1683,1683,1683,3.06104230880737,3.06104230880737,3.06104230880737,,,,,,
1766850560,1684,1684,1684,3.12973308563232,3.12973308563232,3.12973308563232,,,,,,
1767899136,1685,1685,1685,3.23369669914246,3.23369669914246,3.23369669914246,,,,,,
1768947712,1686,1686,1686,3.06118774414063,3.06118774414063,3.06118774414063,,,,,,
1769996288,1687,1687,1687,3.13844466209412,3.13844466209412,3.13844466209412,,,,,,
1771044864,1688,1688,1688,3.08499526977539,3.08499526977539,3.08499526977539,,,,,,
1772093440,1689,1689,1689,3.03555011749268,3.03555011749268,3.03555011749268,,,,,,
1773142016,1690,1690,1690,3.13526391983032,3.13526391983032,3.13526391983032,,,,,,
1774190592,1691,1691,1691,3.16253256797791,3.16253256797791,3.16253256797791,,,,,,
1775239168,1692,1692,1692,3.07449436187744,3.07449436187744,3.07449436187744,,,,,,
1776287744,1693,1693,1693,2.94397115707397,2.94397115707397,2.94397115707397,,,,,,
1777336320,1694,1694,1694,3.06862354278564,3.06862354278564,3.06862354278564,,,,,,
1778384896,1695,1695,1695,3.06090712547302,3.06090712547302,3.06090712547302,,,,,,
1779433472,1696,1696,1696,3.14178800582886,3.14178800582886,3.14178800582886,,,,,,
1780482048,1697,1697,1697,3.047682762146,3.047682762146,3.047682762146,,,,,,
1781530624,1698,1698,1698,3.09322834014893,3.09322834014893,3.09322834014893,,,,,,
1782579200,1699,1699,1699,3.06244921684265,3.06244921684265,3.06244921684265,,,,,,
1783627776,1700,1700,1700,2.99862432479858,2.99862432479858,2.99862432479858,,,,,,
1784676352,1701,1701,1701,3.1087658405304,3.1087658405304,3.1087658405304,,,,,,
1785724928,1702,1702,1702,3.10165953636169,3.10165953636169,3.10165953636169,,,,,,
1786773504,1703,1703,1703,3.03628492355347,3.03628492355347,3.03628492355347,,,,,,
1787822080,1704,1704,1704,3.08960390090942,3.08960390090942,3.08960390090942,,,,,,
1788870656,1705,1705,1705,3.16576385498047,3.16576385498047,3.16576385498047,,,,,,
1789919232,1706,1706,1706,3.10209703445435,3.10209703445435,3.10209703445435,,,,,,
1790967808,1707,1707,1707,3.01677560806274,3.01677560806274,3.01677560806274,,,,,,
1792016384,1708,1708,1708,2.96481227874756,2.96481227874756,2.96481227874756,,,,,,
1793064960,1709,1709,1709,3.09977102279663,3.09977102279663,3.09977102279663,,,,,,
1794113536,1710,1710,1710,3.00271773338318,3.00271773338318,3.00271773338318,,,,,,
1795162112,1711,1711,1711,3.04838275909424,3.04838275909424,3.04838275909424,,,,,,
1796210688,1712,1712,1712,3.17031311988831,3.17031311988831,3.17031311988831,,,,,,
1797259264,1713,1713,1713,3.1609935760498,3.1609935760498,3.1609935760498,,,,,,
1798307840,1714,1714,1714,3.04958772659302,3.04958772659302,3.04958772659302,,,,,,
1799356416,1715,1715,1715,3.17758512496948,3.17758512496948,3.17758512496948,,,,,,
1800404992,1716,1716,1716,3.22120761871338,3.22120761871338,3.22120761871338,,,,,,
1801453568,1717,1717,1717,3.12980198860168,3.12980198860168,3.12980198860168,,,,,,
1802502144,1718,1718,1718,3.13155388832092,3.13155388832092,3.13155388832092,,,,,,
1803550720,1719,1719,1719,3.19707918167114,3.19707918167114,3.19707918167114,,,,,,
1804599296,1720,1720,1720,3.05231809616089,3.05231809616089,3.05231809616089,,,,,,
1805647872,1721,1721,1721,3.14814186096191,3.14814186096191,3.14814186096191,,,,,,
1806696448,1722,1722,1722,3.11047172546387,3.11047172546387,3.11047172546387,,,,,,
1807745024,1723,1723,1723,3.13969683647156,3.13969683647156,3.13969683647156,,,,,,
1808793600,1724,1724,1724,2.85156083106995,2.85156083106995,2.85156083106995,,,,,,
1809842176,1725,1725,1725,2.90677952766418,2.90677952766418,2.90677952766418,,,,,,
1810890752,1726,1726,1726,3.04925274848938,3.04925274848938,3.04925274848938,,,,,,
1811939328,1727,1727,1727,3.14422369003296,3.14422369003296,3.14422369003296,,,,,,
1812987904,1728,1728,1728,3.18171644210815,3.18171644210815,3.18171644210815,,,,,,
1814036480,1729,1729,1729,3.17770862579346,3.17770862579346,3.17770862579346,,,,,,
1815085056,1730,1730,1730,2.9415807723999,2.9415807723999,2.9415807723999,,,,,,
1816133632,1731,1731,1731,3.0561842918396,3.0561842918396,3.0561842918396,,,,,,
1817182208,1732,1732,1732,2.85185742378235,2.85185742378235,2.85185742378235,,,,,,
1818230784,1733,1733,1733,2.83484506607056,2.83484506607056,2.83484506607056,,,,,,
1819279360,1734,1734,1734,2.99779653549194,2.99779653549194,2.99779653549194,,,,,,
1820327936,1735,1735,1735,3.13397789001465,3.13397789001465,3.13397789001465,,,,,,
1821376512,1736,1736,1736,3.08427906036377,3.08427906036377,3.08427906036377,,,,,,
1822425088,1737,1737,1737,3.19764518737793,3.19764518737793,3.19764518737793,,,,,,
1823473664,1738,1738,1738,3.04236340522766,3.04236340522766,3.04236340522766,,,,,,
1824522240,1739,1739,1739,3.06332492828369,3.06332492828369,3.06332492828369,,,,,,
1825570816,1740,1740,1740,2.99479246139526,2.99479246139526,2.99479246139526,,,,,,
1826619392,1741,1741,1741,3.07656073570251,3.07656073570251,3.07656073570251,,,,,,
1827667968,1742,1742,1742,3.10734033584595,3.10734033584595,3.10734033584595,,,,,,
1828716544,1743,1743,1743,3.16178274154663,3.16178274154663,3.16178274154663,,,,,,
1829765120,1744,1744,1744,2.99047374725342,2.99047374725342,2.99047374725342,,,,,,
1830813696,1745,1745,1745,3.0318865776062,3.0318865776062,3.0318865776062,,,,,,
1831862272,1746,1746,1746,3.141282081604,3.141282081604,3.141282081604,,,,,,
1832910848,1747,1747,1747,3.02022075653076,3.02022075653076,3.02022075653076,,,,,,
1833959424,1748,1748,1748,3.09222602844238,3.09222602844238,3.09222602844238,,,,,,
1835008000,1749,1749,1749,3.03093194961548,3.03093194961548,3.03093194961548,,,,,,
1836056576,1750,1750,1750,3.08714461326599,3.08714461326599,3.08714461326599,,,,,,
1837105152,1751,1751,1751,3.0598771572113,3.0598771572113,3.0598771572113,,,,,,
1838153728,1752,1752,1752,3.07950210571289,3.07950210571289,3.07950210571289,,,,,,
1839202304,1753,1753,1753,3.03756141662598,3.03756141662598,3.03756141662598,,,,,,
1840250880,1754,1754,1754,3.09590578079224,3.09590578079224,3.09590578079224,,,,,,
1841299456,1755,1755,1755,3.22866439819336,3.22866439819336,3.22866439819336,,,,,,
1842348032,1756,1756,1756,3.17016816139221,3.17016816139221,3.17016816139221,,,,,,
1843396608,1757,1757,1757,3.15542721748352,3.15542721748352,3.15542721748352,,,,,,
1844445184,1758,1758,1758,3.10395693778992,3.10395693778992,3.10395693778992,,,,,,
1845493760,1759,1759,1759,3.3027777671814,3.3027777671814,3.3027777671814,,,,,,
1846542336,1760,1760,1760,3.10827040672302,3.10827040672302,3.10827040672302,,,,,,
1847590912,1761,1761,1761,3.1435923576355,3.1435923576355,3.1435923576355,,,,,,
1848639488,1762,1762,1762,3.29228568077087,3.29228568077087,3.29228568077087,,,,,,
1849688064,1763,1763,1763,3.17113947868347,3.17113947868347,3.17113947868347,,,,,,
1850736640,1764,1764,1764,3.19301724433899,3.19301724433899,3.19301724433899,,,,,,
1851785216,1765,1765,1765,3.15633296966553,3.15633296966553,3.15633296966553,,,,,,
1852833792,1766,1766,1766,3.04843091964722,3.04843091964722,3.04843091964722,,,,,,
1853882368,1767,1767,1767,3.1684422492981,3.1684422492981,3.1684422492981,,,,,,
1854930944,1768,1768,1768,3.1292896270752,3.1292896270752,3.1292896270752,,,,,,
1855979520,1769,1769,1769,3.05149459838867,3.05149459838867,3.05149459838867,,,,,,
1857028096,1770,1770,1770,3.25858879089355,3.25858879089355,3.25858879089355,,,,,,
1858076672,1771,1771,1771,3.20603346824646,3.20603346824646,3.20603346824646,,,,,,
1859125248,1772,1772,1772,3.32218480110168,3.32218480110168,3.32218480110168,,,,,,
1860173824,1773,1773,1773,3.26638531684876,3.26638531684876,3.26638531684876,,,,,,
1861222400,1774,1774,1774,3.18234205245972,3.18234205245972,3.18234205245972,,,,,,
1862270976,1775,1775,1775,3.21568298339844,3.21568298339844,3.21568298339844,,,,,,
1863319552,1776,1776,1776,3.18045663833618,3.18045663833618,3.18045663833618,,,,,,
1864368128,1777,1777,1777,3.04465937614441,3.04465937614441,3.04465937614441,,,,,,
1865416704,1778,1778,1778,3.16048932075501,3.16048932075501,3.16048932075501,,,,,,
1866465280,1779,1779,1779,3.19906830787659,3.19906830787659,3.19906830787659,,,,,,
1867513856,1780,1780,1780,3.21839785575867,3.21839785575867,3.21839785575867,,,,,,
1868562432,1781,1781,1781,3.22492122650147,3.22492122650147,3.22492122650147,,,,,,
1869611008,1782,1782,1782,3.28847742080688,3.28847742080688,3.28847742080688,,,,,,
1870659584,1783,1783,1783,3.28407406806946,3.28407406806946,3.28407406806946,,,,,,
1871708160,1784,1784,1784,3.3804452419281,3.3804452419281,3.3804452419281,,,,,,
1872756736,1785,1785,1785,3.17852210998535,3.17852210998535,3.17852210998535,,,,,,
1873805312,1786,1786,1786,3.31327772140503,3.31327772140503,3.31327772140503,,,,,,
1874853888,1787,1787,1787,3.28487992286682,3.28487992286682,3.28487992286682,,,,,,
1875902464,1788,1788,1788,3.23907804489136,3.23907804489136,3.23907804489136,,,,,,
1876951040,1789,1789,1789,3.29726266860962,3.29726266860962,3.29726266860962,,,,,,
1877999616,1790,1790,1790,3.27801036834717,3.27801036834717,3.27801036834717,,,,,,
1879048192,1791,1791,1791,3.32336497306824,3.32336497306824,3.32336497306824,,,,,,
1880096768,1792,1792,1792,3.26472282409668,3.26472282409668,3.26472282409668,,,,,,
1881145344,1793,1793,1793,3.36587619781494,3.36587619781494,3.36587619781494,,,,,,
1882193920,1794,1794,1794,3.31483316421509,3.31483316421509,3.31483316421509,,,,,,
1883242496,1795,1795,1795,3.22563028335571,3.22563028335571,3.22563028335571,,,,,,
1884291072,1796,1796,1796,3.24769306182861,3.24769306182861,3.24769306182861,,,,,,
1885339648,1797,1797,1797,3.14421558380127,3.14421558380127,3.14421558380127,,,,,,
1886388224,1798,1798,1798,3.35850477218628,3.35850477218628,3.35850477218628,,,,,,
1887436800,1799,1799,1799,3.31052613258362,3.31052613258362,3.31052613258362,,,,,,
1888485376,1800,1800,1800,3.33642792701721,3.33642792701721,3.33642792701721,,,,,,
1889533952,1801,1801,1801,3.287264585495,3.287264585495,3.287264585495,,,,,,
1890582528,1802,1802,1802,3.31912660598755,3.31912660598755,3.31912660598755,,,,,,
1891631104,1803,1803,1803,3.21158599853516,3.21158599853516,3.21158599853516,,,,,,
1892679680,1804,1804,1804,3.28937768936157,3.28937768936157,3.28937768936157,,,,,,
1893728256,1805,1805,1805,3.1631760597229,3.1631760597229,3.1631760597229,,,,,,
1894776832,1806,1806,1806,3.34824323654175,3.34824323654175,3.34824323654175,,,,,,
1895825408,1807,1807,1807,3.33759212493897,3.33759212493897,3.33759212493897,,,,,,
1896873984,1808,1808,1808,3.31769442558289,3.31769442558289,3.31769442558289,,,,,,
1897922560,1809,1809,1809,3.17743349075317,3.17743349075317,3.17743349075317,,,,,,
1898971136,1810,1810,1810,3.28979849815369,3.28979849815369,3.28979849815369,,,,,,
1900019712,1811,1811,1811,3.17054963111877,3.17054963111877,3.17054963111877,,,,,,
1901068288,1812,1812,1812,3.37141942977905,3.37141942977905,3.37141942977905,,,,,,
1902116864,1813,1813,1813,3.20022225379944,3.20022225379944,3.20022225379944,,,,,,
1903165440,1814,1814,1814,3.2572762966156,3.2572762966156,3.2572762966156,,,,,,
1904214016,1815,1815,1815,3.23604273796082,3.23604273796082,3.23604273796082,,,,,,
1905262592,1816,1816,1816,3.25025177001953,3.25025177001953,3.25025177001953,,,,,,
1906311168,1817,1817,1817,3.11562061309814,3.11562061309814,3.11562061309814,,,,,,
1907359744,1818,1818,1818,3.31571054458618,3.31571054458618,3.31571054458618,,,,,,
1908408320,1819,1819,1819,3.24607014656067,3.24607014656067,3.24607014656067,,,,,,
1909456896,1820,1820,1820,3.24226427078247,3.24226427078247,3.24226427078247,,,,,,
1910505472,1821,1821,1821,3.21777534484863,3.21777534484863,3.21777534484863,,,,,,
1911554048,1822,1822,1822,3.18366837501526,3.18366837501526,3.18366837501526,,,,,,
1912602624,1823,1823,1823,3.24438524246216,3.24438524246216,3.24438524246216,,,,,,
1913651200,1824,1824,1824,3.33856701850891,3.33856701850891,3.33856701850891,,,,,,
1914699776,1825,1825,1825,3.19559812545776,3.19559812545776,3.19559812545776,,,,,,
1915748352,1826,1826,1826,3.14748787879944,3.14748787879944,3.14748787879944,,,,,,
1916796928,1827,1827,1827,3.17221546173096,3.17221546173096,3.17221546173096,,,,,,
1917845504,1828,1828,1828,3.29488658905029,3.29488658905029,3.29488658905029,,,,,,
1918894080,1829,1829,1829,3.25379514694214,3.25379514694214,3.25379514694214,,,,,,
1919942656,1830,1830,1830,3.18357157707214,3.18357157707214,3.18357157707214,,,,,,
1920991232,1831,1831,1831,3.32768440246582,3.32768440246582,3.32768440246582,,,,,,
1922039808,1832,1832,1832,3.24063444137573,3.24063444137573,3.24063444137573,,,,,,
1923088384,1833,1833,1833,3.06703233718872,3.06703233718872,3.06703233718872,,,,,,
1924136960,1834,1834,1834,3.31659030914307,3.31659030914307,3.31659030914307,,,,,,
1925185536,1835,1835,1835,3.22262096405029,3.22262096405029,3.22262096405029,,,,,,
1926234112,1836,1836,1836,3.36840963363647,3.36840963363647,3.36840963363647,,,,,,
1927282688,1837,1837,1837,3.26115655899048,3.26115655899048,3.26115655899048,,,,,,
1928331264,1838,1838,1838,3.35949182510376,3.35949182510376,3.35949182510376,,,,,,
1929379840,1839,1839,1839,3.15372729301453,3.15372729301453,3.15372729301453,,,,,,
1930428416,1840,1840,1840,3.36173534393311,3.36173534393311,3.36173534393311,,,,,,
1931476992,1841,1841,1841,3.21854209899902,3.21854209899902,3.21854209899902,,,,,,
1932525568,1842,1842,1842,3.26163244247437,3.26163244247437,3.26163244247437,,,,,,
1933574144,1843,1843,1843,3.2889232635498,3.2889232635498,3.2889232635498,,,,,,
1934622720,1844,1844,1844,3.36823081970215,3.36823081970215,3.36823081970215,,,,,,
1935671296,1845,1845,1845,3.28571271896362,3.28571271896362,3.28571271896362,,,,,,
1936719872,1846,1846,1846,3.35745620727539,3.35745620727539,3.35745620727539,,,,,,
1937768448,1847,1847,1847,3.23019981384277,3.23019981384277,3.23019981384277,,,,,,
1938817024,1848,1848,1848,3.17188858985901,3.17188858985901,3.17188858985901,,,,,,
1939865600,1849,1849,1849,3.15848922729492,3.15848922729492,3.15848922729492,,,,,,
1940914176,1850,1850,1850,3.17271327972412,3.17271327972412,3.17271327972412,,,,,,
1941962752,1851,1851,1851,3.20961952209473,3.20961952209473,3.20961952209473,,,,,,
1943011328,1852,1852,1852,3.14506721496582,3.14506721496582,3.14506721496582,,,,,,
1944059904,1853,1853,1853,3.1578049659729,3.1578049659729,3.1578049659729,,,,,,
1945108480,1854,1854,1854,3.15558290481567,3.15558290481567,3.15558290481567,,,,,,
1946157056,1855,1855,1855,3.15235090255737,3.15235090255737,3.15235090255737,,,,,,
1947205632,1856,1856,1856,3.17635297775269,3.17635297775269,3.17635297775269,,,,,,
1948254208,1857,1857,1857,3.10925984382629,3.10925984382629,3.10925984382629,,,,,,
1949302784,1858,1858,1858,3.35583639144897,3.35583639144897,3.35583639144897,,,,,,
1950351360,1859,1859,1859,3.30077576637268,3.30077576637268,3.30077576637268,,,,,,
1951399936,1860,1860,1860,3.15295124053955,3.15295124053955,3.15295124053955,,,,,,
1952448512,1861,1861,1861,3.22419357299805,3.22419357299805,3.22419357299805,,,,,,
1953497088,1862,1862,1862,3.177077293396,3.177077293396,3.177077293396,,,,,,
1954545664,1863,1863,1863,3.22463941574097,3.22463941574097,3.22463941574097,,,,,,
1955594240,1864,1864,1864,3.19176864624023,3.19176864624023,3.19176864624023,,,,,,
1956642816,1865,1865,1865,3.12548041343689,3.12548041343689,3.12548041343689,,,,,,
1957691392,1866,1866,1866,3.15789079666138,3.15789079666138,3.15789079666138,,,,,,
1958739968,1867,1867,1867,3.23285579681397,3.23285579681397,3.23285579681397,,,,,,
1959788544,1868,1868,1868,3.27121424674988,3.27121424674988,3.27121424674988,,,,,,
1960837120,1869,1869,1869,3.26520466804504,3.26520466804504,3.26520466804504,,,,,,
1961885696,1870,1870,1870,3.26152753829956,3.26152753829956,3.26152753829956,,,,,,
1962934272,1871,1871,1871,2.97537469863892,2.97537469863892,2.97537469863892,,,,,,
1963982848,1872,1872,1872,3.22223091125488,3.22223091125488,3.22223091125488,,,,,,
1965031424,1873,1873,1873,3.01001644134522,3.01001644134522,3.01001644134522,,,,,,
1966080000,1874,1874,1874,3.16642570495605,3.16642570495605,3.16642570495605,,,,,,
1967128576,1875,1875,1875,3.03005838394165,3.03005838394165,3.03005838394165,,,,,,
1968177152,1876,1876,1876,3.13559103012085,3.13559103012085,3.13559103012085,,,,,,
1969225728,1877,1877,1877,3.08642506599426,3.08642506599426,3.08642506599426,,,,,,
1970274304,1878,1878,1878,3.14916586875916,3.14916586875916,3.14916586875916,,,,,,
1971322880,1879,1879,1879,3.16650915145874,3.16650915145874,3.16650915145874,,,,,,
1972371456,1880,1880,1880,3.28580284118652,3.28580284118652,3.28580284118652,,,,,,
1973420032,1881,1881,1881,3.23566699028015,3.23566699028015,3.23566699028015,,,,,,
1974468608,1882,1882,1882,3.1727659702301,3.1727659702301,3.1727659702301,,,,,,
1975517184,1883,1883,1883,3.14696550369263,3.14696550369263,3.14696550369263,,,,,,
1976565760,1884,1884,1884,3.17083311080933,3.17083311080933,3.17083311080933,,,,,,
1977614336,1885,1885,1885,2.9546525478363,2.9546525478363,2.9546525478363,,,,,,
1978662912,1886,1886,1886,3.11326050758362,3.11326050758362,3.11326050758362,,,,,,
1979711488,1887,1887,1887,3.04124331474304,3.04124331474304,3.04124331474304,,,,,,
1980760064,1888,1888,1888,3.03648138046265,3.03648138046265,3.03648138046265,,,,,,
1981808640,1889,1889,1889,3.13846921920776,3.13846921920776,3.13846921920776,,,,,,
1982857216,1890,1890,1890,3.25158882141113,3.25158882141113,3.25158882141113,,,,,,
1983905792,1891,1891,1891,3.13002753257751,3.13002753257751,3.13002753257751,,,,,,
1984954368,1892,1892,1892,3.18691658973694,3.18691658973694,3.18691658973694,,,,,,
1986002944,1893,1893,1893,3.08782982826233,3.08782982826233,3.08782982826233,,,,,,
1987051520,1894,1894,1894,3.30079317092896,3.30079317092896,3.30079317092896,,,,,,
1988100096,1895,1895,1895,3.17657327651978,3.17657327651978,3.17657327651978,,,,,,
1989148672,1896,1896,1896,3.22772717475891,3.22772717475891,3.22772717475891,,,,,,
1990197248,1897,1897,1897,3.29233837127686,3.29233837127686,3.29233837127686,,,,,,
1991245824,1898,1898,1898,3.28916597366333,3.28916597366333,3.28916597366333,,,,,,
1992294400,1899,1899,1899,3.22064208984375,3.22064208984375,3.22064208984375,,,,,,
1993342976,1900,1900,1900,3.30810713768005,3.30810713768005,3.30810713768005,,,,,,
1994391552,1901,1901,1901,3.17473530769348,3.17473530769348,3.17473530769348,,,,,,
1995440128,1902,1902,1902,3.24936127662659,3.24936127662659,3.24936127662659,,,,,,
1996488704,1903,1903,1903,3.16595149040222,3.16595149040222,3.16595149040222,,,,,,
1997537280,1904,1904,1904,3.19132137298584,3.19132137298584,3.19132137298584,,,,,,
1998585856,1905,1905,1905,3.0630841255188,3.0630841255188,3.0630841255188,,,,,,
1999634432,1906,1906,1906,3.32730507850647,3.32730507850647,3.32730507850647,,,,,,
2000683008,1907,1907,1907,3.15080189704895,3.15080189704895,3.15080189704895,,,,,,
2001731584,1908,1908,1908,3.29730272293091,3.29730272293091,3.29730272293091,,,,,,
2002780160,1909,1909,1909,3.11223077774048,3.11223077774048,3.11223077774048,,,,,,
2003828736,1910,1910,1910,3.28264617919922,3.28264617919922,3.28264617919922,,,,,,
2004877312,1911,1911,1911,3.20565891265869,3.20565891265869,3.20565891265869,,,,,,
2005925888,1912,1912,1912,3.19766902923584,3.19766902923584,3.19766902923584,,,,,,
2006974464,1913,1913,1913,3.23234510421753,3.23234510421753,3.23234510421753,,,,,,
2008023040,1914,1914,1914,3.25417065620422,3.25417065620422,3.25417065620422,,,,,,
2009071616,1915,1915,1915,3.17922568321228,3.17922568321228,3.17922568321228,,,,,,
2010120192,1916,1916,1916,3.2478666305542,3.2478666305542,3.2478666305542,,,,,,
2011168768,1917,1917,1917,3.18480157852173,3.18480157852173,3.18480157852173,,,,,,
2012217344,1918,1918,1918,3.37498044967651,3.37498044967651,3.37498044967651,,,,,,
2013265920,1919,1919,1919,3.10281848907471,3.10281848907471,3.10281848907471,,,,,,
2014314496,1920,1920,1920,3.27588605880737,3.27588605880737,3.27588605880737,,,,,,
2015363072,1921,1921,1921,3.20082759857178,3.20082759857178,3.20082759857178,,,,,,
2016411648,1922,1922,1922,3.31222867965698,3.31222867965698,3.31222867965698,,,,,,
2017460224,1923,1923,1923,3.19665145874023,3.19665145874023,3.19665145874023,,,,,,
2018508800,1924,1924,1924,3.21252942085266,3.21252942085266,3.21252942085266,,,,,,
2019557376,1925,1925,1925,3.21139287948608,3.21139287948608,3.21139287948608,,,,,,
2020605952,1926,1926,1926,3.25883769989014,3.25883769989014,3.25883769989014,,,,,,
2021654528,1927,1927,1927,3.19635605812073,3.19635605812073,3.19635605812073,,,,,,
2022703104,1928,1928,1928,3.24609708786011,3.24609708786011,3.24609708786011,,,,,,
2023751680,1929,1929,1929,3.1690878868103,3.1690878868103,3.1690878868103,,,,,,
2024800256,1930,1930,1930,3.16495656967163,3.16495656967163,3.16495656967163,,,,,,
2025848832,1931,1931,1931,3.12431383132935,3.12431383132935,3.12431383132935,,,,,,
2026897408,1932,1932,1932,3.24797439575195,3.24797439575195,3.24797439575195,,,,,,
2027945984,1933,1933,1933,3.2090117931366,3.2090117931366,3.2090117931366,,,,,,
2028994560,1934,1934,1934,3.21754598617554,3.21754598617554,3.21754598617554,,,,,,
2030043136,1935,1935,1935,3.16817617416382,3.16817617416382,3.16817617416382,,,,,,
2031091712,1936,1936,1936,3.19651651382446,3.19651651382446,3.19651651382446,,,,,,
2032140288,1937,1937,1937,3.19777321815491,3.19777321815491,3.19777321815491,,,,,,
2033188864,1938,1938,1938,3.28762316703796,3.28762316703796,3.28762316703796,,,,,,
2034237440,1939,1939,1939,3.17731356620789,3.17731356620789,3.17731356620789,,,,,,
2035286016,1940,1940,1940,3.27735090255737,3.27735090255737,3.27735090255737,,,,,,
2036334592,1941,1941,1941,3.08235836029053,3.08235836029053,3.08235836029053,,,,,,
2037383168,1942,1942,1942,3.22877216339111,3.22877216339111,3.22877216339111,,,,,,
2038431744,1943,1943,1943,3.30360317230225,3.30360317230225,3.30360317230225,,,,,,
2039480320,1944,1944,1944,3.28290104866028,3.28290104866028,3.28290104866028,,,,,,
2040528896,1945,1945,1945,3.2149384021759,3.2149384021759,3.2149384021759,,,,,,
2041577472,1946,1946,1946,3.23388862609863,3.23388862609863,3.23388862609863,,,,,,
2042626048,1947,1947,1947,3.16924381256104,3.16924381256104,3.16924381256104,,,,,,
2043674624,1948,1948,1948,3.33036947250366,3.33036947250366,3.33036947250366,,,,,,
2044723200,1949,1949,1949,3.19801259040833,3.19801259040833,3.19801259040833,,,,,,
2045771776,1950,1950,1950,3.19081497192383,3.19081497192383,3.19081497192383,,,,,,
2046820352,1951,1951,1951,3.11314487457275,3.11314487457275,3.11314487457275,,,,,,
2047868928,1952,1952,1952,3.31811451911926,3.31811451911926,3.31811451911926,,,,,,
2048917504,1953,1953,1953,3.22564148902893,3.22564148902893,3.22564148902893,,,,,,
2049966080,1954,1954,1954,3.30120992660522,3.30120992660522,3.30120992660522,,,,,,
2051014656,1955,1955,1955,3.2062840461731,3.2062840461731,3.2062840461731,,,,,,
2052063232,1956,1956,1956,3.28698801994324,3.28698801994324,3.28698801994324,,,,,,
2053111808,1957,1957,1957,3.21875071525574,3.21875071525574,3.21875071525574,,,,,,
2054160384,1958,1958,1958,3.28752660751343,3.28752660751343,3.28752660751343,,,,,,
2055208960,1959,1959,1959,3.29508066177368,3.29508066177368,3.29508066177368,,,,,,
2056257536,1960,1960,1960,3.25010800361633,3.25010800361633,3.25010800361633,,,,,,
2057306112,1961,1961,1961,3.12770390510559,3.12770390510559,3.12770390510559,,,,,,
2058354688,1962,1962,1962,3.22877216339111,3.22877216339111,3.22877216339111,,,,,,
2059403264,1963,1963,1963,3.18041229248047,3.18041229248047,3.18041229248047,,,,,,
2060451840,1964,1964,1964,3.22808575630188,3.22808575630188,3.22808575630188,,,,,,
2061500416,1965,1965,1965,3.10525226593018,3.10525226593018,3.10525226593018,,,,,,
2062548992,1966,1966,1966,3.26159906387329,3.26159906387329,3.26159906387329,,,,,,
2063597568,1967,1967,1967,3.26201844215393,3.26201844215393,3.26201844215393,,,,,,
2064646144,1968,1968,1968,3.30916571617126,3.30916571617126,3.30916571617126,,,,,,
2065694720,1969,1969,1969,3.24317312240601,3.24317312240601,3.24317312240601,,,,,,
2066743296,1970,1970,1970,3.25379037857056,3.25379037857056,3.25379037857056,,,,,,
2067791872,1971,1971,1971,3.2409496307373,3.2409496307373,3.2409496307373,,,,,,
2068840448,1972,1972,1972,3.20187044143677,3.20187044143677,3.20187044143677,,,,,,
2069889024,1973,1973,1973,3.26665735244751,3.26665735244751,3.26665735244751,,,,,,
2070937600,1974,1974,1974,3.24303364753723,3.24303364753723,3.24303364753723,,,,,,
2071986176,1975,1975,1975,3.13342690467834,3.13342690467834,3.13342690467834,,,,,,
2073034752,1976,1976,1976,3.26410007476807,3.26410007476807,3.26410007476807,,,,,,
2074083328,1977,1977,1977,3.31992816925049,3.31992816925049,3.31992816925049,,,,,,
2075131904,1978,1978,1978,3.25664067268372,3.25664067268372,3.25664067268372,,,,,,
2076180480,1979,1979,1979,3.20673418045044,3.20673418045044,3.20673418045044,,,,,,
2077229056,1980,1980,1980,3.16835761070251,3.16835761070251,3.16835761070251,,,,,,
2078277632,1981,1981,1981,3.05513286590576,3.05513286590576,3.05513286590576,,,,,,
2079326208,1982,1982,1982,3.17131161689758,3.17131161689758,3.17131161689758,,,,,,
2080374784,1983,1983,1983,3.11767935752869,3.11767935752869,3.11767935752869,,,,,,
2081423360,1984,1984,1984,3.29602909088135,3.29602909088135,3.29602909088135,,,,,,
2082471936,1985,1985,1985,3.17358922958374,3.17358922958374,3.17358922958374,,,,,,
2083520512,1986,1986,1986,3.32898688316345,3.32898688316345,3.32898688316345,,,,,,
2084569088,1987,1987,1987,3.21221160888672,3.21221160888672,3.21221160888672,,,,,,
2085617664,1988,1988,1988,3.27329516410828,3.27329516410828,3.27329516410828,,,,,,
2086666240,1989,1989,1989,3.21721696853638,3.21721696853638,3.21721696853638,,,,,,
2087714816,1990,1990,1990,3.21106910705566,3.21106910705566,3.21106910705566,,,,,,
2088763392,1991,1991,1991,3.23994660377502,3.23994660377502,3.23994660377502,,,,,,
2089811968,1992,1992,1992,3.11695957183838,3.11695957183838,3.11695957183838,,,,,,
2090860544,1993,1993,1993,3.1958475112915,3.1958475112915,3.1958475112915,,,,,,
2091909120,1994,1994,1994,3.31576204299927,3.31576204299927,3.31576204299927,,,,,,
2092957696,1995,1995,1995,3.27479290962219,3.27479290962219,3.27479290962219,,,,,,
2094006272,1996,1996,1996,3.30581426620483,3.30581426620483,3.30581426620483,,,,,,
2095054848,1997,1997,1997,3.32769107818604,3.32769107818604,3.32769107818604,,,,,,
2096103424,1998,1998,1998,3.23201632499695,3.23201632499695,3.23201632499695,,,,,,
2097152000,1999,1999,1999,3.1532518863678,3.1532518863678,3.1532518863678,,,,,,
2098200576,2000,2000,2000,3.16549277305603,3.16549277305603,3.16549277305603,,,,,,
2099249152,2001,2001,2001,3.19250106811523,3.19250106811523,3.19250106811523,,,,,,
2100297728,2002,2002,2002,3.07805728912354,3.07805728912354,3.07805728912354,,,,,,
2101346304,2003,2003,2003,3.18394470214844,3.18394470214844,3.18394470214844,,,,,,
2102394880,2004,2004,2004,3.17748117446899,3.17748117446899,3.17748117446899,,,,,,
2103443456,2005,2005,2005,3.15835976600647,3.15835976600647,3.15835976600647,,,,,,
2104492032,2006,2006,2006,3.22922277450562,3.22922277450562,3.22922277450562,,,,,,
2105540608,2007,2007,2007,3.07066702842712,3.07066702842712,3.07066702842712,,,,,,
2106589184,2008,2008,2008,3.20805501937866,3.20805501937866,3.20805501937866,,,,,,
2107637760,2009,2009,2009,3.06959438323975,3.06959438323975,3.06959438323975,,,,,,
2108686336,2010,2010,2010,3.29254937171936,3.29254937171936,3.29254937171936,,,,,,
2109734912,2011,2011,2011,3.18225455284119,3.18225455284119,3.18225455284119,,,,,,
2110783488,2012,2012,2012,3.23780202865601,3.23780202865601,3.23780202865601,,,,,,
2111832064,2013,2013,2013,3.22774887084961,3.22774887084961,3.22774887084961,,,,,,
2112880640,2014,2014,2014,3.1966404914856,3.1966404914856,3.1966404914856,,,,,,
2113929216,2015,2015,2015,3.14102578163147,3.14102578163147,3.14102578163147,,,,,,
2114977792,2016,2016,2016,3.16182088851929,3.16182088851929,3.16182088851929,,,,,,
2116026368,2017,2017,2017,3.1433801651001,3.1433801651001,3.1433801651001,,,,,,
2117074944,2018,2018,2018,3.22107863426209,3.22107863426209,3.22107863426209,,,,,,
2118123520,2019,2019,2019,3.1986985206604,3.1986985206604,3.1986985206604,,,,,,
2119172096,2020,2020,2020,3.27993321418762,3.27993321418762,3.27993321418762,,,,,,
2120220672,2021,2021,2021,3.27106618881226,3.27106618881226,3.27106618881226,,,,,,
2121269248,2022,2022,2022,3.21057319641113,3.21057319641113,3.21057319641113,,,,,,
2122317824,2023,2023,2023,3.25327444076538,3.25327444076538,3.25327444076538,,,,,,
2123366400,2024,2024,2024,3.2089626789093,3.2089626789093,3.2089626789093,,,,,,
2124414976,2025,2025,2025,3.1609833240509,3.1609833240509,3.1609833240509,,,,,,
2125463552,2026,2026,2026,3.24655389785767,3.24655389785767,3.24655389785767,,,,,,
2126512128,2027,2027,2027,3.16795110702515,3.16795110702515,3.16795110702515,,,,,,
2127560704,2028,2028,2028,3.2012197971344,3.2012197971344,3.2012197971344,,,,,,
2128609280,2029,2029,2029,3.15456080436707,3.15456080436707,3.15456080436707,,,,,,
2129657856,2030,2030,2030,3.32968020439148,3.32968020439148,3.32968020439148,,,,,,
2130706432,2031,2031,2031,3.27802848815918,3.27802848815918,3.27802848815918,,,,,,
2131755008,2032,2032,2032,3.32394695281982,3.32394695281982,3.32394695281982,,,,,,
2132803584,2033,2033,2033,3.23619365692139,3.23619365692139,3.23619365692139,,,,,,
2133852160,2034,2034,2034,3.08554029464722,3.08554029464722,3.08554029464722,,,,,,
2134900736,2035,2035,2035,3.10995483398438,3.10995483398438,3.10995483398438,,,,,,
2135949312,2036,2036,2036,3.26965737342834,3.26965737342834,3.26965737342834,,,,,,
2136997888,2037,2037,2037,3.19498610496521,3.19498610496521,3.19498610496521,,,,,,
2138046464,2038,2038,2038,3.2599093914032,3.2599093914032,3.2599093914032,,,,,,
2139095040,2039,2039,2039,3.26372289657593,3.26372289657593,3.26372289657593,,,,,,
2140143616,2040,2040,2040,3.29459500312805,3.29459500312805,3.29459500312805,,,,,,
2141192192,2041,2041,2041,3.20070648193359,3.20070648193359,3.20070648193359,,,,,,
2142240768,2042,2042,2042,3.33069252967834,3.33069252967834,3.33069252967834,,,,,,
2143289344,2043,2043,2043,3.24451208114624,3.24451208114624,3.24451208114624,,,,,,
2144337920,2044,2044,2044,3.18848252296448,3.18848252296448,3.18848252296448,,,,,,
2145386496,2045,2045,2045,3.2438952922821,3.2438952922821,3.2438952922821,,,,,,
2146435072,2046,2046,2046,3.22564911842346,3.22564911842346,3.22564911842346,,,,,,
2147483648,2047,2047,2047,3.14441394805908,3.14441394805908,3.14441394805908,,,,,,
2148532224,2048,2048,2048,3.30436992645264,3.30436992645264,3.30436992645264,,,,,,
2149580800,2049,2049,2049,3.16582846641541,3.16582846641541,3.16582846641541,,,,,,
2150629376,2050,2050,2050,3.23014307022095,3.23014307022095,3.23014307022095,,,,,,
2151677952,2051,2051,2051,3.22254419326782,3.22254419326782,3.22254419326782,,,,,,
2152726528,2052,2052,2052,3.29707431793213,3.29707431793213,3.29707431793213,,,,,,
2153775104,2053,2053,2053,3.25701379776001,3.25701379776001,3.25701379776001,,,,,,
2154823680,2054,2054,2054,3.22132015228272,3.22132015228272,3.22132015228272,,,,,,
2155872256,2055,2055,2055,3.1994252204895,3.1994252204895,3.1994252204895,,,,,,
2156920832,2056,2056,2056,3.23532772064209,3.23532772064209,3.23532772064209,,,,,,
2157969408,2057,2057,2057,3.14127922058105,3.14127922058105,3.14127922058105,,,,,,
2159017984,2058,2058,2058,3.19561123847961,3.19561123847961,3.19561123847961,,,,,,
2160066560,2059,2059,2059,3.087406873703,3.087406873703,3.087406873703,,,,,,
2161115136,2060,2060,2060,3.20538377761841,3.20538377761841,3.20538377761841,,,,,,
2162163712,2061,2061,2061,3.19879746437073,3.19879746437073,3.19879746437073,,,,,,
2163212288,2062,2062,2062,3.31635761260986,3.31635761260986,3.31635761260986,,,,,,
2164260864,2063,2063,2063,3.20202732086182,3.20202732086182,3.20202732086182,,,,,,
2165309440,2064,2064,2064,3.14430618286133,3.14430618286133,3.14430618286133,,,,,,
2166358016,2065,2065,2065,3.15418338775635,3.15418338775635,3.15418338775635,,,,,,
2167406592,2066,2066,2066,3.23332500457764,3.23332500457764,3.23332500457764,,,,,,
2168455168,2067,2067,2067,3.266197681427,3.266197681427,3.266197681427,,,,,,
2169503744,2068,2068,2068,3.21022796630859,3.21022796630859,3.21022796630859,,,,,,
2170552320,2069,2069,2069,3.11719226837158,3.11719226837158,3.11719226837158,,,,,,
2171600896,2070,2070,2070,3.1236674785614,3.1236674785614,3.1236674785614,,,,,,
2172649472,2071,2071,2071,3.09736204147339,3.09736204147339,3.09736204147339,,,,,,
2173698048,2072,2072,2072,3.24872970581055,3.24872970581055,3.24872970581055,,,,,,
2174746624,2073,2073,2073,3.01766061782837,3.01766061782837,3.01766061782837,,,,,,
2175795200,2074,2074,2074,3.24740743637085,3.24740743637085,3.24740743637085,,,,,,
2176843776,2075,2075,2075,3.094402551651,3.094402551651,3.094402551651,,,,,,
2177892352,2076,2076,2076,3.24455261230469,3.24455261230469,3.24455261230469,,,,,,
2178940928,2077,2077,2077,3.14805293083191,3.14805293083191,3.14805293083191,,,,,,
2179989504,2078,2078,2078,3.19397187232971,3.19397187232971,3.19397187232971,,,,,,
2181038080,2079,2079,2079,3.23746562004089,3.23746562004089,3.23746562004089,,,,,,
2182086656,2080,2080,2080,3.27387762069702,3.27387762069702,3.27387762069702,,,,,,
2183135232,2081,2081,2081,3.16447615623474,3.16447615623474,3.16447615623474,,,,,,
2184183808,2082,2082,2082,3.22125101089478,3.22125101089478,3.22125101089478,,,,,,
2185232384,2083,2083,2083,3.17109799385071,3.17109799385071,3.17109799385071,,,,,,
2186280960,2084,2084,2084,3.11779475212097,3.11779475212097,3.11779475212097,,,,,,
2187329536,2085,2085,2085,3.07609534263611,3.07609534263611,3.07609534263611,,,,,,
2188378112,2086,2086,2086,3.25104999542236,3.25104999542236,3.25104999542236,,,,,,
2189426688,2087,2087,2087,3.15612483024597,3.15612483024597,3.15612483024597,,,,,,
2190475264,2088,2088,2088,3.21063685417175,3.21063685417175,3.21063685417175,,,,,,
2191523840,2089,2089,2089,3.19901776313782,3.19901776313782,3.19901776313782,,,,,,
2192572416,2090,2090,2090,3.27460932731628,3.27460932731628,3.27460932731628,,,,,,
2193620992,2091,2091,2091,3.24434947967529,3.24434947967529,3.24434947967529,,,,,,
2194669568,2092,2092,2092,3.25342702865601,3.25342702865601,3.25342702865601,,,,,,
2195718144,2093,2093,2093,3.19237470626831,3.19237470626831,3.19237470626831,,,,,,
2196766720,2094,2094,2094,3.17068362236023,3.17068362236023,3.17068362236023,,,,,,
2197815296,2095,2095,2095,3.13213181495667,3.13213181495667,3.13213181495667,,,,,,
2198863872,2096,2096,2096,3.2290472984314,3.2290472984314,3.2290472984314,,,,,,
2199912448,2097,2097,2097,3.20487999916077,3.20487999916077,3.20487999916077,,,,,,
2200961024,2098,2098,2098,3.30303883552551,3.30303883552551,3.30303883552551,,,,,,
2202009600,2099,2099,2099,3.07674980163574,3.07674980163574,3.07674980163574,,,,,,
2203058176,2100,2100,2100,3.22683906555176,3.22683906555176,3.22683906555176,,,,,,
2204106752,2101,2101,2101,3.17765831947327,3.17765831947327,3.17765831947327,,,,,,
2205155328,2102,2102,2102,3.21405744552612,3.21405744552612,3.21405744552612,,,,,,
2206203904,2103,2103,2103,3.06440210342407,3.06440210342407,3.06440210342407,,,,,,
2207252480,2104,2104,2104,3.22043371200562,3.22043371200562,3.22043371200562,,,,,,
2208301056,2105,2105,2105,3.10015320777893,3.10015320777893,3.10015320777893,,,,,,
2209349632,2106,2106,2106,3.25027513504028,3.25027513504028,3.25027513504028,,,,,,
2210398208,2107,2107,2107,3.1665153503418,3.1665153503418,3.1665153503418,,,,,,
2211446784,2108,2108,2108,3.30269622802734,3.30269622802734,3.30269622802734,,,,,,
2212495360,2109,2109,2109,3.20635962486267,3.20635962486267,3.20635962486267,,,,,,
2213543936,2110,2110,2110,3.16114044189453,3.16114044189453,3.16114044189453,,,,,,
2214592512,2111,2111,2111,3.18944406509399,3.18944406509399,3.18944406509399,,,,,,
2215641088,2112,2112,2112,3.16354894638062,3.16354894638062,3.16354894638062,,,,,,
2216689664,2113,2113,2113,3.18108940124512,3.18108940124512,3.18108940124512,,,,,,
2217738240,2114,2114,2114,3.11356472969055,3.11356472969055,3.11356472969055,,,,,,
2218786816,2115,2115,2115,3.18438196182251,3.18438196182251,3.18438196182251,,,,,,
2219835392,2116,2116,2116,3.2552855014801,3.2552855014801,3.2552855014801,,,,,,
2220883968,2117,2117,2117,3.03820037841797,3.03820037841797,3.03820037841797,,,,,,
2221932544,2118,2118,2118,3.2406120300293,3.2406120300293,3.2406120300293,,,,,,
2222981120,2119,2119,2119,3.17696952819824,3.17696952819824,3.17696952819824,,,,,,
2224029696,2120,2120,2120,3.07337665557861,3.07337665557861,3.07337665557861,,,,,,
2225078272,2121,2121,2121,3.06632041931152,3.06632041931152,3.06632041931152,,,,,,
2226126848,2122,2122,2122,3.05272459983826,3.05272459983826,3.05272459983826,,,,,,
2227175424,2123,2123,2123,3.00774812698364,3.00774812698364,3.00774812698364,,,,,,
2228224000,2124,2124,2124,3.16583871841431,3.16583871841431,3.16583871841431,,,,,,
2229272576,2125,2125,2125,3.16092920303345,3.16092920303345,3.16092920303345,,,,,,
2230321152,2126,2126,2126,3.21131801605225,3.21131801605225,3.21131801605225,,,,,,
2231369728,2127,2127,2127,3.14404845237732,3.14404845237732,3.14404845237732,,,,,,
2232418304,2128,2128,2128,3.1744818687439,3.1744818687439,3.1744818687439,,,,,,
2233466880,2129,2129,2129,3.08856534957886,3.08856534957886,3.08856534957886,,,,,,
2234515456,2130,2130,2130,3.13585114479065,3.13585114479065,3.13585114479065,,,,,,
2235564032,2131,2131,2131,3.04810547828674,3.04810547828674,3.04810547828674,,,,,,
2236612608,2132,2132,2132,3.31694221496582,3.31694221496582,3.31694221496582,,,,,,
2237661184,2133,2133,2133,3.18514800071716,3.18514800071716,3.18514800071716,,,,,,
2238709760,2134,2134,2134,3.23232674598694,3.23232674598694,3.23232674598694,,,,,,
2239758336,2135,2135,2135,3.11342835426331,3.11342835426331,3.11342835426331,,,,,,
2240806912,2136,2136,2136,3.13368725776672,3.13368725776672,3.13368725776672,,,,,,
2241855488,2137,2137,2137,3.10198068618774,3.10198068618774,3.10198068618774,,,,,,
2242904064,2138,2138,2138,3.15296816825867,3.15296816825867,3.15296816825867,,,,,,
2243952640,2139,2139,2139,3.00488448143005,3.00488448143005,3.00488448143005,,,,,,
2245001216,2140,2140,2140,3.13534641265869,3.13534641265869,3.13534641265869,,,,,,
2246049792,2141,2141,2141,2.99746513366699,2.99746513366699,2.99746513366699,,,,,,
2247098368,2142,2142,2142,3.0841372013092,3.0841372013092,3.0841372013092,,,,,,
2248146944,2143,2143,2143,3.04947829246521,3.04947829246521,3.04947829246521,,,,,,
2249195520,2144,2144,2144,3.21420574188232,3.21420574188232,3.21420574188232,,,,,,
2250244096,2145,2145,2145,3.00807285308838,3.00807285308838,3.00807285308838,,,,,,
2251292672,2146,2146,2146,3.27764987945557,3.27764987945557,3.27764987945557,,,,,,
2252341248,2147,2147,2147,3.16784811019897,3.16784811019897,3.16784811019897,,,,,,
2253389824,2148,2148,2148,3.27422714233398,3.27422714233398,3.27422714233398,,,,,,
2254438400,2149,2149,2149,3.16187882423401,3.16187882423401,3.16187882423401,,,,,,
2255486976,2150,2150,2150,3.1657726764679,3.1657726764679,3.1657726764679,,,,,,
2256535552,2151,2151,2151,2.9691309928894,2.9691309928894,2.9691309928894,,,,,,
2257584128,2152,2152,2152,3.17756080627441,3.17756080627441,3.17756080627441,,,,,,
2258632704,2153,2153,2153,3.03852581977844,3.03852581977844,3.03852581977844,,,,,,
2259681280,2154,2154,2154,3.12572765350342,3.12572765350342,3.12572765350342,,,,,,
2260729856,2155,2155,2155,3.17567825317383,3.17567825317383,3.17567825317383,,,,,,
2261778432,2156,2156,2156,3.22277808189392,3.22277808189392,3.22277808189392,,,,,,
2262827008,2157,2157,2157,3.15986132621765,3.15986132621765,3.15986132621765,,,,,,
2263875584,2158,2158,2158,3.23205256462097,3.23205256462097,3.23205256462097,,,,,,
2264924160,2159,2159,2159,3.15168285369873,3.15168285369873,3.15168285369873,,,,,,
2265972736,2160,2160,2160,3.13578987121582,3.13578987121582,3.13578987121582,,,,,,
2267021312,2161,2161,2161,3.04045462608337,3.04045462608337,3.04045462608337,,,,,,
2268069888,2162,2162,2162,3.15656042098999,3.15656042098999,3.15656042098999,,,,,,
2269118464,2163,2163,2163,3.09080982208252,3.09080982208252,3.09080982208252,,,,,,
2270167040,2164,2164,2164,3.24170541763306,3.24170541763306,3.24170541763306,,,,,,
2271215616,2165,2165,2165,3.12167024612427,3.12167024612427,3.12167024612427,,,,,,
2272264192,2166,2166,2166,3.13723468780518,3.13723468780518,3.13723468780518,,,,,,
2273312768,2167,2167,2167,3.09341263771057,3.09341263771057,3.09341263771057,,,,,,
2274361344,2168,2168,2168,3.15575504302979,3.15575504302979,3.15575504302979,,,,,,
2275409920,2169,2169,2169,3.15167474746704,3.15167474746704,3.15167474746704,,,,,,
2276458496,2170,2170,2170,3.10022830963135,3.10022830963135,3.10022830963135,,,,,,
2277507072,2171,2171,2171,3.18104338645935,3.18104338645935,3.18104338645935,,,,,,
2278555648,2172,2172,2172,3.16308045387268,3.16308045387268,3.16308045387268,,,,,,
2279604224,2173,2173,2173,3.10368156433105,3.10368156433105,3.10368156433105,,,,,,
2280652800,2174,2174,2174,3.06968069076538,3.06968069076538,3.06968069076538,,,,,,
2281701376,2175,2175,2175,3.07604098320007,3.07604098320007,3.07604098320007,,,,,,
2282749952,2176,2176,2176,3.17885446548462,3.17885446548462,3.17885446548462,,,,,,
2283798528,2177,2177,2177,3.08492803573608,3.08492803573608,3.08492803573608,,,,,,
2284847104,2178,2178,2178,3.1513524055481,3.1513524055481,3.1513524055481,,,,,,
2285895680,2179,2179,2179,3.17671179771423,3.17671179771423,3.17671179771423,,,,,,
2286944256,2180,2180,2180,3.22311878204346,3.22311878204346,3.22311878204346,,,,,,
2287992832,2181,2181,2181,3.01788520812988,3.01788520812988,3.01788520812988,,,,,,
2289041408,2182,2182,2182,3.24532794952393,3.24532794952393,3.24532794952393,,,,,,
2290089984,2183,2183,2183,3.15499877929688,3.15499877929688,3.15499877929688,,,,,,
2291138560,2184,2184,2184,3.31606030464172,3.31606030464172,3.31606030464172,,,,,,
2292187136,2185,2185,2185,3.15149474143982,3.15149474143982,3.15149474143982,,,,,,
2293235712,2186,2186,2186,3.16125273704529,3.16125273704529,3.16125273704529,,,,,,
2294284288,2187,2187,2187,3.10721898078918,3.10721898078918,3.10721898078918,,,,,,
2295332864,2188,2188,2188,3.23514294624329,3.23514294624329,3.23514294624329,,,,,,
2296381440,2189,2189,2189,3.07777905464172,3.07777905464172,3.07777905464172,,,,,,
2297430016,2190,2190,2190,3.17413949966431,3.17413949966431,3.17413949966431,,,,,,
2298478592,2191,2191,2191,3.12899374961853,3.12899374961853,3.12899374961853,,,,,,
2299527168,2192,2192,2192,3.18812847137451,3.18812847137451,3.18812847137451,,,,,,
2300575744,2193,2193,2193,3.12471699714661,3.12471699714661,3.12471699714661,,,,,,
2301624320,2194,2194,2194,3.14418387413025,3.14418387413025,3.14418387413025,,,,,,
2302672896,2195,2195,2195,3.0502724647522,3.0502724647522,3.0502724647522,,,,,,
2303721472,2196,2196,2196,3.17731952667236,3.17731952667236,3.17731952667236,,,,,,
2304770048,2197,2197,2197,3.13677287101746,3.13677287101746,3.13677287101746,,,,,,
2305818624,2198,2198,2198,3.19094800949097,3.19094800949097,3.19094800949097,,,,,,
2306867200,2199,2199,2199,3.17117762565613,3.17117762565613,3.17117762565613,,,,,,
2307915776,2200,2200,2200,3.16213464736938,3.16213464736938,3.16213464736938,,,,,,
2308964352,2201,2201,2201,3.10936975479126,3.10936975479126,3.10936975479126,,,,,,
2310012928,2202,2202,2202,3.19442272186279,3.19442272186279,3.19442272186279,,,,,,
2311061504,2203,2203,2203,3.07960176467896,3.07960176467896,3.07960176467896,,,,,,
2312110080,2204,2204,2204,3.20813679695129,3.20813679695129,3.20813679695129,,,,,,
2313158656,2205,2205,2205,3.15903234481812,3.15903234481812,3.15903234481812,,,,,,
2314207232,2206,2206,2206,3.190673828125,3.190673828125,3.190673828125,,,,,,
2315255808,2207,2207,2207,3.02752566337585,3.02752566337585,3.02752566337585,,,,,,
2316304384,2208,2208,2208,3.08562135696411,3.08562135696411,3.08562135696411,,,,,,
2317352960,2209,2209,2209,3.08606052398682,3.08606052398682,3.08606052398682,,,,,,
2318401536,2210,2210,2210,3.09673094749451,3.09673094749451,3.09673094749451,,,,,,
2319450112,2211,2211,2211,3.10961294174194,3.10961294174194,3.10961294174194,,,,,,
2320498688,2212,2212,2212,3.26795434951782,3.26795434951782,3.26795434951782,,,,,,
2321547264,2213,2213,2213,3.11075377464294,3.11075377464294,3.11075377464294,,,,,,
2322595840,2214,2214,2214,3.08885955810547,3.08885955810547,3.08885955810547,,,,,,
2323644416,2215,2215,2215,3.12284731864929,3.12284731864929,3.12284731864929,,,,,,
2324692992,2216,2216,2216,3.16810750961304,3.16810750961304,3.16810750961304,,,,,,
2325741568,2217,2217,2217,3.19675731658936,3.19675731658936,3.19675731658936,,,,,,
2326790144,2218,2218,2218,3.22170972824097,3.22170972824097,3.22170972824097,,,,,,
2327838720,2219,2219,2219,3.21300578117371,3.21300578117371,3.21300578117371,,,,,,
2328887296,2220,2220,2220,3.12639713287354,3.12639713287354,3.12639713287354,,,,,,
2329935872,2221,2221,2221,3.17352104187012,3.17352104187012,3.17352104187012,,,,,,
2330984448,2222,2222,2222,3.17788600921631,3.17788600921631,3.17788600921631,,,,,,
2332033024,2223,2223,2223,3.09686374664307,3.09686374664307,3.09686374664307,,,,,,
2333081600,2224,2224,2224,3.30641937255859,3.30641937255859,3.30641937255859,,,,,,
2334130176,2225,2225,2225,3.24134159088135,3.24134159088135,3.24134159088135,,,,,,
2335178752,2226,2226,2226,3.16233348846436,3.16233348846436,3.16233348846436,,,,,,
2336227328,2227,2227,2227,3.05367064476013,3.05367064476013,3.05367064476013,,,,,,
2337275904,2228,2228,2228,3.18791007995605,3.18791007995605,3.18791007995605,,,,,,
2338324480,2229,2229,2229,3.06041955947876,3.06041955947876,3.06041955947876,,,,,,
2339373056,2230,2230,2230,3.13822937011719,3.13822937011719,3.13822937011719,,,,,,
2340421632,2231,2231,2231,3.0220775604248,3.0220775604248,3.0220775604248,,,,,,
2341470208,2232,2232,2232,3.11797451972961,3.11797451972961,3.11797451972961,,,,,,
2342518784,2233,2233,2233,3.06353974342346,3.06353974342346,3.06353974342346,,,,,,
2343567360,2234,2234,2234,3.19187045097351,3.19187045097351,3.19187045097351,,,,,,
2344615936,2235,2235,2235,3.1696412563324,3.1696412563324,3.1696412563324,,,,,,
2345664512,2236,2236,2236,3.11417579650879,3.11417579650879,3.11417579650879,,,,,,
2346713088,2237,2237,2237,3.10871195793152,3.10871195793152,3.10871195793152,,,,,,
2347761664,2238,2238,2238,3.07540416717529,3.07540416717529,3.07540416717529,,,,,,
2348810240,2239,2239,2239,3.1070704460144,3.1070704460144,3.1070704460144,,,,,,
2349858816,2240,2240,2240,3.23417806625366,3.23417806625366,3.23417806625366,,,,,,
2350907392,2241,2241,2241,3.13068556785584,3.13068556785584,3.13068556785584,,,,,,
2351955968,2242,2242,2242,3.21992039680481,3.21992039680481,3.21992039680481,,,,,,
2353004544,2243,2243,2243,3.09661221504211,3.09661221504211,3.09661221504211,,,,,,
2354053120,2244,2244,2244,3.20064735412598,3.20064735412598,3.20064735412598,,,,,,
2355101696,2245,2245,2245,3.15979051589966,3.15979051589966,3.15979051589966,,,,,,
2356150272,2246,2246,2246,3.21068692207336,3.21068692207336,3.21068692207336,,,,,,
2357198848,2247,2247,2247,3.14433455467224,3.14433455467224,3.14433455467224,,,,,,
2358247424,2248,2248,2248,3.15887498855591,3.15887498855591,3.15887498855591,,,,,,
2359296000,2249,2249,2249,3.10878682136536,3.10878682136536,3.10878682136536,,,,,,
2360344576,2250,2250,2250,3.20704174041748,3.20704174041748,3.20704174041748,,,,,,
2361393152,2251,2251,2251,2.98050975799561,2.98050975799561,2.98050975799561,,,,,,
2362441728,2252,2252,2252,3.18784236907959,3.18784236907959,3.18784236907959,,,,,,
2363490304,2253,2253,2253,3.1591169834137,3.1591169834137,3.1591169834137,,,,,,
2364538880,2254,2254,2254,3.28292083740234,3.28292083740234,3.28292083740234,,,,,,
2365587456,2255,2255,2255,3.18028020858765,3.18028020858765,3.18028020858765,,,,,,
2366636032,2256,2256,2256,3.01011657714844,3.01011657714844,3.01011657714844,,,,,,
2367684608,2257,2257,2257,3.05873680114746,3.05873680114746,3.05873680114746,,,,,,
2368733184,2258,2258,2258,3.12581396102905,3.12581396102905,3.12581396102905,,,,,,
2369781760,2259,2259,2259,3.0194411277771,3.0194411277771,3.0194411277771,,,,,,
2370830336,2260,2260,2260,3.05667495727539,3.05667495727539,3.05667495727539,,,,,,
2371878912,2261,2261,2261,3.03406429290772,3.03406429290772,3.03406429290772,,,,,,
2372927488,2262,2262,2262,3.17426252365112,3.17426252365112,3.17426252365112,,,,,,
2373976064,2263,2263,2263,3.07691597938538,3.07691597938538,3.07691597938538,,,,,,
2375024640,2264,2264,2264,3.17632532119751,3.17632532119751,3.17632532119751,,,,,,
2376073216,2265,2265,2265,3.05875301361084,3.05875301361084,3.05875301361084,,,,,,
2377121792,2266,2266,2266,3.29018115997314,3.29018115997314,3.29018115997314,,,,,,
2378170368,2267,2267,2267,3.1915078163147,3.1915078163147,3.1915078163147,,,,,,
2379218944,2268,2268,2268,3.09146809577942,3.09146809577942,3.09146809577942,,,,,,
2380267520,2269,2269,2269,2.98391127586365,2.98391127586365,2.98391127586365,,,,,,
2381316096,2270,2270,2270,3.18517184257507,3.18517184257507,3.18517184257507,,,,,,
2382364672,2271,2271,2271,3.06213235855103,3.06213235855103,3.06213235855103,,,,,,
2383413248,2272,2272,2272,3.15796113014221,3.15796113014221,3.15796113014221,,,,,,
2384461824,2273,2273,2273,3.10017442703247,3.10017442703247,3.10017442703247,,,,,,
2385510400,2274,2274,2274,3.12098217010498,3.12098217010498,3.12098217010498,,,,,,
2386558976,2275,2275,2275,3.12772798538208,3.12772798538208,3.12772798538208,,,,,,
2387607552,2276,2276,2276,3.23485326766968,3.23485326766968,3.23485326766968,,,,,,
2388656128,2277,2277,2277,3.25228404998779,3.25228404998779,3.25228404998779,,,,,,
2389704704,2278,2278,2278,3.2762463092804,3.2762463092804,3.2762463092804,,,,,,
2390753280,2279,2279,2279,3.07201099395752,3.07201099395752,3.07201099395752,,,,,,
2391801856,2280,2280,2280,3.13928127288818,3.13928127288818,3.13928127288818,,,,,,
2392850432,2281,2281,2281,3.08186292648315,3.08186292648315,3.08186292648315,,,,,,
2393899008,2282,2282,2282,3.25193905830383,3.25193905830383,3.25193905830383,,,,,,
2394947584,2283,2283,2283,3.10547232627869,3.10547232627869,3.10547232627869,,,,,,
2395996160,2284,2284,2284,3.14705801010132,3.14705801010132,3.14705801010132,,,,,,
2397044736,2285,2285,2285,3.05820417404175,3.05820417404175,3.05820417404175,,,,,,
2398093312,2286,2286,2286,3.11972141265869,3.11972141265869,3.11972141265869,,,,,,
2399141888,2287,2287,2287,3.24018812179565,3.24018812179565,3.24018812179565,,,,,,
2400190464,2288,2288,2288,3.27161288261414,3.27161288261414,3.27161288261414,,,,,,
2401239040,2289,2289,2289,3.10525870323181,3.10525870323181,3.10525870323181,,,,,,
2402287616,2290,2290,2290,3.06734991073608,3.06734991073608,3.06734991073608,,,,,,
2403336192,2291,2291,2291,3.04964065551758,3.04964065551758,3.04964065551758,,,,,,
2404384768,2292,2292,2292,3.19863772392273,3.19863772392273,3.19863772392273,,,,,,
2405433344,2293,2293,2293,2.97605657577515,2.97605657577515,2.97605657577515,,,,,,
2406481920,2294,2294,2294,3.21114468574524,3.21114468574524,3.21114468574524,,,,,,
2407530496,2295,2295,2295,3.07771873474121,3.07771873474121,3.07771873474121,,,,,,
2408579072,2296,2296,2296,3.14526963233948,3.14526963233948,3.14526963233948,,,,,,
2409627648,2297,2297,2297,3.07469892501831,3.07469892501831,3.07469892501831,,,,,,
2410676224,2298,2298,2298,3.14293885231018,3.14293885231018,3.14293885231018,,,,,,
2411724800,2299,2299,2299,2.92570185661316,2.92570185661316,2.92570185661316,,,,,,
2412773376,2300,2300,2300,3.14671754837036,3.14671754837036,3.14671754837036,,,,,,
2413821952,2301,2301,2301,3.09437131881714,3.09437131881714,3.09437131881714,,,,,,
2414870528,2302,2302,2302,3.02608346939087,3.02608346939087,3.02608346939087,,,,,,
2415919104,2303,2303,2303,3.02208709716797,3.02208709716797,3.02208709716797,,,,,,
2416967680,2304,2304,2304,3.20636749267578,3.20636749267578,3.20636749267578,,,,,,
2418016256,2305,2305,2305,3.12640357017517,3.12640357017517,3.12640357017517,,,,,,
2419064832,2306,2306,2306,3.13045001029968,3.13045001029968,3.13045001029968,,,,,,
2420113408,2307,2307,2307,3.00855445861816,3.00855445861816,3.00855445861816,,,,,,
2421161984,2308,2308,2308,3.16647720336914,3.16647720336914,3.16647720336914,,,,,,
2422210560,2309,2309,2309,3.03862571716309,3.03862571716309,3.03862571716309,,,,,,
2423259136,2310,2310,2310,3.16859555244446,3.16859555244446,3.16859555244446,,,,,,
2424307712,2311,2311,2311,3.12007761001587,3.12007761001587,3.12007761001587,,,,,,
2425356288,2312,2312,2312,3.06643319129944,3.06643319129944,3.06643319129944,,,,,,
2426404864,2313,2313,2313,3.05448389053345,3.05448389053345,3.05448389053345,,,,,,
2427453440,2314,2314,2314,3.16371369361877,3.16371369361877,3.16371369361877,,,,,,
2428502016,2315,2315,2315,3.14514350891113,3.14514350891113,3.14514350891113,,,,,,
2429550592,2316,2316,2316,3.1505880355835,3.1505880355835,3.1505880355835,,,,,,
2430599168,2317,2317,2317,3.04689598083496,3.04689598083496,3.04689598083496,,,,,,
2431647744,2318,2318,2318,3.12259268760681,3.12259268760681,3.12259268760681,,,,,,
2432696320,2319,2319,2319,3.12079811096191,3.12079811096191,3.12079811096191,,,,,,
2433744896,2320,2320,2320,3.22360134124756,3.22360134124756,3.22360134124756,,,,,,
2434793472,2321,2321,2321,3.04793500900269,3.04793500900269,3.04793500900269,,,,,,
2435842048,2322,2322,2322,3.2615532875061,3.2615532875061,3.2615532875061,,,,,,
2436890624,2323,2323,2323,3.11830568313599,3.11830568313599,3.11830568313599,,,,,,
2437939200,2324,2324,2324,3.10181879997253,3.10181879997253,3.10181879997253,,,,,,
2438987776,2325,2325,2325,3.03644394874573,3.03644394874573,3.03644394874573,,,,,,
2440036352,2326,2326,2326,3.19918036460876,3.19918036460876,3.19918036460876,,,,,,
2441084928,2327,2327,2327,3.16222262382507,3.16222262382507,3.16222262382507,,,,,,
2442133504,2328,2328,2328,3.17698502540588,3.17698502540588,3.17698502540588,,,,,,
2443182080,2329,2329,2329,2.92701125144959,2.92701125144959,2.92701125144959,,,,,,
2444230656,2330,2330,2330,3.15805268287659,3.15805268287659,3.15805268287659,,,,,,
2445279232,2331,2331,2331,3.01738524436951,3.01738524436951,3.01738524436951,,,,,,
2446327808,2332,2332,2332,3.23391771316528,3.23391771316528,3.23391771316528,,,,,,
2447376384,2333,2333,2333,3.08528566360474,3.08528566360474,3.08528566360474,,,,,,
2448424960,2334,2334,2334,3.12544965744019,3.12544965744019,3.12544965744019,,,,,,
2449473536,2335,2335,2335,2.96554684638977,2.96554684638977,2.96554684638977,,,,,,
2450522112,2336,2336,2336,3.13126945495605,3.13126945495605,3.13126945495605,,,,,,
2451570688,2337,2337,2337,3.06317281723022,3.06317281723022,3.06317281723022,,,,,,
2452619264,2338,2338,2338,3.22358465194702,3.22358465194702,3.22358465194702,,,,,,
2453667840,2339,2339,2339,3.07234477996826,3.07234477996826,3.07234477996826,,,,,,
2454716416,2340,2340,2340,3.20881080627441,3.20881080627441,3.20881080627441,,,,,,
2455764992,2341,2341,2341,3.06068730354309,3.06068730354309,3.06068730354309,,,,,,
2456813568,2342,2342,2342,3.00650858879089,3.00650858879089,3.00650858879089,,,,,,
2457862144,2343,2343,2343,3.06001377105713,3.06001377105713,3.06001377105713,,,,,,
2458910720,2344,2344,2344,3.13564109802246,3.13564109802246,3.13564109802246,,,,,,
2459959296,2345,2345,2345,3.19341158866882,3.19341158866882,3.19341158866882,,,,,,
2461007872,2346,2346,2346,3.14425230026245,3.14425230026245,3.14425230026245,,,,,,
2462056448,2347,2347,2347,3.06048607826233,3.06048607826233,3.06048607826233,,,,,,
2463105024,2348,2348,2348,3.25214099884033,3.25214099884033,3.25214099884033,,,,,,
2464153600,2349,2349,2349,3.15605568885803,3.15605568885803,3.15605568885803,,,,,,
2465202176,2350,2350,2350,3.19745540618897,3.19745540618897,3.19745540618897,,,,,,
2466250752,2351,2351,2351,3.05358076095581,3.05358076095581,3.05358076095581,,,,,,
2467299328,2352,2352,2352,3.13327288627625,3.13327288627625,3.13327288627625,,,,,,
2468347904,2353,2353,2353,3.10855174064636,3.10855174064636,3.10855174064636,,,,,,
2469396480,2354,2354,2354,3.14424800872803,3.14424800872803,3.14424800872803,,,,,,
2470445056,2355,2355,2355,3.0556468963623,3.0556468963623,3.0556468963623,,,,,,
2471493632,2356,2356,2356,3.11974716186523,3.11974716186523,3.11974716186523,,,,,,
2472542208,2357,2357,2357,2.95512270927429,2.95512270927429,2.95512270927429,,,,,,
2473590784,2358,2358,2358,3.13177132606506,3.13177132606506,3.13177132606506,,,,,,
2474639360,2359,2359,2359,3.05250453948975,3.05250453948975,3.05250453948975,,,,,,
2475687936,2360,2360,2360,3.04751896858215,3.04751896858215,3.04751896858215,,,,,,
2476736512,2361,2361,2361,3.00072622299194,3.00072622299194,3.00072622299194,,,,,,
2477785088,2362,2362,2362,3.03547334671021,3.03547334671021,3.03547334671021,,,,,,
2478833664,2363,2363,2363,3.04672265052795,3.04672265052795,3.04672265052795,,,,,,
2479882240,2364,2364,2364,3.19367122650147,3.19367122650147,3.19367122650147,,,,,,
2480930816,2365,2365,2365,3.11466789245605,3.11466789245605,3.11466789245605,,,,,,
2481979392,2366,2366,2366,3.16924905776978,3.16924905776978,3.16924905776978,,,,,,
2483027968,2367,2367,2367,3.09986734390259,3.09986734390259,3.09986734390259,,,,,,
2484076544,2368,2368,2368,3.16187071800232,3.16187071800232,3.16187071800232,,,,,,
2485125120,2369,2369,2369,3.09269094467163,3.09269094467163,3.09269094467163,,,,,,
2486173696,2370,2370,2370,3.20239448547363,3.20239448547363,3.20239448547363,,,,,,
2487222272,2371,2371,2371,3.02360439300537,3.02360439300537,3.02360439300537,,,,,,
2488270848,2372,2372,2372,3.13957071304321,3.13957071304321,3.13957071304321,,,,,,
2489319424,2373,2373,2373,3.04742288589478,3.04742288589478,3.04742288589478,,,,,,
2490368000,2374,2374,2374,3.26460933685303,3.26460933685303,3.26460933685303,,,,,,
2491416576,2375,2375,2375,3.06899952888489,3.06899952888489,3.06899952888489,,,,,,
2492465152,2376,2376,2376,3.20987582206726,3.20987582206726,3.20987582206726,,,,,,
2493513728,2377,2377,2377,3.13954329490662,3.13954329490662,3.13954329490662,,,,,,
2494562304,2378,2378,2378,3.1917736530304,3.1917736530304,3.1917736530304,,,,,,
2495610880,2379,2379,2379,3.09455943107605,3.09455943107605,3.09455943107605,,,,,,
2496659456,2380,2380,2380,3.14605069160461,3.14605069160461,3.14605069160461,,,,,,
2497708032,2381,2381,2381,3.13714694976807,3.13714694976807,3.13714694976807,,,,,,
2498756608,2382,2382,2382,2.92073440551758,2.92073440551758,2.92073440551758,,,,,,
2499805184,2383,2383,2383,2.98341083526611,2.98341083526611,2.98341083526611,,,,,,
2500853760,2384,2384,2384,3.18396663665772,3.18396663665772,3.18396663665772,,,,,,
2501902336,2385,2385,2385,3.06090497970581,3.06090497970581,3.06090497970581,,,,,,
2502950912,2386,2386,2386,3.0283739566803,3.0283739566803,3.0283739566803,,,,,,
2503999488,2387,2387,2387,3.08029103279114,3.08029103279114,3.08029103279114,,,,,,
2505048064,2388,2388,2388,3.25547981262207,3.25547981262207,3.25547981262207,,,,,,
2506096640,2389,2389,2389,3.06034803390503,3.06034803390503,3.06034803390503,,,,,,
2507145216,2390,2390,2390,3.10198354721069,3.10198354721069,3.10198354721069,,,,,,
2508193792,2391,2391,2391,3.08326864242554,3.08326864242554,3.08326864242554,,,,,,
2509242368,2392,2392,2392,3.06003141403198,3.06003141403198,3.06003141403198,,,,,,
2510290944,2393,2393,2393,3.00397324562073,3.00397324562073,3.00397324562073,,,,,,
2511339520,2394,2394,2394,3.10318422317505,3.10318422317505,3.10318422317505,,,,,,
2512388096,2395,2395,2395,3.05007100105286,3.05007100105286,3.05007100105286,,,,,,
2513436672,2396,2396,2396,3.05736708641052,3.05736708641052,3.05736708641052,,,,,,
2514485248,2397,2397,2397,3.06589412689209,3.06589412689209,3.06589412689209,,,,,,
2515533824,2398,2398,2398,3.11549186706543,3.11549186706543,3.11549186706543,,,,,,
2516582400,2399,2399,2399,3.06567668914795,3.06567668914795,3.06567668914795,,,,,,
2517630976,2400,2400,2400,3.11683130264282,3.11683130264282,3.11683130264282,,,,,,
2518679552,2401,2401,2401,3.05469226837158,3.05469226837158,3.05469226837158,,,,,,
2519728128,2402,2402,2402,3.00127029418945,3.00127029418945,3.00127029418945,,,,,,
2520776704,2403,2403,2403,2.91209936141968,2.91209936141968,2.91209936141968,,,,,,
2521825280,2404,2404,2404,2.99567270278931,2.99567270278931,2.99567270278931,,,,,,
2522873856,2405,2405,2405,3.05090141296387,3.05090141296387,3.05090141296387,,,,,,
2523922432,2406,2406,2406,3.11519479751587,3.11519479751587,3.11519479751587,,,,,,
2524971008,2407,2407,2407,3.1683874130249,3.1683874130249,3.1683874130249,,,,,,
2526019584,2408,2408,2408,3.1109766960144,3.1109766960144,3.1109766960144,,,,,,
2527068160,2409,2409,2409,2.99199938774109,2.99199938774109,2.99199938774109,,,,,,
2528116736,2410,2410,2410,3.17716121673584,3.17716121673584,3.17716121673584,,,,,,
2529165312,2411,2411,2411,3.09673237800598,3.09673237800598,3.09673237800598,,,,,,
2530213888,2412,2412,2412,3.07207345962524,3.07207345962524,3.07207345962524,,,,,,
2531262464,2413,2413,2413,3.05524110794067,3.05524110794067,3.05524110794067,,,,,,
2532311040,2414,2414,2414,3.04750561714172,3.04750561714172,3.04750561714172,,,,,,
2533359616,2415,2415,2415,3.01461672782898,3.01461672782898,3.01461672782898,,,,,,
2534408192,2416,2416,2416,3.01291847229004,3.01291847229004,3.01291847229004,,,,,,
2535456768,2417,2417,2417,3.01317024230957,3.01317024230957,3.01317024230957,,,,,,
2536505344,2418,2418,2418,3.12357425689697,3.12357425689697,3.12357425689697,,,,,,
2537553920,2419,2419,2419,3.02140307426453,3.02140307426453,3.02140307426453,,,,,,
2538602496,2420,2420,2420,3.03800511360168,3.03800511360168,3.03800511360168,,,,,,
2539651072,2421,2421,2421,3.03417444229126,3.03417444229126,3.03417444229126,,,,,,
2540699648,2422,2422,2422,3.12558650970459,3.12558650970459,3.12558650970459,,,,,,
2541748224,2423,2423,2423,2.94452953338623,2.94452953338623,2.94452953338623,,,,,,
2542796800,2424,2424,2424,3.10810256004334,3.10810256004334,3.10810256004334,,,,,,
2543845376,2425,2425,2425,3.01523590087891,3.01523590087891,3.01523590087891,,,,,,
2544893952,2426,2426,2426,3.12343716621399,3.12343716621399,3.12343716621399,,,,,,
2545942528,2427,2427,2427,2.97510862350464,2.97510862350464,2.97510862350464,,,,,,
2546991104,2428,2428,2428,3.17114949226379,3.17114949226379,3.17114949226379,,,,,,
2548039680,2429,2429,2429,3.09547424316406,3.09547424316406,3.09547424316406,,,,,,
2549088256,2430,2430,2430,3.13840413093567,3.13840413093567,3.13840413093567,,,,,,
2550136832,2431,2431,2431,3.13911390304565,3.13911390304565,3.13911390304565,,,,,,
2551185408,2432,2432,2432,3.12622761726379,3.12622761726379,3.12622761726379,,,,,,
2552233984,2433,2433,2433,2.96031522750855,2.96031522750855,2.96031522750855,,,,,,
2553282560,2434,2434,2434,3.10668468475342,3.10668468475342,3.10668468475342,,,,,,
2554331136,2435,2435,2435,3.01269006729126,3.01269006729126,3.01269006729126,,,,,,
2555379712,2436,2436,2436,3.10183477401733,3.10183477401733,3.10183477401733,,,,,,
2556428288,2437,2437,2437,2.98475980758667,2.98475980758667,2.98475980758667,,,,,,
2557476864,2438,2438,2438,3.14975953102112,3.14975953102112,3.14975953102112,,,,,,
2558525440,2439,2439,2439,3.0556001663208,3.0556001663208,3.0556001663208,,,,,,
2559574016,2440,2440,2440,3.1285982131958,3.1285982131958,3.1285982131958,,,,,,
2560622592,2441,2441,2441,3.0143837928772,3.0143837928772,3.0143837928772,,,,,,
2561671168,2442,2442,2442,3.14623117446899,3.14623117446899,3.14623117446899,,,,,,
2562719744,2443,2443,2443,3.06841635704041,3.06841635704041,3.06841635704041,,,,,,
2563768320,2444,2444,2444,3.0837140083313,3.0837140083313,3.0837140083313,,,,,,
2564816896,2445,2445,2445,3.00600361824036,3.00600361824036,3.00600361824036,,,,,,
2565865472,2446,2446,2446,3.07732176780701,3.07732176780701,3.07732176780701,,,,,,
2566914048,2447,2447,2447,3.01000165939331,3.01000165939331,3.01000165939331,,,,,,
2567962624,2448,2448,2448,3.15671706199646,3.15671706199646,3.15671706199646,,,,,,
2569011200,2449,2449,2449,3.0161030292511,3.0161030292511,3.0161030292511,,,,,,
2570059776,2450,2450,2450,3.10439109802246,3.10439109802246,3.10439109802246,,,,,,
2571108352,2451,2451,2451,3.02169036865234,3.02169036865234,3.02169036865234,,,,,,
2572156928,2452,2452,2452,3.19768190383911,3.19768190383911,3.19768190383911,,,,,,
2573205504,2453,2453,2453,3.06333374977112,3.06333374977112,3.06333374977112,,,,,,
2574254080,2454,2454,2454,3.09569144248962,3.09569144248962,3.09569144248962,,,,,,
2575302656,2455,2455,2455,3.08546161651611,3.08546161651611,3.08546161651611,,,,,,
2576351232,2456,2456,2456,3.0861873626709,3.0861873626709,3.0861873626709,,,,,,
2577399808,2457,2457,2457,2.96678400039673,2.96678400039673,2.96678400039673,,,,,,
2578448384,2458,2458,2458,3.16777944564819,3.16777944564819,3.16777944564819,,,,,,
2579496960,2459,2459,2459,3.07949638366699,3.07949638366699,3.07949638366699,,,,,,
2580545536,2460,2460,2460,3.03596472740173,3.03596472740173,3.03596472740173,,,,,,
2581594112,2461,2461,2461,3.06605362892151,3.06605362892151,3.06605362892151,,,,,,
2582642688,2462,2462,2462,3.11121511459351,3.11121511459351,3.11121511459351,,,,,,
2583691264,2463,2463,2463,3.03284311294556,3.03284311294556,3.03284311294556,,,,,,
2584739840,2464,2464,2464,3.06048655509949,3.06048655509949,3.06048655509949,,,,,,
2585788416,2465,2465,2465,3.05276703834534,3.05276703834534,3.05276703834534,,,,,,
2586836992,2466,2466,2466,3.14027190208435,3.14027190208435,3.14027190208435,,,,,,
2587885568,2467,2467,2467,3.13681626319885,3.13681626319885,3.13681626319885,,,,,,
2588934144,2468,2468,2468,3.14882564544678,3.14882564544678,3.14882564544678,,,,,,
2589982720,2469,2469,2469,2.92065024375916,2.92065024375916,2.92065024375916,,,,,,
2591031296,2470,2470,2470,3.10770416259766,3.10770416259766,3.10770416259766,,,,,,
2592079872,2471,2471,2471,3.10755038261414,3.10755038261414,3.10755038261414,,,,,,
2593128448,2472,2472,2472,3.15166521072388,3.15166521072388,3.15166521072388,,,,,,
2594177024,2473,2473,2473,3.0425705909729,3.0425705909729,3.0425705909729,,,,,,
2595225600,2474,2474,2474,3.09063744544983,3.09063744544983,3.09063744544983,,,,,,
2596274176,2475,2475,2475,2.92390847206116,2.92390847206116,2.92390847206116,,,,,,
2597322752,2476,2476,2476,3.05112504959106,3.05112504959106,3.05112504959106,,,,,,
2598371328,2477,2477,2477,3.02917742729187,3.02917742729187,3.02917742729187,,,,,,
2599419904,2478,2478,2478,3.22090101242065,3.22090101242065,3.22090101242065,,,,,,
2600468480,2479,2479,2479,3.02330827713013,3.02330827713013,3.02330827713013,,,,,,
2601517056,2480,2480,2480,3.0946524143219,3.0946524143219,3.0946524143219,,,,,,
2602565632,2481,2481,2481,3.0338397026062,3.0338397026062,3.0338397026062,,,,,,
2603614208,2482,2482,2482,3.06914186477661,3.06914186477661,3.06914186477661,,,,,,
2604662784,2483,2483,2483,3.00241088867188,3.00241088867188,3.00241088867188,,,,,,
2605711360,2484,2484,2484,2.96771574020386,2.96771574020386,2.96771574020386,,,,,,
2606759936,2485,2485,2485,2.94359302520752,2.94359302520752,2.94359302520752,,,,,,
2607808512,2486,2486,2486,3.00783753395081,3.00783753395081,3.00783753395081,,,,,,
2608857088,2487,2487,2487,3.10224056243897,3.10224056243897,3.10224056243897,,,,,,
2609905664,2488,2488,2488,3.10307884216309,3.10307884216309,3.10307884216309,,,,,,
2610954240,2489,2489,2489,3.0283374786377,3.0283374786377,3.0283374786377,,,,,,
2612002816,2490,2490,2490,3.13964176177979,3.13964176177979,3.13964176177979,,,,,,
2613051392,2491,2491,2491,3.01755690574646,3.01755690574646,3.01755690574646,,,,,,
2614099968,2492,2492,2492,3.11454129219055,3.11454129219055,3.11454129219055,,,,,,
2615148544,2493,2493,2493,3.05800771713257,3.05800771713257,3.05800771713257,,,,,,
2616197120,2494,2494,2494,3.19863820075989,3.19863820075989,3.19863820075989,,,,,,
2617245696,2495,2495,2495,3.05619025230408,3.05619025230408,3.05619025230408,,,,,,
2618294272,2496,2496,2496,3.06030178070068,3.06030178070068,3.06030178070068,,,,,,
2619342848,2497,2497,2497,3.07183980941772,3.07183980941772,3.07183980941772,,,,,,
2620391424,2498,2498,2498,3.11216354370117,3.11216354370117,3.11216354370117,,,,,,
2621440000,2499,2499,2499,3.0186619758606,3.0186619758606,3.0186619758606,,,,,,
2622488576,2500,2500,2500,3.04489421844482,3.04489421844482,3.04489421844482,,,,,,
2623537152,2501,2501,2501,2.97294616699219,2.97294616699219,2.97294616699219,,,,,,
2624585728,2502,2502,2502,3.07420229911804,3.07420229911804,3.07420229911804,,,,,,
2625634304,2503,2503,2503,3.0247814655304,3.0247814655304,3.0247814655304,,,,,,
2626682880,2504,2504,2504,3.1150586605072,3.1150586605072,3.1150586605072,,,,,,
2627731456,2505,2505,2505,2.964919090271,2.964919090271,2.964919090271,,,,,,
2628780032,2506,2506,2506,3.05106544494629,3.05106544494629,3.05106544494629,,,,,,
2629828608,2507,2507,2507,2.96619510650635,2.96619510650635,2.96619510650635,,,,,,
2630877184,2508,2508,2508,3.02218246459961,3.02218246459961,3.02218246459961,,,,,,
2631925760,2509,2509,2509,3.05654001235962,3.05654001235962,3.05654001235962,,,,,,
2632974336,2510,2510,2510,3.19788503646851,3.19788503646851,3.19788503646851,,,,,,
2634022912,2511,2511,2511,3.04820561408997,3.04820561408997,3.04820561408997,,,,,,
2635071488,2512,2512,2512,3.03195452690125,3.03195452690125,3.03195452690125,,,,,,
2636120064,2513,2513,2513,2.89736986160278,2.89736986160278,2.89736986160278,,,,,,
2637168640,2514,2514,2514,3.00218510627747,3.00218510627747,3.00218510627747,,,,,,
2638217216,2515,2515,2515,2.91121912002563,2.91121912002563,2.91121912002563,,,,,,
2639265792,2516,2516,2516,3.15122938156128,3.15122938156128,3.15122938156128,,,,,,
2640314368,2517,2517,2517,3.03204727172852,3.03204727172852,3.03204727172852,,,,,,
2641362944,2518,2518,2518,3.08083462715149,3.08083462715149,3.08083462715149,,,,,,
2642411520,2519,2519,2519,3.04919123649597,3.04919123649597,3.04919123649597,,,,,,
2643460096,2520,2520,2520,3.08676433563232,3.08676433563232,3.08676433563232,,,,,,
2644508672,2521,2521,2521,2.97659301757813,2.97659301757813,2.97659301757813,,,,,,
2645557248,2522,2522,2522,3.09636497497559,3.09636497497559,3.09636497497559,,,,,,
2646605824,2523,2523,2523,3.03864622116089,3.03864622116089,3.03864622116089,,,,,,
2647654400,2524,2524,2524,3.12144184112549,3.12144184112549,3.12144184112549,,,,,,
2648702976,2525,2525,2525,2.93066239356995,2.93066239356995,2.93066239356995,,,,,,
2649751552,2526,2526,2526,3.0984377861023,3.0984377861023,3.0984377861023,,,,,,
2650800128,2527,2527,2527,2.97989201545715,2.97989201545715,2.97989201545715,,,,,,
2651848704,2528,2528,2528,2.99222040176392,2.99222040176392,2.99222040176392,,,,,,
2652897280,2529,2529,2529,3.07694864273071,3.07694864273071,3.07694864273071,,,,,,
2653945856,2530,2530,2530,3.0420413017273,3.0420413017273,3.0420413017273,,,,,,
2654994432,2531,2531,2531,2.96333384513855,2.96333384513855,2.96333384513855,,,,,,
2656043008,2532,2532,2532,3.10634207725525,3.10634207725525,3.10634207725525,,,,,,
2657091584,2533,2533,2533,2.98749351501465,2.98749351501465,2.98749351501465,,,,,,
2658140160,2534,2534,2534,3.08068370819092,3.08068370819092,3.08068370819092,,,,,,
2659188736,2535,2535,2535,3.08414506912231,3.08414506912231,3.08414506912231,,,,,,
2660237312,2536,2536,2536,3.01812219619751,3.01812219619751,3.01812219619751,,,,,,
2661285888,2537,2537,2537,2.97078156471252,2.97078156471252,2.97078156471252,,,,,,
2662334464,2538,2538,2538,3.11822319030762,3.11822319030762,3.11822319030762,,,,,,
2663383040,2539,2539,2539,2.97361135482788,2.97361135482788,2.97361135482788,,,,,,
2664431616,2540,2540,2540,3.03207731246948,3.03207731246948,3.03207731246948,,,,,,
2665480192,2541,2541,2541,2.95405292510986,2.95405292510986,2.95405292510986,,,,,,
2666528768,2542,2542,2542,3.16336250305176,3.16336250305176,3.16336250305176,,,,,,
2667577344,2543,2543,2543,3.06588411331177,3.06588411331177,3.06588411331177,,,,,,
2668625920,2544,2544,2544,3.11629962921143,3.11629962921143,3.11629962921143,,,,,,
2669674496,2545,2545,2545,3.06414651870728,3.06414651870728,3.06414651870728,,,,,,
2670723072,2546,2546,2546,3.08992004394531,3.08992004394531,3.08992004394531,,,,,,
2671771648,2547,2547,2547,3.00634741783142,3.00634741783142,3.00634741783142,,,,,,
2672820224,2548,2548,2548,3.07145261764526,3.07145261764526,3.07145261764526,,,,,,
2673868800,2549,2549,2549,3.01301503181458,3.01301503181458,3.01301503181458,,,,,,
2674917376,2550,2550,2550,3.04379105567932,3.04379105567932,3.04379105567932,,,,,,
2675965952,2551,2551,2551,2.98598027229309,2.98598027229309,2.98598027229309,,,,,,
2677014528,2552,2552,2552,3.09234142303467,3.09234142303467,3.09234142303467,,,,,,
2678063104,2553,2553,2553,3.07241344451904,3.07241344451904,3.07241344451904,,,,,,
2679111680,2554,2554,2554,3.13970518112183,3.13970518112183,3.13970518112183,,,,,,
2680160256,2555,2555,2555,3.02436113357544,3.02436113357544,3.02436113357544,,,,,,
2681208832,2556,2556,2556,3.04983401298523,3.04983401298523,3.04983401298523,,,,,,
2682257408,2557,2557,2557,3.01322460174561,3.01322460174561,3.01322460174561,,,,,,
2683305984,2558,2558,2558,3.07291555404663,3.07291555404663,3.07291555404663,,,,,,
2684354560,2559,2559,2559,3.12330102920532,3.12330102920532,3.12330102920532,,,,,,
2685403136,2560,2560,2560,3.16916441917419,3.16916441917419,3.16916441917419,,,,,,
2686451712,2561,2561,2561,2.91447114944458,2.91447114944458,2.91447114944458,,,,,,
2687500288,2562,2562,2562,3.08681917190552,3.08681917190552,3.08681917190552,,,,,,
2688548864,2563,2563,2563,2.95591354370117,2.95591354370117,2.95591354370117,,,,,,
2689597440,2564,2564,2564,3.19234299659729,3.19234299659729,3.19234299659729,,,,,,
2690646016,2565,2565,2565,2.93621516227722,2.93621516227722,2.93621516227722,,,,,,
2691694592,2566,2566,2566,2.99415922164917,2.99415922164917,2.99415922164917,,,,,,
2692743168,2567,2567,2567,2.86344766616821,2.86344766616821,2.86344766616821,,,,,,
2693791744,2568,2568,2568,3.02199482917786,3.02199482917786,3.02199482917786,,,,,,
2694840320,2569,2569,2569,3.07152152061462,3.07152152061462,3.07152152061462,,,,,,
2695888896,2570,2570,2570,3.14267110824585,3.14267110824585,3.14267110824585,,,,,,
2696937472,2571,2571,2571,2.96673250198364,2.96673250198364,2.96673250198364,,,,,,
2697986048,2572,2572,2572,3.10207486152649,3.10207486152649,3.10207486152649,,,,,,
2699034624,2573,2573,2573,3.08109450340271,3.08109450340271,3.08109450340271,,,,,,
2700083200,2574,2574,2574,3.0588800907135,3.0588800907135,3.0588800907135,,,,,,
2701131776,2575,2575,2575,3.08479714393616,3.08479714393616,3.08479714393616,,,,,,
2702180352,2576,2576,2576,3.10119009017944,3.10119009017944,3.10119009017944,,,,,,
2703228928,2577,2577,2577,2.91686582565308,2.91686582565308,2.91686582565308,,,,,,
2704277504,2578,2578,2578,3.09136366844177,3.09136366844177,3.09136366844177,,,,,,
2705326080,2579,2579,2579,2.95232939720154,2.95232939720154,2.95232939720154,,,,,,
2706374656,2580,2580,2580,2.99736738204956,2.99736738204956,2.99736738204956,,,,,,
2707423232,2581,2581,2581,3.01532053947449,3.01532053947449,3.01532053947449,,,,,,
2708471808,2582,2582,2582,3.05624294281006,3.05624294281006,3.05624294281006,,,,,,
2709520384,2583,2583,2583,2.96881794929504,2.96881794929504,2.96881794929504,,,,,,
2710568960,2584,2584,2584,3.10739469528198,3.10739469528198,3.10739469528198,,,,,,
2711617536,2585,2585,2585,3.06585240364075,3.06585240364075,3.06585240364075,,,,,,
2712666112,2586,2586,2586,3.16786336898804,3.16786336898804,3.16786336898804,,,,,,
2713714688,2587,2587,2587,3.03299999237061,3.03299999237061,3.03299999237061,,,,,,
2714763264,2588,2588,2588,2.979811668396,2.979811668396,2.979811668396,,,,,,
2715811840,2589,2589,2589,2.90116095542908,2.90116095542908,2.90116095542908,,,,,,
2716860416,2590,2590,2590,3.17915534973145,3.17915534973145,3.17915534973145,,,,,,
2717908992,2591,2591,2591,2.98688125610352,2.98688125610352,2.98688125610352,,,,,,
2718957568,2592,2592,2592,3.06790542602539,3.06790542602539,3.06790542602539,,,,,,
2720006144,2593,2593,2593,3.04516077041626,3.04516077041626,3.04516077041626,,,,,,
2721054720,2594,2594,2594,3.04298233985901,3.04298233985901,3.04298233985901,,,,,,
2722103296,2595,2595,2595,2.908118724823,2.908118724823,2.908118724823,,,,,,
2723151872,2596,2596,2596,3.15687084197998,3.15687084197998,3.15687084197998,,,,,,
2724200448,2597,2597,2597,3.08812165260315,3.08812165260315,3.08812165260315,,,,,,
2725249024,2598,2598,2598,3.02377128601074,3.02377128601074,3.02377128601074,,,,,,
2726297600,2599,2599,2599,2.93859386444092,2.93859386444092,2.93859386444092,,,,,,
2727346176,2600,2600,2600,3.16652584075928,3.16652584075928,3.16652584075928,,,,,,
2728394752,2601,2601,2601,3.00826096534729,3.00826096534729,3.00826096534729,,,,,,
2729443328,2602,2602,2602,3.05625009536743,3.05625009536743,3.05625009536743,,,,,,
2730491904,2603,2603,2603,2.93992114067078,2.93992114067078,2.93992114067078,,,,,,
2731540480,2604,2604,2604,3.01514077186584,3.01514077186584,3.01514077186584,,,,,,
2732589056,2605,2605,2605,2.95664358139038,2.95664358139038,2.95664358139038,,,,,,
2733637632,2606,2606,2606,3.16230869293213,3.16230869293213,3.16230869293213,,,,,,
2734686208,2607,2607,2607,3.06155681610107,3.06155681610107,3.06155681610107,,,,,,
2735734784,2608,2608,2608,3.02815437316895,3.02815437316895,3.02815437316895,,,,,,
2736783360,2609,2609,2609,2.97518539428711,2.97518539428711,2.97518539428711,,,,,,
2737831936,2610,2610,2610,3.07724905014038,3.07724905014038,3.07724905014038,,,,,,
2738880512,2611,2611,2611,3.00687026977539,3.00687026977539,3.00687026977539,,,,,,
2739929088,2612,2612,2612,3.06647133827209,3.06647133827209,3.06647133827209,,,,,,
2740977664,2613,2613,2613,3.07660865783691,3.07660865783691,3.07660865783691,,,,,,
2742026240,2614,2614,2614,3.03427052497864,3.03427052497864,3.03427052497864,,,,,,
2743074816,2615,2615,2615,3.04612064361572,3.04612064361572,3.04612064361572,,,,,,
2744123392,2616,2616,2616,3.09353566169739,3.09353566169739,3.09353566169739,,,,,,
2745171968,2617,2617,2617,3.04253768920898,3.04253768920898,3.04253768920898,,,,,,
2746220544,2618,2618,2618,3.12451028823853,3.12451028823853,3.12451028823853,,,,,,
2747269120,2619,2619,2619,3.03465390205383,3.03465390205383,3.03465390205383,,,,,,
2748317696,2620,2620,2620,2.98857736587524,2.98857736587524,2.98857736587524,,,,,,
2749366272,2621,2621,2621,3.10292172431946,3.10292172431946,3.10292172431946,,,,,,
2750414848,2622,2622,2622,2.99555587768555,2.99555587768555,2.99555587768555,,,,,,
2751463424,2623,2623,2623,3.01760387420654,3.01760387420654,3.01760387420654,,,,,,
2752512000,2624,2624,2624,3.16009140014648,3.16009140014648,3.16009140014648,,,,,,
2753560576,2625,2625,2625,2.98911666870117,2.98911666870117,2.98911666870117,,,,,,
2754609152,2626,2626,2626,3.0986156463623,3.0986156463623,3.0986156463623,,,,,,
2755657728,2627,2627,2627,3.01057934761047,3.01057934761047,3.01057934761047,,,,,,
2756706304,2628,2628,2628,3.1270694732666,3.1270694732666,3.1270694732666,,,,,,
2757754880,2629,2629,2629,2.99000930786133,2.99000930786133,2.99000930786133,,,,,,
2758803456,2630,2630,2630,3.06855583190918,3.06855583190918,3.06855583190918,,,,,,
2759852032,2631,2631,2631,2.95201253890991,2.95201253890991,2.95201253890991,,,,,,
2760900608,2632,2632,2632,3.03684616088867,3.03684616088867,3.03684616088867,,,,,,
2761949184,2633,2633,2633,2.95303988456726,2.95303988456726,2.95303988456726,,,,,,
2762997760,2634,2634,2634,3.08760452270508,3.08760452270508,3.08760452270508,,,,,,
2764046336,2635,2635,2635,2.90435194969177,2.90435194969177,2.90435194969177,,,,,,
2765094912,2636,2636,2636,3.06774306297302,3.06774306297302,3.06774306297302,,,,,,
2766143488,2637,2637,2637,2.92990064620972,2.92990064620972,2.92990064620972,,,,,,
2767192064,2638,2638,2638,3.06562781333923,3.06562781333923,3.06562781333923,,,,,,
2768240640,2639,2639,2639,3.02206826210022,3.02206826210022,3.02206826210022,,,,,,
2769289216,2640,2640,2640,3.12230181694031,3.12230181694031,3.12230181694031,,,,,,
2770337792,2641,2641,2641,2.9294764995575,2.9294764995575,2.9294764995575,,,,,,
2771386368,2642,2642,2642,3.03088760375977,3.03088760375977,3.03088760375977,,,,,,
2772434944,2643,2643,2643,2.92822575569153,2.92822575569153,2.92822575569153,,,,,,
2773483520,2644,2644,2644,3.07826042175293,3.07826042175293,3.07826042175293,,,,,,
2774532096,2645,2645,2645,2.95274043083191,2.95274043083191,2.95274043083191,,,,,,
2775580672,2646,2646,2646,3.01341009140015,3.01341009140015,3.01341009140015,,,,,,
2776629248,2647,2647,2647,3.04267716407776,3.04267716407776,3.04267716407776,,,,,,
2777677824,2648,2648,2648,3.19115352630615,3.19115352630615,3.19115352630615,,,,,,
2778726400,2649,2649,2649,3.07234406471252,3.07234406471252,3.07234406471252,,,,,,
2779774976,2650,2650,2650,2.96363663673401,2.96363663673401,2.96363663673401,,,,,,
2780823552,2651,2651,2651,3.08042430877686,3.08042430877686,3.08042430877686,,,,,,
2781872128,2652,2652,2652,2.97624921798706,2.97624921798706,2.97624921798706,,,,,,
2782920704,2653,2653,2653,2.959721326828,2.959721326828,2.959721326828,,,,,,
2783969280,2654,2654,2654,3.02850317955017,3.02850317955017,3.02850317955017,,,,,,
2785017856,2655,2655,2655,2.86702013015747,2.86702013015747,2.86702013015747,,,,,,
2786066432,2656,2656,2656,3.07482218742371,3.07482218742371,3.07482218742371,,,,,,
2787115008,2657,2657,2657,3.0334587097168,3.0334587097168,3.0334587097168,,,,,,
2788163584,2658,2658,2658,3.1051926612854,3.1051926612854,3.1051926612854,,,,,,
2789212160,2659,2659,2659,2.95282077789307,2.95282077789307,2.95282077789307,,,,,,
2790260736,2660,2660,2660,3.02029776573181,3.02029776573181,3.02029776573181,,,,,,
2791309312,2661,2661,2661,3.00344657897949,3.00344657897949,3.00344657897949,,,,,,
2792357888,2662,2662,2662,2.9648745059967,2.9648745059967,2.9648745059967,,,,,,
2793406464,2663,2663,2663,2.91084361076355,2.91084361076355,2.91084361076355,,,,,,
2794455040,2664,2664,2664,2.98798942565918,2.98798942565918,2.98798942565918,,,,,,
2795503616,2665,2665,2665,3.02011132240295,3.02011132240295,3.02011132240295,,,,,,
2796552192,2666,2666,2666,3.1036114692688,3.1036114692688,3.1036114692688,,,,,,
2797600768,2667,2667,2667,3.02320671081543,3.02320671081543,3.02320671081543,,,,,,
2798649344,2668,2668,2668,3.19605255126953,3.19605255126953,3.19605255126953,,,,,,
2799697920,2669,2669,2669,2.98663592338562,2.98663592338562,2.98663592338562,,,,,,
2800746496,2670,2670,2670,3.06752371788025,3.06752371788025,3.06752371788025,,,,,,
2801795072,2671,2671,2671,3.03693318367004,3.03693318367004,3.03693318367004,,,,,,
2802843648,2672,2672,2672,3.07052516937256,3.07052516937256,3.07052516937256,,,,,,
2803892224,2673,2673,2673,2.94936990737915,2.94936990737915,2.94936990737915,,,,,,
2804940800,2674,2674,2674,3.10991096496582,3.10991096496582,3.10991096496582,,,,,,
2805989376,2675,2675,2675,3.00714302062988,3.00714302062988,3.00714302062988,,,,,,
2807037952,2676,2676,2676,3.1221489906311,3.1221489906311,3.1221489906311,,,,,,
2808086528,2677,2677,2677,2.97399258613586,2.97399258613586,2.97399258613586,,,,,,
2809135104,2678,2678,2678,3.0584671497345,3.0584671497345,3.0584671497345,,,,,,
2810183680,2679,2679,2679,2.91574954986572,2.91574954986572,2.91574954986572,,,,,,
2811232256,2680,2680,2680,3.03094744682312,3.03094744682312,3.03094744682312,,,,,,
2812280832,2681,2681,2681,3.03779697418213,3.03779697418213,3.03779697418213,,,,,,
2813329408,2682,2682,2682,2.95942187309265,2.95942187309265,2.95942187309265,,,,,,
2814377984,2683,2683,2683,2.91262435913086,2.91262435913086,2.91262435913086,,,,,,
2815426560,2684,2684,2684,3.08406591415405,3.08406591415405,3.08406591415405,,,,,,
2816475136,2685,2685,2685,2.97802758216858,2.97802758216858,2.97802758216858,,,,,,
2817523712,2686,2686,2686,3.03946781158447,3.03946781158447,3.03946781158447,,,,,,
2818572288,2687,2687,2687,3.04735589027405,3.04735589027405,3.04735589027405,,,,,,
2819620864,2688,2688,2688,3.00238966941834,3.00238966941834,3.00238966941834,,,,,,
2820669440,2689,2689,2689,2.85476589202881,2.85476589202881,2.85476589202881,,,,,,
2821718016,2690,2690,2690,2.94767570495605,2.94767570495605,2.94767570495605,,,,,,
2822766592,2691,2691,2691,2.90058588981628,2.90058588981628,2.90058588981628,,,,,,
2823815168,2692,2692,2692,3.07957935333252,3.07957935333252,3.07957935333252,,,,,,
2824863744,2693,2693,2693,2.97169494628906,2.97169494628906,2.97169494628906,,,,,,
2825912320,2694,2694,2694,2.97852444648743,2.97852444648743,2.97852444648743,,,,,,
2826960896,2695,2695,2695,3.03905320167542,3.03905320167542,3.03905320167542,,,,,,
2828009472,2696,2696,2696,3.06376361846924,3.06376361846924,3.06376361846924,,,,,,
2829058048,2697,2697,2697,2.96555233001709,2.96555233001709,2.96555233001709,,,,,,
2830106624,2698,2698,2698,2.99749898910522,2.99749898910522,2.99749898910522,,,,,,
2831155200,2699,2699,2699,2.98041033744812,2.98041033744812,2.98041033744812,,,,,,
2832203776,2700,2700,2700,3.08660888671875,3.08660888671875,3.08660888671875,,,,,,
2833252352,2701,2701,2701,3.04482412338257,3.04482412338257,3.04482412338257,,,,,,
2834300928,2702,2702,2702,3.15715146064758,3.15715146064758,3.15715146064758,,,,,,
2835349504,2703,2703,2703,2.99513840675354,2.99513840675354,2.99513840675354,,,,,,
2836398080,2704,2704,2704,2.94747710227966,2.94747710227966,2.94747710227966,,,,,,
2837446656,2705,2705,2705,2.90239572525024,2.90239572525024,2.90239572525024,,,,,,
2838495232,2706,2706,2706,2.85127639770508,2.85127639770508,2.85127639770508,,,,,,
2839543808,2707,2707,2707,2.90356731414795,2.90356731414795,2.90356731414795,,,,,,
2840592384,2708,2708,2708,2.99505043029785,2.99505043029785,2.99505043029785,,,,,,
2841640960,2709,2709,2709,2.88045406341553,2.88045406341553,2.88045406341553,,,,,,
2842689536,2710,2710,2710,3.04302072525024,3.04302072525024,3.04302072525024,,,,,,
2843738112,2711,2711,2711,2.88452529907227,2.88452529907227,2.88452529907227,,,,,,
2844786688,2712,2712,2712,2.94903469085693,2.94903469085693,2.94903469085693,,,,,,
2845835264,2713,2713,2713,2.85766839981079,2.85766839981079,2.85766839981079,,,,,,
2846883840,2714,2714,2714,2.9075722694397,2.9075722694397,2.9075722694397,,,,,,
2847932416,2715,2715,2715,2.9287109375,2.9287109375,2.9287109375,,,,,,
2848980992,2716,2716,2716,2.84067153930664,2.84067153930664,2.84067153930664,,,,,,
2850029568,2717,2717,2717,2.87433815002441,2.87433815002441,2.87433815002441,,,,,,
2851078144,2718,2718,2718,2.92743730545044,2.92743730545044,2.92743730545044,,,,,,
2852126720,2719,2719,2719,2.87088751792908,2.87088751792908,2.87088751792908,,,,,,
2853175296,2720,2720,2720,2.93845176696777,2.93845176696777,2.93845176696777,,,,,,
2854223872,2721,2721,2721,2.79937314987183,2.79937314987183,2.79937314987183,,,,,,
2855272448,2722,2722,2722,3.05751276016235,3.05751276016235,3.05751276016235,,,,,,
2856321024,2723,2723,2723,2.92874097824097,2.92874097824097,2.92874097824097,,,,,,
2857369600,2724,2724,2724,2.82578182220459,2.82578182220459,2.82578182220459,,,,,,
2858418176,2725,2725,2725,2.73770976066589,2.73770976066589,2.73770976066589,,,,,,
2859466752,2726,2726,2726,2.93664908409119,2.93664908409119,2.93664908409119,,,,,,
2860515328,2727,2727,2727,2.89798784255981,2.89798784255981,2.89798784255981,,,,,,
2861563904,2728,2728,2728,2.95448422431946,2.95448422431946,2.95448422431946,,,,,,
2862612480,2729,2729,2729,2.87154603004456,2.87154603004456,2.87154603004456,,,,,,
2863661056,2730,2730,2730,3.02901148796082,3.02901148796082,3.02901148796082,,,,,,
2864709632,2731,2731,2731,2.927410364151,2.927410364151,2.927410364151,,,,,,
2865758208,2732,2732,2732,2.82638168334961,2.82638168334961,2.82638168334961,,,,,,
2866806784,2733,2733,2733,2.84473609924316,2.84473609924316,2.84473609924316,,,,,,
2867855360,2734,2734,2734,2.82361125946045,2.82361125946045,2.82361125946045,,,,,,
2868903936,2735,2735,2735,2.87517690658569,2.87517690658569,2.87517690658569,,,,,,
2869952512,2736,2736,2736,2.86502861976624,2.86502861976624,2.86502861976624,,,,,,
2871001088,2737,2737,2737,2.90805864334106,2.90805864334106,2.90805864334106,,,,,,
2872049664,2738,2738,2738,3.03243708610535,3.03243708610535,3.03243708610535,,,,,,
2873098240,2739,2739,2739,2.93832993507385,2.93832993507385,2.93832993507385,,,,,,
2874146816,2740,2740,2740,2.86168456077576,2.86168456077576,2.86168456077576,,,,,,
2875195392,2741,2741,2741,2.86599373817444,2.86599373817444,2.86599373817444,,,,,,
2876243968,2742,2742,2742,2.83252668380737,2.83252668380737,2.83252668380737,,,,,,
2877292544,2743,2743,2743,2.78630995750427,2.78630995750427,2.78630995750427,,,,,,
2878341120,2744,2744,2744,2.90833926200867,2.90833926200867,2.90833926200867,,,,,,
2879389696,2745,2745,2745,2.93184280395508,2.93184280395508,2.93184280395508,,,,,,
2880438272,2746,2746,2746,2.8979606628418,2.8979606628418,2.8979606628418,,,,,,
2881486848,2747,2747,2747,2.80850577354431,2.80850577354431,2.80850577354431,,,,,,
2882535424,2748,2748,2748,2.95983386039734,2.95983386039734,2.95983386039734,,,,,,
2883584000,2749,2749,2749,2.97625041007996,2.97625041007996,2.97625041007996,,,,,,
2884632576,2750,2750,2750,3.09347176551819,3.09347176551819,3.09347176551819,,,,,,
2885681152,2751,2751,2751,3.07868242263794,3.07868242263794,3.07868242263794,,,,,,
2886729728,2752,2752,2752,3.07404565811157,3.07404565811157,3.07404565811157,,,,,,
2887778304,2753,2753,2753,2.93260860443115,2.93260860443115,2.93260860443115,,,,,,
2888826880,2754,2754,2754,3.06523370742798,3.06523370742798,3.06523370742798,,,,,,
2889875456,2755,2755,2755,2.83634471893311,2.83634471893311,2.83634471893311,,,,,,
2890924032,2756,2756,2756,3.03985118865967,3.03985118865967,3.03985118865967,,,,,,
2891972608,2757,2757,2757,2.91883993148804,2.91883993148804,2.91883993148804,,,,,,
2893021184,2758,2758,2758,3.04262828826904,3.04262828826904,3.04262828826904,,,,,,
2894069760,2759,2759,2759,2.97115969657898,2.97115969657898,2.97115969657898,,,,,,
2895118336,2760,2760,2760,2.95159435272217,2.95159435272217,2.95159435272217,,,,,,
2896166912,2761,2761,2761,2.96466565132141,2.96466565132141,2.96466565132141,,,,,,
2897215488,2762,2762,2762,2.9669988155365,2.9669988155365,2.9669988155365,,,,,,
2898264064,2763,2763,2763,2.93419599533081,2.93419599533081,2.93419599533081,,,,,,
2899312640,2764,2764,2764,2.95145559310913,2.95145559310913,2.95145559310913,,,,,,
2900361216,2765,2765,2765,2.9311671257019,2.9311671257019,2.9311671257019,,,,,,
2901409792,2766,2766,2766,2.97979474067688,2.97979474067688,2.97979474067688,,,,,,
2902458368,2767,2767,2767,3.03264093399048,3.03264093399048,3.03264093399048,,,,,,
2903506944,2768,2768,2768,3.03091049194336,3.03091049194336,3.03091049194336,,,,,,
2904555520,2769,2769,2769,2.94293212890625,2.94293212890625,2.94293212890625,,,,,,
2905604096,2770,2770,2770,2.95922350883484,2.95922350883484,2.95922350883484,,,,,,
2906652672,2771,2771,2771,2.88318943977356,2.88318943977356,2.88318943977356,,,,,,
2907701248,2772,2772,2772,2.90387225151062,2.90387225151062,2.90387225151062,,,,,,
2908749824,2773,2773,2773,2.79625010490418,2.79625010490418,2.79625010490418,,,,,,
2909798400,2774,2774,2774,2.97706317901611,2.97706317901611,2.97706317901611,,,,,,
2910846976,2775,2775,2775,2.97738695144653,2.97738695144653,2.97738695144653,,,,,,
2911895552,2776,2776,2776,3.15745162963867,3.15745162963867,3.15745162963867,,,,,,
2912944128,2777,2777,2777,3.00883197784424,3.00883197784424,3.00883197784424,,,,,,
2913992704,2778,2778,2778,2.84077024459839,2.84077024459839,2.84077024459839,,,,,,
2915041280,2779,2779,2779,2.90789794921875,2.90789794921875,2.90789794921875,,,,,,
2916089856,2780,2780,2780,2.76599383354187,2.76599383354187,2.76599383354187,,,,,,
2917138432,2781,2781,2781,2.88271450996399,2.88271450996399,2.88271450996399,,,,,,
2918187008,2782,2782,2782,2.92236137390137,2.92236137390137,2.92236137390137,,,,,,
2919235584,2783,2783,2783,2.79321384429932,2.79321384429932,2.79321384429932,,,,,,
2920284160,2784,2784,2784,2.95973014831543,2.95973014831543,2.95973014831543,,,,,,
2921332736,2785,2785,2785,2.96454524993897,2.96454524993897,2.96454524993897,,,,,,
2922381312,2786,2786,2786,3.05254364013672,3.05254364013672,3.05254364013672,,,,,,
2923429888,2787,2787,2787,3.01491737365723,3.01491737365723,3.01491737365723,,,,,,
2924478464,2788,2788,2788,3.10095691680908,3.10095691680908,3.10095691680908,,,,,,
2925527040,2789,2789,2789,3.02489590644836,3.02489590644836,3.02489590644836,,,,,,
2926575616,2790,2790,2790,3.03038644790649,3.03038644790649,3.03038644790649,,,,,,
2927624192,2791,2791,2791,2.94475865364075,2.94475865364075,2.94475865364075,,,,,,
2928672768,2792,2792,2792,3.03135895729065,3.03135895729065,3.03135895729065,,,,,,
2929721344,2793,2793,2793,2.95915079116821,2.95915079116821,2.95915079116821,,,,,,
2930769920,2794,2794,2794,3.03410267829895,3.03410267829895,3.03410267829895,,,,,,
2931818496,2795,2795,2795,3.06984281539917,3.06984281539917,3.06984281539917,,,,,,
2932867072,2796,2796,2796,2.9957013130188,2.9957013130188,2.9957013130188,,,,,,
2933915648,2797,2797,2797,3.02867102622986,3.02867102622986,3.02867102622986,,,,,,
2934964224,2798,2798,2798,3.07890248298645,3.07890248298645,3.07890248298645,,,,,,
2936012800,2799,2799,2799,2.932053565979,2.932053565979,2.932053565979,,,,,,
2937061376,2800,2800,2800,3.03307366371155,3.03307366371155,3.03307366371155,,,,,,
2938109952,2801,2801,2801,2.95083260536194,2.95083260536194,2.95083260536194,,,,,,
2939158528,2802,2802,2802,3.0534143447876,3.0534143447876,3.0534143447876,,,,,,
2940207104,2803,2803,2803,2.85840320587158,2.85840320587158,2.85840320587158,,,,,,
2941255680,2804,2804,2804,3.00741195678711,3.00741195678711,3.00741195678711,,,,,,
2942304256,2805,2805,2805,3.00122976303101,3.00122976303101,3.00122976303101,,,,,,
2943352832,2806,2806,2806,2.99359655380249,2.99359655380249,2.99359655380249,,,,,,
2944401408,2807,2807,2807,3.00337219238281,3.00337219238281,3.00337219238281,,,,,,
2945449984,2808,2808,2808,3.03734827041626,3.03734827041626,3.03734827041626,,,,,,
2946498560,2809,2809,2809,3.03425216674805,3.03425216674805,3.03425216674805,,,,,,
2947547136,2810,2810,2810,3.0850977897644,3.0850977897644,3.0850977897644,,,,,,
2948595712,2811,2811,2811,2.97103261947632,2.97103261947632,2.97103261947632,,,,,,
2949644288,2812,2812,2812,2.95482182502747,2.95482182502747,2.95482182502747,,,,,,
2950692864,2813,2813,2813,2.91545295715332,2.91545295715332,2.91545295715332,,,,,,
2951741440,2814,2814,2814,2.95895171165466,2.95895171165466,2.95895171165466,,,,,,
2952790016,2815,2815,2815,2.97144269943237,2.97144269943237,2.97144269943237,,,,,,
2953838592,2816,2816,2816,3.08562159538269,3.08562159538269,3.08562159538269,,,,,,
2954887168,2817,2817,2817,2.90751791000366,2.90751791000366,2.90751791000366,,,,,,
2955935744,2818,2818,2818,3.05560684204102,3.05560684204102,3.05560684204102,,,,,,
2956984320,2819,2819,2819,3.06280183792114,3.06280183792114,3.06280183792114,,,,,,
2958032896,2820,2820,2820,3.02605986595154,3.02605986595154,3.02605986595154,,,,,,
2959081472,2821,2821,2821,2.94661688804626,2.94661688804626,2.94661688804626,,,,,,
2960130048,2822,2822,2822,2.87570571899414,2.87570571899414,2.87570571899414,,,,,,
2961178624,2823,2823,2823,2.89658641815186,2.89658641815186,2.89658641815186,,,,,,
2962227200,2824,2824,2824,3.01754283905029,3.01754283905029,3.01754283905029,,,,,,
2963275776,2825,2825,2825,2.98087859153748,2.98087859153748,2.98087859153748,,,,,,
2964324352,2826,2826,2826,2.9873046875,2.9873046875,2.9873046875,,,,,,
2965372928,2827,2827,2827,2.90228700637817,2.90228700637817,2.90228700637817,,,,,,
2966421504,2828,2828,2828,3.00248193740845,3.00248193740845,3.00248193740845,,,,,,
2967470080,2829,2829,2829,2.93332242965698,2.93332242965698,2.93332242965698,,,,,,
2968518656,2830,2830,2830,3.02924847602844,3.02924847602844,3.02924847602844,,,,,,
2969567232,2831,2831,2831,2.94652462005615,2.94652462005615,2.94652462005615,,,,,,
2970615808,2832,2832,2832,3.0723090171814,3.0723090171814,3.0723090171814,,,,,,
2971664384,2833,2833,2833,2.98135900497437,2.98135900497437,2.98135900497437,,,,,,
2972712960,2834,2834,2834,3.09815168380737,3.09815168380737,3.09815168380737,,,,,,
2973761536,2835,2835,2835,3.00894069671631,3.00894069671631,3.00894069671631,,,,,,
2974810112,2836,2836,2836,3.06678152084351,3.06678152084351,3.06678152084351,,,,,,
2975858688,2837,2837,2837,2.9250705242157,2.9250705242157,2.9250705242157,,,,,,
2976907264,2838,2838,2838,3.04975748062134,3.04975748062134,3.04975748062134,,,,,,
2977955840,2839,2839,2839,2.92063331604004,2.92063331604004,2.92063331604004,,,,,,
2979004416,2840,2840,2840,3.02910876274109,3.02910876274109,3.02910876274109,,,,,,
2980052992,2841,2841,2841,2.98009300231934,2.98009300231934,2.98009300231934,,,,,,
2981101568,2842,2842,2842,2.94534540176392,2.94534540176392,2.94534540176392,,,,,,
2982150144,2843,2843,2843,2.85911107063293,2.85911107063293,2.85911107063293,,,,,,
2983198720,2844,2844,2844,2.96910166740418,2.96910166740418,2.96910166740418,,,,,,
2984247296,2845,2845,2845,2.9557523727417,2.9557523727417,2.9557523727417,,,,,,
2985295872,2846,2846,2846,3.00706148147583,3.00706148147583,3.00706148147583,,,,,,
2986344448,2847,2847,2847,2.93353056907654,2.93353056907654,2.93353056907654,,,,,,
2987393024,2848,2848,2848,2.95096969604492,2.95096969604492,2.95096969604492,,,,,,
2988441600,2849,2849,2849,2.94385719299316,2.94385719299316,2.94385719299316,,,,,,
2989490176,2850,2850,2850,3.05439853668213,3.05439853668213,3.05439853668213,,,,,,
2990538752,2851,2851,2851,2.93844413757324,2.93844413757324,2.93844413757324,,,,,,
2991587328,2852,2852,2852,3.06238722801209,3.06238722801209,3.06238722801209,,,,,,
2992635904,2853,2853,2853,2.91043996810913,2.91043996810913,2.91043996810913,,,,,,
2993684480,2854,2854,2854,2.96940636634827,2.96940636634827,2.96940636634827,,,,,,
2994733056,2855,2855,2855,2.90458416938782,2.90458416938782,2.90458416938782,,,,,,
2995781632,2856,2856,2856,2.95814776420593,2.95814776420593,2.95814776420593,,,,,,
2996830208,2857,2857,2857,2.9529402256012,2.9529402256012,2.9529402256012,,,,,,
2997878784,2858,2858,2858,3.06271862983704,3.06271862983704,3.06271862983704,,,,,,
2998927360,2859,2859,2859,3.0001425743103,3.0001425743103,3.0001425743103,,,,,,
2999975936,2860,2860,2860,3.00061798095703,3.00061798095703,3.00061798095703,,,,,,
3001024512,2861,2861,2861,2.92580509185791,2.92580509185791,2.92580509185791,,,,,,
3002073088,2862,2862,2862,3.03235983848572,3.03235983848572,3.03235983848572,,,,,,
3003121664,2863,2863,2863,2.95094537734985,2.95094537734985,2.95094537734985,,,,,,
3004170240,2864,2864,2864,2.95919871330261,2.95919871330261,2.95919871330261,,,,,,
3005218816,2865,2865,2865,2.9275484085083,2.9275484085083,2.9275484085083,,,,,,
3006267392,2866,2866,2866,2.96564841270447,2.96564841270447,2.96564841270447,,,,,,
3007315968,2867,2867,2867,2.93951368331909,2.93951368331909,2.93951368331909,,,,,,
3008364544,2868,2868,2868,3.05150079727173,3.05150079727173,3.05150079727173,,,,,,
3009413120,2869,2869,2869,2.9395432472229,2.9395432472229,2.9395432472229,,,,,,
3010461696,2870,2870,2870,2.85726833343506,2.85726833343506,2.85726833343506,,,,,,
3011510272,2871,2871,2871,2.89135670661926,2.89135670661926,2.89135670661926,,,,,,
3012558848,2872,2872,2872,3.01993989944458,3.01993989944458,3.01993989944458,,,,,,
3013607424,2873,2873,2873,3.00676918029785,3.00676918029785,3.00676918029785,,,,,,
3014656000,2874,2874,2874,3.0863151550293,3.0863151550293,3.0863151550293,,,,,,
3015704576,2875,2875,2875,2.96317386627197,2.96317386627197,2.96317386627197,,,,,,
3016753152,2876,2876,2876,2.94028878211975,2.94028878211975,2.94028878211975,,,,,,
3017801728,2877,2877,2877,2.93810725212097,2.93810725212097,2.93810725212097,,,,,,
3018850304,2878,2878,2878,3.15046095848084,3.15046095848084,3.15046095848084,,,,,,
3019898880,2879,2879,2879,2.97121214866638,2.97121214866638,2.97121214866638,,,,,,
3020947456,2880,2880,2880,2.97928905487061,2.97928905487061,2.97928905487061,,,,,,
3021996032,2881,2881,2881,2.91527795791626,2.91527795791626,2.91527795791626,,,,,,
3023044608,2882,2882,2882,3.04115986824036,3.04115986824036,3.04115986824036,,,,,,
3024093184,2883,2883,2883,2.96616125106812,2.96616125106812,2.96616125106812,,,,,,
3025141760,2884,2884,2884,3.00599193572998,3.00599193572998,3.00599193572998,,,,,,
3026190336,2885,2885,2885,2.91425848007202,2.91425848007202,2.91425848007202,,,,,,
3027238912,2886,2886,2886,2.96800255775452,2.96800255775452,2.96800255775452,,,,,,
3028287488,2887,2887,2887,2.93178462982178,2.93178462982178,2.93178462982178,,,,,,
3029336064,2888,2888,2888,3.09084224700928,3.09084224700928,3.09084224700928,,,,,,
3030384640,2889,2889,2889,2.92322683334351,2.92322683334351,2.92322683334351,,,,,,
3031433216,2890,2890,2890,3.05998110771179,3.05998110771179,3.05998110771179,,,,,,
3032481792,2891,2891,2891,2.96631693840027,2.96631693840027,2.96631693840027,,,,,,
3033530368,2892,2892,2892,2.91932249069214,2.91932249069214,2.91932249069214,,,,,,
3034578944,2893,2893,2893,2.81403923034668,2.81403923034668,2.81403923034668,,,,,,
3035627520,2894,2894,2894,2.89953589439392,2.89953589439392,2.89953589439392,,,,,,
3036676096,2895,2895,2895,2.83388638496399,2.83388638496399,2.83388638496399,,,,,,
3037724672,2896,2896,2896,2.96569204330444,2.96569204330444,2.96569204330444,,,,,,
3038773248,2897,2897,2897,2.92742490768433,2.92742490768433,2.92742490768433,,,,,,
3039821824,2898,2898,2898,3.00170111656189,3.00170111656189,3.00170111656189,,,,,,
3040870400,2899,2899,2899,2.85216116905212,2.85216116905212,2.85216116905212,,,,,,
3041918976,2900,2900,2900,3.01282835006714,3.01282835006714,3.01282835006714,,,,,,
3042967552,2901,2901,2901,2.86572265625,2.86572265625,2.86572265625,,,,,,
3044016128,2902,2902,2902,3.16174626350403,3.16174626350403,3.16174626350403,,,,,,
3045064704,2903,2903,2903,3.00163102149963,3.00163102149963,3.00163102149963,,,,,,
3046113280,2904,2904,2904,2.99670791625977,2.99670791625977,2.99670791625977,,,,,,
3047161856,2905,2905,2905,2.86920833587647,2.86920833587647,2.86920833587647,,,,,,
3048210432,2906,2906,2906,3.08370733261108,3.08370733261108,3.08370733261108,,,,,,
3049259008,2907,2907,2907,2.95767116546631,2.95767116546631,2.95767116546631,,,,,,
3050307584,2908,2908,2908,3.05518531799316,3.05518531799316,3.05518531799316,,,,,,
3051356160,2909,2909,2909,2.91066908836365,2.91066908836365,2.91066908836365,,,,,,
3052404736,2910,2910,2910,2.98697018623352,2.98697018623352,2.98697018623352,,,,,,
3053453312,2911,2911,2911,2.82228398323059,2.82228398323059,2.82228398323059,,,,,,
3054501888,2912,2912,2912,2.99168181419373,2.99168181419373,2.99168181419373,,,,,,
3055550464,2913,2913,2913,2.93280673027039,2.93280673027039,2.93280673027039,,,,,,
3056599040,2914,2914,2914,2.98571300506592,2.98571300506592,2.98571300506592,,,,,,
3057647616,2915,2915,2915,3.0161247253418,3.0161247253418,3.0161247253418,,,,,,
3058696192,2916,2916,2916,2.97821354866028,2.97821354866028,2.97821354866028,,,,,,
3059744768,2917,2917,2917,2.88871169090271,2.88871169090271,2.88871169090271,,,,,,
3060793344,2918,2918,2918,3.02289438247681,3.02289438247681,3.02289438247681,,,,,,
3061841920,2919,2919,2919,2.98724102973938,2.98724102973938,2.98724102973938,,,,,,
3062890496,2920,2920,2920,2.96741199493408,2.96741199493408,2.96741199493408,,,,,,
3063939072,2921,2921,2921,2.99383521080017,2.99383521080017,2.99383521080017,,,,,,
3064987648,2922,2922,2922,3.10870766639709,3.10870766639709,3.10870766639709,,,,,,
3066036224,2923,2923,2923,3.03287148475647,3.03287148475647,3.03287148475647,,,,,,
3067084800,2924,2924,2924,3.04563021659851,3.04563021659851,3.04563021659851,,,,,,
3068133376,2925,2925,2925,2.95359587669373,2.95359587669373,2.95359587669373,,,,,,
3069181952,2926,2926,2926,2.96275353431702,2.96275353431702,2.96275353431702,,,,,,
3070230528,2927,2927,2927,2.84007000923157,2.84007000923157,2.84007000923157,,,,,,
3071279104,2928,2928,2928,3.01949644088745,3.01949644088745,3.01949644088745,,,,,,
3072327680,2929,2929,2929,2.92131280899048,2.92131280899048,2.92131280899048,,,,,,
3073376256,2930,2930,2930,3.03564405441284,3.03564405441284,3.03564405441284,,,,,,
3074424832,2931,2931,2931,2.83329653739929,2.83329653739929,2.83329653739929,,,,,,
3075473408,2932,2932,2932,3.02576112747192,3.02576112747192,3.02576112747192,,,,,,
3076521984,2933,2933,2933,2.89133739471436,2.89133739471436,"2.8913373947143555""2999975936",0,0,0,4.28877449035645,4.28877449035645,4.28877449035645
3077570560,74,74,74,2.86681938171387,2.86681938171387,2.86681938171387,,,,,,
3078619136,75,75,75,2.95929646492004,2.95929646492004,2.95929646492004,,,,,,
3079667712,76,76,76,2.93267035484314,2.93267035484314,2.93267035484314,,,,,,
3080716288,77,77,77,2.92805147171021,2.92805147171021,2.92805147171021,,,,,,
3081764864,78,78,78,2.94327020645142,2.94327020645142,2.94327020645142,,,,,,
3082813440,79,79,79,2.95474195480347,2.95474195480347,2.95474195480347,,,,,,
3083862016,80,80,80,2.82271766662598,2.82271766662598,2.82271766662598,,,,,,
3084910592,81,81,81,2.90654754638672,2.90654754638672,2.90654754638672,,,,,,
3085959168,82,82,82,2.93502926826477,2.93502926826477,2.93502926826477,,,,,,
3087007744,83,83,83,2.98918843269348,2.98918843269348,2.98918843269348,,,,,,
3088056320,84,84,84,2.95828485488892,2.95828485488892,2.95828485488892,,,,,,
3089104896,85,85,85,2.94007730484009,2.94007730484009,2.94007730484009,,,,,,
3090153472,86,86,86,2.89070105552673,2.89070105552673,2.89070105552673,,,,,,
3091202048,87,87,87,2.93829083442688,2.93829083442688,2.93829083442688,,,,,,
3092250624,88,88,88,2.84702968597412,2.84702968597412,2.84702968597412,,,,,,
3093299200,89,89,89,2.90652084350586,2.90652084350586,2.90652084350586,,,,,,
3094347776,90,90,90,2.89672112464905,2.89672112464905,2.89672112464905,,,,,,
3095396352,91,91,91,2.92965126037598,2.92965126037598,2.92965126037598,,,,,,
3096444928,92,92,92,2.85189151763916,2.85189151763916,2.85189151763916,,,,,,
3097493504,93,93,93,2.89249396324158,2.89249396324158,2.89249396324158,,,,,,
3098542080,94,94,94,2.82465839385986,2.82465839385986,2.82465839385986,,,,,,
3099590656,95,95,95,2.98978066444397,2.98978066444397,2.98978066444397,,,,,,
3100639232,96,96,96,2.8530056476593,2.8530056476593,2.8530056476593,,,,,,
3101687808,97,97,97,2.73886632919312,2.73886632919312,2.73886632919312,,,,,,
3102736384,98,98,98,2.85581970214844,2.85581970214844,2.85581970214844,,,,,,
3103784960,99,99,99,2.8679621219635,2.8679621219635,2.8679621219635,,,,,,
3104833536,100,100,100,2.76264429092407,2.76264429092407,2.76264429092407,,,,,,
3105882112,101,101,101,2.83738851547241,2.83738851547241,2.83738851547241,,,,,,
3106930688,102,102,102,2.83372330665588,2.83372330665588,2.83372330665588,,,,,,
3107979264,103,103,103,2.88895010948181,2.88895010948181,2.88895010948181,,,,,,
3109027840,104,104,104,2.79358291625977,2.79358291625977,2.79358291625977,,,,,,
3110076416,105,105,105,2.76935696601868,2.76935696601868,2.76935696601868,,,,,,
3111124992,106,106,106,2.79922771453857,2.79922771453857,2.79922771453857,,,,,,
3112173568,107,107,107,2.86579704284668,2.86579704284668,2.86579704284668,,,,,,
3113222144,108,108,108,2.9108452796936,2.9108452796936,2.9108452796936,,,,,,
3114270720,109,109,109,2.7939920425415,2.7939920425415,2.7939920425415,,,,,,
3115319296,110,110,110,2.78621745109558,2.78621745109558,2.78621745109558,,,,,,
3116367872,111,111,111,2.85810256004334,2.85810256004334,2.85810256004334,,,,,,
3117416448,112,112,112,2.78401517868042,2.78401517868042,2.78401517868042,,,,,,
3118465024,113,113,113,2.9158947467804,2.9158947467804,2.9158947467804,,,,,,
3119513600,114,114,114,2.83200454711914,2.83200454711914,2.83200454711914,,,,,,
3120562176,115,115,115,2.80363154411316,2.80363154411316,2.80363154411316,,,,,,
3121610752,116,116,116,2.7657151222229,2.7657151222229,2.7657151222229,,,,,,
3122659328,117,117,117,2.80354785919189,2.80354785919189,2.80354785919189,,,,,,
3123707904,118,118,118,2.71127462387085,2.71127462387085,2.71127462387085,,,,,,
3124756480,119,119,119,2.85548853874207,2.85548853874207,2.85548853874207,,,,,,
3125805056,120,120,120,2.6266450881958,2.6266450881958,2.6266450881958,,,,,,
3126853632,121,121,121,2.65929245948792,2.65929245948792,2.65929245948792,,,,,,
3127902208,122,122,122,2.81263041496277,2.81263041496277,2.81263041496277,,,,,,
3128950784,123,123,123,2.80446481704712,2.80446481704712,2.80446481704712,,,,,,
3129999360,124,124,124,2.86487936973572,2.86487936973572,2.86487936973572,,,,,,
3131047936,125,125,125,2.88301229476929,2.88301229476929,2.88301229476929,,,,,,
3132096512,126,126,126,2.80621862411499,2.80621862411499,2.80621862411499,,,,,,
3133145088,127,127,127,2.8105936050415,2.8105936050415,2.8105936050415,,,,,,
3134193664,128,128,128,2.80151462554932,2.80151462554932,2.80151462554932,,,,,,
3135242240,129,129,129,2.87122392654419,2.87122392654419,2.87122392654419,,,,,,
3136290816,130,130,130,2.6972279548645,2.6972279548645,2.6972279548645,,,,,,
3137339392,131,131,131,2.83864641189575,2.83864641189575,2.83864641189575,,,,,,
3138387968,132,132,132,2.8617856502533,2.8617856502533,2.8617856502533,,,,,,
3139436544,133,133,133,2.81643295288086,2.81643295288086,2.81643295288086,,,,,,
3140485120,134,134,134,2.75401258468628,2.75401258468628,2.75401258468628,,,,,,
3141533696,135,135,135,2.82654857635498,2.82654857635498,2.82654857635498,,,,,,
3142582272,136,136,136,2.87456870079041,2.87456870079041,2.87456870079041,,,,,,
3143630848,137,137,137,2.80808234214783,2.80808234214783,2.80808234214783,,,,,,
3144679424,138,138,138,2.63373494148254,2.63373494148254,2.63373494148254,,,,,,
3145728000,139,139,139,2.75717186927795,2.75717186927795,2.75717186927795,,,,,,
3146776576,140,140,140,2.81358551979065,2.81358551979065,2.81358551979065,,,,,,
3147825152,141,141,141,2.69991445541382,2.69991445541382,2.69991445541382,,,,,,
3148873728,142,142,142,2.6214439868927,2.6214439868927,2.6214439868927,,,,,,
3149922304,143,143,143,2.84241819381714,2.84241819381714,2.84241819381714,,,,,,
3150970880,144,144,144,2.69159054756165,2.69159054756165,2.69159054756165,,,,,,
3152019456,145,145,145,2.75020098686218,2.75020098686218,2.75020098686218,,,,,,
3153068032,146,146,146,2.69585013389587,2.69585013389587,2.69585013389587,,,,,,
3154116608,147,147,147,2.69415760040283,2.69415760040283,2.69415760040283,,,,,,
3155165184,148,148,148,2.71539068222046,2.71539068222046,2.71539068222046,,,,,,
3156213760,149,149,149,2.69286608695984,2.69286608695984,2.69286608695984,,,,,,
3157262336,150,150,150,2.68030738830566,2.68030738830566,2.68030738830566,,,,,,
3158310912,151,151,151,2.83148598670959,2.83148598670959,2.83148598670959,,,,,,
3159359488,152,152,152,2.62593722343445,2.62593722343445,2.62593722343445,,,,,,
3160408064,153,153,153,2.8059024810791,2.8059024810791,2.8059024810791,,,,,,
3161456640,154,154,154,2.7025203704834,2.7025203704834,2.7025203704834,,,,,,
3162505216,155,155,155,2.81593346595764,2.81593346595764,2.81593346595764,,,,,,
3163553792,156,156,156,2.76591873168945,2.76591873168945,2.76591873168945,,,,,,
3164602368,157,157,157,2.56875801086426,2.56875801086426,2.56875801086426,,,,,,
3165650944,158,158,158,2.53227591514587,2.53227591514587,2.53227591514587,,,,,,
3166699520,159,159,159,2.82368278503418,2.82368278503418,2.82368278503418,,,,,,
3167748096,160,160,160,2.76389479637146,2.76389479637146,2.76389479637146,,,,,,
3168796672,161,161,161,2.83671379089355,2.83671379089355,2.83671379089355,,,,,,
3169845248,162,162,162,2.60459923744202,2.60459923744202,2.60459923744202,,,,,,
3170893824,163,163,163,2.80843377113342,2.80843377113342,2.80843377113342,,,,,,
3171942400,164,164,164,2.68596243858337,2.68596243858337,2.68596243858337,,,,,,
3172990976,165,165,165,2.71284580230713,2.71284580230713,2.71284580230713,,,,,,
3174039552,166,166,166,2.56348896026611,2.56348896026611,2.56348896026611,,,,,,
3175088128,167,167,167,2.63171291351318,2.63171291351318,2.63171291351318,,,,,,
3176136704,168,168,168,2.65238952636719,2.65238952636719,2.65238952636719,,,,,,
3177185280,169,169,169,2.66369867324829,2.66369867324829,2.66369867324829,,,,,,
3178233856,170,170,170,2.70695543289185,2.70695543289185,2.70695543289185,,,,,,
3179282432,171,171,171,2.51734852790833,2.51734852790833,2.51734852790833,,,,,,
3180331008,172,172,172,2.56379008293152,2.56379008293152,2.56379008293152,,,,,,
3181379584,173,173,173,2.69746446609497,2.69746446609497,2.69746446609497,,,,,,
3182428160,174,174,174,2.65630125999451,2.65630125999451,2.65630125999451,,,,,,
3183476736,175,175,175,2.62741875648499,2.62741875648499,2.62741875648499,,,,,,
3184525312,176,176,176,2.55321788787842,2.55321788787842,2.55321788787842,,,,,,
3185573888,177,177,177,2.75648736953735,2.75648736953735,2.75648736953735,,,,,,
3186622464,178,178,178,2.60687160491943,2.60687160491943,2.60687160491943,,,,,,
3187671040,179,179,179,2.64332246780396,2.64332246780396,2.64332246780396,,,,,,
3188719616,180,180,180,2.54625201225281,2.54625201225281,2.54625201225281,,,,,,
3189768192,181,181,181,2.59273838996887,2.59273838996887,2.59273838996887,,,,,,
3190816768,182,182,182,2.57999658584595,2.57999658584595,2.57999658584595,,,,,,
3191865344,183,183,183,2.68903732299805,2.68903732299805,2.68903732299805,,,,,,
3192913920,184,184,184,2.64556241035461,2.64556241035461,2.64556241035461,,,,,,
3193962496,185,185,185,2.61061334609985,2.61061334609985,2.61061334609985,,,,,,
3195011072,186,186,186,2.67923545837402,2.67923545837402,2.67923545837402,,,,,,
3196059648,187,187,187,2.73294615745544,2.73294615745544,2.73294615745544,,,,,,
3197108224,188,188,188,2.66620373725891,2.66620373725891,2.66620373725891,,,,,,
3198156800,189,189,189,2.65127301216126,2.65127301216126,2.65127301216126,,,,,,
3199205376,190,190,190,2.62147760391235,2.62147760391235,2.62147760391235,,,,,,
3200253952,191,191,191,2.60157489776611,2.60157489776611,2.60157489776611,,,,,,
3201302528,192,192,192,2.63841390609741,2.63841390609741,2.63841390609741,,,,,,
3202351104,193,193,193,2.80161666870117,2.80161666870117,2.80161666870117,,,,,,
3203399680,194,194,194,2.5575692653656,2.5575692653656,2.5575692653656,,,,,,
3204448256,195,195,195,2.63946509361267,2.63946509361267,2.63946509361267,,,,,,
3205496832,196,196,196,2.56139707565308,2.56139707565308,2.56139707565308,,,,,,
3206545408,197,197,197,2.51814460754395,2.51814460754395,2.51814460754395,,,,,,
3207593984,198,198,198,2.60439491271973,2.60439491271973,2.60439491271973,,,,,,
3208642560,199,199,199,2.58932280540466,2.58932280540466,2.58932280540466,,,,,,
3209691136,200,200,200,2.61961245536804,2.61961245536804,2.61961245536804,,,,,,
3210739712,201,201,201,2.55916500091553,2.55916500091553,2.55916500091553,,,,,,
3211788288,202,202,202,2.48325490951538,2.48325490951538,2.48325490951538,,,,,,
3212836864,203,203,203,2.69813585281372,2.69813585281372,2.69813585281372,,,,,,
3213885440,204,204,204,2.65351867675781,2.65351867675781,2.65351867675781,,,,,,
3214934016,205,205,205,2.71126484870911,2.71126484870911,2.71126484870911,,,,,,
3215982592,206,206,206,2.49113178253174,2.49113178253174,2.49113178253174,,,,,,
3217031168,207,207,207,2.50013518333435,2.50013518333435,2.50013518333435,,,,,,
3218079744,208,208,208,2.48924255371094,2.48924255371094,2.48924255371094,,,,,,
3219128320,209,209,209,2.56716871261597,2.56716871261597,2.56716871261597,,,,,,
3220176896,210,210,210,2.55955004692078,2.55955004692078,2.55955004692078,,,,,,
3221225472,211,211,211,2.67697429656982,2.67697429656982,2.67697429656982,,,,,,
3222274048,212,212,212,2.52628898620605,2.52628898620605,2.52628898620605,,,,,,
3223322624,213,213,213,2.56467962265015,2.56467962265015,2.56467962265015,,,,,,
3224371200,214,214,214,2.66967058181763,2.66967058181763,2.66967058181763,,,,,,
3225419776,215,215,215,2.65898108482361,2.65898108482361,2.65898108482361,,,,,,
3226468352,216,216,216,2.69438743591309,2.69438743591309,2.69438743591309,,,,,,
3227516928,217,217,217,2.68332076072693,2.68332076072693,2.68332076072693,,,,,,
3228565504,218,218,218,2.64873290061951,2.64873290061951,2.64873290061951,,,,,,
3229614080,219,219,219,2.6444079875946,2.6444079875946,2.6444079875946,,,,,,
3230662656,220,220,220,2.68655490875244,2.68655490875244,2.68655490875244,,,,,,
3231711232,221,221,221,2.64310264587402,2.64310264587402,2.64310264587402,,,,,,
3232759808,222,222,222,2.68048024177551,2.68048024177551,2.68048024177551,,,,,,
3233808384,223,223,223,2.69062256813049,2.69062256813049,2.69062256813049,,,,,,
3234856960,224,224,224,2.59138774871826,2.59138774871826,2.59138774871826,,,,,,
3235905536,225,225,225,2.59356451034546,2.59356451034546,2.59356451034546,,,,,,
3236954112,226,226,226,2.57338666915894,2.57338666915894,2.57338666915894,,,,,,
3238002688,227,227,227,2.5764331817627,2.5764331817627,2.5764331817627,,,,,,
3239051264,228,228,228,2.42382073402405,2.42382073402405,2.42382073402405,,,,,,
3240099840,229,229,229,2.70413064956665,2.70413064956665,2.70413064956665,,,,,,
3241148416,230,230,230,2.65730023384094,2.65730023384094,2.65730023384094,,,,,,
3242196992,231,231,231,2.7326226234436,2.7326226234436,2.7326226234436,,,,,,
3243245568,232,232,232,2.64685559272766,2.64685559272766,2.64685559272766,,,,,,
3244294144,233,233,233,2.65986299514771,2.65986299514771,2.65986299514771,,,,,,
3245342720,234,234,234,2.42884063720703,2.42884063720703,2.42884063720703,,,,,,
3246391296,235,235,235,2.45094299316406,2.45094299316406,2.45094299316406,,,,,,
3247439872,236,236,236,2.50992631912231,2.50992631912231,2.50992631912231,,,,,,
3248488448,237,237,237,2.68689203262329,2.68689203262329,2.68689203262329,,,,,,
3249537024,238,238,238,2.68469333648682,2.68469333648682,2.68469333648682,,,,,,
3250585600,239,239,239,2.56640863418579,2.56640863418579,2.56640863418579,,,,,,
3251634176,240,240,240,2.60051250457764,2.60051250457764,2.60051250457764,,,,,,
3252682752,241,241,241,2.71198678016663,2.71198678016663,2.71198678016663,,,,,,
3253731328,242,242,242,2.49774813652039,2.49774813652039,2.49774813652039,,,,,,
3254779904,243,243,243,2.58178067207336,2.58178067207336,2.58178067207336,,,,,,
3255828480,244,244,244,2.47527265548706,2.47527265548706,2.47527265548706,,,,,,
3256877056,245,245,245,2.59568738937378,2.59568738937378,2.59568738937378,,,,,,
3257925632,246,246,246,2.50406575202942,2.50406575202942,2.50406575202942,,,,,,
3258974208,247,247,247,2.56351470947266,2.56351470947266,2.56351470947266,,,,,,
3260022784,248,248,248,2.54573321342468,2.54573321342468,2.54573321342468,,,,,,
3261071360,249,249,249,2.59812831878662,2.59812831878662,2.59812831878662,,,,,,
3262119936,250,250,250,2.55492830276489,2.55492830276489,2.55492830276489,,,,,,
3263168512,251,251,251,2.56176233291626,2.56176233291626,2.56176233291626,,,,,,
3264217088,252,252,252,2.50043487548828,2.50043487548828,2.50043487548828,,,,,,
3265265664,253,253,253,2.60378885269165,2.60378885269165,2.60378885269165,,,,,,
3266314240,254,254,254,2.63848805427551,2.63848805427551,2.63848805427551,,,,,,
3267362816,255,255,255,2.64999318122864,2.64999318122864,2.64999318122864,,,,,,
3268411392,256,256,256,2.44300675392151,2.44300675392151,2.44300675392151,,,,,,
3269459968,257,257,257,2.44380187988281,2.44380187988281,2.44380187988281,,,,,,
3270508544,258,258,258,2.437420129776,2.437420129776,2.437420129776,,,,,,
3271557120,259,259,259,2.37249445915222,2.37249445915222,2.37249445915222,,,,,,
3272605696,260,260,260,2.49389696121216,2.49389696121216,2.49389696121216,,,,,,
3273654272,261,261,261,2.45635652542114,2.45635652542114,2.45635652542114,,,,,,
3274702848,262,262,262,2.45182991027832,2.45182991027832,2.45182991027832,,,,,,
3275751424,263,263,263,2.4931001663208,2.4931001663208,2.4931001663208,,,,,,
3276800000,264,264,264,2.56673336029053,2.56673336029053,2.56673336029053,,,,,,
3277848576,265,265,265,2.55612778663635,2.55612778663635,2.55612778663635,,,,,,
3278897152,266,266,266,2.39889264106751,2.39889264106751,2.39889264106751,,,,,,
3279945728,267,267,267,2.62611103057861,2.62611103057861,2.62611103057861,,,,,,
3280994304,268,268,268,2.51510095596313,2.51510095596313,2.51510095596313,,,,,,
3282042880,269,269,269,2.45812249183655,2.45812249183655,2.45812249183655,,,,,,
3283091456,270,270,270,2.35263919830322,2.35263919830322,2.35263919830322,,,,,,
3284140032,271,271,271,2.56571483612061,2.56571483612061,2.56571483612061,,,,,,
3285188608,272,272,272,2.46849370002747,2.46849370002747,2.46849370002747,,,,,,
3286237184,273,273,273,2.59852457046509,2.59852457046509,2.59852457046509,,,,,,
3287285760,274,274,274,2.4598217010498,2.4598217010498,2.4598217010498,,,,,,
3288334336,275,275,275,2.47661828994751,2.47661828994751,2.47661828994751,,,,,,
3289382912,276,276,276,2.55929517745972,2.55929517745972,2.55929517745972,,,,,,
3290431488,277,277,277,2.55592679977417,2.55592679977417,2.55592679977417,,,,,,
3291480064,278,278,278,2.42480325698853,2.42480325698853,2.42480325698853,,,,,,
3292528640,279,279,279,2.38815784454346,2.38815784454346,2.38815784454346,,,,,,
3293577216,280,280,280,2.56892251968384,2.56892251968384,2.56892251968384,,,,,,
3294625792,281,281,281,2.55177593231201,2.55177593231201,2.55177593231201,,,,,,
3295674368,282,282,282,2.54761528968811,2.54761528968811,2.54761528968811,,,,,,
3296722944,283,283,283,2.4714503288269,2.4714503288269,2.4714503288269,,,,,,
3297771520,284,284,284,2.41229724884033,2.41229724884033,2.41229724884033,,,,,,
3298820096,285,285,285,2.48928046226501,2.48928046226501,2.48928046226501,,,,,,
3299868672,286,286,286,2.37330746650696,2.37330746650696,2.37330746650696,,,,,,
3300917248,287,287,287,2.57147598266602,2.57147598266602,2.57147598266602,,,,,,
3301965824,288,288,288,2.46494579315186,2.46494579315186,2.46494579315186,,,,,,
3303014400,289,289,289,2.48462867736816,2.48462867736816,2.48462867736816,,,,,,
3304062976,290,290,290,2.35028529167175,2.35028529167175,2.35028529167175,,,,,,
3305111552,291,291,291,2.45231008529663,2.45231008529663,2.45231008529663,,,,,,
3306160128,292,292,292,2.51239490509033,2.51239490509033,2.51239490509033,,,,,,
3307208704,293,293,293,2.48394298553467,2.48394298553467,2.48394298553467,,,,,,
3308257280,294,294,294,2.45358920097351,2.45358920097351,2.45358920097351,,,,,,
3309305856,295,295,295,2.365154504776,2.365154504776,2.365154504776,,,,,,
3310354432,296,296,296,2.25825476646423,2.25825476646423,2.25825476646423,,,,,,
3311403008,297,297,297,2.48668050765991,2.48668050765991,2.48668050765991,,,,,,
3312451584,298,298,298,2.38683938980103,2.38683938980103,2.38683938980103,,,,,,
3313500160,299,299,299,2.6274619102478,2.6274619102478,2.6274619102478,,,,,,
3314548736,300,300,300,2.46140766143799,2.46140766143799,2.46140766143799,,,,,,
3315597312,301,301,301,2.52290177345276,2.52290177345276,2.52290177345276,,,,,,
3316645888,302,302,302,2.43221569061279,2.43221569061279,2.43221569061279,,,,,,
3317694464,303,303,303,2.52507257461548,2.52507257461548,2.52507257461548,,,,,,
3318743040,304,304,304,2.44356203079224,2.44356203079224,2.44356203079224,,,,,,
3319791616,305,305,305,2.53562951087952,2.53562951087952,2.53562951087952,,,,,,
3320840192,306,306,306,2.57031869888306,2.57031869888306,2.57031869888306,,,,,,
3321888768,307,307,307,2.50077438354492,2.50077438354492,2.50077438354492,,,,,,
3322937344,308,308,308,2.46805667877197,2.46805667877197,2.46805667877197,,,,,,
3323985920,309,309,309,2.40730810165405,2.40730810165405,2.40730810165405,,,,,,
3325034496,310,310,310,2.48830509185791,2.48830509185791,2.48830509185791,,,,,,
3326083072,311,311,311,2.36061072349548,2.36061072349548,2.36061072349548,,,,,,
3327131648,312,312,312,2.4636721611023,2.4636721611023,2.4636721611023,,,,,,
3328180224,313,313,313,2.57303667068481,2.57303667068481,2.57303667068481,,,,,,
3329228800,314,314,314,2.24637937545776,2.24637937545776,2.24637937545776,,,,,,
3330277376,315,315,315,2.43400430679321,2.43400430679321,2.43400430679321,,,,,,
3331325952,316,316,316,2.42726135253906,2.42726135253906,2.42726135253906,,,,,,
3332374528,317,317,317,2.53106570243835,2.53106570243835,2.53106570243835,,,,,,
3333423104,318,318,318,2.35876774787903,2.35876774787903,2.35876774787903,,,,,,
3334471680,319,319,319,2.4201135635376,2.4201135635376,2.4201135635376,,,,,,
3335520256,320,320,320,2.41797661781311,2.41797661781311,2.41797661781311,,,,,,
3336568832,321,321,321,2.57030773162842,2.57030773162842,2.57030773162842,,,,,,
3337617408,322,322,322,2.45647764205933,2.45647764205933,2.45647764205933,,,,,,
3338665984,323,323,323,2.63916754722595,2.63916754722595,2.63916754722595,,,,,,
3339714560,324,324,324,2.32551169395447,2.32551169395447,2.32551169395447,,,,,,
3340763136,325,325,325,2.44875359535217,2.44875359535217,2.44875359535217,,,,,,
3341811712,326,326,326,2.37262773513794,2.37262773513794,2.37262773513794,,,,,,
3342860288,327,327,327,2.58123207092285,2.58123207092285,2.58123207092285,,,,,,
3343908864,328,328,328,2.58624625205994,2.58624625205994,2.58624625205994,,,,,,
3344957440,329,329,329,2.55720973014832,2.55720973014832,2.55720973014832,,,,,,
3346006016,330,330,330,2.44751000404358,2.44751000404358,2.44751000404358,,,,,,
3347054592,331,331,331,2.48631763458252,2.48631763458252,2.48631763458252,,,,,,
3348103168,332,332,332,2.47354650497437,2.47354650497437,2.47354650497437,,,,,,
3349151744,333,333,333,2.60735940933228,2.60735940933228,2.60735940933228,,,,,,
3350200320,334,334,334,2.48940324783325,2.48940324783325,2.48940324783325,,,,,,
3351248896,335,335,335,2.39905071258545,2.39905071258545,2.39905071258545,,,,,,
3352297472,336,336,336,2.44974207878113,2.44974207878113,2.44974207878113,,,,,,
3353346048,337,337,337,2.43577837944031,2.43577837944031,2.43577837944031,,,,,,
3354394624,338,338,338,2.30779623985291,2.30779623985291,2.30779623985291,,,,,,
3355443200,339,339,339,2.47030997276306,2.47030997276306,2.47030997276306,,,,,,
3356491776,340,340,340,2.29224634170532,2.29224634170532,2.29224634170532,,,,,,
3357540352,341,341,341,2.53040051460266,2.53040051460266,2.53040051460266,,,,,,
3358588928,342,342,342,2.38136625289917,2.38136625289917,2.38136625289917,,,,,,
3359637504,343,343,343,2.52339267730713,2.52339267730713,2.52339267730713,,,,,,
3360686080,344,344,344,2.39544153213501,2.39544153213501,2.39544153213501,,,,,,
3361734656,345,345,345,2.58210754394531,2.58210754394531,2.58210754394531,,,,,,
3362783232,346,346,346,2.38313031196594,2.38313031196594,2.38313031196594,,,,,,
3363831808,347,347,347,2.41936111450195,2.41936111450195,2.41936111450195,,,,,,
3364880384,348,348,348,2.3305447101593,2.3305447101593,2.3305447101593,,,,,,
3365928960,349,349,349,2.41360282897949,2.41360282897949,2.41360282897949,,,,,,
3366977536,350,350,350,2.49649119377136,2.49649119377136,2.49649119377136,,,,,,
3368026112,351,351,351,2.38939094543457,2.38939094543457,2.38939094543457,,,,,,
3369074688,352,352,352,2.42229986190796,2.42229986190796,2.42229986190796,,,,,,
3370123264,353,353,353,2.46811056137085,2.46811056137085,2.46811056137085,,,,,,
3371171840,354,354,354,2.40089869499207,2.40089869499207,2.40089869499207,,,,,,
3372220416,355,355,355,2.55727171897888,2.55727171897888,2.55727171897888,,,,,,
3373268992,356,356,356,2.5350821018219,2.5350821018219,2.5350821018219,,,,,,
3374317568,357,357,357,2.62463808059692,2.62463808059692,2.62463808059692,,,,,,
3375366144,358,358,358,2.42396306991577,2.42396306991577,2.42396306991577,,,,,,
3376414720,359,359,359,2.43764090538025,2.43764090538025,2.43764090538025,,,,,,
3377463296,360,360,360,2.46885085105896,2.46885085105896,2.46885085105896,,,,,,
3378511872,361,361,361,2.44599580764771,2.44599580764771,2.44599580764771,,,,,,
3379560448,362,362,362,2.34947896003723,2.34947896003723,2.34947896003723,,,,,,
3380609024,363,363,363,2.55850195884705,2.55850195884705,2.55850195884705,,,,,,
3381657600,364,364,364,2.52806282043457,2.52806282043457,2.52806282043457,,,,,,
3382706176,365,365,365,2.35309815406799,2.35309815406799,2.35309815406799,,,,,,
3383754752,366,366,366,2.28050065040588,2.28050065040588,2.28050065040588,,,,,,
3384803328,367,367,367,2.3550705909729,2.3550705909729,2.3550705909729,,,,,,
3385851904,368,368,368,2.38095092773438,2.38095092773438,2.38095092773438,,,,,,
3386900480,369,369,369,2.40338468551636,2.40338468551636,2.40338468551636,,,,,,
3387949056,370,370,370,2.3625864982605,2.3625864982605,2.3625864982605,,,,,,
3388997632,371,371,371,2.44289636611938,2.44289636611938,2.44289636611938,,,,,,
3390046208,372,372,372,2.35362887382507,2.35362887382507,2.35362887382507,,,,,,
3391094784,373,373,373,2.56934261322022,2.56934261322022,2.56934261322022,,,,,,
3392143360,374,374,374,2.40395498275757,2.40395498275757,2.40395498275757,,,,,,
3393191936,375,375,375,2.65762662887573,2.65762662887573,2.65762662887573,,,,,,
3394240512,376,376,376,2.44878125190735,2.44878125190735,2.44878125190735,,,,,,
3395289088,377,377,377,2.47849869728088,2.47849869728088,2.47849869728088,,,,,,
3396337664,378,378,378,2.40641784667969,2.40641784667969,2.40641784667969,,,,,,
3397386240,379,379,379,2.47929906845093,2.47929906845093,2.47929906845093,,,,,,
3398434816,380,380,380,2.45955419540405,2.45955419540405,2.45955419540405,,,,,,
3399483392,381,381,381,2.42943668365479,2.42943668365479,2.42943668365479,,,,,,
3400531968,382,382,382,2.41176271438599,2.41176271438599,2.41176271438599,,,,,,
3401580544,383,383,383,2.45236301422119,2.45236301422119,2.45236301422119,,,,,,
3402629120,384,384,384,2.46062684059143,2.46062684059143,2.46062684059143,,,,,,
3403677696,385,385,385,2.48842740058899,2.48842740058899,2.48842740058899,,,,,,
3404726272,386,386,386,2.47291231155396,2.47291231155396,2.47291231155396,,,,,,
3405774848,387,387,387,2.33997917175293,2.33997917175293,2.33997917175293,,,,,,
3406823424,388,388,388,2.37282919883728,2.37282919883728,2.37282919883728,,,,,,
3407872000,389,389,389,2.52859592437744,2.52859592437744,2.52859592437744,,,,,,
3408920576,390,390,390,2.55826210975647,2.55826210975647,2.55826210975647,,,,,,
3409969152,391,391,391,2.47037267684937,2.47037267684937,2.47037267684937,,,,,,
3411017728,392,392,392,2.46700525283813,2.46700525283813,2.46700525283813,,,,,,
3412066304,393,393,393,2.4412841796875,2.4412841796875,2.4412841796875,,,,,,
3413114880,394,394,394,2.44316744804382,2.44316744804382,2.44316744804382,,,,,,
3414163456,395,395,395,2.51649713516235,2.51649713516235,2.51649713516235,,,,,,
3415212032,396,396,396,2.49069857597351,2.49069857597351,2.49069857597351,,,,,,
3416260608,397,397,397,2.48472738265991,2.48472738265991,2.48472738265991,,,,,,
3417309184,398,398,398,2.39563131332397,2.39563131332397,2.39563131332397,,,,,,
3418357760,399,399,399,2.36529994010925,2.36529994010925,2.36529994010925,,,,,,
3419406336,400,400,400,2.261474609375,2.261474609375,2.261474609375,,,,,,
3420454912,401,401,401,2.46015906333923,2.46015906333923,2.46015906333923,,,,,,
3421503488,402,402,402,2.39954376220703,2.39954376220703,2.39954376220703,,,,,,
3422552064,403,403,403,2.43595790863037,2.43595790863037,2.43595790863037,,,,,,
3423600640,404,404,404,2.42275810241699,2.42275810241699,2.42275810241699,,,,,,
3424649216,405,405,405,2.46664142608643,2.46664142608643,2.46664142608643,,,,,,
3425697792,406,406,406,2.45349431037903,2.45349431037903,2.45349431037903,,,,,,
3426746368,407,407,407,2.61260199546814,2.61260199546814,2.61260199546814,,,,,,
3427794944,408,408,408,2.57641839981079,2.57641839981079,2.57641839981079,,,,,,
3428843520,409,409,409,2.4752688407898,2.4752688407898,2.4752688407898,,,,,,
3429892096,410,410,410,2.32987093925476,2.32987093925476,2.32987093925476,,,,,,
3430940672,411,411,411,2.44609141349793,2.44609141349793,2.44609141349793,,,,,,
3431989248,412,412,412,2.53527617454529,2.53527617454529,2.53527617454529,,,,,,
3433037824,413,413,413,2.57007265090942,2.57007265090942,2.57007265090942,,,,,,
3434086400,414,414,414,2.41685080528259,2.41685080528259,2.41685080528259,,,,,,
3435134976,415,415,415,2.62587857246399,2.62587857246399,2.62587857246399,,,,,,
3436183552,416,416,416,2.2702968120575,2.2702968120575,2.2702968120575,,,,,,
3437232128,417,417,417,2.39534640312195,2.39534640312195,2.39534640312195,,,,,,
3438280704,418,418,418,2.54346108436584,2.54346108436584,2.54346108436584,,,,,,
3439329280,419,419,419,2.33193731307983,2.33193731307983,2.33193731307983,,,,,,
3440377856,420,420,420,2.39194703102112,2.39194703102112,2.39194703102112,,,,,,
3441426432,421,421,421,2.46043300628662,2.46043300628662,2.46043300628662,,,,,,
3442475008,422,422,422,2.44979429244995,2.44979429244995,2.44979429244995,,,,,,
3443523584,423,423,423,2.43588733673096,2.43588733673096,2.43588733673096,,,,,,
3444572160,424,424,424,2.50800466537476,2.50800466537476,2.50800466537476,,,,,,
3445620736,425,425,425,2.56175637245178,2.56175637245178,2.56175637245178,,,,,,
3446669312,426,426,426,2.33657503128052,2.33657503128052,2.33657503128052,,,,,,
3447717888,427,427,427,2.4716203212738,2.4716203212738,2.4716203212738,,,,,,
3448766464,428,428,428,2.50530958175659,2.50530958175659,2.50530958175659,,,,,,
3449815040,429,429,429,2.55022525787354,2.55022525787354,2.55022525787354,,,,,,
3450863616,430,430,430,2.50138926506043,2.50138926506043,2.50138926506043,,,,,,
3451912192,431,431,431,2.53079891204834,2.53079891204834,2.53079891204834,,,,,,
3452960768,432,432,432,2.50447225570679,2.50447225570679,2.50447225570679,,,,,,
3454009344,433,433,433,2.41820573806763,2.41820573806763,2.41820573806763,,,,,,
3455057920,434,434,434,2.36750268936157,2.36750268936157,2.36750268936157,,,,,,
3456106496,435,435,435,2.40466070175171,2.40466070175171,2.40466070175171,,,,,,
3457155072,436,436,436,2.42142295837402,2.42142295837402,2.42142295837402,,,,,,
3458203648,437,437,437,2.65569877624512,2.65569877624512,2.65569877624512,,,,,,
3459252224,438,438,438,2.51623582839966,2.51623582839966,2.51623582839966,,,,,,
3460300800,439,439,439,2.37447261810303,2.37447261810303,2.37447261810303,,,,,,
3461349376,440,440,440,2.43281698226929,2.43281698226929,2.43281698226929,,,,,,
3462397952,441,441,441,2.40250134468079,2.40250134468079,2.40250134468079,,,,,,
3463446528,442,442,442,2.29929423332214,2.29929423332214,2.29929423332214,,,,,,
3464495104,443,443,443,2.41536235809326,2.41536235809326,2.41536235809326,,,,,,
3465543680,444,444,444,2.32858800888062,2.32858800888062,2.32858800888062,,,,,,
3466592256,445,445,445,2.42026042938232,2.42026042938232,2.42026042938232,,,,,,
3467640832,446,446,446,2.39735388755798,2.39735388755798,2.39735388755798,,,,,,
3468689408,447,447,447,2.44898891448975,2.44898891448975,2.44898891448975,,,,,,
3469737984,448,448,448,2.41756248474121,2.41756248474121,2.41756248474121,,,,,,
3470786560,449,449,449,2.51658987998962,2.51658987998962,2.51658987998962,,,,,,
3471835136,450,450,450,2.43789672851563,2.43789672851563,2.43789672851563,,,,,,
3472883712,451,451,451,2.430180311203,2.430180311203,2.430180311203,,,,,,
3473932288,452,452,452,2.32044982910156,2.32044982910156,2.32044982910156,,,,,,
3474980864,453,453,453,2.61157369613647,2.61157369613647,2.61157369613647,,,,,,
3476029440,454,454,454,2.50180912017822,2.50180912017822,2.50180912017822,,,,,,
3477078016,455,455,455,2.41962766647339,2.41962766647339,2.41962766647339,,,,,,
3478126592,456,456,456,2.31883454322815,2.31883454322815,2.31883454322815,,,,,,
3479175168,457,457,457,2.37485074996948,2.37485074996948,2.37485074996948,,,,,,
3480223744,458,458,458,2.389643907547,2.389643907547,2.389643907547,,,,,,
3481272320,459,459,459,2.35355997085571,2.35355997085571,2.35355997085571,,,,,,
3482320896,460,460,460,2.434889793396,2.434889793396,2.434889793396,,,,,,
3483369472,461,461,461,2.29164981842041,2.29164981842041,2.29164981842041,,,,,,
3484418048,462,462,462,2.38324046134949,2.38324046134949,2.38324046134949,,,,,,
3485466624,463,463,463,2.50128221511841,2.50128221511841,2.50128221511841,,,,,,
3486515200,464,464,464,2.46997380256653,2.46997380256653,2.46997380256653,,,,,,
3487563776,465,465,465,2.42674684524536,2.42674684524536,2.42674684524536,,,,,,
3488612352,466,466,466,2.48284816741943,2.48284816741943,2.48284816741943,,,,,,
3489660928,467,467,467,2.55395984649658,2.55395984649658,2.55395984649658,,,,,,
3490709504,468,468,468,2.41158413887024,2.41158413887024,2.41158413887024,,,,,,
3491758080,469,469,469,2.55047702789307,2.55047702789307,2.55047702789307,,,,,,
3492806656,470,470,470,2.39359951019287,2.39359951019287,2.39359951019287,,,,,,
3493855232,471,471,471,2.49954414367676,2.49954414367676,2.49954414367676,,,,,,
3494903808,472,472,472,2.46623229980469,2.46623229980469,2.46623229980469,,,,,,
3495952384,473,473,473,2.57806849479675,2.57806849479675,2.57806849479675,,,,,,
3497000960,474,474,474,2.43626618385315,2.43626618385315,2.43626618385315,,,,,,
3498049536,475,475,475,2.62473797798157,2.62473797798157,2.62473797798157,,,,,,
3499098112,476,476,476,2.46745300292969,2.46745300292969,2.46745300292969,,,,,,
3500146688,477,477,477,2.48230791091919,2.48230791091919,2.48230791091919,,,,,,
3501195264,478,478,478,2.60572671890259,2.60572671890259,2.60572671890259,,,,,,
3502243840,479,479,479,2.4003119468689,2.4003119468689,2.4003119468689,,,,,,
3503292416,480,480,480,2.41278100013733,2.41278100013733,2.41278100013733,,,,,,
3504340992,481,481,481,2.67693781852722,2.67693781852722,2.67693781852722,,,,,,
3505389568,482,482,482,2.60906887054443,2.60906887054443,2.60906887054443,,,,,,
3506438144,483,483,483,2.47873783111572,2.47873783111572,2.47873783111572,,,,,,
3507486720,484,484,484,2.38981461524963,2.38981461524963,2.38981461524963,,,,,,
3508535296,485,485,485,2.33233428001404,2.33233428001404,2.33233428001404,,,,,,
3509583872,486,486,486,2.30667042732239,2.30667042732239,2.30667042732239,,,,,,
3510632448,487,487,487,2.53226518630981,2.53226518630981,2.53226518630981,,,,,,
3511681024,488,488,488,2.47757172584534,2.47757172584534,2.47757172584534,,,,,,
3512729600,489,489,489,2.53756141662598,2.53756141662598,2.53756141662598,,,,,,
3513778176,490,490,490,2.4222993850708,2.4222993850708,2.4222993850708,,,,,,
3514826752,491,491,491,2.66486072540283,2.66486072540283,2.66486072540283,,,,,,
3515875328,492,492,492,2.50723671913147,2.50723671913147,2.50723671913147,,,,,,
3516923904,493,493,493,2.47863721847534,2.47863721847534,2.47863721847534,,,,,,
3517972480,494,494,494,2.48621082305908,2.48621082305908,2.48621082305908,,,,,,
3519021056,495,495,495,2.48773312568665,2.48773312568665,2.48773312568665,,,,,,
3520069632,496,496,496,2.41944599151611,2.41944599151611,2.41944599151611,,,,,,
3521118208,497,497,497,2.73481559753418,2.73481559753418,2.73481559753418,,,,,,
3522166784,498,498,498,2.60954117774963,2.60954117774963,2.60954117774963,,,,,,
3523215360,499,499,499,2.40547013282776,2.40547013282776,2.40547013282776,,,,,,
3524263936,500,500,500,2.40289306640625,2.40289306640625,2.40289306640625,,,,,,
3525312512,501,501,501,2.32124614715576,2.32124614715576,2.32124614715576,,,,,,
3526361088,502,502,502,2.38461637496948,2.38461637496948,2.38461637496948,,,,,,
3527409664,503,503,503,2.34249782562256,2.34249782562256,2.34249782562256,,,,,,
3528458240,504,504,504,2.48079180717468,2.48079180717468,2.48079180717468,,,,,,
3529506816,505,505,505,2.4495096206665,2.4495096206665,2.4495096206665,,,,,,
3530555392,506,506,506,2.39354014396668,2.39354014396668,2.39354014396668,,,,,,
3531603968,507,507,507,2.2994270324707,2.2994270324707,2.2994270324707,,,,,,
3532652544,508,508,508,2.36352705955505,2.36352705955505,2.36352705955505,,,,,,
3533701120,509,509,509,2.48959159851074,2.48959159851074,2.48959159851074,,,,,,
3534749696,510,510,510,2.35507535934448,2.35507535934448,2.35507535934448,,,,,,
3535798272,511,511,511,2.55890226364136,2.55890226364136,2.55890226364136,,,,,,
3536846848,512,512,512,2.32561874389648,2.32561874389648,2.32561874389648,,,,,,
3537895424,513,513,513,2.51180982589722,2.51180982589722,2.51180982589722,,,,,,
3538944000,514,514,514,2.40470886230469,2.40470886230469,2.40470886230469,,,,,,
3539992576,515,515,515,2.48545575141907,2.48545575141907,2.48545575141907,,,,,,
3541041152,516,516,516,2.44970488548279,2.44970488548279,2.44970488548279,,,,,,
3542089728,517,517,517,2.51131796836853,2.51131796836853,2.51131796836853,,,,,,
3543138304,518,518,518,2.37778520584106,2.37778520584106,2.37778520584106,,,,,,
3544186880,519,519,519,2.47250723838806,2.47250723838806,2.47250723838806,,,,,,
3545235456,520,520,520,2.40230107307434,2.40230107307434,2.40230107307434,,,,,,
3546284032,521,521,521,2.56444311141968,2.56444311141968,2.56444311141968,,,,,,
3547332608,522,522,522,2.45861053466797,2.45861053466797,2.45861053466797,,,,,,
3548381184,523,523,523,2.40144920349121,2.40144920349121,2.40144920349121,,,,,,
3549429760,524,524,524,2.35082912445068,2.35082912445068,2.35082912445068,,,,,,
3550478336,525,525,525,2.62417411804199,2.62417411804199,2.62417411804199,,,,,,
3551526912,526,526,526,2.51078820228577,2.51078820228577,2.51078820228577,,,,,,
3552575488,527,527,527,2.5948543548584,2.5948543548584,2.5948543548584,,,,,,
3553624064,528,528,528,2.41695141792297,2.41695141792297,2.41695141792297,,,,,,
3554672640,529,529,529,2.53202891349793,2.53202891349793,2.53202891349793,,,,,,
3555721216,530,530,530,2.40429711341858,2.40429711341858,2.40429711341858,,,,,,
3556769792,531,531,531,2.53087377548218,2.53087377548218,2.53087377548218,,,,,,
3557818368,532,532,532,2.38662266731262,2.38662266731262,2.38662266731262,,,,,,
3558866944,533,533,533,2.49392414093018,2.49392414093018,2.49392414093018,,,,,,
3559915520,534,534,534,2.46431398391724,2.46431398391724,2.46431398391724,,,,,,
3560964096,535,535,535,2.39097595214844,2.39097595214844,2.39097595214844,,,,,,
3562012672,536,536,536,2.43895816802979,2.43895816802979,2.43895816802979,,,,,,
3563061248,537,537,537,2.47477579116821,2.47477579116821,2.47477579116821,,,,,,
3564109824,538,538,538,2.39266014099121,2.39266014099121,2.39266014099121,,,,,,
3565158400,539,539,539,2.63046717643738,2.63046717643738,2.63046717643738,,,,,,
3566206976,540,540,540,2.56038665771484,2.56038665771484,2.56038665771484,,,,,,
3567255552,541,541,541,2.43649196624756,2.43649196624756,2.43649196624756,,,,,,
3568304128,542,542,542,2.36173534393311,2.36173534393311,2.36173534393311,,,,,,
3569352704,543,543,543,2.40451526641846,2.40451526641846,2.40451526641846,,,,,,
3570401280,544,544,544,2.3342661857605,2.3342661857605,2.3342661857605,,,,,,
3571449856,545,545,545,2.55378913879395,2.55378913879395,2.55378913879395,,,,,,
3572498432,546,546,546,2.47871589660645,2.47871589660645,2.47871589660645,,,,,,
3573547008,547,547,547,2.52340340614319,2.52340340614319,2.52340340614319,,,,,,
3574595584,548,548,548,2.44545221328735,2.44545221328735,2.44545221328735,,,,,,
3575644160,549,549,549,2.47689366340637,2.47689366340637,2.47689366340637,,,,,,
3576692736,550,550,550,2.47602462768555,2.47602462768555,2.47602462768555,,,,,,
3577741312,551,551,551,2.61606550216675,2.61606550216675,2.61606550216675,,,,,,
3578789888,552,552,552,2.45096731185913,2.45096731185913,2.45096731185913,,,,,,
3579838464,553,553,553,2.38197994232178,2.38197994232178,2.38197994232178,,,,,,
3580887040,554,554,554,2.44871401786804,2.44871401786804,2.44871401786804,,,,,,
3581935616,555,555,555,2.27619409561157,2.27619409561157,2.27619409561157,,,,,,
3582984192,556,556,556,2.35326933860779,2.35326933860779,2.35326933860779,,,,,,
3584032768,557,557,557,2.34300541877747,2.34300541877747,2.34300541877747,,,,,,
3585081344,558,558,558,2.33759999275208,2.33759999275208,2.33759999275208,,,,,,
3586129920,559,559,559,2.42889404296875,2.42889404296875,2.42889404296875,,,,,,
3587178496,560,560,560,2.44117379188538,2.44117379188538,2.44117379188538,,,,,,
3588227072,561,561,561,2.3912398815155,2.3912398815155,2.3912398815155,,,,,,
3589275648,562,562,562,2.34939408302307,2.34939408302307,2.34939408302307,,,,,,
3590324224,563,563,563,2.43938398361206,2.43938398361206,2.43938398361206,,,,,,
3591372800,564,564,564,2.29867315292358,2.29867315292358,2.29867315292358,,,,,,
3592421376,565,565,565,2.48094272613525,2.48094272613525,2.48094272613525,,,,,,
3593469952,566,566,566,2.26763606071472,2.26763606071472,2.26763606071472,,,,,,
3594518528,567,567,567,2.56739830970764,2.56739830970764,2.56739830970764,,,,,,
3595567104,568,568,568,2.40903329849243,2.40903329849243,2.40903329849243,,,,,,
3596615680,569,569,569,2.5278811454773,2.5278811454773,2.5278811454773,,,,,,
3597664256,570,570,570,2.43672370910645,2.43672370910645,2.43672370910645,,,,,,
3598712832,571,571,571,2.5093080997467,2.5093080997467,2.5093080997467,,,,,,
3599761408,572,572,572,2.42939114570618,2.42939114570618,2.42939114570618,,,,,,
3600809984,573,573,573,2.4913763999939,2.4913763999939,2.4913763999939,,,,,,
3601858560,574,574,574,2.34436774253845,2.34436774253845,2.34436774253845,,,,,,
3602907136,575,575,575,2.3531346321106,2.3531346321106,2.3531346321106,,,,,,
3603955712,576,576,576,2.45516896247864,2.45516896247864,2.45516896247864,,,,,,
3605004288,577,577,577,2.45726299285889,2.45726299285889,2.45726299285889,,,,,,
3606052864,578,578,578,2.36576223373413,2.36576223373413,2.36576223373413,,,,,,
3607101440,579,579,579,2.33042407035828,2.33042407035828,2.33042407035828,,,,,,
3608150016,580,580,580,2.3578474521637,2.3578474521637,2.3578474521637,,,,,,
3609198592,581,581,581,2.53777027130127,2.53777027130127,2.53777027130127,,,,,,
3610247168,582,582,582,2.34196138381958,2.34196138381958,2.34196138381958,,,,,,
3611295744,583,583,583,2.42511463165283,2.42511463165283,2.42511463165283,,,,,,
3612344320,584,584,584,2.28966927528381,2.28966927528381,2.28966927528381,,,,,,
3613392896,585,585,585,2.41569638252258,2.41569638252258,2.41569638252258,,,,,,
3614441472,586,586,586,2.34838724136353,2.34838724136353,2.34838724136353,,,,,,
3615490048,587,587,587,2.43396234512329,2.43396234512329,2.43396234512329,,,,,,
3616538624,588,588,588,2.34854054450989,2.34854054450989,2.34854054450989,,,,,,
3617587200,589,589,589,2.40320682525635,2.40320682525635,2.40320682525635,,,,,,
3618635776,590,590,590,2.34431314468384,2.34431314468384,2.34431314468384,,,,,,
3619684352,591,591,591,2.37300562858582,2.37300562858582,2.37300562858582,,,,,,
3620732928,592,592,592,2.26790738105774,2.26790738105774,2.26790738105774,,,,,,
3621781504,593,593,593,2.24009037017822,2.24009037017822,2.24009037017822,,,,,,
3622830080,594,594,594,2.29255390167236,2.29255390167236,2.29255390167236,,,,,,
3623878656,595,595,595,2.59565806388855,2.59565806388855,2.59565806388855,,,,,,
3624927232,596,596,596,2.32389497756958,2.32389497756958,2.32389497756958,,,,,,
3625975808,597,597,597,2.47092008590698,2.47092008590698,2.47092008590698,,,,,,
3627024384,598,598,598,2.3681058883667,2.3681058883667,2.3681058883667,,,,,,
3628072960,599,599,599,2.49146127700806,2.49146127700806,2.49146127700806,,,,,,
3629121536,600,600,600,2.37033534049988,2.37033534049988,2.37033534049988,,,,,,
3630170112,601,601,601,2.55691647529602,2.55691647529602,2.55691647529602,,,,,,
3631218688,602,602,602,2.49280881881714,2.49280881881714,2.49280881881714,,,,,,
3632267264,603,603,603,2.52674770355225,2.52674770355225,2.52674770355225,,,,,,
3633315840,604,604,604,2.42799997329712,2.42799997329712,2.42799997329712,,,,,,
3634364416,605,605,605,2.48299908638001,2.48299908638001,2.48299908638001,,,,,,
3635412992,606,606,606,2.46451663970947,2.46451663970947,2.46451663970947,,,,,,
3636461568,607,607,607,2.50178170204163,2.50178170204163,2.50178170204163,,,,,,
3637510144,608,608,608,2.34307551383972,2.34307551383972,2.34307551383972,,,,,,
3638558720,609,609,609,2.43265438079834,2.43265438079834,2.43265438079834,,,,,,
3639607296,610,610,610,2.40184044837952,2.40184044837952,2.40184044837952,,,,,,
3640655872,611,611,611,2.45869421958923,2.45869421958923,2.45869421958923,,,,,,
3641704448,612,612,612,2.36905169487,2.36905169487,2.36905169487,,,,,,
3642753024,613,613,613,2.5524046421051,2.5524046421051,2.5524046421051,,,,,,
3643801600,614,614,614,2.43298196792603,2.43298196792603,2.43298196792603,,,,,,
3644850176,615,615,615,2.49659061431885,2.49659061431885,2.49659061431885,,,,,,
3645898752,616,616,616,2.52687120437622,2.52687120437622,2.52687120437622,,,,,,
3646947328,617,617,617,2.4717435836792,2.4717435836792,2.4717435836792,,,,,,
3647995904,618,618,618,2.41839694976807,2.41839694976807,2.41839694976807,,,,,,
3649044480,619,619,619,2.49879097938538,2.49879097938538,2.49879097938538,,,,,,
3650093056,620,620,620,2.40122771263123,2.40122771263123,2.40122771263123,,,,,,
3651141632,621,621,621,2.35774040222168,2.35774040222168,2.35774040222168,,,,,,
3652190208,622,622,622,2.42930173873901,2.42930173873901,2.42930173873901,,,,,,
3653238784,623,623,623,2.43811964988709,2.43811964988709,2.43811964988709,,,,,,
3654287360,624,624,624,2.32660841941834,2.32660841941834,2.32660841941834,,,,,,
3655335936,625,625,625,2.5126748085022,2.5126748085022,2.5126748085022,,,,,,
3656384512,626,626,626,2.4160795211792,2.4160795211792,2.4160795211792,,,,,,
3657433088,627,627,627,2.46345901489258,2.46345901489258,2.46345901489258,,,,,,
3658481664,628,628,628,2.39629912376404,2.39629912376404,2.39629912376404,,,,,,
3659530240,629,629,629,2.6112813949585,2.6112813949585,2.6112813949585,,,,,,
3660578816,630,630,630,2.38121056556702,2.38121056556702,2.38121056556702,,,,,,
3661627392,631,631,631,2.62841367721558,2.62841367721558,2.62841367721558,,,,,,
3662675968,632,632,632,2.53197264671326,2.53197264671326,2.53197264671326,,,,,,
3663724544,633,633,633,2.45509767532349,2.45509767532349,2.45509767532349,,,,,,
3664773120,634,634,634,2.36754941940308,2.36754941940308,2.36754941940308,,,,,,
3665821696,635,635,635,2.29619407653809,2.29619407653809,2.29619407653809,,,,,,
3666870272,636,636,636,2.18205761909485,2.18205761909485,2.18205761909485,,,,,,
3667918848,637,637,637,2.38068771362305,2.38068771362305,2.38068771362305,,,,,,
3668967424,638,638,638,2.31928610801697,2.31928610801697,2.31928610801697,,,,,,
3670016000,639,639,639,2.40899682044983,2.40899682044983,2.40899682044983,,,,,,
3671064576,640,640,640,2.28640580177307,2.28640580177307,2.28640580177307,,,,,,
3672113152,641,641,641,2.49516201019287,2.49516201019287,2.49516201019287,,,,,,
3673161728,642,642,642,2.41781735420227,2.41781735420227,2.41781735420227,,,,,,
3674210304,643,643,643,2.23053193092346,2.23053193092346,2.23053193092346,,,,,,
3675258880,644,644,644,2.20091891288757,2.20091891288757,2.20091891288757,,,,,,
3676307456,645,645,645,2.47423267364502,2.47423267364502,2.47423267364502,,,,,,
3677356032,646,646,646,2.26586294174194,2.26586294174194,2.26586294174194,,,,,,
3678404608,647,647,647,2.52871990203857,2.52871990203857,2.52871990203857,,,,,,
3679453184,648,648,648,2.37589383125305,2.37589383125305,2.37589383125305,,,,,,
3680501760,649,649,649,2.45454931259155,2.45454931259155,2.45454931259155,,,,,,
3681550336,650,650,650,2.34031057357788,2.34031057357788,2.34031057357788,,,,,,
3682598912,651,651,651,2.1855366230011,2.1855366230011,2.1855366230011,,,,,,
3683647488,652,652,652,2.19820165634155,2.19820165634155,2.19820165634155,,,,,,
3684696064,653,653,653,2.49569511413574,2.49569511413574,2.49569511413574,,,,,,
3685744640,654,654,654,2.56823754310608,2.56823754310608,2.56823754310608,,,,,,
3686793216,655,655,655,2.45573997497559,2.45573997497559,2.45573997497559,,,,,,
3687841792,656,656,656,2.34188938140869,2.34188938140869,2.34188938140869,,,,,,
3688890368,657,657,657,2.38244318962097,2.38244318962097,2.38244318962097,,,,,,
3689938944,658,658,658,2.31115508079529,2.31115508079529,2.31115508079529,,,,,,
3690987520,659,659,659,2.2469220161438,2.2469220161438,2.2469220161438,,,,,,
3692036096,660,660,660,2.39952898025513,2.39952898025513,2.39952898025513,,,,,,
3693084672,661,661,661,2.27909278869629,2.27909278869629,2.27909278869629,,,,,,
3694133248,662,662,662,2.25949096679688,2.25949096679688,2.25949096679688,,,,,,
3695181824,663,663,663,2.39699268341064,2.39699268341064,2.39699268341064,,,,,,
3696230400,664,664,664,2.36673450469971,2.36673450469971,2.36673450469971,,,,,,
3697278976,665,665,665,2.4527599811554,2.4527599811554,2.4527599811554,,,,,,
3698327552,666,666,666,2.46780467033386,2.46780467033386,2.46780467033386,,,,,,
3699376128,667,667,667,2.46743249893188,2.46743249893188,2.46743249893188,,,,,,
3700424704,668,668,668,2.50095963478088,2.50095963478088,2.50095963478088,,,,,,
3701473280,669,669,669,2.45739126205444,2.45739126205444,2.45739126205444,,,,,,
3702521856,670,670,670,2.32815456390381,2.32815456390381,2.32815456390381,,,,,,
3703570432,671,671,671,2.53999519348145,2.53999519348145,2.53999519348145,,,,,,
3704619008,672,672,672,2.5176784992218,2.5176784992218,2.5176784992218,,,,,,
3705667584,673,673,673,2.28254079818726,2.28254079818726,2.28254079818726,,,,,,
3706716160,674,674,674,2.38786149024963,2.38786149024963,2.38786149024963,,,,,,
3707764736,675,675,675,2.26278018951416,2.26278018951416,2.26278018951416,,,,,,
3708813312,676,676,676,2.26782393455505,2.26782393455505,2.26782393455505,,,,,,
3709861888,677,677,677,2.42532300949097,2.42532300949097,2.42532300949097,,,,,,
3710910464,678,678,678,2.37957191467285,2.37957191467285,2.37957191467285,,,,,,
3711959040,679,679,679,2.4593505859375,2.4593505859375,2.4593505859375,,,,,,
3713007616,680,680,680,2.37493801116943,2.37493801116943,2.37493801116943,,,,,,
3714056192,681,681,681,2.53325414657593,2.53325414657593,2.53325414657593,,,,,,
3715104768,682,682,682,2.54197311401367,2.54197311401367,2.54197311401367,,,,,,
3716153344,683,683,683,2.23842024803162,2.23842024803162,2.23842024803162,,,,,,
3717201920,684,684,684,2.25607943534851,2.25607943534851,2.25607943534851,,,,,,
3718250496,685,685,685,2.23756146430969,2.23756146430969,2.23756146430969,,,,,,
3719299072,686,686,686,2.28685736656189,2.28685736656189,2.28685736656189,,,,,,
3720347648,687,687,687,2.45210456848145,2.45210456848145,2.45210456848145,,,,,,
3721396224,688,688,688,2.58471536636353,2.58471536636353,2.58471536636353,,,,,,
3722444800,689,689,689,2.47056746482849,2.47056746482849,2.47056746482849,,,,,,
3723493376,690,690,690,2.47160005569458,2.47160005569458,2.47160005569458,,,,,,
3724541952,691,691,691,2.58242464065552,2.58242464065552,2.58242464065552,,,,,,
3725590528,692,692,692,2.48120260238647,2.48120260238647,2.48120260238647,,,,,,
3726639104,693,693,693,2.46418118476868,2.46418118476868,2.46418118476868,,,,,,
3727687680,694,694,694,2.49998760223389,2.49998760223389,2.49998760223389,,,,,,
3728736256,695,695,695,2.39054417610168,2.39054417610168,2.39054417610168,,,,,,
3729784832,696,696,696,2.46466684341431,2.46466684341431,2.46466684341431,,,,,,
3730833408,697,697,697,2.36722707748413,2.36722707748413,2.36722707748413,,,,,,
3731881984,698,698,698,2.29955768585205,2.29955768585205,2.29955768585205,,,,,,
3732930560,699,699,699,2.40553307533264,2.40553307533264,2.40553307533264,,,,,,
3733979136,700,700,700,2.37510800361633,2.37510800361633,2.37510800361633,,,,,,
3735027712,701,701,701,2.43808674812317,2.43808674812317,2.43808674812317,,,,,,
3736076288,702,702,702,2.39489841461182,2.39489841461182,2.39489841461182,,,,,,
3737124864,703,703,703,2.55281662940979,2.55281662940979,2.55281662940979,,,,,,
3738173440,704,704,704,2.40773749351501,2.40773749351501,2.40773749351501,,,,,,
3739222016,705,705,705,2.45898818969727,2.45898818969727,2.45898818969727,,,,,,
3740270592,706,706,706,2.44854068756104,2.44854068756104,2.44854068756104,,,,,,
3741319168,707,707,707,2.41463398933411,2.41463398933411,2.41463398933411,,,,,,
3742367744,708,708,708,2.40603828430176,2.40603828430176,2.40603828430176,,,,,,
3743416320,709,709,709,2.43033504486084,2.43033504486084,2.43033504486084,,,,,,
3744464896,710,710,710,2.23351168632507,2.23351168632507,2.23351168632507,,,,,,
3745513472,711,711,711,2.52811574935913,2.52811574935913,2.52811574935913,,,,,,
3746562048,712,712,712,2.44933032989502,2.44933032989502,2.44933032989502,,,,,,
3747610624,713,713,713,2.4026517868042,2.4026517868042,2.4026517868042,,,,,,
3748659200,714,714,714,2.34517002105713,2.34517002105713,2.34517002105713,,,,,,
3749707776,715,715,715,2.33993101119995,2.33993101119995,2.33993101119995,,,,,,
3750756352,716,716,716,2.44636726379395,2.44636726379395,2.44636726379395,,,,,,
3751804928,717,717,717,2.50543618202209,2.50543618202209,2.50543618202209,,,,,,
3752853504,718,718,718,2.40109348297119,2.40109348297119,2.40109348297119,,,,,,
3753902080,719,719,719,2.40409183502197,2.40409183502197,2.40409183502197,,,,,,
3754950656,720,720,720,2.30676746368408,2.30676746368408,2.30676746368408,,,,,,
3755999232,721,721,721,2.35344648361206,2.35344648361206,2.35344648361206,,,,,,
3757047808,722,722,722,2.34004473686218,2.34004473686218,2.34004473686218,,,,,,
3758096384,723,723,723,2.49459052085876,2.49459052085876,2.49459052085876,,,,,,
3759144960,724,724,724,2.41967701911926,2.41967701911926,2.41967701911926,,,,,,
3760193536,725,725,725,2.44371724128723,2.44371724128723,2.44371724128723,,,,,,
3761242112,726,726,726,2.28881478309631,2.28881478309631,2.28881478309631,,,,,,
3762290688,727,727,727,2.54106307029724,2.54106307029724,2.54106307029724,,,,,,
3763339264,728,728,728,2.34202575683594,2.34202575683594,2.34202575683594,,,,,,
3764387840,729,729,729,2.53150510787964,2.53150510787964,2.53150510787964,,,,,,
3765436416,730,730,730,2.3596613407135,2.3596613407135,2.3596613407135,,,,,,
3766484992,731,731,731,2.44314646720886,2.44314646720886,2.44314646720886,,,,,,
3767533568,732,732,732,2.24342060089111,2.24342060089111,2.24342060089111,,,,,,
3768582144,733,733,733,2.49811840057373,2.49811840057373,2.49811840057373,,,,,,
3769630720,734,734,734,2.39623594284058,2.39623594284058,2.39623594284058,,,,,,
3770679296,735,735,735,2.53122186660767,2.53122186660767,2.53122186660767,,,,,,
3771727872,736,736,736,2.36508846282959,2.36508846282959,2.36508846282959,,,,,,
3772776448,737,737,737,2.4095458984375,2.4095458984375,2.4095458984375,,,,,,
3773825024,738,738,738,2.39571785926819,2.39571785926819,2.39571785926819,,,,,,
3774873600,739,739,739,2.3916699886322,2.3916699886322,2.3916699886322,,,,,,
3775922176,740,740,740,2.23730897903442,2.23730897903442,2.23730897903442,,,,,,
3776970752,741,741,741,2.31449699401855,2.31449699401855,2.31449699401855,,,,,,
3778019328,742,742,742,2.36970090866089,2.36970090866089,2.36970090866089,,,,,,
3779067904,743,743,743,2.37257623672485,2.37257623672485,2.37257623672485,,,,,,
3780116480,744,744,744,2.42407894134522,2.42407894134522,2.42407894134522,,,,,,
3781165056,745,745,745,2.44298052787781,2.44298052787781,2.44298052787781,,,,,,
3782213632,746,746,746,2.35677027702332,2.35677027702332,2.35677027702332,,,,,,
3783262208,747,747,747,2.30103135108948,2.30103135108948,2.30103135108948,,,,,,
3784310784,748,748,748,2.35223627090454,2.35223627090454,2.35223627090454,,,,,,
3785359360,749,749,749,2.44143772125244,2.44143772125244,2.44143772125244,,,,,,
3786407936,750,750,750,2.37668943405151,2.37668943405151,2.37668943405151,,,,,,
3787456512,751,751,751,2.35298919677734,2.35298919677734,2.35298919677734,,,,,,
3788505088,752,752,752,2.32299828529358,2.32299828529358,2.32299828529358,,,,,,
3789553664,753,753,753,2.43855762481689,2.43855762481689,2.43855762481689,,,,,,
3790602240,754,754,754,2.41580390930176,2.41580390930176,2.41580390930176,,,,,,
3791650816,755,755,755,2.46604156494141,2.46604156494141,2.46604156494141,,,,,,
3792699392,756,756,756,2.4779040813446,2.4779040813446,2.4779040813446,,,,,,
3793747968,757,757,757,2.44208002090454,2.44208002090454,2.44208002090454,,,,,,
3794796544,758,758,758,2.30497074127197,2.30497074127197,2.30497074127197,,,,,,
3795845120,759,759,759,2.45579051971436,2.45579051971436,2.45579051971436,,,,,,
3796893696,760,760,760,2.43130254745483,2.43130254745483,2.43130254745483,,,,,,
3797942272,761,761,761,2.52780270576477,2.52780270576477,2.52780270576477,,,,,,
3798990848,762,762,762,2.4301962852478,2.4301962852478,2.4301962852478,,,,,,
3800039424,763,763,763,2.38478064537048,2.38478064537048,2.38478064537048,,,,,,
3801088000,764,764,764,2.3827383518219,2.3827383518219,2.3827383518219,,,,,,
3802136576,765,765,765,2.50139451026917,2.50139451026917,2.50139451026917,,,,,,
3803185152,766,766,766,2.29744386672974,2.29744386672974,2.29744386672974,,,,,,
3804233728,767,767,767,2.49034643173218,2.49034643173218,2.49034643173218,,,,,,
3805282304,768,768,768,2.35943651199341,2.35943651199341,2.35943651199341,,,,,,
3806330880,769,769,769,2.48376035690308,2.48376035690308,2.48376035690308,,,,,,
3807379456,770,770,770,2.30595636367798,2.30595636367798,2.30595636367798,,,,,,
3808428032,771,771,771,2.41551113128662,2.41551113128662,2.41551113128662,,,,,,
3809476608,772,772,772,2.30867266654968,2.30867266654968,2.30867266654968,,,,,,
3810525184,773,773,773,2.40329217910767,2.40329217910767,2.40329217910767,,,,,,
3811573760,774,774,774,2.44211435317993,2.44211435317993,2.44211435317993,,,,,,
3812622336,775,775,775,2.46307468414307,2.46307468414307,2.46307468414307,,,,,,
3813670912,776,776,776,2.46635985374451,2.46635985374451,2.46635985374451,,,,,,
3814719488,777,777,777,2.41661858558655,2.41661858558655,2.41661858558655,,,,,,
3815768064,778,778,778,2.45234632492065,2.45234632492065,2.45234632492065,,,,,,
3816816640,779,779,779,2.18807554244995,2.18807554244995,2.18807554244995,,,,,,
3817865216,780,780,780,2.24865293502808,2.24865293502808,2.24865293502808,,,,,,
3818913792,781,781,781,2.35283350944519,2.35283350944519,2.35283350944519,,,,,,
3819962368,782,782,782,2.40368270874023,2.40368270874023,2.40368270874023,,,,,,
3821010944,783,783,783,2.41649103164673,2.41649103164673,2.41649103164673,,,,,,
3822059520,784,784,784,2.19075417518616,2.19075417518616,2.19075417518616,,,,,,
3823108096,785,785,785,2.36204266548157,2.36204266548157,2.36204266548157,,,,,,
3824156672,786,786,786,2.51291465759277,2.51291465759277,2.51291465759277,,,,,,
3825205248,787,787,787,2.48892712593079,2.48892712593079,2.48892712593079,,,,,,
3826253824,788,788,788,2.47890901565552,2.47890901565552,2.47890901565552,,,,,,
3827302400,789,789,789,2.45697045326233,2.45697045326233,2.45697045326233,,,,,,
3828350976,790,790,790,2.28142857551575,2.28142857551575,2.28142857551575,,,,,,
3829399552,791,791,791,2.34932684898376,2.34932684898376,2.34932684898376,,,,,,
3830448128,792,792,792,2.30702781677246,2.30702781677246,2.30702781677246,,,,,,
3831496704,793,793,793,2.42949342727661,2.42949342727661,2.42949342727661,,,,,,
3832545280,794,794,794,2.31151008605957,2.31151008605957,2.31151008605957,,,,,,
3833593856,795,795,795,2.38253855705261,2.38253855705261,2.38253855705261,,,,,,
3834642432,796,796,796,2.38844585418701,2.38844585418701,2.38844585418701,,,,,,
3835691008,797,797,797,2.4103946685791,2.4103946685791,2.4103946685791,,,,,,
3836739584,798,798,798,2.35001063346863,2.35001063346863,2.35001063346863,,,,,,
3837788160,799,799,799,2.52465462684631,2.52465462684631,2.52465462684631,,,,,,
3838836736,800,800,800,2.37108945846558,2.37108945846558,2.37108945846558,,,,,,
3839885312,801,801,801,2.47743082046509,2.47743082046509,2.47743082046509,,,,,,
3840933888,802,802,802,2.41840767860413,2.41840767860413,2.41840767860413,,,,,,
3841982464,803,803,803,2.46800589561462,2.46800589561462,2.46800589561462,,,,,,
3843031040,804,804,804,2.37716865539551,2.37716865539551,2.37716865539551,,,,,,
3844079616,805,805,805,2.34466505050659,2.34466505050659,2.34466505050659,,,,,,
3845128192,806,806,806,2.31297874450684,2.31297874450684,2.31297874450684,,,,,,
3846176768,807,807,807,2.41654348373413,2.41654348373413,2.41654348373413,,,,,,
3847225344,808,808,808,2.35661840438843,2.35661840438843,2.35661840438843,,,,,,
3848273920,809,809,809,2.35633111000061,2.35633111000061,2.35633111000061,,,,,,
3849322496,810,810,810,2.37822222709656,2.37822222709656,2.37822222709656,,,,,,
3850371072,811,811,811,2.31226921081543,2.31226921081543,2.31226921081543,,,,,,
3851419648,812,812,812,2.40135908126831,2.40135908126831,2.40135908126831,,,,,,
3852468224,813,813,813,2.3683443069458,2.3683443069458,2.3683443069458,,,,,,
3853516800,814,814,814,2.26451635360718,2.26451635360718,2.26451635360718,,,,,,
3854565376,815,815,815,2.39157700538635,2.39157700538635,2.39157700538635,,,,,,
3855613952,816,816,816,2.371253490448,2.371253490448,2.371253490448,,,,,,
3856662528,817,817,817,2.37020897865295,2.37020897865295,2.37020897865295,,,,,,
3857711104,818,818,818,2.26580095291138,2.26580095291138,2.26580095291138,,,,,,
3858759680,819,819,819,2.32170033454895,2.32170033454895,2.32170033454895,,,,,,
3859808256,820,820,820,2.30696821212769,2.30696821212769,2.30696821212769,,,,,,
3860856832,821,821,821,2.5291919708252,2.5291919708252,2.5291919708252,,,,,,
3861905408,822,822,822,2.39403533935547,2.39403533935547,2.39403533935547,,,,,,
3862953984,823,823,823,2.2180004119873,2.2180004119873,2.2180004119873,,,,,,
3864002560,824,824,824,2.29151248931885,2.29151248931885,2.29151248931885,,,,,,
3865051136,825,825,825,2.4478497505188,2.4478497505188,2.4478497505188,,,,,,
3866099712,826,826,826,2.44533443450928,2.44533443450928,2.44533443450928,,,,,,
3867148288,827,827,827,2.43173360824585,2.43173360824585,2.43173360824585,,,,,,
3868196864,828,828,828,2.34433913230896,2.34433913230896,2.34433913230896,,,,,,
3869245440,829,829,829,2.53287029266357,2.53287029266357,2.53287029266357,,,,,,
3870294016,830,830,830,2.35800457000732,2.35800457000732,2.35800457000732,,,,,,
3871342592,831,831,831,2.45060729980469,2.45060729980469,2.45060729980469,,,,,,
3872391168,832,832,832,2.39118671417236,2.39118671417236,2.39118671417236,,,,,,
3873439744,833,833,833,2.29486036300659,2.29486036300659,2.29486036300659,,,,,,
3874488320,834,834,834,2.31255722045898,2.31255722045898,2.31255722045898,,,,,,
3875536896,835,835,835,2.38429737091064,2.38429737091064,2.38429737091064,,,,,,
3876585472,836,836,836,2.29526424407959,2.29526424407959,2.29526424407959,,,,,,
3877634048,837,837,837,2.31568360328674,2.31568360328674,2.31568360328674,,,,,,
3878682624,838,838,838,2.37343788146973,2.37343788146973,2.37343788146973,,,,,,
3879731200,839,839,839,2.40096020698547,2.40096020698547,2.40096020698547,,,,,,
3880779776,840,840,840,2.33840608596802,2.33840608596802,2.33840608596802,,,,,,
3881828352,841,841,841,2.489914894104,2.489914894104,2.489914894104,,,,,,
3882876928,842,842,842,2.39478421211243,2.39478421211243,2.39478421211243,,,,,,
3883925504,843,843,843,2.28718376159668,2.28718376159668,2.28718376159668,,,,,,
3884974080,844,844,844,2.31198000907898,2.31198000907898,2.31198000907898,,,,,,
3886022656,845,845,845,2.58590197563171,2.58590197563171,2.58590197563171,,,,,,
3887071232,846,846,846,2.3642749786377,2.3642749786377,2.3642749786377,,,,,,
3888119808,847,847,847,2.44699430465698,2.44699430465698,2.44699430465698,,,,,,
3889168384,848,848,848,2.44611883163452,2.44611883163452,2.44611883163452,,,,,,
3890216960,849,849,849,2.43829274177551,2.43829274177551,2.43829274177551,,,,,,
3891265536,850,850,850,2.3235809803009,2.3235809803009,2.3235809803009,,,,,,
3892314112,851,851,851,2.37217283248901,2.37217283248901,2.37217283248901,,,,,,
3893362688,852,852,852,2.50317215919495,2.50317215919495,2.50317215919495,,,,,,
3894411264,853,853,853,2.4394257068634,2.4394257068634,2.4394257068634,,,,,,
3895459840,854,854,854,2.23371505737305,2.23371505737305,2.23371505737305,,,,,,
3896508416,855,855,855,2.39512968063355,2.39512968063355,2.39512968063355,,,,,,
3897556992,856,856,856,2.31484961509705,2.31484961509705,2.31484961509705,,,,,,
3898605568,857,857,857,2.31247234344482,2.31247234344482,2.31247234344482,,,,,,
3899654144,858,858,858,2.259605884552,2.259605884552,2.259605884552,,,,,,
3900702720,859,859,859,2.38470482826233,2.38470482826233,2.38470482826233,,,,,,
3901751296,860,860,860,2.49649620056152,2.49649620056152,2.49649620056152,,,,,,
3902799872,861,861,861,2.31917381286621,2.31917381286621,2.31917381286621,,,,,,
3903848448,862,862,862,2.32045888900757,2.32045888900757,2.32045888900757,,,,,,
3904897024,863,863,863,2.35500907897949,2.35500907897949,2.35500907897949,,,,,,
3905945600,864,864,864,2.27534103393555,2.27534103393555,2.27534103393555,,,,,,
3906994176,865,865,865,2.14527797698975,2.14527797698975,2.14527797698975,,,,,,
3908042752,866,866,866,2.25562453269959,2.25562453269959,2.25562453269959,,,,,,
3909091328,867,867,867,2.60291194915772,2.60291194915772,2.60291194915772,,,,,,
3910139904,868,868,868,2.36961054801941,2.36961054801941,2.36961054801941,,,,,,
3911188480,869,869,869,2.5204005241394,2.5204005241394,2.5204005241394,,,,,,
3912237056,870,870,870,2.48344850540161,2.48344850540161,2.48344850540161,,,,,,
3913285632,871,871,871,2.56206035614014,2.56206035614014,2.56206035614014,,,,,,
3914334208,872,872,872,2.33736562728882,2.33736562728882,2.33736562728882,,,,,,
3915382784,873,873,873,2.48637771606445,2.48637771606445,2.48637771606445,,,,,,
3916431360,874,874,874,2.3206627368927,2.3206627368927,2.3206627368927,,,,,,
3917479936,875,875,875,2.42328071594238,2.42328071594238,2.42328071594238,,,,,,
3918528512,876,876,876,2.40954971313477,2.40954971313477,2.40954971313477,,,,,,
3919577088,877,877,877,2.57819771766663,2.57819771766663,2.57819771766663,,,,,,
3920625664,878,878,878,2.39406132698059,2.39406132698059,2.39406132698059,,,,,,
3921674240,879,879,879,2.47707509994507,2.47707509994507,2.47707509994507,,,,,,
3922722816,880,880,880,2.49344897270203,2.49344897270203,2.49344897270203,,,,,,
3923771392,881,881,881,2.52010130882263,2.52010130882263,2.52010130882263,,,,,,
3924819968,882,882,882,2.29028463363647,2.29028463363647,2.29028463363647,,,,,,
3925868544,883,883,883,2.47964406013489,2.47964406013489,2.47964406013489,,,,,,
3926917120,884,884,884,2.33823919296265,2.33823919296265,2.33823919296265,,,,,,
3927965696,885,885,885,2.46402215957642,2.46402215957642,2.46402215957642,,,,,,
3929014272,886,886,886,2.21620988845825,2.21620988845825,2.21620988845825,,,,,,
3930062848,887,887,887,2.44282579421997,2.44282579421997,2.44282579421997,,,,,,
3931111424,888,888,888,2.44547200202942,2.44547200202942,2.44547200202942,,,,,,
3932160000,889,889,889,2.3320255279541,2.3320255279541,2.3320255279541,,,,,,
3933208576,890,890,890,2.22214412689209,2.22214412689209,2.22214412689209,,,,,,
3934257152,891,891,891,2.49973487854004,2.49973487854004,2.49973487854004,,,,,,
3935305728,892,892,892,2.34250164031982,2.34250164031982,2.34250164031982,,,,,,
3936354304,893,893,893,2.43678188323975,2.43678188323975,2.43678188323975,,,,,,
3937402880,894,894,894,2.40173530578613,2.40173530578613,2.40173530578613,,,,,,
3938451456,895,895,895,2.4480996131897,2.4480996131897,2.4480996131897,,,,,,
3939500032,896,896,896,2.18982744216919,2.18982744216919,2.18982744216919,,,,,,
3940548608,897,897,897,2.4237699508667,2.4237699508667,2.4237699508667,,,,,,
3941597184,898,898,898,2.36146020889282,2.36146020889282,2.36146020889282,,,,,,
3942645760,899,899,899,2.39811086654663,2.39811086654663,2.39811086654663,,,,,,
3943694336,900,900,900,2.32440137863159,2.32440137863159,2.32440137863159,,,,,,
3944742912,901,901,901,2.47825193405151,2.47825193405151,2.47825193405151,,,,,,
3945791488,902,902,902,2.36213326454163,2.36213326454163,2.36213326454163,,,,,,
3946840064,903,903,903,2.37473368644714,2.37473368644714,2.37473368644714,,,,,,
3947888640,904,904,904,2.4627993106842,2.4627993106842,2.4627993106842,,,,,,
3948937216,905,905,905,2.41744446754456,2.41744446754456,2.41744446754456,,,,,,
3949985792,906,906,906,2.35468745231628,2.35468745231628,2.35468745231628,,,,,,
3951034368,907,907,907,2.51770710945129,2.51770710945129,2.51770710945129,,,,,,
3952082944,908,908,908,2.28634309768677,2.28634309768677,2.28634309768677,,,,,,
3953131520,909,909,909,2.30474376678467,2.30474376678467,2.30474376678467,,,,,,
3954180096,910,910,910,2.31766390800476,2.31766390800476,2.31766390800476,,,,,,
3955228672,911,911,911,2.46158146858215,2.46158146858215,2.46158146858215,,,,,,
3956277248,912,912,912,2.39190649986267,2.39190649986267,2.39190649986267,,,,,,
3957325824,913,913,913,2.56349658966064,2.56349658966064,2.56349658966064,,,,,,
3958374400,914,914,914,2.40223550796509,2.40223550796509,2.40223550796509,,,,,,
3959422976,915,915,915,2.39125108718872,2.39125108718872,2.39125108718872,,,,,,
3960471552,916,916,916,2.25504040718079,2.25504040718079,2.25504040718079,,,,,,
3961520128,917,917,917,2.32637596130371,2.32637596130371,2.32637596130371,,,,,,
3962568704,918,918,918,2.37766289710999,2.37766289710999,2.37766289710999,,,,,,
3963617280,919,919,919,2.569087266922,2.569087266922,2.569087266922,,,,,,
3964665856,920,920,920,2.27578020095825,2.27578020095825,2.27578020095825,,,,,,
3965714432,921,921,921,2.40112638473511,2.40112638473511,2.40112638473511,,,,,,
3966763008,922,922,922,2.23641729354858,2.23641729354858,2.23641729354858,,,,,,
3967811584,923,923,923,2.32607817649841,2.32607817649841,2.32607817649841,,,,,,
3968860160,924,924,924,2.2655873298645,2.2655873298645,2.2655873298645,,,,,,
3969908736,925,925,925,2.21601963043213,2.21601963043213,2.21601963043213,,,,,,
3970957312,926,926,926,2.32227253913879,2.32227253913879,2.32227253913879,,,,,,
3972005888,927,927,927,2.43791437149048,2.43791437149048,2.43791437149048,,,,,,
3973054464,928,928,928,2.4492781162262,2.4492781162262,2.4492781162262,,,,,,
3974103040,929,929,929,2.42665719985962,2.42665719985962,2.42665719985962,,,,,,
3975151616,930,930,930,2.31234002113342,2.31234002113342,2.31234002113342,,,,,,
3976200192,931,931,931,2.37347602844238,2.37347602844238,2.37347602844238,,,,,,
3977248768,932,932,932,2.36140394210815,2.36140394210815,2.36140394210815,,,,,,
3978297344,933,933,933,2.36632466316223,2.36632466316223,2.36632466316223,,,,,,
3979345920,934,934,934,2.31929540634155,2.31929540634155,2.31929540634155,,,,,,
3980394496,935,935,935,2.41592049598694,2.41592049598694,2.41592049598694,,,,,,
3981443072,936,936,936,2.35664486885071,2.35664486885071,2.35664486885071,,,,,,
3982491648,937,937,937,2.28197479248047,2.28197479248047,2.28197479248047,,,,,,
3983540224,938,938,938,2.27578926086426,2.27578926086426,2.27578926086426,,,,,,
3984588800,939,939,939,2.4530873298645,2.4530873298645,2.4530873298645,,,,,,
3985637376,940,940,940,2.31968021392822,2.31968021392822,2.31968021392822,,,,,,
3986685952,941,941,941,2.3788595199585,2.3788595199585,2.3788595199585,,,,,,
3987734528,942,942,942,2.19355392456055,2.19355392456055,2.19355392456055,,,,,,
3988783104,943,943,943,2.27591037750244,2.27591037750244,2.27591037750244,,,,,,
3989831680,944,944,944,2.21325445175171,2.21325445175171,2.21325445175171,,,,,,
3990880256,945,945,945,2.26128530502319,2.26128530502319,2.26128530502319,,,,,,
3991928832,946,946,946,2.32104897499084,2.32104897499084,2.32104897499084,,,,,,
3992977408,947,947,947,2.49340748786926,2.49340748786926,2.49340748786926,,,,,,
3994025984,948,948,948,2.25390100479126,2.25390100479126,2.25390100479126,,,,,,
3995074560,949,949,949,2.47192621231079,2.47192621231079,2.47192621231079,,,,,,
3996123136,950,950,950,2.42489385604858,2.42489385604858,2.42489385604858,,,,,,
3997171712,951,951,951,2.54072403907776,2.54072403907776,2.54072403907776,,,,,,
3998220288,952,952,952,2.4339451789856,2.4339451789856,2.4339451789856,,,,,,
3999268864,953,953,953,2.51181364059448,2.51181364059448,2.51181364059448,,,,,,
4000317440,954,954,954,2.28169012069702,2.28169012069702,2.28169012069702,,,,,,
4001366016,955,955,955,2.42786455154419,2.42786455154419,2.42786455154419,,,,,,
4002414592,956,956,956,2.39088845252991,2.39088845252991,2.39088845252991,,,,,,
4003463168,957,957,957,2.48852252960205,2.48852252960205,2.48852252960205,,,,,,
4004511744,958,958,958,2.40129518508911,2.40129518508911,2.40129518508911,,,,,,
4005560320,959,959,959,2.23700070381165,2.23700070381165,2.23700070381165,,,,,,
4006608896,960,960,960,2.39093637466431,2.39093637466431,2.39093637466431,,,,,,
4007657472,961,961,961,2.45267558097839,2.45267558097839,2.45267558097839,,,,,,
4008706048,962,962,962,2.43188667297363,2.43188667297363,2.43188667297363,,,,,,
4009754624,963,963,963,2.379230260849,2.379230260849,2.379230260849,,,,,,
4010803200,964,964,964,2.24071049690247,2.24071049690247,2.24071049690247,,,,,,
4011851776,965,965,965,2.39260053634644,2.39260053634644,2.39260053634644,,,,,,
4012900352,966,966,966,2.27977657318115,2.27977657318115,2.27977657318115,,,,,,
4013948928,967,967,967,2.39359188079834,2.39359188079834,2.39359188079834,,,,,,
4014997504,968,968,968,2.39425158500671,2.39425158500671,2.39425158500671,,,,,,
4016046080,969,969,969,2.43162608146668,2.43162608146668,2.43162608146668,,,,,,
4017094656,970,970,970,2.28704643249512,2.28704643249512,2.28704643249512,,,,,,
4018143232,971,971,971,2.3950355052948,2.3950355052948,2.3950355052948,,,,,,
4019191808,972,972,972,2.25554466247559,2.25554466247559,2.25554466247559,,,,,,
4020240384,973,973,973,2.37658405303955,2.37658405303955,2.37658405303955,,,,,,
4021288960,974,974,974,2.28412508964539,2.28412508964539,2.28412508964539,,,,,,
4022337536,975,975,975,2.45276403427124,2.45276403427124,2.45276403427124,,,,,,
4023386112,976,976,976,2.48048496246338,2.48048496246338,2.48048496246338,,,,,,
4024434688,977,977,977,2.43879222869873,2.43879222869873,2.43879222869873,,,,,,
4025483264,978,978,978,2.39992237091064,2.39992237091064,2.39992237091064,,,,,,
4026531840,979,979,979,2.39677810668945,2.39677810668945,2.39677810668945,,,,,,
4027580416,980,980,980,2.2948739528656,2.2948739528656,2.2948739528656,,,,,,
4028628992,981,981,981,2.53849601745605,2.53849601745605,2.53849601745605,,,,,,
4029677568,982,982,982,2.4439697265625,2.4439697265625,2.4439697265625,,,,,,
4030726144,983,983,983,2.42089796066284,2.42089796066284,2.42089796066284,,,,,,
4031774720,984,984,984,2.34101843833923,2.34101843833923,2.34101843833923,,,,,,
4032823296,985,985,985,2.46866488456726,2.46866488456726,2.46866488456726,,,,,,
4033871872,986,986,986,2.36670804023743,2.36670804023743,2.36670804023743,,,,,,
4034920448,987,987,987,2.6172935962677,2.6172935962677,2.6172935962677,,,,,,
4035969024,988,988,988,2.39366388320923,2.39366388320923,2.39366388320923,,,,,,
4037017600,989,989,989,2.41469955444336,2.41469955444336,2.41469955444336,,,,,,
4038066176,990,990,990,2.34483623504639,2.34483623504639,2.34483623504639,,,,,,
4039114752,991,991,991,2.56645917892456,2.56645917892456,2.56645917892456,,,,,,
4040163328,992,992,992,2.40157413482666,2.40157413482666,2.40157413482666,,,,,,
4041211904,993,993,993,2.29055309295654,2.29055309295654,2.29055309295654,,,,,,
4042260480,994,994,994,2.18473196029663,2.18473196029663,2.18473196029663,,,,,,
4043309056,995,995,995,2.399977684021,2.399977684021,2.399977684021,,,,,,
4044357632,996,996,996,2.38572359085083,2.38572359085083,2.38572359085083,,,,,,
4045406208,997,997,997,2.36084175109863,2.36084175109863,2.36084175109863,,,,,,
4046454784,998,998,998,2.22064542770386,2.22064542770386,2.22064542770386,,,,,,
4047503360,999,999,999,2.45414638519287,2.45414638519287,2.45414638519287,,,,,,
4048551936,1000,1000,1000,2.31112957000732,2.31112957000732,2.31112957000732,,,,,,
4049600512,1001,1001,1001,2.30416440963745,2.30416440963745,2.30416440963745,,,,,,
4050649088,1002,1002,1002,2.4227089881897,2.4227089881897,2.4227089881897,,,,,,
4051697664,1003,1003,1003,2.53299474716187,2.53299474716187,2.53299474716187,,,,,,
4052746240,1004,1004,1004,2.37321591377258,2.37321591377258,2.37321591377258,,,,,,
4053794816,1005,1005,1005,2.50784540176392,2.50784540176392,2.50784540176392,,,,,,
4054843392,1006,1006,1006,2.34436368942261,2.34436368942261,2.34436368942261,,,,,,
4055891968,1007,1007,1007,2.41330361366272,2.41330361366272,2.41330361366272,,,,,,
4056940544,1008,1008,1008,2.3307318687439,2.3307318687439,2.3307318687439,,,,,,
4057989120,1009,1009,1009,2.44954299926758,2.44954299926758,2.44954299926758,,,,,,
4059037696,1010,1010,1010,2.29538893699646,2.29538893699646,2.29538893699646,,,,,,
4060086272,1011,1011,1011,2.48183488845825,2.48183488845825,2.48183488845825,,,,,,
4061134848,1012,1012,1012,2.35390686988831,2.35390686988831,2.35390686988831,,,,,,
4062183424,1013,1013,1013,2.37388372421265,2.37388372421265,2.37388372421265,,,,,,
4063232000,1014,1014,1014,2.40796518325806,2.40796518325806,2.40796518325806,,,,,,
4064280576,1015,1015,1015,2.53805589675903,2.53805589675903,2.53805589675903,,,,,,
4065329152,1016,1016,1016,2.41402935981751,2.41402935981751,2.41402935981751,,,,,,
4066377728,1017,1017,1017,2.35192251205444,2.35192251205444,2.35192251205444,,,,,,
4067426304,1018,1018,1018,2.55330657958984,2.55330657958984,2.55330657958984,,,,,,
4068474880,1019,1019,1019,2.18524885177612,2.18524885177612,2.18524885177612,,,,,,
4069523456,1020,1020,1020,2.24120426177979,2.24120426177979,2.24120426177979,,,,,,
4070572032,1021,1021,1021,2.32248139381409,2.32248139381409,2.32248139381409,,,,,,
4071620608,1022,1022,1022,2.40520453453064,2.40520453453064,2.40520453453064,,,,,,
4072669184,1023,1023,1023,2.38274884223938,2.38274884223938,2.38274884223938,,,,,,
4073717760,1024,1024,1024,2.26685667037964,2.26685667037964,2.26685667037964,,,,,,
4074766336,1025,1025,1025,2.37655019760132,2.37655019760132,2.37655019760132,,,,,,
4075814912,1026,1026,1026,2.34387063980103,2.34387063980103,2.34387063980103,,,,,,
4076863488,1027,1027,1027,2.3543267250061,2.3543267250061,2.3543267250061,,,,,,
4077912064,1028,1028,1028,2.31247282028198,2.31247282028198,2.31247282028198,,,,,,
4078960640,1029,1029,1029,2.38777565956116,2.38777565956116,2.38777565956116,,,,,,
4080009216,1030,1030,1030,2.44051384925842,2.44051384925842,2.44051384925842,,,,,,
4081057792,1031,1031,1031,2.44649457931519,2.44649457931519,2.44649457931519,,,,,,
4082106368,1032,1032,1032,2.4835033416748,2.4835033416748,2.4835033416748,,,,,,
4083154944,1033,1033,1033,2.34396147727966,2.34396147727966,2.34396147727966,,,,,,
4084203520,1034,1034,1034,2.24712610244751,2.24712610244751,2.24712610244751,,,,,,
4085252096,1035,1035,1035,2.44072580337524,2.44072580337524,2.44072580337524,,,,,,
4086300672,1036,1036,1036,2.19025826454163,2.19025826454163,2.19025826454163,,,,,,
4087349248,1037,1037,1037,2.47860050201416,2.47860050201416,2.47860050201416,,,,,,
4088397824,1038,1038,1038,2.19594478607178,2.19594478607178,2.19594478607178,,,,,,
4089446400,1039,1039,1039,2.53196167945862,2.53196167945862,2.53196167945862,,,,,,
4090494976,1040,1040,1040,2.48315477371216,2.48315477371216,2.48315477371216,,,,,,
4091543552,1041,1041,1041,2.37469601631165,2.37469601631165,2.37469601631165,,,,,,
4092592128,1042,1042,1042,2.21456575393677,2.21456575393677,2.21456575393677,,,,,,
4093640704,1043,1043,1043,2.24306845664978,2.24306845664978,2.24306845664978,,,,,,
4094689280,1044,1044,1044,2.14823603630066,2.14823603630066,2.14823603630066,,,,,,
4095737856,1045,1045,1045,2.35000991821289,2.35000991821289,2.35000991821289,,,,,,
4096786432,1046,1046,1046,2.33394598960876,2.33394598960876,2.33394598960876,,,,,,
4097835008,1047,1047,1047,2.43150520324707,2.43150520324707,2.43150520324707,,,,,,
4098883584,1048,1048,1048,2.44017100334168,2.44017100334168,2.44017100334168,,,,,,
4099932160,1049,1049,1049,2.26602721214294,2.26602721214294,2.26602721214294,,,,,,
4100980736,1050,1050,1050,2.15923547744751,2.15923547744751,2.15923547744751,,,,,,
4102029312,1051,1051,1051,2.23717331886292,2.23717331886292,2.23717331886292,,,,,,
4103077888,1052,1052,1052,2.35539174079895,2.35539174079895,2.35539174079895,,,,,,
4104126464,1053,1053,1053,2.39685773849487,2.39685773849487,2.39685773849487,,,,,,
4105175040,1054,1054,1054,2.3139750957489,2.3139750957489,2.3139750957489,,,,,,
4106223616,1055,1055,1055,2.40012240409851,2.40012240409851,2.40012240409851,,,,,,
4107272192,1056,1056,1056,2.2294864654541,2.2294864654541,2.2294864654541,,,,,,
4108320768,1057,1057,1057,2.27368950843811,2.27368950843811,2.27368950843811,,,,,,
4109369344,1058,1058,1058,2.46411061286926,2.46411061286926,2.46411061286926,,,,,,
4110417920,1059,1059,1059,2.3556661605835,2.3556661605835,2.3556661605835,,,,,,
4111466496,1060,1060,1060,2.21054840087891,2.21054840087891,2.21054840087891,,,,,,
4112515072,1061,1061,1061,2.45443153381348,2.45443153381348,2.45443153381348,,,,,,
4113563648,1062,1062,1062,2.36315727233887,2.36315727233887,2.36315727233887,,,,,,
4114612224,1063,1063,1063,2.31498765945435,2.31498765945435,2.31498765945435,,,,,,
4115660800,1064,1064,1064,2.30602526664734,2.30602526664734,2.30602526664734,,,,,,
4116709376,1065,1065,1065,2.37857007980347,2.37857007980347,2.37857007980347,,,,,,
4117757952,1066,1066,1066,2.28834366798401,2.28834366798401,2.28834366798401,,,,,,
4118806528,1067,1067,1067,2.34777522087097,2.34777522087097,2.34777522087097,,,,,,
4119855104,1068,1068,1068,2.40391874313355,2.40391874313355,2.40391874313355,,,,,,
4120903680,1069,1069,1069,2.14647150039673,2.14647150039673,2.14647150039673,,,,,,
4121952256,1070,1070,1070,2.2173924446106,2.2173924446106,2.2173924446106,,,,,,
4123000832,1071,1071,1071,2.34077095985413,2.34077095985413,2.34077095985413,,,,,,
4124049408,1072,1072,1072,2.40920877456665,2.40920877456665,2.40920877456665,,,,,,
4125097984,1073,1073,1073,2.40499782562256,2.40499782562256,2.40499782562256,,,,,,
4126146560,1074,1074,1074,2.30173301696777,2.30173301696777,2.30173301696777,,,,,,
4127195136,1075,1075,1075,2.29109263420105,2.29109263420105,2.29109263420105,,,,,,
4128243712,1076,1076,1076,2.17405891418457,2.17405891418457,2.17405891418457,,,,,,
4129292288,1077,1077,1077,2.30665850639343,2.30665850639343,2.30665850639343,,,,,,
4130340864,1078,1078,1078,2.30039429664612,2.30039429664612,2.30039429664612,,,,,,
4131389440,1079,1079,1079,2.39683151245117,2.39683151245117,2.39683151245117,,,,,,
4132438016,1080,1080,1080,2.32234120368958,2.32234120368958,2.32234120368958,,,,,,
4133486592,1081,1081,1081,2.42484188079834,2.42484188079834,2.42484188079834,,,,,,
4134535168,1082,1082,1082,2.39928483963013,2.39928483963013,2.39928483963013,,,,,,
4135583744,1083,1083,1083,2.34376955032349,2.34376955032349,2.34376955032349,,,,,,
4136632320,1084,1084,1084,2.40589213371277,2.40589213371277,2.40589213371277,,,,,,
4137680896,1085,1085,1085,2.19343185424805,2.19343185424805,2.19343185424805,,,,,,
4138729472,1086,1086,1086,2.2706561088562,2.2706561088562,2.2706561088562,,,,,,
4139778048,1087,1087,1087,2.319331407547,2.319331407547,2.319331407547,,,,,,
4140826624,1088,1088,1088,2.25515937805176,2.25515937805176,2.25515937805176,,,,,,
4141875200,1089,1089,1089,2.47526526451111,2.47526526451111,2.47526526451111,,,,,,
4142923776,1090,1090,1090,2.31512403488159,2.31512403488159,2.31512403488159,,,,,,
4143972352,1091,1091,1091,2.39083576202393,2.39083576202393,2.39083576202393,,,,,,
4145020928,1092,1092,1092,2.44933176040649,2.44933176040649,2.44933176040649,,,,,,
4146069504,1093,1093,1093,2.44508790969849,2.44508790969849,2.44508790969849,,,,,,
4147118080,1094,1094,1094,2.27248287200928,2.27248287200928,2.27248287200928,,,,,,
4148166656,1095,1095,1095,2.36363124847412,2.36363124847412,2.36363124847412,,,,,,
4149215232,1096,1096,1096,2.28253269195557,2.28253269195557,2.28253269195557,,,,,,
4150263808,1097,1097,1097,2.31915974617004,2.31915974617004,2.31915974617004,,,,,,
4151312384,1098,1098,1098,2.24389052391052,2.24389052391052,2.24389052391052,,,,,,
4152360960,1099,1099,1099,2.3581645488739,2.3581645488739,2.3581645488739,,,,,,
4153409536,1100,1100,1100,2.34284019470215,2.34284019470215,2.34284019470215,,,,,,
4154458112,1101,1101,1101,2.34693026542664,2.34693026542664,2.34693026542664,,,,,,
4155506688,1102,1102,1102,2.15971803665161,2.15971803665161,2.15971803665161,,,,,,
4156555264,1103,1103,1103,2.5607602596283,2.5607602596283,2.5607602596283,,,,,,
4157603840,1104,1104,1104,2.41682291030884,2.41682291030884,2.41682291030884,,,,,,
4158652416,1105,1105,1105,2.30193829536438,2.30193829536438,2.30193829536438,,,,,,
4159700992,1106,1106,1106,2.23047876358032,2.23047876358032,2.23047876358032,,,,,,
4160749568,1107,1107,1107,2.43857550621033,2.43857550621033,2.43857550621033,,,,,,
4161798144,1108,1108,1108,2.31636071205139,2.31636071205139,2.31636071205139,,,,,,
4162846720,1109,1109,1109,2.43410444259644,2.43410444259644,2.43410444259644,,,,,,
4163895296,1110,1110,1110,2.35818099975586,2.35818099975586,2.35818099975586,,,,,,
4164943872,1111,1111,1111,2.43839454650879,2.43839454650879,2.43839454650879,,,,,,
4165992448,1112,1112,1112,2.22559499740601,2.22559499740601,2.22559499740601,,,,,,
4167041024,1113,1113,1113,2.37976598739624,2.37976598739624,2.37976598739624,,,,,,
4168089600,1114,1114,1114,2.3960325717926,2.3960325717926,2.3960325717926,,,,,,
4169138176,1115,1115,1115,2.27891445159912,2.27891445159912,2.27891445159912,,,,,,
4170186752,1116,1116,1116,2.27713966369629,2.27713966369629,2.27713966369629,,,,,,
4171235328,1117,1117,1117,2.18455028533936,2.18455028533936,2.18455028533936,,,,,,
4172283904,1118,1118,1118,2.32073092460632,2.32073092460632,2.32073092460632,,,,,,
4173332480,1119,1119,1119,2.4066333770752,2.4066333770752,2.4066333770752,,,,,,
4174381056,1120,1120,1120,2.22567892074585,2.22567892074585,2.22567892074585,,,,,,
4175429632,1121,1121,1121,2.29091930389404,2.29091930389404,2.29091930389404,,,,,,
4176478208,1122,1122,1122,2.26766610145569,2.26766610145569,2.26766610145569,,,,,,
4177526784,1123,1123,1123,2.47251272201538,2.47251272201538,2.47251272201538,,,,,,
4178575360,1124,1124,1124,2.20632266998291,2.20632266998291,2.20632266998291,,,,,,
4179623936,1125,1125,1125,2.30179643630981,2.30179643630981,2.30179643630981,,,,,,
4180672512,1126,1126,1126,2.22138023376465,2.22138023376465,2.22138023376465,,,,,,
4181721088,1127,1127,1127,2.19237923622131,2.19237923622131,2.19237923622131,,,,,,
4182769664,1128,1128,1128,2.3110933303833,2.3110933303833,2.3110933303833,,,,,,
4183818240,1129,1129,1129,2.43909621238709,2.43909621238709,2.43909621238709,,,,,,
4184866816,1130,1130,1130,2.33584117889404,2.33584117889404,2.33584117889404,,,,,,
4185915392,1131,1131,1131,2.44508242607117,2.44508242607117,2.44508242607117,,,,,,
4186963968,1132,1132,1132,2.29199504852295,2.29199504852295,2.29199504852295,,,,,,
4188012544,1133,1133,1133,2.32581615447998,2.32581615447998,2.32581615447998,,,,,,
4189061120,1134,1134,1134,2.27557325363159,2.27557325363159,2.27557325363159,,,,,,
4190109696,1135,1135,1135,2.31802320480347,2.31802320480347,2.31802320480347,,,,,,
4191158272,1136,1136,1136,2.21338176727295,2.21338176727295,2.21338176727295,,,,,,
4192206848,1137,1137,1137,2.45288968086243,2.45288968086243,2.45288968086243,,,,,,
4193255424,1138,1138,1138,2.34791398048401,2.34791398048401,2.34791398048401,,,,,,
4194304000,1139,1139,1139,2.28498935699463,2.28498935699463,2.28498935699463,,,,,,
4195352576,1140,1140,1140,2.30793619155884,2.30793619155884,2.30793619155884,,,,,,
4196401152,1141,1141,1141,2.44582223892212,2.44582223892212,2.44582223892212,,,,,,
4197449728,1142,1142,1142,2.25985407829285,2.25985407829285,2.25985407829285,,,,,,
4198498304,1143,1143,1143,2.28911972045898,2.28911972045898,2.28911972045898,,,,,,
4199546880,1144,1144,1144,2.29428672790527,2.29428672790527,2.29428672790527,,,,,,
4200595456,1145,1145,1145,2.28250741958618,2.28250741958618,2.28250741958618,,,,,,
4201644032,1146,1146,1146,2.3458526134491,2.3458526134491,2.3458526134491,,,,,,
4202692608,1147,1147,1147,2.39899230003357,2.39899230003357,2.39899230003357,,,,,,
4203741184,1148,1148,1148,2.42960381507874,2.42960381507874,2.42960381507874,,,,,,
4204789760,1149,1149,1149,2.3605580329895,2.3605580329895,2.3605580329895,,,,,,
4205838336,1150,1150,1150,2.27114319801331,2.27114319801331,2.27114319801331,,,,,,
4206886912,1151,1151,1151,2.3999764919281,2.3999764919281,2.3999764919281,,,,,,
4207935488,1152,1152,1152,2.24373507499695,2.24373507499695,2.24373507499695,,,,,,
4208984064,1153,1153,1153,2.27860188484192,2.27860188484192,2.27860188484192,,,,,,
4210032640,1154,1154,1154,2.35081887245178,2.35081887245178,2.35081887245178,,,,,,
4211081216,1155,1155,1155,2.30666255950928,2.30666255950928,2.30666255950928,,,,,,
4212129792,1156,1156,1156,2.24208641052246,2.24208641052246,2.24208641052246,,,,,,
4213178368,1157,1157,1157,2.30438184738159,2.30438184738159,2.30438184738159,,,,,,
4214226944,1158,1158,1158,2.24233770370483,2.24233770370483,2.24233770370483,,,,,,
4215275520,1159,1159,1159,2.16424608230591,2.16424608230591,2.16424608230591,,,,,,
4216324096,1160,1160,1160,2.17683219909668,2.17683219909668,2.17683219909668,,,,,,
4217372672,1161,1161,1161,2.44504904747009,2.44504904747009,2.44504904747009,,,,,,
4218421248,1162,1162,1162,2.37812495231628,2.37812495231628,2.37812495231628,,,,,,
4219469824,1163,1163,1163,2.2407054901123,2.2407054901123,2.2407054901123,,,,,,
4220518400,1164,1164,1164,2.29121494293213,2.29121494293213,2.29121494293213,,,,,,
4221566976,1165,1165,1165,2.31373977661133,2.31373977661133,2.31373977661133,,,,,,
4222615552,1166,1166,1166,2.20445466041565,2.20445466041565,2.20445466041565,,,,,,
4223664128,1167,1167,1167,2.45381760597229,2.45381760597229,2.45381760597229,,,,,,
4224712704,1168,1168,1168,2.34796738624573,2.34796738624573,2.34796738624573,,,,,,
4225761280,1169,1169,1169,2.37584638595581,2.37584638595581,2.37584638595581,,,,,,
4226809856,1170,1170,1170,2.30507874488831,2.30507874488831,2.30507874488831,,,,,,
4227858432,1171,1171,1171,2.26565980911255,2.26565980911255,2.26565980911255,,,,,,
4228907008,1172,1172,1172,2.27541828155518,2.27541828155518,2.27541828155518,,,,,,
4229955584,1173,1173,1173,2.33822178840637,2.33822178840637,2.33822178840637,,,,,,
4231004160,1174,1174,1174,2.37591218948364,2.37591218948364,2.37591218948364,,,,,,
4232052736,1175,1175,1175,2.37786722183228,2.37786722183228,2.37786722183228,,,,,,
4233101312,1176,1176,1176,2.17857646942139,2.17857646942139,2.17857646942139,,,,,,
4234149888,1177,1177,1177,2.48273134231567,2.48273134231567,2.48273134231567,,,,,,
4235198464,1178,1178,1178,2.40088558197022,2.40088558197022,2.40088558197022,,,,,,
4236247040,1179,1179,1179,2.36877870559692,2.36877870559692,2.36877870559692,,,,,,
4237295616,1180,1180,1180,2.37565636634827,2.37565636634827,2.37565636634827,,,,,,
4238344192,1181,1181,1181,2.26185774803162,2.26185774803162,2.26185774803162,,,,,,
4239392768,1182,1182,1182,2.15047407150269,2.15047407150269,2.15047407150269,,,,,,
4240441344,1183,1183,1183,2.38769054412842,2.38769054412842,2.38769054412842,,,,,,
4241489920,1184,1184,1184,2.18028807640076,2.18028807640076,2.18028807640076,,,,,,
4242538496,1185,1185,1185,2.51132607460022,2.51132607460022,2.51132607460022,,,,,,
4243587072,1186,1186,1186,2.27865409851074,2.27865409851074,2.27865409851074,,,,,,
4244635648,1187,1187,1187,2.49835848808289,2.49835848808289,2.49835848808289,,,,,,
4245684224,1188,1188,1188,2.41786742210388,2.41786742210388,2.41786742210388,,,,,,
4246732800,1189,1189,1189,2.18969631195068,2.18969631195068,2.18969631195068,,,,,,
4247781376,1190,1190,1190,2.26181697845459,2.26181697845459,2.26181697845459,,,,,,
4248829952,1191,1191,1191,2.44960379600525,2.44960379600525,2.44960379600525,,,,,,
4249878528,1192,1192,1192,2.26502275466919,2.26502275466919,2.26502275466919,,,,,,
4250927104,1193,1193,1193,2.27374362945557,2.27374362945557,2.27374362945557,,,,,,
4251975680,1194,1194,1194,2.29295969009399,2.29295969009399,2.29295969009399,,,,,,
4253024256,1195,1195,1195,2.33829498291016,2.33829498291016,2.33829498291016,,,,,,
4254072832,1196,1196,1196,2.31863355636597,2.31863355636597,2.31863355636597,,,,,,
4255121408,1197,1197,1197,2.31445479393005,2.31445479393005,2.31445479393005,,,,,,
4256169984,1198,1198,1198,2.1824197769165,2.1824197769165,2.1824197769165,,,,,,
4257218560,1199,1199,1199,2.26987791061401,2.26987791061401,2.26987791061401,,,,,,
4258267136,1200,1200,1200,2.20312929153442,2.20312929153442,2.20312929153442,,,,,,
4259315712,1201,1201,1201,2.38639378547668,2.38639378547668,2.38639378547668,,,,,,
4260364288,1202,1202,1202,2.31924962997437,2.31924962997437,2.31924962997437,,,,,,
4261412864,1203,1203,1203,2.41861343383789,2.41861343383789,2.41861343383789,,,,,,
4262461440,1204,1204,1204,2.40212225914001,2.40212225914001,2.40212225914001,,,,,,
4263510016,1205,1205,1205,2.46164274215698,2.46164274215698,2.46164274215698,,,,,,
4264558592,1206,1206,1206,2.37766289710999,2.37766289710999,2.37766289710999,,,,,,
4265607168,1207,1207,1207,2.53537368774414,2.53537368774414,2.53537368774414,,,,,,
4266655744,1208,1208,1208,2.41175580024719,2.41175580024719,2.41175580024719,,,,,,
4267704320,1209,1209,1209,2.24302196502686,2.24302196502686,2.24302196502686,,,,,,
4268752896,1210,1210,1210,2.24449110031128,2.24449110031128,2.24449110031128,,,,,,
4269801472,1211,1211,1211,2.39978241920471,2.39978241920471,2.39978241920471,,,,,,
4270850048,1212,1212,1212,2.25232362747192,2.25232362747192,2.25232362747192,,,,,,
4271898624,1213,1213,1213,2.08179664611816,2.08179664611816,2.08179664611816,,,,,,
4272947200,1214,1214,1214,2.16786623001099,2.16786623001099,2.16786623001099,,,,,,
4273995776,1215,1215,1215,2.27019548416138,2.27019548416138,2.27019548416138,,,,,,
4275044352,1216,1216,1216,2.14708161354065,2.14708161354065,2.14708161354065,,,,,,
4276092928,1217,1217,1217,2.36537027359009,2.36537027359009,2.36537027359009,,,,,,
4277141504,1218,1218,1218,2.23259544372559,2.23259544372559,2.23259544372559,,,,,,
4278190080,1219,1219,1219,2.44565773010254,2.44565773010254,2.44565773010254,,,,,,
4279238656,1220,1220,1220,2.26362347602844,2.26362347602844,2.26362347602844,,,,,,
4280287232,1221,1221,1221,2.32105851173401,2.32105851173401,2.32105851173401,,,,,,
4281335808,1222,1222,1222,2.25407099723816,2.25407099723816,2.25407099723816,,,,,,
4282384384,1223,1223,1223,2.32991075515747,2.32991075515747,2.32991075515747,,,,,,
4283432960,1224,1224,1224,2.28640294075012,2.28640294075012,2.28640294075012,,,,,,
4284481536,1225,1225,1225,2.29518985748291,2.29518985748291,2.29518985748291,,,,,,
4285530112,1226,1226,1226,2.31104016304016,2.31104016304016,2.31104016304016,,,,,,
4286578688,1227,1227,1227,2.21554636955261,2.21554636955261,2.21554636955261,,,,,,
4287627264,1228,1228,1228,2.35784196853638,2.35784196853638,2.35784196853638,,,,,,
4288675840,1229,1229,1229,2.50769543647766,2.50769543647766,2.50769543647766,,,,,,
4289724416,1230,1230,1230,2.38910818099976,2.38910818099976,2.38910818099976,,,,,,
4290772992,1231,1231,1231,2.28397607803345,2.28397607803345,2.28397607803345,,,,,,
4291821568,1232,1232,1232,2.21971082687378,2.21971082687378,2.21971082687378,,,,,,
4292870144,1233,1233,1233,2.49683117866516,2.49683117866516,2.49683117866516,,,,,,
4293918720,1234,1234,1234,2.23223900794983,2.23223900794983,2.23223900794983,,,,,,
4294967296,1235,1235,1235,2.31699228286743,2.31699228286743,2.31699228286743,,,,,,
4296015872,1236,1236,1236,2.29793214797974,2.29793214797974,2.29793214797974,,,,,,
4297064448,1237,1237,1237,2.30075597763062,2.30075597763062,2.30075597763062,,,,,,
4298113024,1238,1238,1238,2.18142032623291,2.18142032623291,2.18142032623291,,,,,,
4299161600,1239,1239,1239,2.25886392593384,2.25886392593384,2.25886392593384,,,,,,
4300210176,1240,1240,1240,2.38115692138672,2.38115692138672,2.38115692138672,,,,,,
4301258752,1241,1241,1241,2.28004598617554,2.28004598617554,2.28004598617554,,,,,,
4302307328,1242,1242,1242,2.36078429222107,2.36078429222107,2.36078429222107,,,,,,
4303355904,1243,1243,1243,2.39693927764893,2.39693927764893,2.39693927764893,,,,,,
4304404480,1244,1244,1244,2.47189283370972,2.47189283370972,2.47189283370972,,,,,,
4305453056,1245,1245,1245,2.38589453697205,2.38589453697205,2.38589453697205,,,,,,
4306501632,1246,1246,1246,2.4518871307373,2.4518871307373,2.4518871307373,,,,,,
4307550208,1247,1247,1247,2.44213724136353,2.44213724136353,2.44213724136353,,,,,,
4308598784,1248,1248,1248,2.23460412025452,2.23460412025452,2.23460412025452,,,,,,
4309647360,1249,1249,1249,2.3763906955719,2.3763906955719,2.3763906955719,,,,,,
4310695936,1250,1250,1250,2.34578800201416,2.34578800201416,2.34578800201416,,,,,,
4311744512,1251,1251,1251,2.25124359130859,2.25124359130859,2.25124359130859,,,,,,
4312793088,1252,1252,1252,2.36804676055908,2.36804676055908,2.36804676055908,,,,,,
4313841664,1253,1253,1253,2.38852882385254,2.38852882385254,2.38852882385254,,,,,,
4314890240,1254,1254,1254,2.29467415809631,2.29467415809631,2.29467415809631,,,,,,
4315938816,1255,1255,1255,2.28678965568543,2.28678965568543,2.28678965568543,,,,,,
4316987392,1256,1256,1256,2.35726833343506,2.35726833343506,2.35726833343506,,,,,,
4318035968,1257,1257,1257,2.29365277290344,2.29365277290344,2.29365277290344,,,,,,
4319084544,1258,1258,1258,2.31234002113342,2.31234002113342,2.31234002113342,,,,,,
4320133120,1259,1259,1259,2.47560024261475,2.47560024261475,2.47560024261475,,,,,,
4321181696,1260,1260,1260,2.39124655723572,2.39124655723572,2.39124655723572,,,,,,
4322230272,1261,1261,1261,2.18717432022095,2.18717432022095,2.18717432022095,,,,,,
4323278848,1262,1262,1262,2.21821260452271,2.21821260452271,2.21821260452271,,,,,,
4324327424,1263,1263,1263,2.4397759437561,2.4397759437561,2.4397759437561,,,,,,
4325376000,1264,1264,1264,2.2516496181488,2.2516496181488,2.2516496181488,,,,,,
4326424576,1265,1265,1265,2.36484265327454,2.36484265327454,2.36484265327454,,,,,,
4327473152,1266,1266,1266,2.22481513023376,2.22481513023376,2.22481513023376,,,,,,
4328521728,1267,1267,1267,2.36811876296997,2.36811876296997,2.36811876296997,,,,,,
4329570304,1268,1268,1268,2.14728903770447,2.14728903770447,2.14728903770447,,,,,,
4330618880,1269,1269,1269,2.37361574172974,2.37361574172974,2.37361574172974,,,,,,
4331667456,1270,1270,1270,2.29409456253052,2.29409456253052,2.29409456253052,,,,,,
4332716032,1271,1271,1271,2.45468020439148,2.45468020439148,2.45468020439148,,,,,,
4333764608,1272,1272,1272,2.39734673500061,2.39734673500061,2.39734673500061,,,,,,
4334813184,1273,1273,1273,2.36932754516602,2.36932754516602,2.36932754516602,,,,,,
4335861760,1274,1274,1274,2.32973027229309,2.32973027229309,2.32973027229309,,,,,,
4336910336,1275,1275,1275,2.36633729934692,2.36633729934692,2.36633729934692,,,,,,
4337958912,1276,1276,1276,2.36911368370056,2.36911368370056,2.36911368370056,,,,,,
4339007488,1277,1277,1277,2.35302519798279,2.35302519798279,2.35302519798279,,,,,,
4340056064,1278,1278,1278,2.35801649093628,2.35801649093628,2.35801649093628,,,,,,
4341104640,1279,1279,1279,2.48393726348877,2.48393726348877,2.48393726348877,,,,,,
4342153216,1280,1280,1280,2.13811826705933,2.13811826705933,2.13811826705933,,,,,,
4343201792,1281,1281,1281,2.37217211723328,2.37217211723328,2.37217211723328,,,,,,
4344250368,1282,1282,1282,2.31493997573853,2.31493997573853,2.31493997573853,,,,,,
4345298944,1283,1283,1283,2.36504721641541,2.36504721641541,2.36504721641541,,,,,,
4346347520,1284,1284,1284,2.308424949646,2.308424949646,2.308424949646,,,,,,
4347396096,1285,1285,1285,2.28554821014404,2.28554821014404,2.28554821014404,,,,,,
4348444672,1286,1286,1286,2.27483320236206,2.27483320236206,2.27483320236206,,,,,,
4349493248,1287,1287,1287,2.36813759803772,2.36813759803772,2.36813759803772,,,,,,
4350541824,1288,1288,1288,2.28294515609741,2.28294515609741,2.28294515609741,,,,,,
4351590400,1289,1289,1289,2.44931054115295,2.44931054115295,2.44931054115295,,,,,,
4352638976,1290,1290,1290,2.36676740646362,2.36676740646362,2.36676740646362,,,,,,
4353687552,1291,1291,1291,2.2347891330719,2.2347891330719,2.2347891330719,,,,,,
4354736128,1292,1292,1292,2.19335985183716,2.19335985183716,2.19335985183716,,,,,,
4355784704,1293,1293,1293,2.22236180305481,2.22236180305481,2.22236180305481,,,,,,
4356833280,1294,1294,1294,2.17136979103088,2.17136979103088,2.17136979103088,,,,,,
4357881856,1295,1295,1295,2.37345457077026,2.37345457077026,2.37345457077026,,,,,,
4358930432,1296,1296,1296,2.14097380638123,2.14097380638123,2.14097380638123,,,,,,
4359979008,1297,1297,1297,2.2983090877533,2.2983090877533,2.2983090877533,,,,,,
4361027584,1298,1298,1298,2.2972674369812,2.2972674369812,2.2972674369812,,,,,,
4362076160,1299,1299,1299,2.32804536819458,2.32804536819458,2.32804536819458,,,,,,
4363124736,1300,1300,1300,2.21483969688416,2.21483969688416,2.21483969688416,,,,,,
4364173312,1301,1301,1301,2.48928761482239,2.48928761482239,2.48928761482239,,,,,,
4365221888,1302,1302,1302,2.26754665374756,2.26754665374756,2.26754665374756,,,,,,
4366270464,1303,1303,1303,2.44795227050781,2.44795227050781,2.44795227050781,,,,,,
4367319040,1304,1304,1304,2.38848161697388,2.38848161697388,2.38848161697388,,,,,,
4368367616,1305,1305,1305,2.27764320373535,2.27764320373535,2.27764320373535,,,,,,
4369416192,1306,1306,1306,2.2697765827179,2.2697765827179,2.2697765827179,,,,,,
4370464768,1307,1307,1307,2.35895776748657,2.35895776748657,2.35895776748657,,,,,,
4371513344,1308,1308,1308,2.17622661590576,2.17622661590576,2.17622661590576,,,,,,
4372561920,1309,1309,1309,2.40142130851746,2.40142130851746,2.40142130851746,,,,,,
4373610496,1310,1310,1310,2.50271558761597,2.50271558761597,2.50271558761597,,,,,,
4374659072,1311,1311,1311,2.27803134918213,2.27803134918213,2.27803134918213,,,,,,
4375707648,1312,1312,1312,2.30936980247498,2.30936980247498,2.30936980247498,,,,,,
4376756224,1313,1313,1313,2.34328174591064,2.34328174591064,2.34328174591064,,,,,,
4377804800,1314,1314,1314,2.27660799026489,2.27660799026489,2.27660799026489,,,,,,
4378853376,1315,1315,1315,2.20666933059692,2.20666933059692,2.20666933059692,,,,,,
4379901952,1316,1316,1316,2.17688727378845,2.17688727378845,2.17688727378845,,,,,,
4380950528,1317,1317,1317,2.20114850997925,2.20114850997925,2.20114850997925,,,,,,
4381999104,1318,1318,1318,2.20186877250671,2.20186877250671,2.20186877250671,,,,,,
4383047680,1319,1319,1319,2.39149117469788,2.39149117469788,2.39149117469788,,,,,,
4384096256,1320,1320,1320,2.20519399642944,2.20519399642944,2.20519399642944,,,,,,
4385144832,1321,1321,1321,2.19510078430176,2.19510078430176,2.19510078430176,,,,,,
4386193408,1322,1322,1322,2.35203385353088,2.35203385353088,2.35203385353088,,,,,,
4387241984,1323,1323,1323,2.32674789428711,2.32674789428711,2.32674789428711,,,,,,
4388290560,1324,1324,1324,2.18170213699341,2.18170213699341,2.18170213699341,,,,,,
4389339136,1325,1325,1325,2.34398007392883,2.34398007392883,2.34398007392883,,,,,,
4390387712,1326,1326,1326,2.26010513305664,2.26010513305664,2.26010513305664,,,,,,
4391436288,1327,1327,1327,2.39122176170349,2.39122176170349,2.39122176170349,,,,,,
4392484864,1328,1328,1328,2.27716779708862,2.27716779708862,2.27716779708862,,,,,,
4393533440,1329,1329,1329,2.35664367675781,2.35664367675781,2.35664367675781,,,,,,
4394582016,1330,1330,1330,2.21674871444702,2.21674871444702,2.21674871444702,,,,,,
4395630592,1331,1331,1331,2.37164306640625,2.37164306640625,2.37164306640625,,,,,,
4396679168,1332,1332,1332,2.17780709266663,2.17780709266663,2.17780709266663,,,,,,
4397727744,1333,1333,1333,2.32777142524719,2.32777142524719,2.32777142524719,,,,,,
4398776320,1334,1334,1334,2.18648219108582,2.18648219108582,2.18648219108582,,,,,,
4399824896,1335,1335,1335,2.30855178833008,2.30855178833008,2.30855178833008,,,,,,
4400873472,1336,1336,1336,2.30250358581543,2.30250358581543,2.30250358581543,,,,,,
4401922048,1337,1337,1337,2.45366811752319,2.45366811752319,2.45366811752319,,,,,,
4402970624,1338,1338,1338,2.2939019203186,2.2939019203186,2.2939019203186,,,,,,
4404019200,1339,1339,1339,2.31818699836731,2.31818699836731,2.31818699836731,,,,,,
4405067776,1340,1340,1340,2.23578500747681,2.23578500747681,2.23578500747681,,,,,,
4406116352,1341,1341,1341,2.357497215271,2.357497215271,2.357497215271,,,,,,
4407164928,1342,1342,1342,2.14232301712036,2.14232301712036,2.14232301712036,,,,,,
4408213504,1343,1343,1343,2.41402387619019,2.41402387619019,2.41402387619019,,,,,,
4409262080,1344,1344,1344,2.37423181533813,2.37423181533813,2.37423181533813,,,,,,
4410310656,1345,1345,1345,2.19716906547546,2.19716906547546,2.19716906547546,,,,,,
4411359232,1346,1346,1346,2.09946775436401,2.09946775436401,2.09946775436401,,,,,,
4412407808,1347,1347,1347,2.3315908908844,2.3315908908844,2.3315908908844,,,,,,
4413456384,1348,1348,1348,2.27764630317688,2.27764630317688,2.27764630317688,,,,,,
4414504960,1349,1349,1349,2.26120853424072,2.26120853424072,2.26120853424072,,,,,,
4415553536,1350,1350,1350,2.33700942993164,2.33700942993164,2.33700942993164,,,,,,
4416602112,1351,1351,1351,2.42529511451721,2.42529511451721,2.42529511451721,,,,,,
4417650688,1352,1352,1352,2.38990092277527,2.38990092277527,2.38990092277527,,,,,,
4418699264,1353,1353,1353,2.55034947395325,2.55034947395325,2.55034947395325,,,,,,
4419747840,1354,1354,1354,2.30161261558533,2.30161261558533,2.30161261558533,,,,,,
4420796416,1355,1355,1355,2.45292830467224,2.45292830467224,2.45292830467224,,,,,,
4421844992,1356,1356,1356,2.35638165473938,2.35638165473938,2.35638165473938,,,,,,
4422893568,1357,1357,1357,2.55497550964355,2.55497550964355,2.55497550964355,,,,,,
4423942144,1358,1358,1358,2.32713866233826,2.32713866233826,2.32713866233826,,,,,,
4424990720,1359,1359,1359,2.21009087562561,2.21009087562561,2.21009087562561,,,,,,
4426039296,1360,1360,1360,2.27112507820129,2.27112507820129,2.27112507820129,,,,,,
4427087872,1361,1361,1361,2.32017493247986,2.32017493247986,2.32017493247986,,,,,,
4428136448,1362,1362,1362,2.38976192474365,2.38976192474365,2.38976192474365,,,,,,
4429185024,1363,1363,1363,2.297278881073,2.297278881073,2.297278881073,,,,,,
4430233600,1364,1364,1364,2.26339912414551,2.26339912414551,2.26339912414551,,,,,,
4431282176,1365,1365,1365,2.48029899597168,2.48029899597168,2.48029899597168,,,,,,
4432330752,1366,1366,1366,2.43259477615356,2.43259477615356,2.43259477615356,,,,,,
4433379328,1367,1367,1367,2.28265070915222,2.28265070915222,2.28265070915222,,,,,,
4434427904,1368,1368,1368,2.23496723175049,2.23496723175049,2.23496723175049,,,,,,
4435476480,1369,1369,1369,2.25899982452393,2.25899982452393,2.25899982452393,,,,,,
4436525056,1370,1370,1370,2.28323435783386,2.28323435783386,2.28323435783386,,,,,,
4437573632,1371,1371,1371,2.33574724197388,2.33574724197388,2.33574724197388,,,,,,
4438622208,1372,1372,1372,2.17550706863403,2.17550706863403,2.17550706863403,,,,,,
4439670784,1373,1373,1373,2.40848326683044,2.40848326683044,2.40848326683044,,,,,,
4440719360,1374,1374,1374,2.33842444419861,2.33842444419861,2.33842444419861,,,,,,
4441767936,1375,1375,1375,2.37074995040894,2.37074995040894,2.37074995040894,,,,,,
4442816512,1376,1376,1376,2.32992792129517,2.32992792129517,2.32992792129517,,,,,,
4443865088,1377,1377,1377,2.32230305671692,2.32230305671692,2.32230305671692,,,,,,
4444913664,1378,1378,1378,2.25822615623474,2.25822615623474,2.25822615623474,,,,,,
4445962240,1379,1379,1379,2.45712685585022,2.45712685585022,2.45712685585022,,,,,,
4447010816,1380,1380,1380,2.42480993270874,2.42480993270874,2.42480993270874,,,,,,
4448059392,1381,1381,1381,2.14745712280273,2.14745712280273,2.14745712280273,,,,,,
4449107968,1382,1382,1382,2.24205851554871,2.24205851554871,2.24205851554871,,,,,,
4450156544,1383,1383,1383,2.2763409614563,2.2763409614563,2.2763409614563,,,,,,
4451205120,1384,1384,1384,2.19806432723999,2.19806432723999,2.19806432723999,,,,,,
4452253696,1385,1385,1385,2.29147863388062,2.29147863388062,2.29147863388062,,,,,,
4453302272,1386,1386,1386,2.23650217056274,2.23650217056274,2.23650217056274,,,,,,
4454350848,1387,1387,1387,2.32241725921631,2.32241725921631,2.32241725921631,,,,,,
4455399424,1388,1388,1388,2.31173133850098,2.31173133850098,2.31173133850098,,,,,,
4456448000,1389,1389,1389,2.27373385429382,2.27373385429382,2.27373385429382,,,,,,
4457496576,1390,1390,1390,2.29072856903076,2.29072856903076,2.29072856903076,,,,,,
4458545152,1391,1391,1391,2.26626753807068,2.26626753807068,2.26626753807068,,,,,,
4459593728,1392,1392,1392,2.23493456840515,2.23493456840515,2.23493456840515,,,,,,
4460642304,1393,1393,1393,2.33091616630554,2.33091616630554,2.33091616630554,,,,,,
4461690880,1394,1394,1394,2.26931118965149,2.26931118965149,2.26931118965149,,,,,,
4462739456,1395,1395,1395,2.32601976394653,2.32601976394653,2.32601976394653,,,,,,
4463788032,1396,1396,1396,2.15672206878662,2.15672206878662,2.15672206878662,,,,,,
4464836608,1397,1397,1397,2.23841428756714,2.23841428756714,2.23841428756714,,,,,,
4465885184,1398,1398,1398,2.33270072937012,2.33270072937012,2.33270072937012,,,,,,
4466933760,1399,1399,1399,2.431809425354,2.431809425354,2.431809425354,,,,,,
4467982336,1400,1400,1400,2.24388027191162,2.24388027191162,2.24388027191162,,,,,,
4469030912,1401,1401,1401,2.26349949836731,2.26349949836731,2.26349949836731,,,,,,
4470079488,1402,1402,1402,2.34016895294189,2.34016895294189,2.34016895294189,,,,,,
4471128064,1403,1403,1403,2.33060574531555,2.33060574531555,2.33060574531555,,,,,,
4472176640,1404,1404,1404,2.21810078620911,2.21810078620911,2.21810078620911,,,,,,
4473225216,1405,1405,1405,2.13692617416382,2.13692617416382,2.13692617416382,,,,,,
4474273792,1406,1406,1406,2.23100209236145,2.23100209236145,2.23100209236145,,,,,,
4475322368,1407,1407,1407,2.38538932800293,2.38538932800293,2.38538932800293,,,,,,
4476370944,1408,1408,1408,2.2824809551239,2.2824809551239,2.2824809551239,,,,,,
4477419520,1409,1409,1409,2.22369813919067,2.22369813919067,2.22369813919067,,,,,,
4478468096,1410,1410,1410,2.39845061302185,2.39845061302185,2.39845061302185,,,,,,
4479516672,1411,1411,1411,2.28114032745361,2.28114032745361,2.28114032745361,,,,,,
4480565248,1412,1412,1412,2.45511722564697,2.45511722564697,2.45511722564697,,,,,,
4481613824,1413,1413,1413,2.35255789756775,2.35255789756775,2.35255789756775,,,,,,
4482662400,1414,1414,1414,2.24851870536804,2.24851870536804,2.24851870536804,,,,,,
4483710976,1415,1415,1415,2.50899124145508,2.50899124145508,2.50899124145508,,,,,,
4484759552,1416,1416,1416,2.28253650665283,2.28253650665283,2.28253650665283,,,,,,
4485808128,1417,1417,1417,2.1356680393219,2.1356680393219,2.1356680393219,,,,,,
4486856704,1418,1418,1418,2.19113922119141,2.19113922119141,2.19113922119141,,,,,,
4487905280,1419,1419,1419,2.22872304916382,2.22872304916382,2.22872304916382,,,,,,
4488953856,1420,1420,1420,2.23720002174377,2.23720002174377,2.23720002174377,,,,,,
4490002432,1421,1421,1421,2.32948279380798,2.32948279380798,2.32948279380798,,,,,,
4491051008,1422,1422,1422,2.42067575454712,2.42067575454712,2.42067575454712,,,,,,
4492099584,1423,1423,1423,2.40310740470886,2.40310740470886,2.40310740470886,,,,,,
4493148160,1424,1424,1424,2.32125806808472,2.32125806808472,2.32125806808472,,,,,,
4494196736,1425,1425,1425,2.35883140563965,2.35883140563965,2.35883140563965,,,,,,
4495245312,1426,1426,1426,2.47128391265869,2.47128391265869,2.47128391265869,,,,,,
4496293888,1427,1427,1427,2.52714610099793,2.52714610099793,2.52714610099793,,,,,,
4497342464,1428,1428,1428,2.40566372871399,2.40566372871399,2.40566372871399,,,,,,
4498391040,1429,1429,1429,2.50167679786682,2.50167679786682,2.50167679786682,,,,,,
4499439616,1430,1430,1430,2.32479071617126,2.32479071617126,2.32479071617126,,,,,,
4500488192,1431,1431,1431,2.35690784454346,2.35690784454346,2.35690784454346,,,,,,
4501536768,1432,1432,1432,2.2248272895813,2.2248272895813,2.2248272895813,,,,,,
4502585344,1433,1433,1433,2.33649444580078,2.33649444580078,2.33649444580078,,,,,,
4503633920,1434,1434,1434,2.27485752105713,2.27485752105713,2.27485752105713,,,,,,
4504682496,1435,1435,1435,2.32929372787476,2.32929372787476,2.32929372787476,,,,,,
4505731072,1436,1436,1436,2.16873979568481,2.16873979568481,2.16873979568481,,,,,,
4506779648,1437,1437,1437,2.39723896980286,2.39723896980286,2.39723896980286,,,,,,
4507828224,1438,1438,1438,2.26780891418457,2.26780891418457,2.26780891418457,,,,,,
4508876800,1439,1439,1439,2.30259084701538,2.30259084701538,2.30259084701538,,,,,,
4509925376,1440,1440,1440,2.27988076210022,2.27988076210022,2.27988076210022,,,,,,
4510973952,1441,1441,1441,2.40050339698792,2.40050339698792,2.40050339698792,,,,,,
4512022528,1442,1442,1442,2.27632284164429,2.27632284164429,2.27632284164429,,,,,,
4513071104,1443,1443,1443,2.12835121154785,2.12835121154785,2.12835121154785,,,,,,
4514119680,1444,1444,1444,2.05331707000732,2.05331707000732,2.05331707000732,,,,,,
4515168256,1445,1445,1445,2.2611403465271,2.2611403465271,2.2611403465271,,,,,,
4516216832,1446,1446,1446,2.2328724861145,2.2328724861145,2.2328724861145,,,,,,
4517265408,1447,1447,1447,2.22679114341736,2.22679114341736,2.22679114341736,,,,,,
4518313984,1448,1448,1448,2.27833938598633,2.27833938598633,2.27833938598633,,,,,,
4519362560,1449,1449,1449,2.25728797912598,2.25728797912598,2.25728797912598,,,,,,
4520411136,1450,1450,1450,2.17208695411682,2.17208695411682,2.17208695411682,,,,,,
4521459712,1451,1451,1451,2.36622095108032,2.36622095108032,2.36622095108032,,,,,,
4522508288,1452,1452,1452,2.23213958740234,2.23213958740234,2.23213958740234,,,,,,
4523556864,1453,1453,1453,2.37627506256104,2.37627506256104,2.37627506256104,,,,,,
4524605440,1454,1454,1454,2.15137720108032,2.15137720108032,2.15137720108032,,,,,,
4525654016,1455,1455,1455,2.465744972229,2.465744972229,2.465744972229,,,,,,
4526702592,1456,1456,1456,2.38472175598145,2.38472175598145,2.38472175598145,,,,,,
4527751168,1457,1457,1457,2.4550461769104,2.4550461769104,2.4550461769104,,,,,,
4528799744,1458,1458,1458,2.29749441146851,2.29749441146851,2.29749441146851,,,,,,
4529848320,1459,1459,1459,2.46096444129944,2.46096444129944,2.46096444129944,,,,,,
4530896896,1460,1460,1460,2.32751607894897,2.32751607894897,2.32751607894897,,,,,,
4531945472,1461,1461,1461,2.45694947242737,2.45694947242737,2.45694947242737,,,,,,
4532994048,1462,1462,1462,2.29007244110107,2.29007244110107,2.29007244110107,,,,,,
4534042624,1463,1463,1463,2.31650352478027,2.31650352478027,2.31650352478027,,,,,,
4535091200,1464,1464,1464,2.19376468658447,2.19376468658447,2.19376468658447,,,,,,
4536139776,1465,1465,1465,2.36111211776733,2.36111211776733,2.36111211776733,,,,,,
4537188352,1466,1466,1466,2.14146089553833,2.14146089553833,2.14146089553833,,,,,,
4538236928,1467,1467,1467,2.48236322402954,2.48236322402954,2.48236322402954,,,,,,
4539285504,1468,1468,1468,2.34330105781555,2.34330105781555,2.34330105781555,,,,,,
4540334080,1469,1469,1469,2.31626844406128,2.31626844406128,2.31626844406128,,,,,,
4541382656,1470,1470,1470,2.27263021469116,2.27263021469116,2.27263021469116,,,,,,
4542431232,1471,1471,1471,2.25940084457397,2.25940084457397,2.25940084457397,,,,,,
4543479808,1472,1472,1472,2.12953352928162,2.12953352928162,2.12953352928162,,,,,,
4544528384,1473,1473,1473,2.18163251876831,2.18163251876831,2.18163251876831,,,,,,
4545576960,1474,1474,1474,2.20128917694092,2.20128917694092,2.20128917694092,,,,,,
4546625536,1475,1475,1475,2.38959217071533,2.38959217071533,2.38959217071533,,,,,,
4547674112,1476,1476,1476,2.26124930381775,2.26124930381775,2.26124930381775,,,,,,
4548722688,1477,1477,1477,2.49270749092102,2.49270749092102,2.49270749092102,,,,,,
4549771264,1478,1478,1478,2.28545880317688,2.28545880317688,2.28545880317688,,,,,,
4550819840,1479,1479,1479,2.35283303260803,2.35283303260803,2.35283303260803,,,,,,
4551868416,1480,1480,1480,2.28391981124878,2.28391981124878,2.28391981124878,,,,,,
4552916992,1481,1481,1481,2.13826036453247,2.13826036453247,2.13826036453247,,,,,,
4553965568,1482,1482,1482,2.1517345905304,2.1517345905304,2.1517345905304,,,,,,
4555014144,1483,1483,1483,2.1739330291748,2.1739330291748,2.1739330291748,,,,,,
4556062720,1484,1484,1484,2.17449998855591,2.17449998855591,2.17449998855591,,,,,,
4557111296,1485,1485,1485,2.26875233650208,2.26875233650208,2.26875233650208,,,,,,
4558159872,1486,1486,1486,2.24471306800842,2.24471306800842,2.24471306800842,,,,,,
4559208448,1487,1487,1487,2.37621688842773,2.37621688842773,2.37621688842773,,,,,,
4560257024,1488,1488,1488,2.10112619400024,2.10112619400024,2.10112619400024,,,,,,
4561305600,1489,1489,1489,2.23753476142883,2.23753476142883,2.23753476142883,,,,,,
4562354176,1490,1490,1490,2.12488174438477,2.12488174438477,2.12488174438477,,,,,,
4563402752,1491,1491,1491,2.26560544967651,2.26560544967651,2.26560544967651,,,,,,
4564451328,1492,1492,1492,2.29090523719788,2.29090523719788,2.29090523719788,,,,,,
4565499904,1493,1493,1493,2.26428246498108,2.26428246498108,2.26428246498108,,,,,,
4566548480,1494,1494,1494,2.10278034210205,2.10278034210205,2.10278034210205,,,,,,
4567597056,1495,1495,1495,2.40643882751465,2.40643882751465,2.40643882751465,,,,,,
4568645632,1496,1496,1496,2.41348385810852,2.41348385810852,2.41348385810852,,,,,,
4569694208,1497,1497,1497,2.40957379341126,2.40957379341126,2.40957379341126,,,,,,
4570742784,1498,1498,1498,2.2440037727356,2.2440037727356,2.2440037727356,,,,,,
4571791360,1499,1499,1499,2.23025560379028,2.23025560379028,2.23025560379028,,,,,,
4572839936,1500,1500,1500,2.10102224349976,2.10102224349976,2.10102224349976,,,,,,
4573888512,1501,1501,1501,2.21739816665649,2.21739816665649,2.21739816665649,,,,,,
4574937088,1502,1502,1502,2.11293005943298,2.11293005943298,2.11293005943298,,,,,,
4575985664,1503,1503,1503,2.34365463256836,2.34365463256836,2.34365463256836,,,,,,
4577034240,1504,1504,1504,2.3821382522583,2.3821382522583,2.3821382522583,,,,,,
4578082816,1505,1505,1505,2.41076397895813,2.41076397895813,2.41076397895813,,,,,,
4579131392,1506,1506,1506,2.31687140464783,2.31687140464783,2.31687140464783,,,,,,
4580179968,1507,1507,1507,2.40187668800354,2.40187668800354,2.40187668800354,,,,,,
4581228544,1508,1508,1508,2.20734739303589,2.20734739303589,2.20734739303589,,,,,,
4582277120,1509,1509,1509,2.46253895759583,2.46253895759583,2.46253895759583,,,,,,
4583325696,1510,1510,1510,2.24188041687012,2.24188041687012,2.24188041687012,,,,,,
4584374272,1511,1511,1511,2.28328847885132,2.28328847885132,2.28328847885132,,,,,,
4585422848,1512,1512,1512,2.21740865707397,2.21740865707397,2.21740865707397,,,,,,
4586471424,1513,1513,1513,2.27571773529053,2.27571773529053,2.27571773529053,,,,,,
4587520000,1514,1514,1514,2.33028078079224,2.33028078079224,2.33028078079224,,,,,,
4588568576,1515,1515,1515,2.34685254096985,2.34685254096985,2.34685254096985,,,,,,
4589617152,1516,1516,1516,2.17411661148071,2.17411661148071,2.17411661148071,,,,,,
4590665728,1517,1517,1517,2.21569871902466,2.21569871902466,2.21569871902466,,,,,,
4591714304,1518,1518,1518,2.07272791862488,2.07272791862488,2.07272791862488,,,,,,
4592762880,1519,1519,1519,2.35800218582153,2.35800218582153,2.35800218582153,,,,,,
4593811456,1520,1520,1520,2.27228713035584,2.27228713035584,2.27228713035584,,,,,,
4594860032,1521,1521,1521,2.16082429885864,2.16082429885864,2.16082429885864,,,,,,
4595908608,1522,1522,1522,2.30202126502991,2.30202126502991,2.30202126502991,,,,,,
4596957184,1523,1523,1523,2.30305528640747,2.30305528640747,2.30305528640747,,,,,,
4598005760,1524,1524,1524,2.17856645584106,2.17856645584106,2.17856645584106,,,,,,
4599054336,1525,1525,1525,2.28662157058716,2.28662157058716,2.28662157058716,,,,,,
4600102912,1526,1526,1526,2.12259292602539,2.12259292602539,2.12259292602539,,,,,,
4601151488,1527,1527,1527,2.17685556411743,2.17685556411743,2.17685556411743,,,,,,
4602200064,1528,1528,1528,2.20956182479858,2.20956182479858,2.20956182479858,,,,,,
4603248640,1529,1529,1529,2.38522624969482,2.38522624969482,2.38522624969482,,,,,,
4604297216,1530,1530,1530,2.30375361442566,2.30375361442566,2.30375361442566,,,,,,
4605345792,1531,1531,1531,2.23599529266357,2.23599529266357,2.23599529266357,,,,,,
4606394368,1532,1532,1532,2.10364031791687,2.10364031791687,2.10364031791687,,,,,,
4607442944,1533,1533,1533,2.35711884498596,2.35711884498596,2.35711884498596,,,,,,
4608491520,1534,1534,1534,2.40313482284546,2.40313482284546,2.40313482284546,,,,,,
4609540096,1535,1535,1535,2.30358028411865,2.30358028411865,2.30358028411865,,,,,,
4610588672,1536,1536,1536,2.32113695144653,2.32113695144653,2.32113695144653,,,,,,
4611637248,1537,1537,1537,2.24966883659363,2.24966883659363,2.24966883659363,,,,,,
4612685824,1538,1538,1538,2.32588529586792,2.32588529586792,2.32588529586792,,,,,,
4613734400,1539,1539,1539,2.37556219100952,2.37556219100952,2.37556219100952,,,,,,
4614782976,1540,1540,1540,2.35255527496338,2.35255527496338,2.35255527496338,,,,,,
4615831552,1541,1541,1541,2.42866468429565,2.42866468429565,2.42866468429565,,,,,,
4616880128,1542,1542,1542,2.29057121276855,2.29057121276855,2.29057121276855,,,,,,
4617928704,1543,1543,1543,2.26320552825928,2.26320552825928,2.26320552825928,,,,,,
4618977280,1544,1544,1544,2.18915224075317,2.18915224075317,2.18915224075317,,,,,,
4620025856,1545,1545,1545,2.11270976066589,2.11270976066589,2.11270976066589,,,,,,
4621074432,1546,1546,1546,2.0252742767334,2.0252742767334,2.0252742767334,,,,,,
4622123008,1547,1547,1547,2.33726978302002,2.33726978302002,2.33726978302002,,,,,,
4623171584,1548,1548,1548,2.15688920021057,2.15688920021057,2.15688920021057,,,,,,
4624220160,1549,1549,1549,2.28041553497314,2.28041553497314,2.28041553497314,,,,,,
4625268736,1550,1550,1550,2.1949999332428,2.1949999332428,2.1949999332428,,,,,,
4626317312,1551,1551,1551,2.36048197746277,2.36048197746277,2.36048197746277,,,,,,
4627365888,1552,1552,1552,2.29979109764099,2.29979109764099,2.29979109764099,,,,,,
4628414464,1553,1553,1553,2.39280796051025,2.39280796051025,2.39280796051025,,,,,,
4629463040,1554,1554,1554,2.28717637062073,2.28717637062073,2.28717637062073,,,,,,
4630511616,1555,1555,1555,2.25862979888916,2.25862979888916,2.25862979888916,,,,,,