optimizer_step,_step,_step__MIN,_step__MAX,global_loss,global_loss__MIN,global_loss__MAX,,,,,,
0,0,0,0,10.5628032684326,10.5628032684326,10.5628032684326,,,,,,
1,1.5,1,2,10.5536150932312,10.5528421401978,10.5543880462646,,,,,,
2,3.5,3,4,10.2951283454895,10.0433235168457,10.5469331741333,,,,,,
3,5.5,5,6,9.85368728637695,9.8410701751709,9.86630439758301,,,,,,
4,7.5,7,8,9.65623283386231,9.64025497436523,9.67221069335938,,,,,,
5,9.5,9,10,9.39532566070557,9.35065841674805,9.43999290466309,,,,,,
6,11.5,11,12,9.30574226379395,9.24607658386231,9.36540794372559,,,,,,
7,13.5,13,14,9.19299030303955,9.18273735046387,9.20324325561523,,,,,,
8,15.5,15,16,9.11129093170166,9.11110305786133,9.11147880554199,,,,,,
9,17.5,17,18,8.97652196884155,8.9512243270874,9.0018196105957,,,,,,
10,19.5,19,20,8.91534566879273,8.85935878753662,8.97133255004883,,,,,,
11,21.5,21,22,8.90641069412231,8.85364723205566,8.95917415618897,,,,,,
12,23.5,23,24,8.78679132461548,8.77909278869629,8.79448986053467,,,,,,
13,25.5,25,26,8.71130037307739,8.65048217773438,8.77211856842041,,,,,,
14,27.5,27,28,8.685706615448,8.63161182403565,8.73980140686035,,,,,,
15,29.5,29,30,8.54300928115845,8.52602100372315,8.55999755859375,,,,,,
16,31.5,31,32,8.88358688354492,8.45170116424561,9.31547260284424,,,,,,
17,33.5,33,34,8.93968772888184,8.66464233398438,9.2147331237793,,,,,,
18,35.5,35,36,8.50878810882568,8.49562454223633,8.52195167541504,,,,,,
19,37.5,37,38,8.41011238098145,8.3592586517334,8.46096611022949,,,,,,
20,39.5,39,40,8.39708757400513,8.3352861404419,8.45888900756836,,,,,,
21,41.5,41,42,8.31661653518677,8.25089740753174,8.3823356628418,,,,,,
22,43.5,43,44,8.16679239273071,8.13251876831055,8.20106601715088,,,,,,
23,45.5,45,46,8.16559219360352,8.16431045532227,8.16687393188477,,,,,,
24,47.5,47,48,8.13125896453857,8.12676239013672,8.13575553894043,,,,,,
25,49.5,49,50,7.94540882110596,7.87597846984863,8.01483917236328,,,,,,
26,51.5,51,52,7.97140574455261,7.91275358200073,8.03005790710449,,,,,,
27,53.5,53,54,7.84216165542603,7.80229473114014,7.88202857971191,,,,,,
28,55.5,55,56,7.7980637550354,7.78795719146729,7.80817031860352,,,,,,
29,57.5,57,58,7.78315091133118,7.77440977096558,7.79189205169678,,,,,,
30,59.5,59,60,7.66033720970154,7.6345329284668,7.68614149093628,,,,,,
31,61.5,61,62,7.54699850082398,7.54550647735596,7.54849052429199,,,,,,
32,63.5,63,64,7.56653451919556,7.55422115325928,7.57884788513184,,,,,,
33,65.5,65,66,7.48593473434448,7.43329238891602,7.53857707977295,,,,,,
34,67.5,67,68,7.34946012496948,7.3380331993103,7.36088705062866,,,,,,
35,69.5,69,70,7.35596299171448,7.31018590927124,7.40174007415772,,,,,,
36,71.5,71,72,7.15915322303772,7.14446115493774,7.1738452911377,,,,,,
37,73.5,73,74,7.22813963890076,7.18777990341187,7.26849937438965,,,,,,
38,75.5,75,76,7.15552496910095,7.12850761413574,7.18254232406616,,,,,,
39,77.5,77,78,7.12830090522766,7.08110189437866,7.17549991607666,,,,,,
40,79.5,79,80,7.08166527748108,7.05748176574707,7.10584878921509,,,,,,
41,81.5,81,82,6.91272449493408,6.7995023727417,7.02594661712647,,,,,,
42,83.5,83,84,6.94100189208984,6.91029644012451,6.97170734405518,,,,,,
43,85.5,85,86,6.89909148216248,6.80784702301025,6.9903359413147,,,,,,
44,87.5,87,88,6.94009399414063,6.84589195251465,7.0342960357666,,,,,,
45,89.5,89,90,6.86069273948669,6.79894876480103,6.92243671417236,,,,,,
46,91.5,91,92,6.82558989524841,6.80216503143311,6.84901475906372,,,,,,
47,93.5,93,94,6.81549739837647,6.7947793006897,6.83621549606323,,,,,,
48,95.5,95,96,6.80787873268127,6.78591299057007,6.82984447479248,,,,,,
49,97.5,97,98,6.79747486114502,6.78155994415283,6.81338977813721,,,,,,
50,99.5,99,100,6.72174835205078,6.64428043365479,6.79921627044678,,,,,,
51,101.5,101,102,6.69620680809021,6.66112279891968,6.73129081726074,,,,,,
52,103.5,103,104,6.6482424736023,6.59851694107056,6.69796800613403,,,,,,
53,105.5,105,106,6.67825984954834,6.67536354064941,6.68115615844727,,,,,,
54,107.5,107,108,6.64259147644043,6.64172458648682,6.64345836639404,,,,,,
55,109.5,109,110,6.54890418052673,6.52812051773071,6.56968784332275,,,,,,
56,111.5,111,112,6.54622006416321,6.47272443771362,6.61971569061279,,,,,,
57,113.5,113,114,6.54056549072266,6.47597599029541,6.6051549911499,,,,,,
58,115.5,115,116,6.54854464530945,6.52024745941162,6.57684183120728,,,,,,
59,117.5,117,118,6.44135236740112,6.42082118988037,6.46188354492188,,,,,,
60,119.5,119,120,6.4140944480896,6.3461275100708,6.4820613861084,,,,,,
61,121.5,121,122,6.42397570610046,6.37468528747559,6.47326612472534,,,,,,
62,123.5,123,124,6.40855479240418,6.29320907592773,6.52390050888062,,,,,,
63,125.5,125,126,6.35336422920227,6.33840322494507,6.36832523345947,,,,,,
64,127.5,127,128,6.38129663467407,6.34493780136108,6.41765546798706,,,,,,
65,129.5,129,130,6.30021524429321,6.25640773773193,6.34402275085449,,,,,,
66,131.5,131,132,6.26984167098999,6.25948810577393,6.28019523620606,,,,,,
67,133.5,133,134,6.23677659034729,6.15471172332764,6.31884145736694,,,,,,
68,135.5,135,136,6.2631516456604,6.22172260284424,6.30458068847656,,,,,,
69,137.5,137,138,6.18722438812256,6.12553119659424,6.24891757965088,,,,,,
70,139.5,139,140,6.20805430412293,6.19685649871826,6.21925210952759,,,,,,
71,141.5,141,142,6.06963634490967,6.06943798065186,6.06983470916748,,,,,,
72,143.5,143,144,6.05435824394226,5.9378924369812,6.17082405090332,,,,,,
73,145.5,145,146,6.09927940368652,6.03118419647217,6.16737461090088,,,,,,
74,147.5,147,148,6.17793726921082,6.16590404510498,6.18997049331665,,,,,,
75,149.5,149,150,6.03898978233337,6.03802537918091,6.03995418548584,,,,,,
76,151.5,151,152,6.04913544654846,6.01227998733521,6.08599090576172,,,,,,
77,153.5,153,154,5.94245052337647,5.9149808883667,5.96992015838623,,,,,,
78,155.5,155,156,6.00245141983032,5.93867206573486,6.06623077392578,,,,,,
79,157.5,157,158,5.94496440887451,5.89682245254517,5.99310636520386,,,,,,
80,159.5,159,160,5.98394632339478,5.9811282157898,5.98676443099976,,,,,,
81,161.5,161,162,5.91280031204224,5.88041973114014,5.94518089294434,,,,,,
82,163.5,163,164,5.91640758514404,5.88899230957031,5.94382286071777,,,,,,
83,165.5,165,166,5.94720053672791,5.93153858184814,5.96286249160767,,,,,,
84,167.5,167,168,5.88925743103027,5.84313011169434,5.93538475036621,,,,,,
85,169.5,169,170,5.83758807182312,5.78910636901856,5.88606977462769,,,,,,
86,171.5,171,172,5.89986634254456,5.88150310516357,5.91822957992554,,,,,,
87,173.5,173,174,5.84747791290283,5.75989055633545,5.93506526947022,,,,,,
88,175.5,175,176,5.82489442825317,5.7958984375,5.85389041900635,,,,,,
89,177.5,177,178,5.82527732849121,5.78133249282837,5.86922216415405,,,,,,
90,179.5,179,180,5.7547619342804,5.68043947219849,5.82908439636231,,,,,,
91,181.5,181,182,5.82485103607178,5.81728601455689,5.83241605758667,,,,,,
92,183.5,183,184,5.77148389816284,5.70421600341797,5.83875179290772,,,,,,
93,185.5,185,186,5.74094223976135,5.72559690475464,5.75628757476807,,,,,,
94,187.5,187,188,5.783203125,5.75754833221436,5.80885791778564,,,,,,
95,189.5,189,190,5.75205564498901,5.74073600769043,5.7633752822876,,,,,,
96,191.5,191,192,5.72630929946899,5.72414445877075,5.72847414016724,,,,,,
97,193.5,193,194,5.780522108078,5.75190305709839,5.80914115905762,,,,,,
98,195.5,195,196,5.69243860244751,5.67509889602661,5.70977830886841,,,,,,
99,197.5,197,198,5.64078187942505,5.56638908386231,5.71517467498779,,,,,,
100,199.5,199,200,5.72258162498474,5.67600631713867,5.76915693283081,,,,,,
101,201.5,201,202,5.63092184066773,5.57189559936523,5.68994808197022,,,,,,
102,203.5,203,204,5.64036107063294,5.62180328369141,5.65891885757446,,,,,,
103,205.5,205,206,5.59819173812866,5.56785917282105,5.62852430343628,,,,,,
104,207.5,207,208,5.64139175415039,5.62054252624512,5.66224098205566,,,,,,
105,209.5,209,210,5.59112858772278,5.55196094512939,5.63029623031616,,,,,,
106,211.5,211,212,5.57850289344788,5.55796194076538,5.59904384613037,,,,,,
107,213.5,213,214,5.61966276168823,5.59113502502441,5.64819049835205,,,,,,
108,215.5,215,216,5.5881781578064,5.58638191223145,5.58997440338135,,,,,,
109,217.5,217,218,5.57041263580322,5.55713558197022,5.58368968963623,,,,,,
110,219.5,219,220,5.51790261268616,5.51627349853516,5.51953172683716,,,,,,
111,221.5,221,222,5.52846550941467,5.52086687088013,5.53606414794922,,,,,,
112,223.5,223,224,5.48185610771179,5.4602198600769,5.50349235534668,,,,,,
113,225.5,225,226,5.51950263977051,5.45802545547485,5.58097982406616,,,,,,
114,227.5,227,228,5.54426956176758,5.53536987304688,5.55316925048828,,,,,,
115,229.5,229,230,5.46462297439575,5.43771553039551,5.491530418396,,,,,,
116,231.5,231,232,5.42113065719605,5.37628841400147,5.46597290039063,,,,,,
117,233.5,233,234,5.47707939147949,5.4532413482666,5.50091743469238,,,,,,
118,235.5,235,236,5.48096680641174,5.45752620697022,5.50440740585327,,,,,,
119,237.5,237,238,5.48632502555847,5.46890163421631,5.50374841690064,,,,,,
120,239.5,239,240,5.40842843055725,5.36478662490845,5.45207023620606,,,,,,
121,241.5,241,242,5.45367169380188,5.39688014984131,5.51046323776245,,,,,,
122,243.5,243,244,5.43907690048218,5.43857002258301,5.43958377838135,,,,,,
123,245.5,245,246,5.39074897766113,5.35888576507568,5.42261219024658,,,,,,
124,247.5,247,248,5.4362781047821,5.39732837677002,5.47522783279419,,,,,,
125,249.5,249,250,5.42753767967224,5.37764501571655,5.47743034362793,,,,,,
126,251.5,251,252,5.36983990669251,5.32739925384522,5.4122805595398,,,,,,
127,253.5,253,254,5.3724365234375,5.3490104675293,5.3958625793457,,,,,,
128,255.5,255,256,5.35797643661499,5.28586769104004,5.43008518218994,,,,,,
129,257.5,257,258,5.3626401424408,5.35996818542481,5.36531209945679,,,,,,
130,259.5,259,260,5.3059995174408,5.29324722290039,5.3187518119812,,,,,,
131,261.5,261,262,5.33496451377869,5.31620454788208,5.35372447967529,,,,,,
132,263.5,263,264,5.36539149284363,5.36115980148315,5.3696231842041,,,,,,
133,265.5,265,266,5.35543036460877,5.35498714447022,5.35587358474731,,,,,,
134,267.5,267,268,5.37523603439331,5.36499500274658,5.38547706604004,,,,,,
135,269.5,269,270,5.35238289833069,5.29815864562988,5.40660715103149,,,,,,
136,271.5,271,272,5.33511590957642,5.327956199646,5.34227561950684,,,,,,
137,273.5,273,274,5.34589505195618,5.3154411315918,5.37634897232056,,,,,,
138,275.5,275,276,5.34957098960877,5.34574794769287,5.35339403152466,,,,,,
139,277.5,277,278,5.24341058731079,5.20900917053223,5.27781200408936,,,,,,
140,279.5,279,280,5.29677557945252,5.28723049163818,5.30632066726685,,,,,,
141,281.5,281,282,5.25401973724365,5.24965286254883,5.25838661193848,,,,,,
142,283.5,283,284,5.22957253456116,5.19823360443115,5.26091146469116,,,,,,
143,285.5,285,286,5.27666354179382,5.25755310058594,5.29577398300171,,,,,,
144,287.5,287,288,5.24207782745361,5.23338460922241,5.25077104568481,,,,,,
145,289.5,289,290,5.25154519081116,5.23605871200562,5.2670316696167,,,,,,
146,291.5,291,292,5.27009320259094,5.22195339202881,5.31823301315308,,,,,,
147,293.5,293,294,5.19794201850891,5.14750814437866,5.24837589263916,,,,,,
148,295.5,295,296,5.20982027053833,5.1668176651001,5.25282287597656,,,,,,
149,297.5,297,298,5.25001955032349,5.23688793182373,5.26315116882324,,,,,,
150,299.5,299,300,5.26515126228333,5.24280548095703,5.28749704360962,,,,,,
151,301.5,301,302,5.22473096847534,5.14916133880615,5.30030059814453,,,,,,
152,303.5,303,304,5.22177505493164,5.1624436378479,5.28110647201538,,,,,,
153,305.5,305,306,5.1715669631958,5.14474058151245,5.19839334487915,,,,,,
154,307.5,307,308,5.18252754211426,5.17589378356934,5.18916130065918,,,,,,
155,309.5,309,310,5.19479894638062,5.15532493591309,5.23427295684814,,,,,,
156,311.5,311,312,5.18822956085205,5.1732702255249,5.2031888961792,,,,,,
157,313.5,313,314,5.22276306152344,5.18479681015015,5.26072931289673,,,,,,
158,315.5,315,316,5.10184073448181,5.09784317016602,5.10583829879761,,,,,,
159,317.5,317,318,5.13426637649536,5.10832023620606,5.16021251678467,,,,,,
160,319.5,319,320,5.17218708992004,5.15058946609497,5.19378471374512,,,,,,
161,321.5,321,322,5.14434266090393,5.10945987701416,5.1792254447937,,,,,,
162,323.5,323,324,5.14425754547119,5.11656188964844,5.17195320129395,,,,,,
163,325.5,325,326,5.15889167785645,5.15348148345947,5.16430187225342,,,,,,
164,327.5,327,328,5.0858645439148,5.07514047622681,5.09658861160278,,,,,,
165,329.5,329,330,5.14383792877197,5.10764837265015,5.1800274848938,,,,,,
166,331.5,331,332,5.08655667304993,4.99199724197388,5.18111610412598,,,,,,
167,333.5,333,334,5.12601232528687,5.07247161865234,5.17955303192139,,,,,,
168,335.5,335,336,5.09808397293091,5.0374002456665,5.15876770019531,,,,,,
169,337.5,337,338,5.06502962112427,5.02313709259033,5.1069221496582,,,,,,
170,339.5,339,340,5.05945467948914,5.02304315567017,5.09586620330811,,,,,,
171,341.5,341,342,5.06441259384155,5.04699230194092,5.08183288574219,,,,,,
172,343.5,343,344,5.11121010780335,5.08523225784302,5.13718795776367,,,,,,
173,345.5,345,346,5.10582542419434,5.08288860321045,5.12876224517822,,,,,,
174,347.5,347,348,5.01565170288086,4.90884208679199,5.12246131896973,,,,,,
175,349.5,349,350,5.08906769752502,5.08353519439697,5.09460020065308,,,,,,
176,351.5,351,352,5.05462718009949,5.03243541717529,5.07681894302368,,,,,,
177,353.5,353,354,5.07581543922424,5.05134391784668,5.10028696060181,,,,,,
178,355.5,355,356,5.02186679840088,4.99277687072754,5.05095672607422,,,,,,
179,357.5,357,358,5.03930711746216,5.03104209899902,5.04757213592529,,,,,,
180,359.5,359,360,5.00142335891724,4.96067523956299,5.04217147827148,,,,,,
181,361.5,361,362,5.01992011070252,4.93671464920044,5.10312557220459,,,,,,
182,363.5,363,364,5.03544449806213,5.01715660095215,5.05373239517212,,,,,,
183,365.5,365,366,5.01844882965088,4.98764705657959,5.04925060272217,,,,,,
184,367.5,367,368,5.04195952415466,4.97733783721924,5.10658121109009,,,,,,
185,369.5,369,370,4.99969124794006,4.9613618850708,5.03802061080933,,,,,,
186,371.5,371,372,5.02429223060608,4.95818614959717,5.09039831161499,,,,,,
187,373.5,373,374,4.94407391548157,4.8928279876709,4.99531984329224,,,,,,
188,375.5,375,376,4.96013307571411,4.92671632766724,4.99354982376099,,,,,,
189,377.5,377,378,4.8836510181427,4.85701751708984,4.91028451919556,,,,,,
190,379.5,379,380,4.89076352119446,4.82887315750122,4.9526538848877,,,,,,
191,381.5,381,382,4.91472959518433,4.85840511322022,4.97105407714844,,,,,,
192,383.5,383,384,4.86673712730408,4.74985122680664,4.98362302780151,,,,,,
193,385.5,385,386,4.88902807235718,4.79010152816773,4.98795461654663,,,,,,
194,387.5,387,388,4.90287184715271,4.85235118865967,4.95339250564575,,,,,,
195,389.5,389,390,4.92060923576355,4.89941835403442,4.94180011749268,,,,,,
196,391.5,391,392,4.94606137275696,4.91322755813599,4.97889518737793,,,,,,
197,393.5,393,394,4.99798154830933,4.98108196258545,5.0148811340332,,,,,,
198,395.5,395,396,4.9593653678894,4.95443534851074,4.96429538726807,,,,,,
199,397.5,397,398,4.94433259963989,4.93211650848389,4.9565486907959,,,,,,
200,399.5,399,400,4.87461376190186,4.86083650588989,4.88839101791382,,,,,,
201,401.5,401,402,4.95679211616516,4.93129014968872,4.9822940826416,,,,,,
202,403.5,403,404,4.91208934783936,4.90538120269775,4.91879749298096,,,,,,
203,405.5,405,406,4.96577787399292,4.94577789306641,4.98577785491943,,,,,,
204,407.5,407,408,4.88920974731445,4.83395051956177,4.94446897506714,,,,,,
205,409.5,409,410,4.88390183448792,4.81235027313232,4.95545339584351,,,,,,
206,411.5,411,412,4.92082333564758,4.90819931030273,4.93344736099243,,,,,,
207,413.5,413,414,4.83986234664917,4.81089496612549,4.86882972717285,,,,,,
208,415.5,415,416,4.9055757522583,4.85709714889526,4.95405435562134,,,,,,
209,417.5,417,418,4.90694308280945,4.87315130233765,4.94073486328125,,,,,,
210,419.5,419,420,4.88668608665466,4.85898542404175,4.91438674926758,,,,,,
211,421.5,421,422,4.85527205467224,4.79662036895752,4.91392374038696,,,,,,
212,423.5,423,424,4.83487439155579,4.82669687271118,4.84305191040039,,,,,,
213,425.5,425,426,4.86019563674927,4.82856607437134,4.8918251991272,,,,,,
214,427.5,427,428,4.81941390037537,4.81680250167847,4.82202529907227,,,,,,
215,429.5,429,430,4.79187107086182,4.72323799133301,4.86050415039063,,,,,,
216,431.5,431,432,4.83162331581116,4.78073358535767,4.88251304626465,,,,,,
217,433.5,433,434,4.78732848167419,4.78417921066284,4.79047775268555,,,,,,
218,435.5,435,436,4.77258396148682,4.69620895385742,4.84895896911621,,,,,,
219,437.5,437,438,4.8111584186554,4.77642583847046,4.84589099884033,,,,,,
220,439.5,439,440,4.80265116691589,4.74440002441406,4.86090230941773,,,,,,
221,441.5,441,442,4.77505254745483,4.74068307876587,4.8094220161438,,,,,,
222,443.5,443,444,4.7953634262085,4.70924854278564,4.88147830963135,,,,,,
223,445.5,445,446,4.88326811790466,4.88112354278564,4.88541269302368,,,,,,
224,447.5,447,448,4.80079317092896,4.78607177734375,4.81551456451416,,,,,,
225,449.5,449,450,4.77010655403137,4.76254844665527,4.77766466140747,,,,,,
226,451.5,451,452,4.81028008460999,4.79477548599243,4.82578468322754,,,,,,
227,453.5,453,454,4.75859498977661,4.67398262023926,4.84320735931397,,,,,,
228,455.5,455,456,4.75176477432251,4.73798370361328,4.76554584503174,,,,,,
229,457.5,457,458,4.79474711418152,4.72492218017578,4.86457204818726,,,,,,
230,459.5,459,460,4.80512475967407,4.80304050445557,4.80720901489258,,,,,,
231,461.5,461,462,4.78568267822266,4.75411367416382,4.81725168228149,,,,,,
232,463.5,463,464,4.76190304756165,4.71462965011597,4.80917644500732,,,,,,
233,465.5,465,466,4.717205286026,4.6632022857666,4.7712082862854,,,,,,
234,467.5,467,468,4.75285029411316,4.71614360809326,4.78955698013306,,,,,,
235,469.5,469,470,4.70693707466126,4.7003059387207,4.71356821060181,,,,,,
236,471.5,471,472,4.71219444274902,4.70540332794189,4.71898555755615,,,,,,
237,473.5,473,474,4.65411424636841,4.61009693145752,4.6981315612793,,,,,,
238,475.5,475,476,4.7327778339386,4.6740894317627,4.7914662361145,,,,,,
239,477.5,477,478,4.7106409072876,4.68334245681763,4.73793935775757,,,,,,
240,479.5,479,480,4.73203229904175,4.6803412437439,4.7837233543396,,,,,,
241,481.5,481,482,4.69729971885681,4.69565105438232,4.6989483833313,,,,,,
242,483.5,483,484,4.7576265335083,4.73102903366089,4.78422403335571,,,,,,
243,485.5,485,486,4.72670698165894,4.67747592926025,4.77593803405762,,,,,,
244,487.5,487,488,4.75226402282715,4.73484134674072,4.76968669891357,,,,,,
245,489.5,489,490,4.75464010238648,4.7343864440918,4.77489376068115,,,,,,
246,491.5,491,492,4.6799840927124,4.62803077697754,4.73193740844727,,,,,,
247,493.5,493,494,4.69355797767639,4.6639404296875,4.72317552566528,,,,,,
248,495.5,495,496,4.66549348831177,4.65754222869873,4.67344474792481,,,,,,
249,497.5,497,498,4.68254160881043,4.66319227218628,4.70189094543457,,,,,,
250,499.5,499,500,4.64046859741211,4.60023403167725,4.68070316314697,,,,,,
251,501.5,501,502,4.72454071044922,4.70313835144043,4.74594306945801,,,,,,
252,503.5,503,504,4.62051486968994,4.61994647979736,4.62108325958252,,,,,,
253,505.5,505,506,4.61720609664917,4.57983493804932,4.65457725524902,,,,,,
254,507.5,507,508,4.68913626670837,4.6587405204773,4.71953201293945,,,,,,
255,509.5,509,510,4.69030547142029,4.65751791000366,4.72309303283691,,,,,,
256,511.5,511,512,4.63563346862793,4.58539247512817,4.68587446212769,,,,,,
257,513.5,513,514,4.66291522979736,4.60292291641235,4.72290754318237,,,,,,
258,515.5,515,516,4.65956163406372,4.60693454742432,4.71218872070313,,,,,,
259,517.5,517,518,4.64201807975769,4.60378503799439,4.680251121521,,,,,,
260,519.5,519,520,4.60626649856567,4.56820058822632,4.64433240890503,,,,,,
261,521.5,521,522,4.62453961372376,4.62281513214111,4.6262640953064,,,,,,
262,523.5,523,524,4.60450839996338,4.5128927230835,4.69612407684326,,,,,,
263,525.5,525,526,4.60729384422302,4.52892875671387,4.68565893173218,,,,,,
264,527.5,527,528,4.59012508392334,4.55143642425537,4.62881374359131,,,,,,
265,529.5,529,530,4.57542085647583,4.55379819869995,4.59704351425171,,,,,,
266,531.5,531,532,4.63068509101868,4.57127189636231,4.69009828567505,,,,,,
267,533.5,533,534,4.64217567443848,4.63504695892334,4.64930438995361,,,,,,
268,535.5,535,536,4.60537791252136,4.55635976791382,4.65439605712891,,,,,,
269,537.5,537,538,4.6250958442688,4.61164045333862,4.63855123519898,,,,,,
270,539.5,539,540,4.55708050727844,4.48938417434692,4.62477684020996,,,,,,
271,541.5,541,542,4.56485080718994,4.53339862823486,4.59630298614502,,,,,,
272,543.5,543,544,4.65758228302002,4.63976764678955,4.67539691925049,,,,,,
273,545.5,545,546,4.5728611946106,4.54496192932129,4.6007604598999,,,,,,
274,547.5,547,548,4.57133555412293,4.55066394805908,4.59200716018677,,,,,,
275,549.5,549,550,4.54725170135498,4.50109910964966,4.5934042930603,,,,,,
276,551.5,551,552,4.58358001708984,4.52487277984619,4.6422872543335,,,,,,
277,553.5,553,554,4.53572225570679,4.50128316879273,4.57016134262085,,,,,,
278,555.5,555,556,4.53673148155212,4.5217604637146,4.55170249938965,,,,,,
279,557.5,557,558,4.47277021408081,4.45230960845947,4.49323081970215,,,,,,
280,559.5,559,560,4.5075364112854,4.4805588722229,4.5345139503479,,,,,,
281,561.5,561,562,4.51713943481445,4.46792411804199,4.56635475158691,,,,,,
282,563.5,563,564,4.5747230052948,4.53721284866333,4.61223316192627,,,,,,
283,565.5,565,566,4.50444722175598,4.47691297531128,4.53198146820068,,,,,,
284,567.5,567,568,4.55742764472961,4.5160026550293,4.59885263442993,,,,,,
285,569.5,569,570,4.50357866287231,4.49668025970459,4.51047706604004,,,,,,
286,571.5,571,572,4.56943964958191,4.54370212554932,4.5951771736145,,,,,,
287,573.5,573,574,4.536217212677,4.50087070465088,4.57156372070313,,,,,,
288,575.5,575,576,4.46177053451538,4.41462230682373,4.50891876220703,,,,,,
289,577.5,577,578,4.54501628875732,4.53095531463623,4.55907726287842,,,,,,
290,579.5,579,580,4.54913926124573,4.5316686630249,4.56660985946655,,,,,,
291,581.5,581,582,4.53640580177307,4.49907970428467,4.57373189926148,,,,,,
292,583.5,583,584,4.51951932907105,4.48680686950684,4.55223178863525,,,,,,
293,585.5,585,586,4.53383350372314,4.52835416793823,4.53931283950806,,,,,,
294,587.5,587,588,4.46411824226379,4.38255882263184,4.54567766189575,,,,,,
295,589.5,589,590,4.51656031608582,4.50377607345581,4.52934455871582,,,,,,
296,591.5,591,592,4.50568079948425,4.48018980026245,4.53117179870606,,,,,,
297,593.5,593,594,4.47371292114258,4.47004652023315,4.477379322052,,,,,,
298,595.5,595,596,4.49153971672058,4.4634165763855,4.51966285705566,,,,,,
299,597.5,597,598,4.52941966056824,4.49548292160034,4.56335639953613,,,,,,
300,599.5,599,600,4.50741147994995,4.47264099121094,4.54218196868897,,,,,,
301,601.5,601,602,4.49638915061951,4.44806861877441,4.5447096824646,,,,,,
302,603.5,603,604,4.49308156967163,4.45452690124512,4.53163623809814,,,,,,
303,605.5,605,606,4.47973585128784,4.45525455474854,4.50421714782715,,,,,,
304,607.5,607,608,4.51146793365479,4.48870182037354,4.53423404693604,,,,,,
305,609.5,609,610,4.53616452217102,4.50749969482422,4.56482934951782,,,,,,
306,611.5,611,612,4.4635603427887,4.45093965530396,4.47618103027344,,,,,,
307,613.5,613,614,4.47864747047424,4.4378457069397,4.51944923400879,,,,,,
308,615.5,615,616,4.50402426719666,4.47877359390259,4.52927494049072,,,,,,
309,617.5,617,618,4.50286960601807,4.43820667266846,4.56753253936768,,,,,,
310,619.5,619,620,4.48287916183472,4.42005300521851,4.54570531845093,,,,,,
311,621.5,621,622,4.48643732070923,4.46363162994385,4.50924301147461,,,,,,
312,623.5,623,624,4.4588828086853,4.44908714294434,4.46867847442627,,,,,,
313,625.5,625,626,4.43188834190369,4.40536642074585,4.45841026306152,,,,,,
314,627.5,627,628,4.43138360977173,4.41801834106445,4.444748878479,,,,,,
315,629.5,629,630,4.36713290214539,4.36556959152222,4.36869621276856,,,,,,
316,631.5,631,632,4.469486951828,4.45365619659424,4.48531770706177,,,,,,
317,633.5,633,634,4.4527051448822,4.40974521636963,4.49566507339478,,,,,,
318,635.5,635,636,4.45089435577393,4.41458034515381,4.48720836639404,,,,,,
319,637.5,637,638,4.43004012107849,4.36257076263428,4.49750947952271,,,,,,
320,639.5,639,640,4.45033264160156,4.40180969238281,4.49885559082031,,,,,,
321,641.5,641,642,4.40158152580261,4.38042068481445,4.42274236679077,,,,,,
322,643.5,643,644,4.45012140274048,4.43925428390503,4.46098852157593,,,,,,
323,645.5,645,646,4.4447033405304,4.41189384460449,4.4775128364563,,,,,,
324,647.5,647,648,4.3801167011261,4.33721208572388,4.42302131652832,,,,,,
325,649.5,649,650,4.37673711776733,4.36980962753296,4.38366460800171,,,,,,
326,651.5,651,652,4.4194803237915,4.34862041473389,4.49034023284912,,,,,,
327,653.5,653,654,4.42702412605286,4.3917179107666,4.46233034133911,,,,,,
328,655.5,655,656,4.3909547328949,4.3503794670105,4.4315299987793,,,,,,
329,657.5,657,658,4.3946053981781,4.36381673812866,4.42539405822754,,,,,,
330,659.5,659,660,4.34696245193481,4.32466554641724,4.36925935745239,,,,,,
331,661.5,661,662,4.39374232292175,4.37191915512085,4.41556549072266,,,,,,
332,663.5,663,664,4.42451524734497,4.41539096832275,4.43363952636719,,,,,,
333,665.5,665,666,4.4003279209137,4.38748455047607,4.41317129135132,,,,,,
334,667.5,667,668,4.4521222114563,4.42223453521729,4.48200988769531,,,,,,
335,669.5,669,670,4.39462208747864,4.38562297821045,4.40362119674683,,,,,,
336,671.5,671,672,4.3886821269989,4.36877202987671,4.40859222412109,,,,,,
337,673.5,673,674,4.34131622314453,4.30449962615967,4.37813282012939,,,,,,
338,675.5,675,676,4.41573262214661,4.36399841308594,4.46746683120728,,,,,,
339,677.5,677,678,4.36258983612061,4.3241457939148,4.40103387832642,,,,,,
340,679.5,679,680,4.40494298934937,4.38173294067383,4.4281530380249,,,,,,
341,681.5,681,682,4.33002328872681,4.31009244918823,4.34995412826538,,,,,,
342,683.5,683,684,4.35561966896057,4.32048797607422,4.39075136184692,,,,,,
343,685.5,685,686,4.41538548469544,4.411780834198,4.41899013519287,,,,,,
344,687.5,687,688,4.35460186004639,4.31361770629883,4.39558601379395,,,,,,
345,689.5,689,690,4.35354423522949,4.30466270446777,4.40242576599121,,,,,,
346,691.5,691,692,4.38535070419312,4.35519504547119,4.41550636291504,,,,,,
347,693.5,693,694,4.34371781349182,4.33740472793579,4.35003089904785,,,,,,
348,695.5,695,696,4.32860159873962,4.29857921600342,4.35862398147583,,,,,,
349,697.5,697,698,4.37905716896057,4.37592554092407,4.38218879699707,,,,,,
350,699.5,699,700,4.37986135482788,4.32712650299072,4.43259620666504,,,,,,
351,701.5,701,702,4.37024569511414,4.35432815551758,4.38616323471069,,,,,,
352,703.5,703,704,4.33624958992004,4.32499361038208,4.34750556945801,,,,,,
353,705.5,705,706,4.25503730773926,4.2491717338562,4.26090288162231,,,,,,
354,707.5,707,708,4.28487658500671,4.2288670539856,4.34088611602783,,,,,,
355,709.5,709,710,4.31847095489502,4.28458118438721,4.35236072540283,,,,,,
356,711.5,711,712,4.34026479721069,4.34024429321289,4.3402853012085,,,,,,
357,713.5,713,714,4.29504919052124,4.221022605896,4.36907577514648,,,,,,
358,715.5,715,716,4.32005667686462,4.26520586013794,4.37490749359131,,,,,,
359,717.5,717,718,4.33889818191528,4.31157207489014,4.36622428894043,,,,,,
360,719.5,719,720,4.32909989356995,4.30268573760986,4.35551404953003,,,,,,
361,721.5,721,722,4.32497215270996,4.30305910110474,4.34688520431519,,,,,,
362,723.5,723,724,4.36930656433106,4.36872720718384,4.36988592147827,,,,,,
363,725.5,725,726,4.29003977775574,4.24242687225342,4.33765268325806,,,,,,
364,727.5,727,728,4.32161498069763,4.31424951553345,4.32898044586182,,,,,,
365,729.5,729,730,4.26276206970215,4.18212699890137,4.34339714050293,,,,,,
366,731.5,731,732,4.33699560165405,4.31783246994019,4.35615873336792,,,,,,
367,733.5,733,734,4.30397462844849,4.25675010681152,4.35119915008545,,,,,,
368,735.5,735,736,4.30863881111145,4.2708215713501,4.3464560508728,,,,,,
369,737.5,737,738,4.2476122379303,4.23441076278687,4.26081371307373,,,,,,
370,739.5,739,740,4.30091977119446,4.24097061157227,4.36086893081665,,,,,,
371,741.5,741,742,4.24552941322327,4.22019672393799,4.27086210250855,,,,,,
372,743.5,743,744,4.23086905479431,4.20087385177612,4.2608642578125,,,,,,
373,745.5,745,746,4.24961400032044,4.19761943817139,4.30160856246948,,,,,,
374,747.5,747,748,4.24879121780396,4.2365198135376,4.26106262207031,,,,,,
375,749.5,749,750,4.26700019836426,4.25109720230103,4.28290319442749,,,,,,
376,751.5,751,752,4.26193904876709,4.23860454559326,4.28527355194092,,,,,,
377,753.5,753,754,4.26229286193848,4.24125099182129,4.28333473205566,,,,,,
378,755.5,755,756,4.17640566825867,4.14502573013306,4.20778560638428,,,,,,
379,757.5,757,758,4.27777910232544,4.19722890853882,4.35832929611206,,,,,,
380,759.5,759,760,4.19241786003113,4.19101858139038,4.19381713867188,,,,,,
381,761.5,761,762,4.26581931114197,4.23470067977905,4.29693794250488,,,,,,
382,763.5,763,764,4.25695419311523,4.17983818054199,4.33407020568848,,,,,,
383,765.5,765,766,4.30462288856506,4.2671275138855,4.34211826324463,,,,,,
384,767.5,767,768,4.23064184188843,4.16916465759277,4.29211902618408,,,,,,
385,769.5,769,770,4.23943138122559,4.2199182510376,4.25894451141357,,,,,,
386,771.5,771,772,4.25774240493774,4.20727491378784,4.30820989608765,,,,,,
387,773.5,773,774,4.22239398956299,4.14962530136108,4.29516267776489,,,,,,
388,775.5,775,776,4.23782444000244,4.22472906112671,4.25091981887817,,,,,,
389,777.5,777,778,4.19250822067261,4.12477493286133,4.26024150848389,,,,,,
390,779.5,779,780,4.17821502685547,4.17464351654053,4.18178653717041,,,,,,
391,781.5,781,782,4.19654655456543,4.14306688308716,4.2500262260437,,,,,,
392,783.5,783,784,4.21989154815674,4.1785135269165,4.26126956939697,,,,,,
393,785.5,785,786,4.25544309616089,4.2457857131958,4.26510047912598,,,,,,
394,787.5,787,788,4.19349813461304,4.18956327438355,4.19743299484253,,,,,,
395,789.5,789,790,4.19131803512573,4.18458461761475,4.19805145263672,,,,,,
396,791.5,791,792,4.21030187606812,4.19962978363037,4.22097396850586,,,,,,
397,793.5,793,794,4.23166561126709,4.21968460083008,4.2436466217041,,,,,,
398,795.5,795,796,4.20159435272217,4.18097448348999,4.22221422195435,,,,,,
399,797.5,797,798,4.18383359909058,4.15642213821411,4.21124505996704,,,,,,
400,799.5,799,800,4.17822432518005,4.1179370880127,4.23851156234741,,,,,,
401,801.5,801,802,4.18527054786682,4.16164207458496,4.20889902114868,,,,,,
402,803.5,803,804,4.18539571762085,4.09089040756226,4.27990102767944,,,,,,
403,805.5,805,806,4.20047688484192,4.17139673233032,4.22955703735352,,,,,,
404,807.5,807,808,4.1394031047821,4.1269006729126,4.15190553665161,,,,,,
405,809.5,809,810,4.16087102890015,4.11138534545898,4.21035671234131,,,,,,
406,811.5,811,812,4.10937428474426,4.10310888290405,4.11563968658447,,,,,,
407,813.5,813,814,4.14122605323792,4.140784740448,4.14166736602783,,,,,,
408,815.5,815,816,4.13777685165405,4.10731601715088,4.16823768615723,,,,,,
409,817.5,817,818,4.14474391937256,4.11502456665039,4.17446327209473,,,,,,
410,819.5,819,820,4.17386960983276,4.15027618408203,4.1974630355835,,,,,,
411,821.5,821,822,4.18453598022461,4.12266159057617,4.24641036987305,,,,,,
412,823.5,823,824,4.14397025108337,4.12581825256348,4.16212224960327,,,,,,
413,825.5,825,826,4.14382100105286,4.07665634155273,4.21098566055298,,,,,,
414,827.5,827,828,4.17105340957642,4.14884185791016,4.19326496124268,,,,,,
415,829.5,829,830,4.15977168083191,4.14930057525635,4.17024278640747,,,,,,
416,831.5,831,832,4.13815259933472,4.1291389465332,4.14716625213623,,,,,,
417,833.5,833,834,4.16350698471069,4.12856674194336,4.19844722747803,,,,,,
418,835.5,835,836,4.08143162727356,4.05921316146851,4.10365009307861,,,,,,
419,837.5,837,838,4.1430881023407,4.1069130897522,4.1792631149292,,,,,,
420,839.5,839,840,4.11793041229248,4.11077117919922,4.12508964538574,,,,,,
421,841.5,841,842,4.05897879600525,4.02826023101807,4.08969736099243,,,,,,
422,843.5,843,844,4.10059833526611,4.08432149887085,4.11687517166138,,,,,,
423,845.5,845,846,4.13980078697205,4.10337543487549,4.1762261390686,,,,,,
424,847.5,847,848,4.11095786094666,4.10864067077637,4.11327505111694,,,,,,
425,849.5,849,850,4.12721371650696,4.09498262405396,4.15944480895996,,,,,,
426,851.5,851,852,4.15509271621704,4.14583921432495,4.16434621810913,,,,,,
427,853.5,853,854,4.1306643486023,4.12486743927002,4.13646125793457,,,,,,
428,855.5,855,856,4.08529233932495,4.05721235275269,4.11337232589722,,,,,,
429,857.5,857,858,4.1398503780365,4.13252925872803,4.14717149734497,,,,,,
430,859.5,859,860,4.14320206642151,4.08919620513916,4.19720792770386,,,,,,
431,861.5,861,862,4.10738801956177,4.10508298873901,4.10969305038452,,,,,,
432,863.5,863,864,4.11969828605652,4.08633661270142,4.15305995941162,,,,,,
433,865.5,865,866,4.0497362613678,3.98141956329346,4.11805295944214,,,,,,
434,867.5,867,868,4.05480051040649,4.03900814056397,4.07059288024902,,,,,,
435,869.5,869,870,4.05008983612061,3.97255325317383,4.12762641906738,,,,,,
436,871.5,871,872,4.06791424751282,4.06627655029297,4.06955194473267,,,,,,
437,873.5,873,874,4.06659245491028,4.05113840103149,4.08204650878906,,,,,,
438,875.5,875,876,4.11701369285584,4.09963750839233,4.13438987731934,,,,,,
439,877.5,877,878,4.05926895141602,4.03853034973145,4.08000755310059,,,,,,
440,879.5,879,880,4.1385281085968,4.11120223999023,4.16585397720337,,,,,,
441,881.5,881,882,4.05606913566589,4.02954769134522,4.08259057998657,,,,,,
442,883.5,883,884,4.02257335186005,3.94920086860657,4.09594583511353,,,,,,
443,885.5,885,886,4.0770959854126,4.07074356079102,4.08344841003418,,,,,,
444,887.5,887,888,4.11015677452087,4.04779100418091,4.17252254486084,,,,,,
445,889.5,889,890,4.12015414237976,4.08093118667603,4.1593770980835,,,,,,
446,891.5,891,892,4.1005711555481,4.06623077392578,4.13491153717041,,,,,,
447,893.5,893,894,4.07511925697327,4.05071830749512,4.09952020645142,,,,,,
448,895.5,895,896,4.03398036956787,4.02590847015381,4.04205226898193,,,,,,
449,897.5,897,898,4.05297160148621,4.03642749786377,4.06951570510864,,,,,,
450,899.5,899,900,4.06316518783569,4.00062274932861,4.12570762634277,,,,,,
451,901.5,901,902,4.01635205745697,3.99473595619202,4.03796815872192,,,,,,
452,903.5,903,904,4.06090688705444,4.05711269378662,4.06470108032227,,,,,,
453,905.5,905,906,4.02892661094666,3.96667718887329,4.09117603302002,,,,,,
454,907.5,907,908,4.010218501091,3.97190165519714,4.04853534698486,,,,,,
455,909.5,909,910,3.96811962127686,3.93070030212402,4.00553894042969,,,,,,
456,911.5,911,912,4.1079306602478,4.07844638824463,4.13741493225098,,,,,,
457,913.5,913,914,4.04302167892456,3.9596848487854,4.12635850906372,,,,,,
458,915.5,915,916,4.02421617507935,4.0184178352356,4.0300145149231,,,,,,
459,917.5,917,918,3.94800758361816,3.94730758666992,3.94870758056641,,,,,,
460,919.5,919,920,3.93114483356476,3.86805009841919,3.99423956871033,,,,,,
461,921.5,921,922,3.88986361026764,3.87699246406555,3.90273475646973,,,,,,
462,923.5,923,924,3.87076342105866,3.77388453483582,3.96764230728149,,,,,,
463,925.5,925,926,3.89583849906921,3.86091709136963,3.9307599067688,,,,,,
464,927.5,927,928,3.7992604970932,3.72019505500793,3.87832593917847,,,,,,
465,929.5,929,930,3.92124819755554,3.89379453659058,3.94870185852051,,,,,,
466,931.5,931,932,3.80798554420471,3.78510093688965,3.83087015151978,,,,,,
467,933.5,933,934,3.91936945915222,3.87837696075439,3.96036195755005,,,,,,
468,935.5,935,936,3.90045893192291,3.88301157951355,3.91790628433228,,,,,,
469,937.5,937,938,3.82573342323303,3.7421293258667,3.90933752059937,,,,,,
470,939.5,939,940,3.78568303585053,3.75627565383911,3.81509041786194,,,,,,
471,941.5,941,942,3.79100012779236,3.74206352233887,3.83993673324585,,,,,,
472,943.5,943,944,3.98064506053925,3.87397217750549,4.087317943573,,,,,,
473,945.5,945,946,3.94339978694916,3.93711042404175,3.94968914985657,,,,,,
474,947.5,947,948,3.90611529350281,3.87278032302856,3.93945026397705,,,,,,
475,949.5,949,950,3.96148383617401,3.93756365776062,3.9854040145874,,,,,,
476,951.5,951,952,3.97558057308197,3.92946648597717,4.02169466018677,,,,,,
477,953.5,953,954,3.80901193618774,3.68186330795288,3.93616056442261,,,,,,
478,955.5,955,956,3.77041172981262,3.74992656707764,3.79089689254761,,,,,,
479,957.5,957,958,3.75236105918884,3.68218803405762,3.82253408432007,,,,,,
480,959.5,959,960,3.82233476638794,3.78743505477905,3.85723447799683,,,,,,
481,961.5,961,962,3.91297519207001,3.8892970085144,3.93665337562561,,,,,,
482,963.5,963,964,3.92373287677765,3.87363314628601,3.97383260726929,,,,,,
483,965.5,965,966,3.8896119594574,3.83803009986877,3.94119381904602,,,,,,
484,967.5,967,968,3.91525208950043,3.9070885181427,3.92341566085815,,,,,,
485,969.5,969,970,3.71309816837311,3.67388463020325,3.75231170654297,,,,,,
486,971.5,971,972,3.68454623222351,3.66740417480469,3.70168828964233,,,,,,
487,973.5,973,974,3.76293218135834,3.66920495033264,3.85665941238403,,,,,,
488,975.5,975,976,3.77138352394104,3.69717073440552,3.84559631347656,,,,,,
489,977.5,977,978,3.83944809436798,3.83473706245422,3.84415912628174,,,,,,
490,979.5,979,980,3.80481898784637,3.77617406845093,3.83346390724182,,,,,,
491,981.5,981,982,3.78699517250061,3.68365001678467,3.89034032821655,,,,,,
492,983.5,983,984,3.8986759185791,3.8558247089386,3.9415271282196,,,,,,
493,985.5,985,986,3.76725161075592,3.71137404441834,3.82312917709351,,,,,,
494,987.5,987,988,3.77970206737518,3.70568799972534,3.85371613502502,,,,,,
495,989.5,989,990,3.79588353633881,3.75933074951172,3.83243632316589,,,,,,
496,991.5,991,992,3.65501642227173,3.61582827568054,3.69420456886292,,,,,,
497,993.5,993,994,3.76066267490387,3.6064772605896,3.91484808921814,,,,,,
498,995.5,995,996,3.85675632953644,3.83855366706848,3.87495899200439,,,,,,
499,997.5,997,998,3.87706863880157,3.85442018508911,3.89971709251404,,,,,,
500,999.5,999,1000,3.73967754840851,3.62032604217529,3.85902905464172,,,,,,
501,1001.5,1001,1002,3.74928331375122,3.65536236763001,3.84320425987244,,,,,,
502,1003.5,1003,1004,3.84333324432373,3.7763512134552,3.91031527519226,,,,,,
503,1005.5,1005,1006,3.85033047199249,3.78315615653992,3.91750478744507,,,,,,
504,1007.5,1007,1008,3.83931279182434,3.81789088249207,3.86073470115662,,,,,,
505,1009.5,1009,1010,3.85492467880249,3.84361791610718,3.8662314414978,,,,,,
506,1011.5,1011,1012,3.85987150669098,3.8542103767395,3.86553263664246,,,,,,
507,1013.5,1013,1014,3.83393752574921,3.78901171684265,3.87886333465576,,,,,,
508,1015.5,1015,1016,3.90602540969849,3.84071063995361,3.97134017944336,,,,,,
509,1017.5,1017,1018,3.83721816539764,3.76494407653809,3.9094922542572,,,,,,
510,1019.5,1019,1020,3.86327052116394,3.83714914321899,3.88939189910889,,,,,,
511,1021.5,1021,1022,3.92438328266144,3.87198257446289,3.97678399085999,,,,,,
512,1023.5,1023,1024,3.87217700481415,3.83917665481567,3.90517735481262,,,,,,
513,1025.5,1025,1026,3.93337309360504,3.92444038391113,3.94230580329895,,,,,,
514,1027.5,1027,1028,3.88928437232971,3.82243728637695,3.95613145828247,,,,,,
515,1029.5,1029,1030,3.86755573749542,3.81360244750977,3.92150902748108,,,,,,
516,1031.5,1031,1032,3.90994381904602,3.82920789718628,3.99067974090576,,,,,,
517,1033.5,1033,1034,3.88202142715454,3.86512756347656,3.89891529083252,,,,,,
518,1035.5,1035,1036,3.93609547615051,3.91380167007446,3.95838928222656,,,,,,
519,1037.5,1037,1038,3.8273857831955,3.78640031814575,3.86837124824524,,,,,,
520,1039.5,1039,1040,3.83974552154541,3.8296480178833,3.84984302520752,,,,,,
521,1041.5,1041,1042,3.88489055633545,3.74069023132324,4.02909088134766,,,,,,
522,1043.5,1043,1044,3.87542164325714,3.86633229255676,3.88451099395752,,,,,,
523,1045.5,1045,1046,3.87910711765289,3.77999258041382,3.97822165489197,,,,,,
524,1047.5,1047,1048,3.81213045120239,3.74111151695251,3.88314938545227,,,,,,
525,1049.5,1049,1050,3.81528282165527,3.79552435874939,3.83504128456116,,,,,,
526,1051.5,1051,1052,3.82959961891174,3.8280873298645,3.83111190795898,,,,,,
527,1053.5,1053,1054,3.77700686454773,3.77516651153564,3.77884721755981,,,,,,
528,1055.5,1055,1056,3.77504992485046,3.68011903762817,3.86998081207275,,,,,,
529,1057.5,1057,1058,3.80991387367249,3.78638601303101,3.83344173431397,,,,,,
530,1059.5,1059,1060,3.81336534023285,3.78762292861938,3.83910775184631,,,,,,
531,1061.5,1061,1062,3.82404315471649,3.78320360183716,3.86488270759583,,,,,,
532,1063.5,1063,1064,3.77296125888824,3.69149827957153,3.85442423820496,,,,,,
533,1065.5,1065,1066,3.77401077747345,3.72091102600098,3.82711052894592,,,,,,
534,1067.5,1067,1068,3.67496073246002,3.66151642799377,3.68840503692627,,,,,,
535,1069.5,1069,1070,3.70493757724762,3.66471910476685,3.74515604972839,,,,,,
536,1071.5,1071,1072,3.75586593151093,3.72928929328918,3.78244256973267,,,,,,
537,1073.5,1073,1074,3.74761736392975,3.74234986305237,3.75288486480713,,,,,,
538,1075.5,1075,1076,3.61996388435364,3.53407955169678,3.7058482170105,,,,,,
539,1077.5,1077,1078,3.63385593891144,3.60591173171997,3.66180014610291,,,,,,
540,1079.5,1079,1080,3.60415291786194,3.59771537780762,3.61059045791626,,,,,,
541,1081.5,1081,1082,3.66318070888519,3.61948013305664,3.70688128471375,,,,,,
542,1083.5,1083,1084,3.69248950481415,3.63922739028931,3.74575161933899,,,,,,
543,1085.5,1085,1086,3.68751156330109,3.62764286994934,3.74738025665283,,,,,,
544,1087.5,1087,1088,3.68641698360443,3.67393970489502,3.69889426231384,,,,,,
545,1089.5,1089,1090,3.681396484375,3.64288663864136,3.71990633010864,,,,,,
546,1091.5,1091,1092,3.60742235183716,3.57085633277893,3.64398837089539,,,,,,
547,1093.5,1093,1094,3.66426837444305,3.64693379402161,3.6816029548645,,,,,,
548,1095.5,1095,1096,3.61838066577911,3.60642385482788,3.63033747673035,,,,,,
549,1097.5,1097,1098,3.60871064662933,3.56428122520447,3.6531400680542,,,,,,
550,1099.5,1099,1100,3.67384910583496,3.65745258331299,3.69024562835693,,,,,,
551,1101.5,1101,1102,3.65906667709351,3.65523052215576,3.66290283203125,,,,,,
552,1103.5,1103,1104,3.68065249919891,3.64219951629639,3.71910548210144,,,,,,
553,1105.5,1105,1106,3.52821457386017,3.52089214324951,3.53553700447083,,,,,,
554,1107.5,1107,1108,3.57082152366638,3.52936172485352,3.61228132247925,,,,,,
555,1109.5,1109,1110,3.51996111869812,3.45061254501343,3.58930969238281,,,,,,
556,1111.5,1111,1112,3.62323558330536,3.61946511268616,3.62700605392456,,,,,,
557,1113.5,1113,1114,3.54686760902405,3.52259993553162,3.57113528251648,,,,,,
558,1115.5,1115,1116,3.56421887874603,3.51597762107849,3.61246013641357,,,,,,
559,1117.5,1117,1118,3.54908728599548,3.45008230209351,3.64809226989746,,,,,,
560,1119.5,1119,1120,3.46865499019623,3.45754814147949,3.47976183891296,,,,,,
561,1121.5,1121,1122,3.35641205310822,3.29741621017456,3.41540789604187,,,,,,
562,1123.5,1123,1124,3.45539593696594,3.40141129493713,3.50938057899475,,,,,,
563,1125.5,1125,1126,3.5242030620575,3.48197221755981,3.56643390655518,,,,,,
564,1127.5,1127,1128,3.53327870368958,3.49089622497559,3.57566118240356,,,,,,
565,1129.5,1129,1130,3.54436707496643,3.52753758430481,3.56119656562805,,,,,,
566,1131.5,1131,1132,3.63419568538666,3.62770867347717,3.64068269729614,,,,,,
567,1133.5,1133,1134,3.40082979202271,3.39675188064575,3.40490770339966,,,,,,
568,1135.5,1135,1136,3.537264585495,3.46346712112427,3.61106204986572,,,,,,
569,1137.5,1137,1138,3.55877184867859,3.4846179485321,3.63292574882507,,,,,,
570,1139.5,1139,1140,3.61233997344971,3.56605076789856,3.65862917900085,,,,,,
571,1141.5,1141,1142,3.45906889438629,3.40530776977539,3.51283001899719,,,,,,
572,1143.5,1143,1144,3.53163015842438,3.48721742630005,3.57604289054871,,,,,,
573,1145.5,1145,1146,3.63255381584168,3.61081767082214,3.65428996086121,,,,,,
574,1147.5,1147,1148,3.60174989700317,3.56052875518799,3.64297103881836,,,,,,
575,1149.5,1149,1150,3.52497923374176,3.51934456825256,3.53061389923096,,,,,,
576,1151.5,1151,1152,3.3653382062912,3.30170869827271,3.42896771430969,,,,,,
577,1153.5,1153,1154,3.45129430294037,3.37561321258545,3.52697539329529,,,,,,
578,1155.5,1155,1156,3.533571600914,3.50595712661743,3.56118607521057,,,,,,
579,1157.5,1157,1158,3.44310688972473,3.4388279914856,3.44738578796387,,,,,,
580,1159.5,1159,1160,3.54410648345947,3.50295877456665,3.5852541923523,,,,,,
581,1161.5,1161,1162,3.48504614830017,3.46266317367554,3.5074291229248,,,,,,
582,1163.5,1163,1164,3.34339964389801,3.32821750640869,3.35858178138733,,,,,,
583,1165.5,1165,1166,3.42427384853363,3.3634557723999,3.48509192466736,,,,,,
584,1167.5,1167,1168,3.52137529850006,3.49391722679138,3.54883337020874,,,,,,
585,1169.5,1169,1170,3.42936193943024,3.30893611907959,3.54978775978088,,,,,,
586,1171.5,1171,1172,3.47988975048065,3.45841503143311,3.5013644695282,,,,,,
587,1173.5,1173,1174,3.41732108592987,3.38180661201477,3.45283555984497,,,,,,
588,1175.5,1175,1176,3.51949810981751,3.38697123527527,3.65202498435974,,,,,,
589,1177.5,1177,1178,3.46970975399017,3.37651062011719,3.56290888786316,,,,,,
590,1179.5,1179,1180,3.55458462238312,3.42641639709473,3.68275284767151,,,,,,
591,1181.5,1181,1182,3.43622052669525,3.3633508682251,3.50909018516541,,,,,,
592,1183.5,1183,1184,3.48179340362549,3.39395380020142,3.56963300704956,,,,,,
593,1185.5,1185,1186,3.36069655418396,3.28700113296509,3.43439197540283,,,,,,
594,1187.5,1187,1188,3.44234359264374,3.36562752723694,3.51905965805054,,,,,,
595,1189.5,1189,1190,3.41432929039001,3.34178185462952,3.48687672615051,,,,,,
596,1191.5,1191,1192,3.45089757442474,3.43915224075317,3.46264290809631,,,,,,
597,1193.5,1193,1194,3.30657815933228,3.29783535003662,3.31532096862793,,,,,,
598,1195.5,1195,1196,3.37245500087738,3.32736253738403,3.41754746437073,,,,,,
599,1197.5,1197,1198,3.38997626304626,3.33721494674683,3.4427375793457,,,,,,
600,1199.5,1199,1200,3.42819976806641,3.42440438270569,3.43199515342712,,,,,,
601,1201.5,1201,1202,3.37699592113495,3.33370161056519,3.42029023170471,,,,,,
602,1203.5,1203,1204,3.46498322486877,3.45189523696899,3.47807121276855,,,,,,
603,1205.5,1205,1206,3.49293518066406,3.48308324813843,3.5027871131897,,,,,,
604,1207.5,1207,1208,3.40752398967743,3.36636853218079,3.44867944717407,,,,,,
605,1209.5,1209,1210,3.26077270507813,3.20589995384216,3.31564545631409,,,,,,
606,1211.5,1211,1212,3.32644701004028,3.30431795120239,3.34857606887817,,,,,,
607,1213.5,1213,1214,3.26545286178589,3.10401582717896,3.42688989639282,,,,,,
608,1215.5,1215,1216,3.38107109069824,3.26050662994385,3.50163555145264,,,,,,
609,1217.5,1217,1218,3.46966361999512,3.44380927085876,3.49551796913147,,,,,,
610,1219.5,1219,1220,3.41185998916626,3.32800912857056,3.49571084976196,,,,,,
611,1221.5,1221,1222,3.25387012958527,3.24951100349426,3.25822925567627,,,,,,
612,1223.5,1223,1224,3.42103564739227,3.35643935203552,3.48563194274902,,,,,,
613,1225.5,1225,1226,3.5219783782959,3.46856737136841,3.57538938522339,,,,,,
614,1227.5,1227,1228,3.54614567756653,3.45247173309326,3.6398196220398,,,,,,
615,1229.5,1229,1230,3.29362845420837,3.22174572944641,3.36551117897034,,,,,,
616,1231.5,1231,1232,3.26104331016541,3.21181583404541,3.3102707862854,,,,,,
617,1233.5,1233,1234,3.25038635730743,3.20579028129578,3.29498243331909,,,,,,
618,1235.5,1235,1236,3.34687829017639,3.25174450874329,3.4420120716095,,,,,,
619,1237.5,1237,1238,3.41150426864624,3.31557011604309,3.50743842124939,,,,,,
620,1239.5,1239,1240,3.21165347099304,3.18256807327271,3.24073886871338,,,,,,
621,1241.5,1241,1242,3.20861411094666,3.12171840667725,3.29550981521606,,,,,,
622,1243.5,1243,1244,3.45179784297943,3.448655128479,3.45494055747986,,,,,,
623,1245.5,1245,1246,3.18615114688873,3.06907200813293,3.30323028564453,,,,,,
624,1247.5,1247,1248,3.31911432743073,3.29193067550659,3.34629797935486,,,,,,
625,1249.5,1249,1250,3.48195791244507,3.43709969520569,3.52681612968445,,,,,,
626,1251.5,1251,1252,3.42988348007202,3.37467765808105,3.48508930206299,,,,,,
627,1253.5,1253,1254,3.31301033496857,3.27469253540039,3.35132813453674,,,,,,
628,1255.5,1255,1256,3.47199547290802,3.42813611030579,3.51585483551025,,,,,,
629,1257.5,1257,1258,3.2867534160614,3.2146577835083,3.3588490486145,,,,,,
630,1259.5,1259,1260,3.18920254707336,3.14092707633972,3.23747801780701,,,,,,
631,1261.5,1261,1262,3.27261114120483,3.14262771606445,3.40259456634522,,,,,,
632,1263.5,1263,1264,3.2795045375824,3.20905113220215,3.34995794296265,,,,,,
633,1265.5,1265,1266,3.42576956748962,3.38390636444092,3.46763277053833,,,,,,
634,1267.5,1267,1268,3.35995972156525,3.34225821495056,3.37766122817993,,,,,,
635,1269.5,1269,1270,3.39540469646454,3.30655312538147,3.48425626754761,,,,,,
636,1271.5,1271,1272,3.3811469078064,3.30133080482483,3.46096301078796,,,,,,
637,1273.5,1273,1274,3.36622726917267,3.33270597457886,3.39974856376648,,,,,,
638,1275.5,1275,1276,3.25592541694641,3.22667360305786,3.28517723083496,,,,,,
639,1277.5,1277,1278,3.38196802139282,3.3288402557373,3.43509578704834,,,,,,
640,1279.5,1279,1280,3.35936725139618,3.33422040939331,3.38451409339905,,,,,,
641,1281.5,1281,1282,3.40922725200653,3.34744930267334,3.47100520133972,,,,,,
642,1283.5,1283,1284,3.33782625198364,3.25551199913025,3.42014050483704,,,,,,
643,1285.5,1285,1286,3.42057359218597,3.32886528968811,3.51228189468384,,,,,,
644,1287.5,1287,1288,3.40257358551025,3.32247543334961,3.4826717376709,,,,,,
645,1289.5,1289,1290,3.43021357059479,3.35562181472778,3.50480532646179,,,,,,
646,1291.5,1291,1292,3.34210181236267,3.28980231285095,3.39440131187439,,,,,,
647,1293.5,1293,1294,3.2417825460434,3.15036606788635,3.33319902420044,,,,,,
648,1295.5,1295,1296,3.30610287189484,3.23659467697144,3.37561106681824,,,,,,
649,1297.5,1297,1298,3.34110355377197,3.30196046829224,3.38024663925171,,,,,,
650,1299.5,1299,1300,3.51072299480438,3.45589661598206,3.56554937362671,,,,,,
651,1301.5,1301,1302,3.44591021537781,3.41633725166321,3.47548317909241,,,,,,
652,1303.5,1303,1304,3.32068383693695,3.30029535293579,3.34107232093811,,,,,,
653,1305.5,1305,1306,3.38419055938721,3.3349347114563,3.43344640731812,,,,,,
654,1307.5,1307,1308,3.30785059928894,3.25511693954468,3.3605842590332,,,,,,
655,1309.5,1309,1310,3.26550793647766,3.25063967704773,3.28037619590759,,,,,,
656,1311.5,1311,1312,3.12360990047455,3.01920127868652,3.22801852226257,,,,,,
657,1313.5,1313,1314,3.32559335231781,3.14195132255554,3.50923538208008,,,,,,
658,1315.5,1315,1316,3.31199407577515,3.28520822525024,3.33877992630005,,,,,,
659,1317.5,1317,1318,3.36264574527741,3.24605488777161,3.4792366027832,,,,,,
660,1319.5,1319,1320,3.27318811416626,3.10596942901611,3.44040679931641,,,,,,
661,1321.5,1321,1322,3.25942182540894,3.12462759017944,3.39421606063843,,,,,,
662,1323.5,1323,1324,3.4666131734848,3.37706708908081,3.55615925788879,,,,,,
663,1325.5,1325,1326,3.4452064037323,3.33655452728272,3.55385828018188,,,,,,
664,1327.5,1327,1328,3.35304164886475,3.30009365081787,3.40598964691162,,,,,,
665,1329.5,1329,1330,3.34755849838257,3.27080726623535,3.42430973052979,,,,,,
666,1331.5,1331,1332,3.42249953746796,3.41763710975647,3.42736196517944,,,,,,
667,1333.5,1333,1334,3.39970719814301,3.32235956192017,3.47705483436584,,,,,,
668,1335.5,1335,1336,3.2178293466568,2.99033975601196,3.44531893730164,,,,,,
669,1337.5,1337,1338,3.27139329910278,3.24256062507629,3.30022597312927,,,,,,
670,1339.5,1339,1340,3.27592706680298,3.16955900192261,3.38229513168335,,,,,,
671,1341.5,1341,1342,3.35791563987732,3.34415531158447,3.37167596817017,,,,,,
672,1343.5,1343,1344,3.13188743591309,3.01987743377686,3.24389743804932,,,,,,
673,1345.5,1345,1346,3.24459075927734,3.23728847503662,3.25189304351807,,,,,,
674,1347.5,1347,1348,3.33457517623901,3.29629945755005,3.37285089492798,,,,,,
675,1349.5,1349,1350,3.1893470287323,3.13939261436462,3.23930144309998,,,,,,
676,1351.5,1351,1352,3.29089951515198,3.27741432189941,3.30438470840454,,,,,,
677,1353.5,1353,1354,3.27626383304596,3.25571322441101,3.29681444168091,,,,,,
678,1355.5,1355,1356,3.25869202613831,3.20755290985107,3.30983114242554,,,,,,
679,1357.5,1357,1358,3.29716980457306,3.17313265800476,3.42120695114136,,,,,,
680,1359.5,1359,1360,3.29460096359253,3.27639722824097,3.31280469894409,,,,,,
681,1361.5,1361,1362,3.39542436599731,3.36516714096069,3.42568159103394,,,,,,
682,1363.5,1363,1364,3.25245034694672,3.22570538520813,3.2791953086853,,,,,,
683,1365.5,1365,1366,3.24276340007782,3.24253129959106,3.24299550056458,,,,,,
684,1367.5,1367,1368,3.1752952337265,3.03992795944214,3.31066250801086,,,,,,
685,1369.5,1369,1370,3.18898391723633,3.17925786972046,3.1987099647522,,,,,,
686,1371.5,1371,1372,3.25574278831482,3.22215700149536,3.28932857513428,,,,,,
687,1373.5,1373,1374,3.25200748443604,3.14682722091675,3.35718774795532,,,,,,
688,1375.5,1375,1376,3.31161773204803,3.2981390953064,3.32509636878967,,,,,,
689,1377.5,1377,1378,3.3613657951355,3.34019470214844,3.38253688812256,,,,,,
690,1379.5,1379,1380,3.31142270565033,3.23662948608398,3.38621592521668,,,,,,
691,1381.5,1381,1382,3.35110712051392,3.25770807266235,3.44450616836548,,,,,,
692,1383.5,1383,1384,3.16823732852936,3.10219764709473,3.23427700996399,,,,,,
693,1385.5,1385,1386,3.22774362564087,3.1927285194397,3.26275873184204,,,,,,
694,1387.5,1387,1388,3.24472045898438,3.21293067932129,3.27651023864746,,,,,,
695,1389.5,1389,1390,3.28617799282074,3.21766901016235,3.35468697547913,,,,,,
696,1391.5,1391,1392,3.2498105764389,3.14636921882629,3.35325193405151,,,,,,
697,1393.5,1393,1394,3.37718832492828,3.23237586021423,3.52200078964233,,,,,,
698,1395.5,1395,1396,3.14882826805115,3.02600836753845,3.27164816856384,,,,,,
699,1397.5,1397,1398,3.07330465316772,2.92974472045898,3.21686458587647,,,,,,
700,1399.5,1399,1400,3.21965372562408,3.21331834793091,3.22598910331726,,,,,,
701,1401.5,1401,1402,3.24487721920013,3.20010113716126,3.28965330123901,,,,,,
702,1403.5,1403,1404,3.15951013565063,2.98345041275024,3.33556985855103,,,,,,
703,1405.5,1405,1406,3.32161676883698,3.2835054397583,3.35972809791565,,,,,,
704,1407.5,1407,1408,3.30649602413178,3.21416592597961,3.39882612228394,,,,,,
705,1409.5,1409,1410,3.12837183475494,3.04413294792175,3.21261072158813,,,,,,
706,1411.5,1411,1412,3.22938466072083,3.15331029891968,3.30545902252197,,,,,,
707,1413.5,1413,1414,3.30719494819641,3.29159998893738,3.32278990745544,,,,,,
708,1415.5,1415,1416,3.10421049594879,3.06194067001343,3.14648032188416,,,,,,
709,1417.5,1417,1418,3.31796979904175,3.25876569747925,3.37717390060425,,,,,,
710,1419.5,1419,1420,3.24614870548248,3.18691897392273,3.30537843704224,,,,,,
711,1421.5,1421,1422,3.17109990119934,3.14826560020447,3.19393420219421,,,,,,
712,1423.5,1423,1424,3.30756974220276,3.15420150756836,3.46093797683716,,,,,,
713,1425.5,1425,1426,3.36203706264496,3.33169960975647,3.39237451553345,,,,,,
714,1427.5,1427,1428,3.16796743869782,3.14603972434998,3.18989515304565,,,,,,
715,1429.5,1429,1430,3.12267792224884,3.04152584075928,3.2038300037384,,,,,,
716,1431.5,1431,1432,3.18421936035156,3.13606882095337,3.23236989974976,,,,,,
717,1433.5,1433,1434,3.15793418884277,3.13388538360596,3.18198299407959,,,,,,
718,1435.5,1435,1436,3.25373649597168,3.13459444046021,3.37287855148315,,,,,,
719,1437.5,1437,1438,3.22072851657867,3.08735656738281,3.35410046577454,,,,,,
720,1439.5,1439,1440,3.29127526283264,3.21578598022461,3.36676454544067,,,,,,
721,1441.5,1441,1442,3.26016080379486,3.25036787986755,3.26995372772217,,,,,,
722,1443.5,1443,1444,3.16804087162018,3.14260864257813,3.19347310066223,,,,,,
723,1445.5,1445,1446,3.21492230892181,3.1435272693634,3.28631734848022,,,,,,
724,1447.5,1447,1448,3.16354179382324,3.04016947746277,3.28691411018372,,,,,,
725,1449.5,1449,1450,3.11295449733734,3.09389662742615,3.13201236724854,,,,,,
726,1451.5,1451,1452,3.19563710689545,3.18166160583496,3.20961260795593,,,,,,
727,1453.5,1453,1454,3.16285955905914,3.0929262638092,3.23279285430908,,,,,,
728,1455.5,1455,1456,3.18295335769653,3.1729691028595,3.19293761253357,,,,,,
729,1457.5,1457,1458,3.10227024555206,3.04173183441162,3.16280865669251,,,,,,
730,1459.5,1459,1460,3.28969061374664,3.21516275405884,3.36421847343445,,,,,,
731,1461.5,1461,1462,3.38960814476013,3.37394237518311,3.40527391433716,,,,,,
732,1463.5,1463,1464,3.23009669780731,3.20429086685181,3.25590252876282,,,,,,
733,1465.5,1465,1466,3.28977930545807,3.26177740097046,3.31778120994568,,,,,,
734,1467.5,1467,1468,3.24813437461853,3.21755290031433,3.27871584892273,,,,,,
735,1469.5,1469,1470,3.18433976173401,3.14276885986328,3.22591066360474,,,,,,
736,1471.5,1471,1472,3.20512712001801,3.11815357208252,3.29210066795349,,,,,,
737,1473.5,1473,1474,3.27631032466888,3.18656206130981,3.36605858802795,,,,,,
738,1475.5,1475,1476,3.23602628707886,3.17701292037964,3.29503965377808,,,,,,
739,1477.5,1477,1478,3.27777278423309,3.14789009094238,3.4076554775238,,,,,,
740,1479.5,1479,1480,3.36324071884155,3.33236360549927,3.39411783218384,,,,,,
741,1481.5,1481,1482,3.1738018989563,3.14679479598999,3.20080900192261,,,,,,
742,1483.5,1483,1484,3.23226511478424,3.1534161567688,3.31111407279968,,,,,,
743,1485.5,1485,1486,3.22763466835022,3.16019725799561,3.29507207870483,,,,,,
744,1487.5,1487,1488,3.14829564094543,3.13041639328003,3.16617488861084,,,,,,
745,1489.5,1489,1490,3.30135726928711,3.22815680503845,3.37455773353577,,,,,,
746,1491.5,1491,1492,3.27839779853821,3.25236225128174,3.30443334579468,,,,,,
747,1493.5,1493,1494,3.24004769325256,3.13732194900513,3.3427734375,,,,,,
748,1495.5,1495,1496,3.30855083465576,3.29194855690002,3.3251531124115,,,,,,
749,1497.5,1497,1498,3.20142829418182,3.16096830368042,3.24188828468323,,,,,,
750,1499.5,1499,1500,3.06988847255707,3.0447039604187,3.09507298469543,,,,,,
751,1501.5,1501,1502,3.09969508647919,2.98597812652588,3.2134120464325,,,,,,
752,1503.5,1503,1504,3.23693358898163,3.10983443260193,3.36403274536133,,,,,,
753,1505.5,1505,1506,3.26987707614899,3.22343420982361,3.31631994247437,,,,,,
754,1507.5,1507,1508,3.21787333488464,3.19229531288147,3.24345135688782,,,,,,
755,1509.5,1509,1510,3.18812727928162,3.15923690795898,3.21701765060425,,,,,,
756,1511.5,1511,1512,3.16150534152985,3.14101815223694,3.18199253082275,,,,,,
757,1513.5,1513,1514,3.21502196788788,3.17405962944031,3.25598430633545,,,,,,
758,1515.5,1515,1516,3.23006331920624,3.17266893386841,3.28745770454407,,,,,,
759,1517.5,1517,1518,3.22552919387817,3.22142124176025,3.22963714599609,,,,,,
760,1519.5,1519,1520,3.28895354270935,3.23734521865845,3.34056186676025,,,,,,
761,1521.5,1521,1522,3.34062826633453,3.19066572189331,3.49059081077576,,,,,,
762,1523.5,1523,1524,3.20899379253387,3.13842725753784,3.27956032752991,,,,,,
763,1525.5,1525,1526,3.18462562561035,3.16637229919434,3.20287895202637,,,,,,
764,1527.5,1527,1528,3.14359962940216,3.0821590423584,3.20504021644592,,,,,,
765,1529.5,1529,1530,3.04685997962952,2.94490122795105,3.14881873130798,,,,,,
766,1531.5,1531,1532,3.15269434452057,3.14509344100952,3.16029524803162,,,,,,
767,1533.5,1533,1534,3.17616033554077,3.11706352233887,3.23525714874268,,,,,,
768,1535.5,1535,1536,3.28094065189362,3.18655061721802,3.37533068656921,,,,,,
769,1537.5,1537,1538,3.20154631137848,3.10413599014282,3.29895663261414,,,,,,
770,1539.5,1539,1540,3.05799221992493,3.03225755691528,3.08372688293457,,,,,,
771,1541.5,1541,1542,3.23560762405396,3.21922326087952,3.25199198722839,,,,,,
772,1543.5,1543,1544,3.17292594909668,3.15436148643494,3.19149041175842,,,,,,
773,1545.5,1545,1546,3.1964271068573,3.14440202713013,3.24845218658447,,,,,,
774,1547.5,1547,1548,3.13893604278564,3.07631921768188,3.2015528678894,,,,,,
775,1549.5,1549,1550,3.26141285896301,3.21380233764648,3.30902338027954,,,,,,
776,1551.5,1551,1552,3.21407616138458,3.20714426040649,3.22100806236267,,,,,,
777,1553.5,1553,1554,3.11194682121277,3.08935832977295,3.13453531265259,,,,,,
778,1555.5,1555,1556,3.18837666511536,3.02570986747742,3.3510434627533,,,,,,
779,1557.5,1557,1558,3.2443060874939,3.21258735656738,3.27602481842041,,,,,,
780,1559.5,1559,1560,3.20293748378754,3.16800951957703,3.23786544799805,,,,,,
781,1561.5,1561,1562,3.08405566215515,3.0663743019104,3.1017370223999,,,,,,
782,1563.5,1563,1564,3.12285673618317,3.03115105628967,3.21456241607666,,,,,,
783,1565.5,1565,1566,3.26662039756775,3.25443887710571,3.27880191802979,,,,,,
784,1567.5,1567,1568,3.15353202819824,3.14044427871704,3.16661977767944,,,,,,
785,1569.5,1569,1570,3.1317892074585,3.12625169754028,3.13732671737671,,,,,,
786,1571.5,1571,1572,3.1596223115921,3.07324719429016,3.24599742889404,,,,,,
787,1573.5,1573,1574,3.17762804031372,3.11010217666626,3.24515390396118,,,,,,
788,1575.5,1575,1576,3.21219754219055,3.04841804504395,3.37597703933716,,,,,,
789,1577.5,1577,1578,3.231560587883,3.1764988899231,3.2866222858429,,,,,,
790,1579.5,1579,1580,3.11962783336639,3.07901787757874,3.16023778915405,,,,,,
791,1581.5,1581,1582,3.16237223148346,3.08880853652954,3.23593592643738,,,,,,
792,1583.5,1583,1584,3.19143056869507,3.17800641059876,3.20485472679138,,,,,,
793,1585.5,1585,1586,3.18122887611389,3.06920480728149,3.29325294494629,,,,,,
794,1587.5,1587,1588,3.09257435798645,3.06610894203186,3.11903977394104,,,,,,
795,1589.5,1589,1590,3.02584838867188,2.93219184875488,3.11950492858887,,,,,,
796,1591.5,1591,1592,3.16774535179138,3.07182717323303,3.26366353034973,,,,,,
797,1593.5,1593,1594,3.1557058095932,3.10238099098206,3.20903062820435,,,,,,
798,1595.5,1595,1596,3.05609703063965,2.99381017684937,3.11838388442993,,,,,,
799,1597.5,1597,1598,2.95785903930664,2.93967890739441,2.97603917121887,,,,,,
800,1599.5,1599,1600,3.12624454498291,3.11740303039551,3.13508605957031,,,,,,
801,1601.5,1601,1602,3.15081679821014,3.04092669487,3.26070690155029,,,,,,
802,1603.5,1603,1604,3.20703566074371,3.14961862564087,3.26445269584656,,,,,,
803,1605.5,1605,1606,3.15864408016205,3.12825012207031,3.18903803825378,,,,,,
804,1607.5,1607,1608,3.1890869140625,3.15789222717285,3.22028160095215,,,,,,
805,1609.5,1609,1610,3.26923406124115,3.2287917137146,3.3096764087677,,,,,,
806,1611.5,1611,1612,3.18804180622101,3.13933396339417,3.23674964904785,,,,,,
807,1613.5,1613,1614,3.18136179447174,3.172119140625,3.19060444831848,,,,,,
808,1615.5,1615,1616,3.18912172317505,3.18273305892944,3.19551038742065,,,,,,
809,1617.5,1617,1618,3.23547351360321,3.234619140625,3.23632788658142,,,,,,
810,1619.5,1619,1620,3.22482717037201,3.19547533988953,3.25417900085449,,,,,,
811,1621.5,1621,1622,3.17963314056397,3.14209651947022,3.21716976165772,,,,,,
812,1623.5,1623,1624,3.15463769435883,3.06786441802979,3.24141097068787,,,,,,
813,1625.5,1625,1626,3.19054853916168,3.11920237541199,3.26189470291138,,,,,,
814,1627.5,1627,1628,3.15890038013458,3.15463447570801,3.16316628456116,,,,,,
815,1629.5,1629,1630,3.1857784986496,3.17470669746399,3.19685029983521,,,,,,
816,1631.5,1631,1632,3.05923497676849,2.99552631378174,3.12294363975525,,,,,,
817,1633.5,1633,1634,3.13644528388977,3.09063959121704,3.1822509765625,,,,,,
818,1635.5,1635,1636,3.2608163356781,3.17717528343201,3.34445738792419,,,,,,
819,1637.5,1637,1638,3.17578053474426,3.14933156967163,3.20222949981689,,,,,,
820,1639.5,1639,1640,3.18728494644165,3.13688611984253,3.23768377304077,,,,,,
821,1641.5,1641,1642,3.05308544635773,3.05298972129822,3.05318117141724,,,,,,
822,1643.5,1643,1644,3.04972434043884,3.04051494598389,3.0589337348938,,,,,,
823,1645.5,1645,1646,2.99845254421234,2.94325637817383,3.05364871025085,,,,,,
824,1647.5,1647,1648,3.13068437576294,3.10519790649414,3.15617084503174,,,,,,
825,1649.5,1649,1650,3.16409540176392,3.05368828773499,3.27450251579285,,,,,,
826,1651.5,1651,1652,3.12670886516571,3.11587476730347,3.13754296302795,,,,,,
827,1653.5,1653,1654,3.12122189998627,3.08489060401917,3.15755319595337,,,,,,
828,1655.5,1655,1656,3.101229429245,3.05019211769104,3.15226674079895,,,,,,
829,1657.5,1657,1658,3.07749438285828,2.99450922012329,3.16047954559326,,,,,,
830,1659.5,1659,1660,3.00042819976807,2.9741792678833,3.02667713165283,,,,,,
831,1661.5,1661,1662,2.96622955799103,2.94729065895081,2.98516845703125,,,,,,
832,1663.5,1663,1664,3.05383110046387,3.01317238807678,3.09448981285095,,,,,,
833,1665.5,1665,1666,3.07193088531494,3.06224727630615,3.08161449432373,,,,,,
834,1667.5,1667,1668,3.07143771648407,2.92009282112122,3.22278261184692,,,,,,
835,1669.5,1669,1670,3.14152300357819,3.1257631778717,3.15728282928467,,,,,,
836,1671.5,1671,1672,3.08417391777039,3.07301378250122,3.09533405303955,,,,,,
837,1673.5,1673,1674,3.05545091629028,3.00955724716187,3.1013445854187,,,,,,
838,1675.5,1675,1676,3.0400230884552,3.02390241622925,3.05614376068115,,,,,,
839,1677.5,1677,1678,3.07823216915131,3.03640699386597,3.12005734443665,,,,,,
840,1679.5,1679,1680,3.13281011581421,3.05704689025879,3.20857334136963,,,,,,
841,1681.5,1681,1682,3.13376045227051,3.10445690155029,3.16306400299072,,,,,,
842,1683.5,1683,1684,3.09538769721985,3.06104230880737,3.12973308563232,,,,,,
843,1685.5,1685,1686,3.14744222164154,3.06118774414063,3.23369669914246,,,,,,
844,1687.5,1687,1688,3.11171996593475,3.08499526977539,3.13844466209412,,,,,,
845,1689.5,1689,1690,3.0854070186615,3.03555011749268,3.13526391983032,,,,,,
846,1691.5,1691,1692,3.11851346492767,3.07449436187744,3.16253256797791,,,,,,
847,1693.5,1693,1694,3.00629734992981,2.94397115707397,3.06862354278564,,,,,,
848,1695.5,1695,1696,3.10134756565094,3.06090712547302,3.14178800582886,,,,,,
849,1697.5,1697,1698,3.07045555114746,3.047682762146,3.09322834014893,,,,,,
850,1699.5,1699,1700,3.03053677082062,2.99862432479858,3.06244921684265,,,,,,
851,1701.5,1701,1702,3.10521268844605,3.10165953636169,3.1087658405304,,,,,,
852,1703.5,1703,1704,3.06294441223145,3.03628492355347,3.08960390090942,,,,,,
853,1705.5,1705,1706,3.13393044471741,3.10209703445435,3.16576385498047,,,,,,
854,1707.5,1707,1708,2.99079394340515,2.96481227874756,3.01677560806274,,,,,,
855,1709.5,1709,1710,3.05124437808991,3.00271773338318,3.09977102279663,,,,,,
856,1711.5,1711,1712,3.10934793949127,3.04838275909424,3.17031311988831,,,,,,
857,1713.5,1713,1714,3.10529065132141,3.04958772659302,3.1609935760498,,,,,,
858,1715.5,1715,1716,3.19939637184143,3.17758512496948,3.22120761871338,,,,,,
859,1717.5,1717,1718,3.1306779384613,3.12980198860168,3.13155388832092,,,,,,
860,1719.5,1719,1720,3.12469863891602,3.05231809616089,3.19707918167114,,,,,,
861,1721.5,1721,1722,3.12930679321289,3.11047172546387,3.14814186096191,,,,,,
862,1723.5,1723,1724,2.99562883377075,2.85156083106995,3.13969683647156,,,,,,
863,1725.5,1725,1726,2.97801613807678,2.90677952766418,3.04925274848938,,,,,,
864,1727.5,1727,1728,3.16297006607056,3.14422369003296,3.18171644210815,,,,,,
865,1729.5,1729,1730,3.05964469909668,2.9415807723999,3.17770862579346,,,,,,
866,1731.5,1731,1732,2.95402085781097,2.85185742378235,3.0561842918396,,,,,,
867,1733.5,1733,1734,2.91632080078125,2.83484506607056,2.99779653549194,,,,,,
868,1735.5,1735,1736,3.10912847518921,3.08427906036377,3.13397789001465,,,,,,
869,1737.5,1737,1738,3.1200042963028,3.04236340522766,3.19764518737793,,,,,,
870,1739.5,1739,1740,3.02905869483948,2.99479246139526,3.06332492828369,,,,,,
871,1741.5,1741,1742,3.09195053577423,3.07656073570251,3.10734033584595,,,,,,
872,1743.5,1743,1744,3.07612824440002,2.99047374725342,3.16178274154663,,,,,,
873,1745.5,1745,1746,3.0865843296051,3.0318865776062,3.141282081604,,,,,,
874,1747.5,1747,1748,3.05622339248657,3.02022075653076,3.09222602844238,,,,,,
875,1749.5,1749,1750,3.05903828144074,3.03093194961548,3.08714461326599,,,,,,
876,1751.5,1751,1752,3.0696896314621,3.0598771572113,3.07950210571289,,,,,,
877,1753.5,1753,1754,3.06673359870911,3.03756141662598,3.09590578079224,,,,,,
878,1755.5,1755,1756,3.19941627979279,3.17016816139221,3.22866439819336,,,,,,
879,1757.5,1757,1758,3.12969207763672,3.10395693778992,3.15542721748352,,,,,,
880,1759.5,1759,1760,3.20552408695221,3.10827040672302,3.3027777671814,,,,,,
881,1761.5,1761,1762,3.21793901920319,3.1435923576355,3.29228568077087,,,,,,
882,1763.5,1763,1764,3.18207836151123,3.17113947868347,3.19301724433899,,,,,,
883,1765.5,1765,1766,3.10238194465637,3.04843091964722,3.15633296966553,,,,,,
884,1767.5,1767,1768,3.14886593818665,3.1292896270752,3.1684422492981,,,,,,
885,1769.5,1769,1770,3.15504169464111,3.05149459838867,3.25858879089355,,,,,,
886,1771.5,1771,1772,3.26410913467407,3.20603346824646,3.32218480110168,,,,,,
887,1773.5,1773,1774,3.22436368465424,3.18234205245972,3.26638531684876,,,,,,
888,1775.5,1775,1776,3.19806981086731,3.18045663833618,3.21568298339844,,,,,,
889,1777.5,1777,1778,3.10257434844971,3.04465937614441,3.16048932075501,,,,,,
890,1779.5,1779,1780,3.20873308181763,3.19906830787659,3.21839785575867,,,,,,
891,1781.5,1781,1782,3.25669932365418,3.22492122650147,3.28847742080688,,,,,,
892,1783.5,1783,1784,3.33225965499878,3.28407406806946,3.3804452419281,,,,,,
893,1785.5,1785,1786,3.24589991569519,3.17852210998535,3.31327772140503,,,,,,
894,1787.5,1787,1788,3.26197898387909,3.23907804489136,3.28487992286682,,,,,,
895,1789.5,1789,1790,3.28763651847839,3.27801036834717,3.29726266860962,,,,,,
896,1791.5,1791,1792,3.29404389858246,3.26472282409668,3.32336497306824,,,,,,
897,1793.5,1793,1794,3.34035468101501,3.31483316421509,3.36587619781494,,,,,,
898,1795.5,1795,1796,3.23666167259216,3.22563028335571,3.24769306182861,,,,,,
899,1797.5,1797,1798,3.25136017799377,3.14421558380127,3.35850477218628,,,,,,
900,1799.5,1799,1800,3.32347702980042,3.31052613258362,3.33642792701721,,,,,,
901,1801.5,1801,1802,3.30319559574127,3.287264585495,3.31912660598755,,,,,,
902,1803.5,1803,1804,3.25048184394836,3.21158599853516,3.28937768936157,,,,,,
903,1805.5,1805,1806,3.25570964813232,3.1631760597229,3.34824323654175,,,,,,
904,1807.5,1807,1808,3.32764327526093,3.31769442558289,3.33759212493897,,,,,,
905,1809.5,1809,1810,3.23361599445343,3.17743349075317,3.28979849815369,,,,,,
906,1811.5,1811,1812,3.27098453044891,3.17054963111877,3.37141942977905,,,,,,
907,1813.5,1813,1814,3.22874927520752,3.20022225379944,3.2572762966156,,,,,,
908,1815.5,1815,1816,3.24314725399017,3.23604273796082,3.25025177001953,,,,,,
909,1817.5,1817,1818,3.21566557884216,3.11562061309814,3.31571054458618,,,,,,
910,1819.5,1819,1820,3.24416720867157,3.24226427078247,3.24607014656067,,,,,,
911,1821.5,1821,1822,3.20072185993195,3.18366837501526,3.21777534484863,,,,,,
912,1823.5,1823,1824,3.29147613048553,3.24438524246216,3.33856701850891,,,,,,
913,1825.5,1825,1826,3.1715430021286,3.14748787879944,3.19559812545776,,,,,,
914,1827.5,1827,1828,3.23355102539063,3.17221546173096,3.29488658905029,,,,,,
915,1829.5,1829,1830,3.21868336200714,3.18357157707214,3.25379514694214,,,,,,
916,1831.5,1831,1832,3.28415942192078,3.24063444137573,3.32768440246582,,,,,,
917,1833.5,1833,1834,3.19181132316589,3.06703233718872,3.31659030914307,,,,,,
918,1835.5,1835,1836,3.29551529884338,3.22262096405029,3.36840963363647,,,,,,
919,1837.5,1837,1838,3.31032419204712,3.26115655899048,3.35949182510376,,,,,,
920,1839.5,1839,1840,3.25773131847382,3.15372729301453,3.36173534393311,,,,,,
921,1841.5,1841,1842,3.24008727073669,3.21854209899902,3.26163244247437,,,,,,
922,1843.5,1843,1844,3.32857704162598,3.2889232635498,3.36823081970215,,,,,,
923,1845.5,1845,1846,3.32158446311951,3.28571271896362,3.35745620727539,,,,,,
924,1847.5,1847,1848,3.20104420185089,3.17188858985901,3.23019981384277,,,,,,
925,1849.5,1849,1850,3.16560125350952,3.15848922729492,3.17271327972412,,,,,,
926,1851.5,1851,1852,3.17734336853027,3.14506721496582,3.20961952209473,,,,,,
927,1853.5,1853,1854,3.15669393539429,3.15558290481567,3.1578049659729,,,,,,
928,1855.5,1855,1856,3.16435194015503,3.15235090255737,3.17635297775269,,,,,,
929,1857.5,1857,1858,3.23254811763763,3.10925984382629,3.35583639144897,,,,,,
930,1859.5,1859,1860,3.22686350345612,3.15295124053955,3.30077576637268,,,,,,
931,1861.5,1861,1862,3.20063543319702,3.177077293396,3.22419357299805,,,,,,
932,1863.5,1863,1864,3.2082040309906,3.19176864624023,3.22463941574097,,,,,,
933,1865.5,1865,1866,3.14168560504913,3.12548041343689,3.15789079666138,,,,,,
934,1867.5,1867,1868,3.25203502178192,3.23285579681397,3.27121424674988,,,,,,
935,1869.5,1869,1870,3.2633661031723,3.26152753829956,3.26520466804504,,,,,,
936,1871.5,1871,1872,3.0988028049469,2.97537469863892,3.22223091125488,,,,,,
937,1873.5,1873,1874,3.08822107315063,3.01001644134522,3.16642570495605,,,,,,
938,1875.5,1875,1876,3.08282470703125,3.03005838394165,3.13559103012085,,,,,,
939,1877.5,1877,1878,3.11779546737671,3.08642506599426,3.14916586875916,,,,,,
940,1879.5,1879,1880,3.22615599632263,3.16650915145874,3.28580284118652,,,,,,
941,1881.5,1881,1882,3.20421648025513,3.1727659702301,3.23566699028015,,,,,,
942,1883.5,1883,1884,3.15889930725098,3.14696550369263,3.17083311080933,,,,,,
943,1885.5,1885,1886,3.03395652770996,2.9546525478363,3.11326050758362,,,,,,
944,1887.5,1887,1888,3.03886234760284,3.03648138046265,3.04124331474304,,,,,,
945,1889.5,1889,1890,3.19502902030945,3.13846921920776,3.25158882141113,,,,,,
946,1891.5,1891,1892,3.15847206115723,3.13002753257751,3.18691658973694,,,,,,
947,1893.5,1893,1894,3.19431149959564,3.08782982826233,3.30079317092896,,,,,,
948,1895.5,1895,1896,3.20215022563934,3.17657327651978,3.22772717475891,,,,,,
949,1897.5,1897,1898,3.29075217247009,3.28916597366333,3.29233837127686,,,,,,
950,1899.5,1899,1900,3.2643746137619,3.22064208984375,3.30810713768005,,,,,,
951,1901.5,1901,1902,3.21204829216003,3.17473530769348,3.24936127662659,,,,,,
952,1903.5,1903,1904,3.17863643169403,3.16595149040222,3.19132137298584,,,,,,
953,1905.5,1905,1906,3.19519460201263,3.0630841255188,3.32730507850647,,,,,,
954,1907.5,1907,1908,3.22405230998993,3.15080189704895,3.29730272293091,,,,,,
955,1909.5,1909,1910,3.19743847846985,3.11223077774048,3.28264617919922,,,,,,
956,1911.5,1911,1912,3.20166397094727,3.19766902923584,3.20565891265869,,,,,,
957,1913.5,1913,1914,3.24325788021088,3.23234510421753,3.25417065620422,,,,,,
958,1915.5,1915,1916,3.21354615688324,3.17922568321228,3.2478666305542,,,,,,
959,1917.5,1917,1918,3.27989101409912,3.18480157852173,3.37498044967651,,,,,,
960,1919.5,1919,1920,3.18935227394104,3.10281848907471,3.27588605880737,,,,,,
961,1921.5,1921,1922,3.25652813911438,3.20082759857178,3.31222867965698,,,,,,
962,1923.5,1923,1924,3.20459043979645,3.19665145874023,3.21252942085266,,,,,,
963,1925.5,1925,1926,3.23511528968811,3.21139287948608,3.25883769989014,,,,,,
964,1927.5,1927,1928,3.22122657299042,3.19635605812073,3.24609708786011,,,,,,
965,1929.5,1929,1930,3.16702222824097,3.16495656967163,3.1690878868103,,,,,,
966,1931.5,1931,1932,3.18614411354065,3.12431383132935,3.24797439575195,,,,,,
967,1933.5,1933,1934,3.21327888965607,3.2090117931366,3.21754598617554,,,,,,
968,1935.5,1935,1936,3.18234634399414,3.16817617416382,3.19651651382446,,,,,,
969,1937.5,1937,1938,3.24269819259644,3.19777321815491,3.28762316703796,,,,,,
970,1939.5,1939,1940,3.22733223438263,3.17731356620789,3.27735090255737,,,,,,
971,1941.5,1941,1942,3.15556526184082,3.08235836029053,3.22877216339111,,,,,,
972,1943.5,1943,1944,3.29325211048126,3.28290104866028,3.30360317230225,,,,,,
973,1945.5,1945,1946,3.22441351413727,3.2149384021759,3.23388862609863,,,,,,
974,1947.5,1947,1948,3.24980664253235,3.16924381256104,3.33036947250366,,,,,,
975,1949.5,1949,1950,3.19441378116608,3.19081497192383,3.19801259040833,,,,,,
976,1951.5,1951,1952,3.21562969684601,3.11314487457275,3.31811451911926,,,,,,
977,1953.5,1953,1954,3.26342570781708,3.22564148902893,3.30120992660522,,,,,,
978,1955.5,1955,1956,3.24663603305817,3.2062840461731,3.28698801994324,,,,,,
979,1957.5,1957,1958,3.25313866138458,3.21875071525574,3.28752660751343,,,,,,
980,1959.5,1959,1960,3.27259433269501,3.25010800361633,3.29508066177368,,,,,,
981,1961.5,1961,1962,3.17823803424835,3.12770390510559,3.22877216339111,,,,,,
982,1963.5,1963,1964,3.20424902439117,3.18041229248047,3.22808575630188,,,,,,
983,1965.5,1965,1966,3.18342566490173,3.10525226593018,3.26159906387329,,,,,,
984,1967.5,1967,1968,3.2855920791626,3.26201844215393,3.30916571617126,,,,,,
985,1969.5,1969,1970,3.24848175048828,3.24317312240601,3.25379037857056,,,,,,
986,1971.5,1971,1972,3.22141003608704,3.20187044143677,3.2409496307373,,,,,,
987,1973.5,1973,1974,3.25484549999237,3.24303364753723,3.26665735244751,,,,,,
988,1975.5,1975,1976,3.19876348972321,3.13342690467834,3.26410007476807,,,,,,
989,1977.5,1977,1978,3.2882844209671,3.25664067268372,3.31992816925049,,,,,,
990,1979.5,1979,1980,3.18754589557648,3.16835761070251,3.20673418045044,,,,,,
991,1981.5,1981,1982,3.11322224140167,3.05513286590576,3.17131161689758,,,,,,
992,1983.5,1983,1984,3.20685422420502,3.11767935752869,3.29602909088135,,,,,,
993,1985.5,1985,1986,3.2512880563736,3.17358922958374,3.32898688316345,,,,,,
994,1987.5,1987,1988,3.2427533864975,3.21221160888672,3.27329516410828,,,,,,
995,1989.5,1989,1990,3.21414303779602,3.21106910705566,3.21721696853638,,,,,,
996,1991.5,1991,1992,3.1784530878067,3.11695957183838,3.23994660377502,,,,,,
997,1993.5,1993,1994,3.25580477714539,3.1958475112915,3.31576204299927,,,,,,
998,1995.5,1995,1996,3.29030358791351,3.27479290962219,3.30581426620483,,,,,,
999,1997.5,1997,1998,3.27985370159149,3.23201632499695,3.32769107818604,,,,,,
1000,1999.5,1999,2000,3.15937232971191,3.1532518863678,3.16549277305603,,,,,,
1001,2001.5,2001,2002,3.13527917861938,3.07805728912354,3.19250106811523,,,,,,
1002,2003.5,2003,2004,3.18071293830872,3.17748117446899,3.18394470214844,,,,,,
1003,2005.5,2005,2006,3.19379127025604,3.15835976600647,3.22922277450562,,,,,,
1004,2007.5,2007,2008,3.13936102390289,3.07066702842712,3.20805501937866,,,,,,
1005,2009.5,2009,2010,3.18107187747955,3.06959438323975,3.29254937171936,,,,,,
1006,2011.5,2011,2012,3.2100282907486,3.18225455284119,3.23780202865601,,,,,,
1007,2013.5,2013,2014,3.2121946811676,3.1966404914856,3.22774887084961,,,,,,
1008,2015.5,2015,2016,3.15142333507538,3.14102578163147,3.16182088851929,,,,,,
1009,2017.5,2017,2018,3.18222939968109,3.1433801651001,3.22107863426209,,,,,,
1010,2019.5,2019,2020,3.23931586742401,3.1986985206604,3.27993321418762,,,,,,
1011,2021.5,2021,2022,3.24081969261169,3.21057319641113,3.27106618881226,,,,,,
1012,2023.5,2023,2024,3.23111855983734,3.2089626789093,3.25327444076538,,,,,,
1013,2025.5,2025,2026,3.20376861095428,3.1609833240509,3.24655389785767,,,,,,
1014,2027.5,2027,2028,3.18458545207977,3.16795110702515,3.2012197971344,,,,,,
1015,2029.5,2029,2030,3.24212050437927,3.15456080436707,3.32968020439148,,,,,,
1016,2031.5,2031,2032,3.3009877204895,3.27802848815918,3.32394695281982,,,,,,
1017,2033.5,2033,2034,3.1608669757843,3.08554029464722,3.23619365692139,,,,,,
1018,2035.5,2035,2036,3.18980610370636,3.10995483398438,3.26965737342834,,,,,,
1019,2037.5,2037,2038,3.2274477481842,3.19498610496521,3.2599093914032,,,,,,
1020,2039.5,2039,2040,3.27915894985199,3.26372289657593,3.29459500312805,,,,,,
1021,2041.5,2041,2042,3.26569950580597,3.20070648193359,3.33069252967834,,,,,,
1022,2043.5,2043,2044,3.21649730205536,3.18848252296448,3.24451208114624,,,,,,
1023,2045.5,2045,2046,3.23477220535278,3.22564911842346,3.2438952922821,,,,,,
1024,2047.5,2047,2048,3.22439193725586,3.14441394805908,3.30436992645264,,,,,,
1025,2049.5,2049,2050,3.19798576831818,3.16582846641541,3.23014307022095,,,,,,
1026,2051.5,2051,2052,3.25980925559998,3.22254419326782,3.29707431793213,,,,,,
1027,2053.5,2053,2054,3.23916697502136,3.22132015228272,3.25701379776001,,,,,,
1028,2055.5,2055,2056,3.2173764705658,3.1994252204895,3.23532772064209,,,,,,
1029,2057.5,2057,2058,3.16844522953033,3.14127922058105,3.19561123847961,,,,,,
1030,2059.5,2059,2060,3.14639532566071,3.087406873703,3.20538377761841,,,,,,
1031,2061.5,2061,2062,3.2575775384903,3.19879746437073,3.31635761260986,,,,,,
1032,2063.5,2063,2064,3.17316675186157,3.14430618286133,3.20202732086182,,,,,,
1033,2065.5,2065,2066,3.19375419616699,3.15418338775635,3.23332500457764,,,,,,
1034,2067.5,2067,2068,3.2382128238678,3.21022796630859,3.266197681427,,,,,,
1035,2069.5,2069,2070,3.12042987346649,3.11719226837158,3.1236674785614,,,,,,
1036,2071.5,2071,2072,3.17304587364197,3.09736204147339,3.24872970581055,,,,,,
1037,2073.5,2073,2074,3.13253402709961,3.01766061782837,3.24740743637085,,,,,,
1038,2075.5,2075,2076,3.16947758197784,3.094402551651,3.24455261230469,,,,,,
1039,2077.5,2077,2078,3.17101240158081,3.14805293083191,3.19397187232971,,,,,,
1040,2079.5,2079,2080,3.25567162036896,3.23746562004089,3.27387762069702,,,,,,
1041,2081.5,2081,2082,3.19286358356476,3.16447615623474,3.22125101089478,,,,,,
1042,2083.5,2083,2084,3.14444637298584,3.11779475212097,3.17109799385071,,,,,,
1043,2085.5,2085,2086,3.16357266902924,3.07609534263611,3.25104999542236,,,,,,
1044,2087.5,2087,2088,3.18338084220886,3.15612483024597,3.21063685417175,,,,,,
1045,2089.5,2089,2090,3.23681354522705,3.19901776313782,3.27460932731628,,,,,,
1046,2091.5,2091,2092,3.24888825416565,3.24434947967529,3.25342702865601,,,,,,
1047,2093.5,2093,2094,3.18152916431427,3.17068362236023,3.19237470626831,,,,,,
1048,2095.5,2095,2096,3.18058955669403,3.13213181495667,3.2290472984314,,,,,,
1049,2097.5,2097,2098,3.25395941734314,3.20487999916077,3.30303883552551,,,,,,
1050,2099.5,2099,2100,3.15179443359375,3.07674980163574,3.22683906555176,,,,,,
1051,2101.5,2101,2102,3.1958578824997,3.17765831947327,3.21405744552612,,,,,,
1052,2103.5,2103,2104,3.14241790771484,3.06440210342407,3.22043371200562,,,,,,
1053,2105.5,2105,2106,3.17521417140961,3.10015320777893,3.25027513504028,,,,,,
1054,2107.5,2107,2108,3.23460578918457,3.1665153503418,3.30269622802734,,,,,,
1055,2109.5,2109,2110,3.1837500333786,3.16114044189453,3.20635962486267,,,,,,
1056,2111.5,2111,2112,3.1764965057373,3.16354894638062,3.18944406509399,,,,,,
1057,2113.5,2113,2114,3.14732706546783,3.11356472969055,3.18108940124512,,,,,,
1058,2115.5,2115,2116,3.21983373165131,3.18438196182251,3.2552855014801,,,,,,
1059,2117.5,2117,2118,3.13940620422363,3.03820037841797,3.2406120300293,,,,,,
1060,2119.5,2119,2120,3.12517309188843,3.07337665557861,3.17696952819824,,,,,,
1061,2121.5,2121,2122,3.05952250957489,3.05272459983826,3.06632041931152,,,,,,
1062,2123.5,2123,2124,3.08679342269897,3.00774812698364,3.16583871841431,,,,,,
1063,2125.5,2125,2126,3.18612360954285,3.16092920303345,3.21131801605225,,,,,,
1064,2127.5,2127,2128,3.15926516056061,3.14404845237732,3.1744818687439,,,,,,
1065,2129.5,2129,2130,3.11220824718475,3.08856534957886,3.13585114479065,,,,,,
1066,2131.5,2131,2132,3.18252384662628,3.04810547828674,3.31694221496582,,,,,,
1067,2133.5,2133,2134,3.20873737335205,3.18514800071716,3.23232674598694,,,,,,
1068,2135.5,2135,2136,3.12355780601501,3.11342835426331,3.13368725776672,,,,,,
1069,2137.5,2137,2138,3.12747442722321,3.10198068618774,3.15296816825867,,,,,,
1070,2139.5,2139,2140,3.07011544704437,3.00488448143005,3.13534641265869,,,,,,
1071,2141.5,2141,2142,3.0408011674881,2.99746513366699,3.0841372013092,,,,,,
1072,2143.5,2143,2144,3.13184201717377,3.04947829246521,3.21420574188232,,,,,,
1073,2145.5,2145,2146,3.14286136627197,3.00807285308838,3.27764987945557,,,,,,
1074,2147.5,2147,2148,3.22103762626648,3.16784811019897,3.27422714233398,,,,,,
1075,2149.5,2149,2150,3.16382575035095,3.16187882423401,3.1657726764679,,,,,,
1076,2151.5,2151,2152,3.07334589958191,2.9691309928894,3.17756080627441,,,,,,
1077,2153.5,2153,2154,3.08212673664093,3.03852581977844,3.12572765350342,,,,,,
1078,2155.5,2155,2156,3.19922816753387,3.17567825317383,3.22277808189392,,,,,,
1079,2157.5,2157,2158,3.19595694541931,3.15986132621765,3.23205256462097,,,,,,
1080,2159.5,2159,2160,3.14373636245728,3.13578987121582,3.15168285369873,,,,,,
1081,2161.5,2161,2162,3.09850752353668,3.04045462608337,3.15656042098999,,,,,,
1082,2163.5,2163,2164,3.16625761985779,3.09080982208252,3.24170541763306,,,,,,
1083,2165.5,2165,2166,3.12945246696472,3.12167024612427,3.13723468780518,,,,,,
1084,2167.5,2167,2168,3.12458384037018,3.09341263771057,3.15575504302979,,,,,,
1085,2169.5,2169,2170,3.12595152854919,3.10022830963135,3.15167474746704,,,,,,
1086,2171.5,2171,2172,3.17206192016602,3.16308045387268,3.18104338645935,,,,,,
1087,2173.5,2173,2174,3.08668112754822,3.06968069076538,3.10368156433105,,,,,,
1088,2175.5,2175,2176,3.12744772434235,3.07604098320007,3.17885446548462,,,,,,
1089,2177.5,2177,2178,3.11814022064209,3.08492803573608,3.1513524055481,,,,,,
1090,2179.5,2179,2180,3.19991528987885,3.17671179771423,3.22311878204346,,,,,,
1091,2181.5,2181,2182,3.1316065788269,3.01788520812988,3.24532794952393,,,,,,
1092,2183.5,2183,2184,3.2355295419693,3.15499877929688,3.31606030464172,,,,,,
1093,2185.5,2185,2186,3.15637373924255,3.15149474143982,3.16125273704529,,,,,,
1094,2187.5,2187,2188,3.17118096351624,3.10721898078918,3.23514294624329,,,,,,
1095,2189.5,2189,2190,3.12595927715302,3.07777905464172,3.17413949966431,,,,,,
1096,2191.5,2191,2192,3.15856111049652,3.12899374961853,3.18812847137451,,,,,,
1097,2193.5,2193,2194,3.13445043563843,3.12471699714661,3.14418387413025,,,,,,
1098,2195.5,2195,2196,3.11379599571228,3.0502724647522,3.17731952667236,,,,,,
1099,2197.5,2197,2198,3.16386044025421,3.13677287101746,3.19094800949097,,,,,,
1100,2199.5,2199,2200,3.16665613651276,3.16213464736938,3.17117762565613,,,,,,
1101,2201.5,2201,2202,3.15189623832703,3.10936975479126,3.19442272186279,,,,,,
1102,2203.5,2203,2204,3.14386928081512,3.07960176467896,3.20813679695129,,,,,,
1103,2205.5,2205,2206,3.17485308647156,3.15903234481812,3.190673828125,,,,,,
1104,2207.5,2207,2208,3.05657351016998,3.02752566337585,3.08562135696411,,,,,,
1105,2209.5,2209,2210,3.09139573574066,3.08606052398682,3.09673094749451,,,,,,
1106,2211.5,2211,2212,3.18878364562988,3.10961294174194,3.26795434951782,,,,,,
1107,2213.5,2213,2214,3.09980666637421,3.08885955810547,3.11075377464294,,,,,,
1108,2215.5,2215,2216,3.14547741413116,3.12284731864929,3.16810750961304,,,,,,
1109,2217.5,2217,2218,3.20923352241516,3.19675731658936,3.22170972824097,,,,,,
1110,2219.5,2219,2220,3.16970145702362,3.12639713287354,3.21300578117371,,,,,,
1111,2221.5,2221,2222,3.17570352554321,3.17352104187012,3.17788600921631,,,,,,
1112,2223.5,2223,2224,3.20164155960083,3.09686374664307,3.30641937255859,,,,,,
1113,2225.5,2225,2226,3.20183753967285,3.16233348846436,3.24134159088135,,,,,,
1114,2227.5,2227,2228,3.12079036235809,3.05367064476013,3.18791007995605,,,,,,
1115,2229.5,2229,2230,3.09932446479797,3.06041955947876,3.13822937011719,,,,,,
1116,2231.5,2231,2232,3.07002604007721,3.0220775604248,3.11797451972961,,,,,,
1117,2233.5,2233,2234,3.12770509719849,3.06353974342346,3.19187045097351,,,,,,
1118,2235.5,2235,2236,3.14190852642059,3.11417579650879,3.1696412563324,,,,,,
1119,2237.5,2237,2238,3.09205806255341,3.07540416717529,3.10871195793152,,,,,,
1120,2239.5,2239,2240,3.17062425613403,3.1070704460144,3.23417806625366,,,,,,
1121,2241.5,2241,2242,3.17530298233032,3.13068556785584,3.21992039680481,,,,,,
1122,2243.5,2243,2244,3.14862978458405,3.09661221504211,3.20064735412598,,,,,,
1123,2245.5,2245,2246,3.18523871898651,3.15979051589966,3.21068692207336,,,,,,
1124,2247.5,2247,2248,3.15160477161407,3.14433455467224,3.15887498855591,,,,,,
1125,2249.5,2249,2250,3.15791428089142,3.10878682136536,3.20704174041748,,,,,,
1126,2251.5,2251,2252,3.0841760635376,2.98050975799561,3.18784236907959,,,,,,
1127,2253.5,2253,2254,3.22101891040802,3.1591169834137,3.28292083740234,,,,,,
1128,2255.5,2255,2256,3.09519839286804,3.01011657714844,3.18028020858765,,,,,,
1129,2257.5,2257,2258,3.09227538108826,3.05873680114746,3.12581396102905,,,,,,
1130,2259.5,2259,2260,3.03805804252625,3.0194411277771,3.05667495727539,,,,,,
1131,2261.5,2261,2262,3.10416340827942,3.03406429290772,3.17426252365112,,,,,,
1132,2263.5,2263,2264,3.12662065029144,3.07691597938538,3.17632532119751,,,,,,
1133,2265.5,2265,2266,3.17446708679199,3.05875301361084,3.29018115997314,,,,,,
1134,2267.5,2267,2268,3.14148795604706,3.09146809577942,3.1915078163147,,,,,,
1135,2269.5,2269,2270,3.08454155921936,2.98391127586365,3.18517184257507,,,,,,
1136,2271.5,2271,2272,3.11004674434662,3.06213235855103,3.15796113014221,,,,,,
1137,2273.5,2273,2274,3.11057829856873,3.10017442703247,3.12098217010498,,,,,,
1138,2275.5,2275,2276,3.18129062652588,3.12772798538208,3.23485326766968,,,,,,
1139,2277.5,2277,2278,3.26426517963409,3.25228404998779,3.2762463092804,,,,,,
1140,2279.5,2279,2280,3.10564613342285,3.07201099395752,3.13928127288818,,,,,,
1141,2281.5,2281,2282,3.16690099239349,3.08186292648315,3.25193905830383,,,,,,
1142,2283.5,2283,2284,3.12626516819,3.10547232627869,3.14705801010132,,,,,,
1143,2285.5,2285,2286,3.08896279335022,3.05820417404175,3.11972141265869,,,,,,
1144,2287.5,2287,2288,3.2559005022049,3.24018812179565,3.27161288261414,,,,,,
1145,2289.5,2289,2290,3.08630430698395,3.06734991073608,3.10525870323181,,,,,,
1146,2291.5,2291,2292,3.12413918972015,3.04964065551758,3.19863772392273,,,,,,
1147,2293.5,2293,2294,3.09360063076019,2.97605657577515,3.21114468574524,,,,,,
1148,2295.5,2295,2296,3.11149418354034,3.07771873474121,3.14526963233948,,,,,,
1149,2297.5,2297,2298,3.10881888866425,3.07469892501831,3.14293885231018,,,,,,
1150,2299.5,2299,2300,3.03620970249176,2.92570185661316,3.14671754837036,,,,,,
1151,2301.5,2301,2302,3.060227394104,3.02608346939087,3.09437131881714,,,,,,
1152,2303.5,2303,2304,3.11422729492188,3.02208709716797,3.20636749267578,,,,,,
1153,2305.5,2305,2306,3.12842679023743,3.12640357017517,3.13045001029968,,,,,,
1154,2307.5,2307,2308,3.08751583099365,3.00855445861816,3.16647720336914,,,,,,
1155,2309.5,2309,2310,3.10361063480377,3.03862571716309,3.16859555244446,,,,,,
1156,2311.5,2311,2312,3.09325540065765,3.06643319129944,3.12007761001587,,,,,,
1157,2313.5,2313,2314,3.10909879207611,3.05448389053345,3.16371369361877,,,,,,
1158,2315.5,2315,2316,3.14786577224731,3.14514350891113,3.1505880355835,,,,,,
1159,2317.5,2317,2318,3.08474433422089,3.04689598083496,3.12259268760681,,,,,,
1160,2319.5,2319,2320,3.17219972610474,3.12079811096191,3.22360134124756,,,,,,
1161,2321.5,2321,2322,3.15474414825439,3.04793500900269,3.2615532875061,,,,,,
1162,2323.5,2323,2324,3.11006224155426,3.10181879997253,3.11830568313599,,,,,,
1163,2325.5,2325,2326,3.11781215667725,3.03644394874573,3.19918036460876,,,,,,
1164,2327.5,2327,2328,3.16960382461548,3.16222262382507,3.17698502540588,,,,,,
1165,2329.5,2329,2330,3.04253196716309,2.92701125144959,3.15805268287659,,,,,,
1166,2331.5,2331,2332,3.1256514787674,3.01738524436951,3.23391771316528,,,,,,
1167,2333.5,2333,2334,3.10536766052246,3.08528566360474,3.12544965744019,,,,,,
1168,2335.5,2335,2336,3.04840815067291,2.96554684638977,3.13126945495605,,,,,,
1169,2337.5,2337,2338,3.14337873458862,3.06317281723022,3.22358465194702,,,,,,
1170,2339.5,2339,2340,3.14057779312134,3.07234477996826,3.20881080627441,,,,,,
1171,2341.5,2341,2342,3.03359794616699,3.00650858879089,3.06068730354309,,,,,,
1172,2343.5,2343,2344,3.0978274345398,3.06001377105713,3.13564109802246,,,,,,
1173,2345.5,2345,2346,3.16883194446564,3.14425230026245,3.19341158866882,,,,,,
1174,2347.5,2347,2348,3.15631353855133,3.06048607826233,3.25214099884033,,,,,,
1175,2349.5,2349,2350,3.1767555475235,3.15605568885803,3.19745540618897,,,,,,
1176,2351.5,2351,2352,3.09342682361603,3.05358076095581,3.13327288627625,,,,,,
1177,2353.5,2353,2354,3.1263998746872,3.10855174064636,3.14424800872803,,,,,,
1178,2355.5,2355,2356,3.08769702911377,3.0556468963623,3.11974716186523,,,,,,
1179,2357.5,2357,2358,3.04344701766968,2.95512270927429,3.13177132606506,,,,,,
1180,2359.5,2359,2360,3.05001175403595,3.04751896858215,3.05250453948975,,,,,,
1181,2361.5,2361,2362,3.01809978485107,3.00072622299194,3.03547334671021,,,,,,
1182,2363.5,2363,2364,3.12019693851471,3.04672265052795,3.19367122650147,,,,,,
1183,2365.5,2365,2366,3.14195847511292,3.11466789245605,3.16924905776978,,,,,,
1184,2367.5,2367,2368,3.13086903095245,3.09986734390259,3.16187071800232,,,,,,
1185,2369.5,2369,2370,3.14754271507263,3.09269094467163,3.20239448547363,,,,,,
1186,2371.5,2371,2372,3.08158755302429,3.02360439300537,3.13957071304321,,,,,,
1187,2373.5,2373,2374,3.1560161113739,3.04742288589478,3.26460933685303,,,,,,
1188,2375.5,2375,2376,3.13943767547607,3.06899952888489,3.20987582206726,,,,,,
1189,2377.5,2377,2378,3.16565847396851,3.13954329490662,3.1917736530304,,,,,,
1190,2379.5,2379,2380,3.12030506134033,3.09455943107605,3.14605069160461,,,,,,
1191,2381.5,2381,2382,3.02894067764282,2.92073440551758,3.13714694976807,,,,,,
1192,2383.5,2383,2384,3.08368873596191,2.98341083526611,3.18396663665772,,,,,,
1193,2385.5,2385,2386,3.04463946819305,3.0283739566803,3.06090497970581,,,,,,
1194,2387.5,2387,2388,3.1678854227066,3.08029103279114,3.25547981262207,,,,,,
1195,2389.5,2389,2390,3.08116579055786,3.06034803390503,3.10198354721069,,,,,,
1196,2391.5,2391,2392,3.07165002822876,3.06003141403198,3.08326864242554,,,,,,
1197,2393.5,2393,2394,3.05357873439789,3.00397324562073,3.10318422317505,,,,,,
1198,2395.5,2395,2396,3.05371904373169,3.05007100105286,3.05736708641052,,,,,,
1199,2397.5,2397,2398,3.09069299697876,3.06589412689209,3.11549186706543,,,,,,
1200,2399.5,2399,2400,3.09125399589539,3.06567668914795,3.11683130264282,,,,,,
1201,2401.5,2401,2402,3.02798128128052,3.00127029418945,3.05469226837158,,,,,,
1202,2403.5,2403,2404,2.95388603210449,2.91209936141968,2.99567270278931,,,,,,
1203,2405.5,2405,2406,3.08304810523987,3.05090141296387,3.11519479751587,,,,,,
1204,2407.5,2407,2408,3.13968205451965,3.1109766960144,3.1683874130249,,,,,,
1205,2409.5,2409,2410,3.08458030223846,2.99199938774109,3.17716121673584,,,,,,
1206,2411.5,2411,2412,3.08440291881561,3.07207345962524,3.09673237800598,,,,,,
1207,2413.5,2413,2414,3.0513733625412,3.04750561714172,3.05524110794067,,,,,,
1208,2415.5,2415,2416,3.01376760005951,3.01291847229004,3.01461672782898,,,,,,
1209,2417.5,2417,2418,3.06837224960327,3.01317024230957,3.12357425689697,,,,,,
1210,2419.5,2419,2420,3.02970409393311,3.02140307426453,3.03800511360168,,,,,,
1211,2421.5,2421,2422,3.07988047599793,3.03417444229126,3.12558650970459,,,,,,
1212,2423.5,2423,2424,3.02631604671478,2.94452953338623,3.10810256004334,,,,,,
1213,2425.5,2425,2426,3.06933653354645,3.01523590087891,3.12343716621399,,,,,,
1214,2427.5,2427,2428,3.07312905788422,2.97510862350464,3.17114949226379,,,,,,
1215,2429.5,2429,2430,3.11693918704987,3.09547424316406,3.13840413093567,,,,,,
1216,2431.5,2431,2432,3.13267076015472,3.12622761726379,3.13911390304565,,,,,,
1217,2433.5,2433,2434,3.03349995613098,2.96031522750855,3.10668468475342,,,,,,
1218,2435.5,2435,2436,3.0572624206543,3.01269006729126,3.10183477401733,,,,,,
1219,2437.5,2437,2438,3.06725966930389,2.98475980758667,3.14975953102112,,,,,,
1220,2439.5,2439,2440,3.0920991897583,3.0556001663208,3.1285982131958,,,,,,
1221,2441.5,2441,2442,3.0803074836731,3.0143837928772,3.14623117446899,,,,,,
1222,2443.5,2443,2444,3.07606518268585,3.06841635704041,3.0837140083313,,,,,,
1223,2445.5,2445,2446,3.04166269302368,3.00600361824036,3.07732176780701,,,,,,
1224,2447.5,2447,2448,3.08335936069489,3.01000165939331,3.15671706199646,,,,,,
1225,2449.5,2449,2450,3.06024706363678,3.0161030292511,3.10439109802246,,,,,,
1226,2451.5,2451,2452,3.10968613624573,3.02169036865234,3.19768190383911,,,,,,
1227,2453.5,2453,2454,3.07951259613037,3.06333374977112,3.09569144248962,,,,,,
1228,2455.5,2455,2456,3.08582448959351,3.08546161651611,3.0861873626709,,,,,,
1229,2457.5,2457,2458,3.06728172302246,2.96678400039673,3.16777944564819,,,,,,
1230,2459.5,2459,2460,3.05773055553436,3.03596472740173,3.07949638366699,,,,,,
1231,2461.5,2461,2462,3.08863437175751,3.06605362892151,3.11121511459351,,,,,,
1232,2463.5,2463,2464,3.04666483402252,3.03284311294556,3.06048655509949,,,,,,
1233,2465.5,2465,2466,3.09651947021484,3.05276703834534,3.14027190208435,,,,,,
1234,2467.5,2467,2468,3.14282095432282,3.13681626319885,3.14882564544678,,,,,,
1235,2469.5,2469,2470,3.01417720317841,2.92065024375916,3.10770416259766,,,,,,
1236,2471.5,2471,2472,3.12960779666901,3.10755038261414,3.15166521072388,,,,,,
1237,2473.5,2473,2474,3.06660401821136,3.0425705909729,3.09063744544983,,,,,,
1238,2475.5,2475,2476,2.98751676082611,2.92390847206116,3.05112504959106,,,,,,
1239,2477.5,2477,2478,3.12503921985626,3.02917742729187,3.22090101242065,,,,,,
1240,2479.5,2479,2480,3.05898034572601,3.02330827713013,3.0946524143219,,,,,,
1241,2481.5,2481,2482,3.05149078369141,3.0338397026062,3.06914186477661,,,,,,
1242,2483.5,2483,2484,2.98506331443787,2.96771574020386,3.00241088867188,,,,,,
1243,2485.5,2485,2486,2.97571527957916,2.94359302520752,3.00783753395081,,,,,,
1244,2487.5,2487,2488,3.10265970230103,3.10224056243897,3.10307884216309,,,,,,
1245,2489.5,2489,2490,3.08398962020874,3.0283374786377,3.13964176177979,,,,,,
1246,2491.5,2491,2492,3.06604909896851,3.01755690574646,3.11454129219055,,,,,,
1247,2493.5,2493,2494,3.12832295894623,3.05800771713257,3.19863820075989,,,,,,
1248,2495.5,2495,2496,3.05824601650238,3.05619025230408,3.06030178070068,,,,,,
1249,2497.5,2497,2498,3.09200167655945,3.07183980941772,3.11216354370117,,,,,,
1250,2499.5,2499,2500,3.03177809715271,3.0186619758606,3.04489421844482,,,,,,
1251,2501.5,2501,2502,3.02357423305511,2.97294616699219,3.07420229911804,,,,,,
1252,2503.5,2503,2504,3.0699200630188,3.0247814655304,3.1150586605072,,,,,,
1253,2505.5,2505,2506,3.00799226760864,2.964919090271,3.05106544494629,,,,,,
1254,2507.5,2507,2508,2.99418878555298,2.96619510650635,3.02218246459961,,,,,,
1255,2509.5,2509,2510,3.12721252441406,3.05654001235962,3.19788503646851,,,,,,
1256,2511.5,2511,2512,3.04008007049561,3.03195452690125,3.04820561408997,,,,,,
1257,2513.5,2513,2514,2.94977748394012,2.89736986160278,3.00218510627747,,,,,,
1258,2515.5,2515,2516,3.03122425079346,2.91121912002563,3.15122938156128,,,,,,
1259,2517.5,2517,2518,3.05644094944,3.03204727172852,3.08083462715149,,,,,,
1260,2519.5,2519,2520,3.06797778606415,3.04919123649597,3.08676433563232,,,,,,
1261,2521.5,2521,2522,3.03647899627686,2.97659301757813,3.09636497497559,,,,,,
1262,2523.5,2523,2524,3.08004403114319,3.03864622116089,3.12144184112549,,,,,,
1263,2525.5,2525,2526,3.01455008983612,2.93066239356995,3.0984377861023,,,,,,
1264,2527.5,2527,2528,2.98605620861053,2.97989201545715,2.99222040176392,,,,,,
1265,2529.5,2529,2530,3.059494972229,3.0420413017273,3.07694864273071,,,,,,
1266,2531.5,2531,2532,3.0348379611969,2.96333384513855,3.10634207725525,,,,,,
1267,2533.5,2533,2534,3.03408861160278,2.98749351501465,3.08068370819092,,,,,,
1268,2535.5,2535,2536,3.05113363265991,3.01812219619751,3.08414506912231,,,,,,
1269,2537.5,2537,2538,3.04450237751007,2.97078156471252,3.11822319030762,,,,,,
1270,2539.5,2539,2540,3.00284433364868,2.97361135482788,3.03207731246948,,,,,,
1271,2541.5,2541,2542,3.05870771408081,2.95405292510986,3.16336250305176,,,,,,
1272,2543.5,2543,2544,3.0910918712616,3.06588411331177,3.11629962921143,,,,,,
1273,2545.5,2545,2546,3.07703328132629,3.06414651870728,3.08992004394531,,,,,,
1274,2547.5,2547,2548,3.03890001773834,3.00634741783142,3.07145261764526,,,,,,
1275,2549.5,2549,2550,3.02840304374695,3.01301503181458,3.04379105567932,,,,,,
1276,2551.5,2551,2552,3.03916084766388,2.98598027229309,3.09234142303467,,,,,,
1277,2553.5,2553,2554,3.10605931282043,3.07241344451904,3.13970518112183,,,,,,
1278,2555.5,2555,2556,3.03709757328033,3.02436113357544,3.04983401298523,,,,,,
1279,2557.5,2557,2558,3.04307007789612,3.01322460174561,3.07291555404663,,,,,,
1280,2559.5,2559,2560,3.14623272418976,3.12330102920532,3.16916441917419,,,,,,
1281,2561.5,2561,2562,3.00064516067505,2.91447114944458,3.08681917190552,,,,,,
1282,2563.5,2563,2564,3.07412827014923,2.95591354370117,3.19234299659729,,,,,,
1283,2565.5,2565,2566,2.9651871919632,2.93621516227722,2.99415922164917,,,,,,
1284,2567.5,2567,2568,2.94272124767303,2.86344766616821,3.02199482917786,,,,,,
1285,2569.5,2569,2570,3.10709631443024,3.07152152061462,3.14267110824585,,,,,,
1286,2571.5,2571,2572,3.03440368175507,2.96673250198364,3.10207486152649,,,,,,
1287,2573.5,2573,2574,3.06998729705811,3.0588800907135,3.08109450340271,,,,,,
1288,2575.5,2575,2576,3.0929936170578,3.08479714393616,3.10119009017944,,,,,,
1289,2577.5,2577,2578,3.00411474704742,2.91686582565308,3.09136366844177,,,,,,
1290,2579.5,2579,2580,2.97484838962555,2.95232939720154,2.99736738204956,,,,,,
1291,2581.5,2581,2582,3.03578174114227,3.01532053947449,3.05624294281006,,,,,,
1292,2583.5,2583,2584,3.03810632228851,2.96881794929504,3.10739469528198,,,,,,
1293,2585.5,2585,2586,3.11685788631439,3.06585240364075,3.16786336898804,,,,,,
1294,2587.5,2587,2588,3.0064058303833,2.979811668396,3.03299999237061,,,,,,
1295,2589.5,2589,2590,3.04015815258026,2.90116095542908,3.17915534973145,,,,,,
1296,2591.5,2591,2592,3.02739334106445,2.98688125610352,3.06790542602539,,,,,,
1297,2593.5,2593,2594,3.04407155513763,3.04298233985901,3.04516077041626,,,,,,
1298,2595.5,2595,2596,3.03249478340149,2.908118724823,3.15687084197998,,,,,,
1299,2597.5,2597,2598,3.05594646930695,3.02377128601074,3.08812165260315,,,,,,
1300,2599.5,2599,2600,3.0525598526001,2.93859386444092,3.16652584075928,,,,,,
1301,2601.5,2601,2602,3.03225553035736,3.00826096534729,3.05625009536743,,,,,,
1302,2603.5,2603,2604,2.97753095626831,2.93992114067078,3.01514077186584,,,,,,
1303,2605.5,2605,2606,3.05947613716126,2.95664358139038,3.16230869293213,,,,,,
1304,2607.5,2607,2608,3.04485559463501,3.02815437316895,3.06155681610107,,,,,,
1305,2609.5,2609,2610,3.02621722221375,2.97518539428711,3.07724905014038,,,,,,
1306,2611.5,2611,2612,3.03667080402374,3.00687026977539,3.06647133827209,,,,,,
1307,2613.5,2613,2614,3.05543959140778,3.03427052497864,3.07660865783691,,,,,,
1308,2615.5,2615,2616,3.06982815265656,3.04612064361572,3.09353566169739,,,,,,
1309,2617.5,2617,2618,3.08352398872376,3.04253768920898,3.12451028823853,,,,,,
1310,2619.5,2619,2620,3.01161563396454,2.98857736587524,3.03465390205383,,,,,,
1311,2621.5,2621,2622,3.0492388010025,2.99555587768555,3.10292172431946,,,,,,
1312,2623.5,2623,2624,3.08884763717651,3.01760387420654,3.16009140014648,,,,,,
1313,2625.5,2625,2626,3.04386615753174,2.98911666870117,3.0986156463623,,,,,,
1314,2627.5,2627,2628,3.06882441043854,3.01057934761047,3.1270694732666,,,,,,
1315,2629.5,2629,2630,3.02928256988525,2.99000930786133,3.06855583190918,,,,,,
1316,2631.5,2631,2632,2.99442934989929,2.95201253890991,3.03684616088867,,,,,,
1317,2633.5,2633,2634,3.02032220363617,2.95303988456726,3.08760452270508,,,,,,
1318,2635.5,2635,2636,2.9860475063324,2.90435194969177,3.06774306297302,,,,,,
1319,2637.5,2637,2638,2.99776422977448,2.92990064620972,3.06562781333923,,,,,,
1320,2639.5,2639,2640,3.07218503952026,3.02206826210022,3.12230181694031,,,,,,
1321,2641.5,2641,2642,2.98018205165863,2.9294764995575,3.03088760375977,,,,,,
1322,2643.5,2643,2644,3.00324308872223,2.92822575569153,3.07826042175293,,,,,,
1323,2645.5,2645,2646,2.98307526111603,2.95274043083191,3.01341009140015,,,,,,
1324,2647.5,2647,2648,3.11691534519196,3.04267716407776,3.19115352630615,,,,,,
1325,2649.5,2649,2650,3.01799035072327,2.96363663673401,3.07234406471252,,,,,,
1326,2651.5,2651,2652,3.02833676338196,2.97624921798706,3.08042430877686,,,,,,
1327,2653.5,2653,2654,2.99411225318909,2.959721326828,3.02850317955017,,,,,,
1328,2655.5,2655,2656,2.97092115879059,2.86702013015747,3.07482218742371,,,,,,
1329,2657.5,2657,2658,3.0693256855011,3.0334587097168,3.1051926612854,,,,,,
1330,2659.5,2659,2660,2.98655927181244,2.95282077789307,3.02029776573181,,,,,,
1331,2661.5,2661,2662,2.9841605424881,2.9648745059967,3.00344657897949,,,,,,
1332,2663.5,2663,2664,2.94941651821136,2.91084361076355,2.98798942565918,,,,,,
1333,2665.5,2665,2666,3.06186139583588,3.02011132240295,3.1036114692688,,,,,,
1334,2667.5,2667,2668,3.10962963104248,3.02320671081543,3.19605255126953,,,,,,
1335,2669.5,2669,2670,3.02707982063293,2.98663592338562,3.06752371788025,,,,,,
1336,2671.5,2671,2672,3.0537291765213,3.03693318367004,3.07052516937256,,,,,,
1337,2673.5,2673,2674,3.02964043617249,2.94936990737915,3.10991096496582,,,,,,
1338,2675.5,2675,2676,3.06464600563049,3.00714302062988,3.1221489906311,,,,,,
1339,2677.5,2677,2678,3.01622986793518,2.97399258613586,3.0584671497345,,,,,,
1340,2679.5,2679,2680,2.97334849834442,2.91574954986572,3.03094744682312,,,,,,
1341,2681.5,2681,2682,2.99860942363739,2.95942187309265,3.03779697418213,,,,,,
1342,2683.5,2683,2684,2.99834513664246,2.91262435913086,3.08406591415405,,,,,,
1343,2685.5,2685,2686,3.00874769687653,2.97802758216858,3.03946781158447,,,,,,
1344,2687.5,2687,2688,3.02487277984619,3.00238966941834,3.04735589027405,,,,,,
1345,2689.5,2689,2690,2.90122079849243,2.85476589202881,2.94767570495605,,,,,,
1346,2691.5,2691,2692,2.9900826215744,2.90058588981628,3.07957935333252,,,,,,
1347,2693.5,2693,2694,2.97510969638824,2.97169494628906,2.97852444648743,,,,,,
1348,2695.5,2695,2696,3.05140841007233,3.03905320167542,3.06376361846924,,,,,,
1349,2697.5,2697,2698,2.98152565956116,2.96555233001709,2.99749898910522,,,,,,
1350,2699.5,2699,2700,3.03350961208344,2.98041033744812,3.08660888671875,,,,,,
1351,2701.5,2701,2702,3.10098779201508,3.04482412338257,3.15715146064758,,,,,,
1352,2703.5,2703,2704,2.9713077545166,2.94747710227966,2.99513840675354,,,,,,
1353,2705.5,2705,2706,2.87683606147766,2.85127639770508,2.90239572525024,,,,,,
1354,2707.5,2707,2708,2.9493088722229,2.90356731414795,2.99505043029785,,,,,,
1355,2709.5,2709,2710,2.96173739433289,2.88045406341553,3.04302072525024,,,,,,
1356,2711.5,2711,2712,2.9167799949646,2.88452529907227,2.94903469085693,,,,,,
1357,2713.5,2713,2714,2.88262033462524,2.85766839981079,2.9075722694397,,,,,,
1358,2715.5,2715,2716,2.88469123840332,2.84067153930664,2.9287109375,,,,,,
1359,2717.5,2717,2718,2.90088772773743,2.87433815002441,2.92743730545044,,,,,,
1360,2719.5,2719,2720,2.90466964244843,2.87088751792908,2.93845176696777,,,,,,
1361,2721.5,2721,2722,2.92844295501709,2.79937314987183,3.05751276016235,,,,,,
1362,2723.5,2723,2724,2.87726140022278,2.82578182220459,2.92874097824097,,,,,,
1363,2725.5,2725,2726,2.83717942237854,2.73770976066589,2.93664908409119,,,,,,
1364,2727.5,2727,2728,2.92623603343964,2.89798784255981,2.95448422431946,,,,,,
1365,2729.5,2729,2730,2.95027875900269,2.87154603004456,3.02901148796082,,,,,,
1366,2731.5,2731,2732,2.87689602375031,2.82638168334961,2.927410364151,,,,,,
1367,2733.5,2733,2734,2.83417367935181,2.82361125946045,2.84473609924316,,,,,,
1368,2735.5,2735,2736,2.87010276317596,2.86502861976624,2.87517690658569,,,,,,
1369,2737.5,2737,2738,2.97024786472321,2.90805864334106,3.03243708610535,,,,,,
1370,2739.5,2739,2740,2.9000072479248,2.86168456077576,2.93832993507385,,,,,,
1371,2741.5,2741,2742,2.84926021099091,2.83252668380737,2.86599373817444,,,,,,
1372,2743.5,2743,2744,2.84732460975647,2.78630995750427,2.90833926200867,,,,,,
1373,2745.5,2745,2746,2.91490173339844,2.8979606628418,2.93184280395508,,,,,,
1374,2747.5,2747,2748,2.88416981697083,2.80850577354431,2.95983386039734,,,,,,
1375,2749.5,2749,2750,3.03486108779907,2.97625041007996,3.09347176551819,,,,,,
1376,2751.5,2751,2752,3.07636404037476,3.07404565811157,3.07868242263794,,,,,,
1377,2753.5,2753,2754,2.99892115592957,2.93260860443115,3.06523370742798,,,,,,
1378,2755.5,2755,2756,2.93809795379639,2.83634471893311,3.03985118865967,,,,,,
1379,2757.5,2757,2758,2.98073410987854,2.91883993148804,3.04262828826904,,,,,,
1380,2759.5,2759,2760,2.96137702465057,2.95159435272217,2.97115969657898,,,,,,
1381,2761.5,2761,2762,2.96583223342896,2.96466565132141,2.9669988155365,,,,,,
1382,2763.5,2763,2764,2.94282579421997,2.93419599533081,2.95145559310913,,,,,,
1383,2765.5,2765,2766,2.95548093318939,2.9311671257019,2.97979474067688,,,,,,
1384,2767.5,2767,2768,3.03177571296692,3.03091049194336,3.03264093399048,,,,,,
1385,2769.5,2769,2770,2.95107781887054,2.94293212890625,2.95922350883484,,,,,,
1386,2771.5,2771,2772,2.89353084564209,2.88318943977356,2.90387225151062,,,,,,
1387,2773.5,2773,2774,2.88665664196014,2.79625010490418,2.97706317901611,,,,,,
1388,2775.5,2775,2776,3.0674192905426,2.97738695144653,3.15745162963867,,,,,,
1389,2777.5,2777,2778,2.92480111122131,2.84077024459839,3.00883197784424,,,,,,
1390,2779.5,2779,2780,2.83694589138031,2.76599383354187,2.90789794921875,,,,,,
1391,2781.5,2781,2782,2.90253794193268,2.88271450996399,2.92236137390137,,,,,,
1392,2783.5,2783,2784,2.87647199630737,2.79321384429932,2.95973014831543,,,,,,
1393,2785.5,2785,2786,3.00854444503784,2.96454524993897,3.05254364013672,,,,,,
1394,2787.5,2787,2788,3.05793714523315,3.01491737365723,3.10095691680908,,,,,,
1395,2789.5,2789,2790,3.02764117717743,3.02489590644836,3.03038644790649,,,,,,
1396,2791.5,2791,2792,2.9880588054657,2.94475865364075,3.03135895729065,,,,,,
1397,2793.5,2793,2794,2.99662673473358,2.95915079116821,3.03410267829895,,,,,,
1398,2795.5,2795,2796,3.03277206420898,2.9957013130188,3.06984281539917,,,,,,
1399,2797.5,2797,2798,3.05378675460815,3.02867102622986,3.07890248298645,,,,,,
1400,2799.5,2799,2800,2.98256361484528,2.932053565979,3.03307366371155,,,,,,
1401,2801.5,2801,2802,3.00212347507477,2.95083260536194,3.0534143447876,,,,,,
1402,2803.5,2803,2804,2.93290758132935,2.85840320587158,3.00741195678711,,,,,,
1403,2805.5,2805,2806,2.99741315841675,2.99359655380249,3.00122976303101,,,,,,
1404,2807.5,2807,2808,3.02036023139954,3.00337219238281,3.03734827041626,,,,,,
1405,2809.5,2809,2810,3.05967497825623,3.03425216674805,3.0850977897644,,,,,,
1406,2811.5,2811,2812,2.96292722225189,2.95482182502747,2.97103261947632,,,,,,
1407,2813.5,2813,2814,2.93720233440399,2.91545295715332,2.95895171165466,,,,,,
1408,2815.5,2815,2816,3.02853214740753,2.97144269943237,3.08562159538269,,,,,,
1409,2817.5,2817,2818,2.98156237602234,2.90751791000366,3.05560684204102,,,,,,
1410,2819.5,2819,2820,3.04443085193634,3.02605986595154,3.06280183792114,,,,,,
1411,2821.5,2821,2822,2.9111613035202,2.87570571899414,2.94661688804626,,,,,,
1412,2823.5,2823,2824,2.95706462860107,2.89658641815186,3.01754283905029,,,,,,
1413,2825.5,2825,2826,2.98409163951874,2.98087859153748,2.9873046875,,,,,,
1414,2827.5,2827,2828,2.95238447189331,2.90228700637817,3.00248193740845,,,,,,
1415,2829.5,2829,2830,2.98128545284271,2.93332242965698,3.02924847602844,,,,,,
1416,2831.5,2831,2832,3.00941681861877,2.94652462005615,3.0723090171814,,,,,,
1417,2833.5,2833,2834,3.03975534439087,2.98135900497437,3.09815168380737,,,,,,
1418,2835.5,2835,2836,3.03786110877991,3.00894069671631,3.06678152084351,,,,,,
1419,2837.5,2837,2838,2.98741400241852,2.9250705242157,3.04975748062134,,,,,,
1420,2839.5,2839,2840,2.97487103939056,2.92063331604004,3.02910876274109,,,,,,
1421,2841.5,2841,2842,2.96271920204163,2.94534540176392,2.98009300231934,,,,,,
1422,2843.5,2843,2844,2.91410636901855,2.85911107063293,2.96910166740418,,,,,,
1423,2845.5,2845,2846,2.98140692710876,2.9557523727417,3.00706148147583,,,,,,
1424,2847.5,2847,2848,2.94225013256073,2.93353056907654,2.95096969604492,,,,,,
1425,2849.5,2849,2850,2.99912786483765,2.94385719299316,3.05439853668213,,,,,,
1426,2851.5,2851,2852,3.00041568279266,2.93844413757324,3.06238722801209,,,,,,
1427,2853.5,2853,2854,2.9399231672287,2.91043996810913,2.96940636634827,,,,,,
1428,2855.5,2855,2856,2.93136596679688,2.90458416938782,2.95814776420593,,,,,,
1429,2857.5,2857,2858,3.00782942771912,2.9529402256012,3.06271862983704,,,,,,
1430,2859.5,2859,2860,3.00038027763367,3.0001425743103,3.00061798095703,,,,,,
1431,2861.5,2861,2862,2.97908246517181,2.92580509185791,3.03235983848572,,,,,,
1432,2863.5,2863,2864,2.95507204532623,2.95094537734985,2.95919871330261,,,,,,
1433,2865.5,2865,2866,2.94659841060638,2.9275484085083,2.96564841270447,,,,,,
1434,2867.5,2867,2868,2.99550724029541,2.93951368331909,3.05150079727173,,,,,,
1435,2869.5,2869,2870,2.89840579032898,2.85726833343506,2.9395432472229,,,,,,
1436,2871.5,2871,2872,2.95564830303192,2.89135670661926,3.01993989944458,,,,,,
1437,2873.5,2873,2874,3.04654216766357,3.00676918029785,3.0863151550293,,,,,,
1438,2875.5,2875,2876,2.95173132419586,2.94028878211975,2.96317386627197,,,,,,
1439,2877.5,2877,2878,3.0442841053009,2.93810725212097,3.15046095848084,,,,,,
1440,2879.5,2879,2880,2.97525060176849,2.97121214866638,2.97928905487061,,,,,,
1441,2881.5,2881,2882,2.97821891307831,2.91527795791626,3.04115986824036,,,,,,
1442,2883.5,2883,2884,2.98607659339905,2.96616125106812,3.00599193572998,,,,,,
1443,2885.5,2885,2886,2.94113051891327,2.91425848007202,2.96800255775452,,,,,,
1444,2887.5,2887,2888,3.01131343841553,2.93178462982178,3.09084224700928,,,,,,
1445,2889.5,2889,2890,2.99160397052765,2.92322683334351,3.05998110771179,,,,,,
1446,2891.5,2891,2892,2.9428197145462,2.91932249069214,2.96631693840027,,,,,,
1447,2893.5,2893,2894,2.8567875623703,2.81403923034668,2.89953589439392,,,,,,
1448,2895.5,2895,2896,2.89978921413422,2.83388638496399,2.96569204330444,,,,,,
1449,2897.5,2897,2898,2.96456301212311,2.92742490768433,3.00170111656189,,,,,,
1450,2899.5,2899,2900,2.93249475955963,2.85216116905212,3.01282835006714,,,,,,
1451,2901.5,2901,2902,3.01373445987701,2.86572265625,3.16174626350403,,,,,,
1452,2903.5,2903,2904,2.9991694688797,2.99670791625977,3.00163102149963,,,,,,
1453,2905.5,2905,2906,2.97645783424377,2.86920833587647,3.08370733261108,,,,,,
1454,2907.5,2907,2908,3.00642824172974,2.95767116546631,3.05518531799316,,,,,,
1455,2909.5,2909,2910,2.94881963729858,2.91066908836365,2.98697018623352,,,,,,
1456,2911.5,2911,2912,2.90698289871216,2.82228398323059,2.99168181419373,,,,,,
1457,2913.5,2913,2914,2.95925986766815,2.93280673027039,2.98571300506592,,,,,,
1458,2915.5,2915,2916,2.99716913700104,2.97821354866028,3.0161247253418,,,,,,
1459,2917.5,2917,2918,2.95580303668976,2.88871169090271,3.02289438247681,,,,,,
1460,2919.5,2919,2920,2.97732651233673,2.96741199493408,2.98724102973938,,,,,,
1461,2921.5,2921,2922,3.05127143859863,2.99383521080017,3.10870766639709,,,,,,
1462,2923.5,2923,2924,3.03925085067749,3.03287148475647,3.04563021659851,,,,,,
1463,2925.5,2925,2926,2.95817470550537,2.95359587669373,2.96275353431702,,,,,,
1464,2927.5,2927,2928,2.92978322505951,2.84007000923157,3.01949644088745,,,,,,
1465,2929.5,2929,2930,2.97847843170166,2.92131280899048,3.03564405441284,,,,,,
1466,2931.5,2931,2932,2.92952883243561,2.83329653739929,3.02576112747192,,,,,,
1467,2933,2933,2933,2.89133739471436,2.89133739471436,"2.8913373947143555""1430",0,0,0,4.28877449035645,4.28877449035645,4.28877449035645
1468,75.5,75,76,2.94598340988159,2.93267035484314,2.95929646492004,,,,,,
1469,77.5,77,78,2.93566083908081,2.92805147171021,2.94327020645142,,,,,,
1470,79.5,79,80,2.88872981071472,2.82271766662598,2.95474195480347,,,,,,
1471,81.5,81,82,2.92078840732574,2.90654754638672,2.93502926826477,,,,,,
1472,83.5,83,84,2.9737366437912,2.95828485488892,2.98918843269348,,,,,,
1473,85.5,85,86,2.91538918018341,2.89070105552673,2.94007730484009,,,,,,
1474,87.5,87,88,2.8926602602005,2.84702968597412,2.93829083442688,,,,,,
1475,89.5,89,90,2.90162098407745,2.89672112464905,2.90652084350586,,,,,,
1476,91.5,91,92,2.89077138900757,2.85189151763916,2.92965126037598,,,,,,
1477,93.5,93,94,2.85857617855072,2.82465839385986,2.89249396324158,,,,,,
1478,95.5,95,96,2.92139315605164,2.8530056476593,2.98978066444397,,,,,,
1479,97.5,97,98,2.79734301567078,2.73886632919312,2.85581970214844,,,,,,
1480,99.5,99,100,2.81530320644379,2.76264429092407,2.8679621219635,,,,,,
1481,101.5,101,102,2.83555591106415,2.83372330665588,2.83738851547241,,,,,,
1482,103.5,103,104,2.84126651287079,2.79358291625977,2.88895010948181,,,,,,
1483,105.5,105,106,2.78429234027863,2.76935696601868,2.79922771453857,,,,,,
1484,107.5,107,108,2.88832116127014,2.86579704284668,2.9108452796936,,,,,,
1485,109.5,109,110,2.79010474681854,2.78621745109558,2.7939920425415,,,,,,
1486,111.5,111,112,2.82105886936188,2.78401517868042,2.85810256004334,,,,,,
1487,113.5,113,114,2.87394964694977,2.83200454711914,2.9158947467804,,,,,,
1488,115.5,115,116,2.78467333316803,2.7657151222229,2.80363154411316,,,,,,
1489,117.5,117,118,2.75741124153137,2.71127462387085,2.80354785919189,,,,,,
1490,119.5,119,120,2.74106681346893,2.6266450881958,2.85548853874207,,,,,,
1491,121.5,121,122,2.73596143722534,2.65929245948792,2.81263041496277,,,,,,
1492,123.5,123,124,2.83467209339142,2.80446481704712,2.86487936973572,,,,,,
1493,125.5,125,126,2.84461545944214,2.80621862411499,2.88301229476929,,,,,,
1494,127.5,127,128,2.80605411529541,2.80151462554932,2.8105936050415,,,,,,
1495,129.5,129,130,2.78422594070435,2.6972279548645,2.87122392654419,,,,,,
1496,131.5,131,132,2.85021603107452,2.83864641189575,2.8617856502533,,,,,,
1497,133.5,133,134,2.78522276878357,2.75401258468628,2.81643295288086,,,,,,
1498,135.5,135,136,2.85055863857269,2.82654857635498,2.87456870079041,,,,,,
1499,137.5,137,138,2.72090864181519,2.63373494148254,2.80808234214783,,,,,,
1500,139.5,139,140,2.7853786945343,2.75717186927795,2.81358551979065,,,,,,
1501,141.5,141,142,2.66067922115326,2.6214439868927,2.69991445541382,,,,,,
1502,143.5,143,144,2.76700437068939,2.69159054756165,2.84241819381714,,,,,,
1503,145.5,145,146,2.72302556037903,2.69585013389587,2.75020098686218,,,,,,
1504,147.5,147,148,2.70477414131165,2.69415760040283,2.71539068222046,,,,,,
1505,149.5,149,150,2.68658673763275,2.68030738830566,2.69286608695984,,,,,,
1506,151.5,151,152,2.72871160507202,2.62593722343445,2.83148598670959,,,,,,
1507,153.5,153,154,2.75421142578125,2.7025203704834,2.8059024810791,,,,,,
1508,155.5,155,156,2.79092609882355,2.76591873168945,2.81593346595764,,,,,,
1509,157.5,157,158,2.55051696300507,2.53227591514587,2.56875801086426,,,,,,
1510,159.5,159,160,2.79378879070282,2.76389479637146,2.82368278503418,,,,,,
1511,161.5,161,162,2.72065651416779,2.60459923744202,2.83671379089355,,,,,,
1512,163.5,163,164,2.7471981048584,2.68596243858337,2.80843377113342,,,,,,
1513,165.5,165,166,2.63816738128662,2.56348896026611,2.71284580230713,,,,,,
1514,167.5,167,168,2.64205121994019,2.63171291351318,2.65238952636719,,,,,,
1515,169.5,169,170,2.68532705307007,2.66369867324829,2.70695543289185,,,,,,
1516,171.5,171,172,2.54056930541992,2.51734852790833,2.56379008293152,,,,,,
1517,173.5,173,174,2.67688286304474,2.65630125999451,2.69746446609497,,,,,,
1518,175.5,175,176,2.5903183221817,2.55321788787842,2.62741875648499,,,,,,
1519,177.5,177,178,2.68167948722839,2.60687160491943,2.75648736953735,,,,,,
1520,179.5,179,180,2.59478724002838,2.54625201225281,2.64332246780396,,,,,,
1521,181.5,181,182,2.58636748790741,2.57999658584595,2.59273838996887,,,,,,
1522,183.5,183,184,2.66729986667633,2.64556241035461,2.68903732299805,,,,,,
1523,185.5,185,186,2.64492440223694,2.61061334609985,2.67923545837402,,,,,,
1524,187.5,187,188,2.69957494735718,2.66620373725891,2.73294615745544,,,,,,
1525,189.5,189,190,2.6363753080368,2.62147760391235,2.65127301216126,,,,,,
1526,191.5,191,192,2.61999440193176,2.60157489776611,2.63841390609741,,,,,,
1527,193.5,193,194,2.67959296703339,2.5575692653656,2.80161666870117,,,,,,
1528,195.5,195,196,2.60043108463287,2.56139707565308,2.63946509361267,,,,,,
1529,197.5,197,198,2.56126976013184,2.51814460754395,2.60439491271973,,,,,,
1530,199.5,199,200,2.60446763038635,2.58932280540466,2.61961245536804,,,,,,
1531,201.5,201,202,2.52120995521545,2.48325490951538,2.55916500091553,,,,,,
1532,203.5,203,204,2.67582726478577,2.65351867675781,2.69813585281372,,,,,,
1533,205.5,205,206,2.60119831562042,2.49113178253174,2.71126484870911,,,,,,
1534,207.5,207,208,2.49468886852264,2.48924255371094,2.50013518333435,,,,,,
1535,209.5,209,210,2.56335937976837,2.55955004692078,2.56716871261597,,,,,,
1536,211.5,211,212,2.60163164138794,2.52628898620605,2.67697429656982,,,,,,
1537,213.5,213,214,2.61717510223389,2.56467962265015,2.66967058181763,,,,,,
1538,215.5,215,216,2.67668426036835,2.65898108482361,2.69438743591309,,,,,,
1539,217.5,217,218,2.66602683067322,2.64873290061951,2.68332076072693,,,,,,
1540,219.5,219,220,2.66548144817352,2.6444079875946,2.68655490875244,,,,,,
1541,221.5,221,222,2.66179144382477,2.64310264587402,2.68048024177551,,,,,,
1542,223.5,223,224,2.64100515842438,2.59138774871826,2.69062256813049,,,,,,
1543,225.5,225,226,2.5834755897522,2.57338666915894,2.59356451034546,,,,,,
1544,227.5,227,228,2.50012695789337,2.42382073402405,2.5764331817627,,,,,,
1545,229.5,229,230,2.6807154417038,2.65730023384094,2.70413064956665,,,,,,
1546,231.5,231,232,2.68973910808563,2.64685559272766,2.7326226234436,,,,,,
1547,233.5,233,234,2.54435181617737,2.42884063720703,2.65986299514771,,,,,,
1548,235.5,235,236,2.48043465614319,2.45094299316406,2.50992631912231,,,,,,
1549,237.5,237,238,2.68579268455505,2.68469333648682,2.68689203262329,,,,,,
1550,239.5,239,240,2.58346056938171,2.56640863418579,2.60051250457764,,,,,,
1551,241.5,241,242,2.60486745834351,2.49774813652039,2.71198678016663,,,,,,
1552,243.5,243,244,2.52852666378021,2.47527265548706,2.58178067207336,,,,,,
1553,245.5,245,246,2.5498765707016,2.50406575202942,2.59568738937378,,,,,,
1554,247.5,247,248,2.55462396144867,2.54573321342468,2.56351470947266,,,,,,
1555,249.5,249,250,2.57652831077576,2.55492830276489,2.59812831878662,,,,,,
1556,251.5,251,252,2.53109860420227,2.50043487548828,2.56176233291626,,,,,,
1557,253.5,253,254,2.62113845348358,2.60378885269165,2.63848805427551,,,,,,
1558,255.5,255,256,2.54649996757507,2.44300675392151,2.64999318122864,,,,,,
1559,257.5,257,258,2.44061100482941,2.437420129776,2.44380187988281,,,,,,
1560,259.5,259,260,2.43319571018219,2.37249445915222,2.49389696121216,,,,,,
1561,261.5,261,262,2.45409321784973,2.45182991027832,2.45635652542114,,,,,,
1562,263.5,263,264,2.52991676330566,2.4931001663208,2.56673336029053,,,,,,
1563,265.5,265,266,2.47751021385193,2.39889264106751,2.55612778663635,,,,,,
1564,267.5,267,268,2.57060599327087,2.51510095596313,2.62611103057861,,,,,,
1565,269.5,269,270,2.40538084506989,2.35263919830322,2.45812249183655,,,,,,
1566,271.5,271,272,2.51710426807404,2.46849370002747,2.56571483612061,,,,,,
1567,273.5,273,274,2.52917313575745,2.4598217010498,2.59852457046509,,,,,,
1568,275.5,275,276,2.51795673370361,2.47661828994751,2.55929517745972,,,,,,
1569,277.5,277,278,2.49036502838135,2.42480325698853,2.55592679977417,,,,,,
1570,279.5,279,280,2.47854018211365,2.38815784454346,2.56892251968384,,,,,,
1571,281.5,281,282,2.54969561100006,2.54761528968811,2.55177593231201,,,,,,
1572,283.5,283,284,2.44187378883362,2.41229724884033,2.4714503288269,,,,,,
1573,285.5,285,286,2.43129396438599,2.37330746650696,2.48928046226501,,,,,,
1574,287.5,287,288,2.51821088790894,2.46494579315186,2.57147598266602,,,,,,
1575,289.5,289,290,2.41745698451996,2.35028529167175,2.48462867736816,,,,,,
1576,291.5,291,292,2.48235249519348,2.45231008529663,2.51239490509033,,,,,,
1577,293.5,293,294,2.46876609325409,2.45358920097351,2.48394298553467,,,,,,
1578,295.5,295,296,2.31170463562012,2.25825476646423,2.365154504776,,,,,,
1579,297.5,297,298,2.43675994873047,2.38683938980103,2.48668050765991,,,,,,
1580,299.5,299,300,2.5444347858429,2.46140766143799,2.6274619102478,,,,,,
1581,301.5,301,302,2.47755873203278,2.43221569061279,2.52290177345276,,,,,,
1582,303.5,303,304,2.48431730270386,2.44356203079224,2.52507257461548,,,,,,
1583,305.5,305,306,2.55297410488129,2.53562951087952,2.57031869888306,,,,,,
1584,307.5,307,308,2.48441553115845,2.46805667877197,2.50077438354492,,,,,,
1585,309.5,309,310,2.44780659675598,2.40730810165405,2.48830509185791,,,,,,
1586,311.5,311,312,2.41214144229889,2.36061072349548,2.4636721611023,,,,,,
1587,313.5,313,314,2.40970802307129,2.24637937545776,2.57303667068481,,,,,,
1588,315.5,315,316,2.43063282966614,2.42726135253906,2.43400430679321,,,,,,
1589,317.5,317,318,2.44491672515869,2.35876774787903,2.53106570243835,,,,,,
1590,319.5,319,320,2.41904509067535,2.41797661781311,2.4201135635376,,,,,,
1591,321.5,321,322,2.51339268684387,2.45647764205933,2.57030773162842,,,,,,
1592,323.5,323,324,2.48233962059021,2.32551169395447,2.63916754722595,,,,,,
1593,325.5,325,326,2.41069066524506,2.37262773513794,2.44875359535217,,,,,,
1594,327.5,327,328,2.58373916149139,2.58123207092285,2.58624625205994,,,,,,
1595,329.5,329,330,2.50235986709595,2.44751000404358,2.55720973014832,,,,,,
1596,331.5,331,332,2.47993206977844,2.47354650497437,2.48631763458252,,,,,,
1597,333.5,333,334,2.54838132858276,2.48940324783325,2.60735940933228,,,,,,
1598,335.5,335,336,2.42439639568329,2.39905071258545,2.44974207878113,,,,,,
1599,337.5,337,338,2.37178730964661,2.30779623985291,2.43577837944031,,,,,,
1600,339.5,339,340,2.38127815723419,2.29224634170532,2.47030997276306,,,,,,
1601,341.5,341,342,2.45588338375092,2.38136625289917,2.53040051460266,,,,,,
1602,343.5,343,344,2.45941710472107,2.39544153213501,2.52339267730713,,,,,,
1603,345.5,345,346,2.48261892795563,2.38313031196594,2.58210754394531,,,,,,
1604,347.5,347,348,2.37495291233063,2.3305447101593,2.41936111450195,,,,,,
1605,349.5,349,350,2.45504701137543,2.41360282897949,2.49649119377136,,,,,,
1606,351.5,351,352,2.40584540367126,2.38939094543457,2.42229986190796,,,,,,
1607,353.5,353,354,2.43450462818146,2.40089869499207,2.46811056137085,,,,,,
1608,355.5,355,356,2.54617691040039,2.5350821018219,2.55727171897888,,,,,,
1609,357.5,357,358,2.52430057525635,2.42396306991577,2.62463808059692,,,,,,
1610,359.5,359,360,2.4532458782196,2.43764090538025,2.46885085105896,,,,,,
1611,361.5,361,362,2.39773738384247,2.34947896003723,2.44599580764771,,,,,,
1612,363.5,363,364,2.54328238964081,2.52806282043457,2.55850195884705,,,,,,
1613,365.5,365,366,2.31679940223694,2.28050065040588,2.35309815406799,,,,,,
1614,367.5,367,368,2.36801075935364,2.3550705909729,2.38095092773438,,,,,,
1615,369.5,369,370,2.38298559188843,2.3625864982605,2.40338468551636,,,,,,
1616,371.5,371,372,2.39826261997223,2.35362887382507,2.44289636611938,,,,,,
1617,373.5,373,374,2.48664879798889,2.40395498275757,2.56934261322022,,,,,,
1618,375.5,375,376,2.55320394039154,2.44878125190735,2.65762662887573,,,,,,
1619,377.5,377,378,2.44245827198029,2.40641784667969,2.47849869728088,,,,,,
1620,379.5,379,380,2.46942663192749,2.45955419540405,2.47929906845093,,,,,,
1621,381.5,381,382,2.42059969902039,2.41176271438599,2.42943668365479,,,,,,
1622,383.5,383,384,2.45649492740631,2.45236301422119,2.46062684059143,,,,,,
1623,385.5,385,386,2.48066985607147,2.47291231155396,2.48842740058899,,,,,,
1624,387.5,387,388,2.35640418529511,2.33997917175293,2.37282919883728,,,,,,
1625,389.5,389,390,2.54342901706696,2.52859592437744,2.55826210975647,,,,,,
1626,391.5,391,392,2.46868896484375,2.46700525283813,2.47037267684937,,,,,,
1627,393.5,393,394,2.44222581386566,2.4412841796875,2.44316744804382,,,,,,
1628,395.5,395,396,2.50359785556793,2.49069857597351,2.51649713516235,,,,,,
1629,397.5,397,398,2.44017934799194,2.39563131332397,2.48472738265991,,,,,,
1630,399.5,399,400,2.31338727474213,2.261474609375,2.36529994010925,,,,,,
1631,401.5,401,402,2.42985141277313,2.39954376220703,2.46015906333923,,,,,,
1632,403.5,403,404,2.42935800552368,2.42275810241699,2.43595790863037,,,,,,
1633,405.5,405,406,2.46006786823273,2.45349431037903,2.46664142608643,,,,,,
1634,407.5,407,408,2.59451019763947,2.57641839981079,2.61260199546814,,,,,,
1635,409.5,409,410,2.40256989002228,2.32987093925476,2.4752688407898,,,,,,
1636,411.5,411,412,2.49068379402161,2.44609141349793,2.53527617454529,,,,,,
1637,413.5,413,414,2.49346172809601,2.41685080528259,2.57007265090942,,,,,,
1638,415.5,415,416,2.44808769226074,2.2702968120575,2.62587857246399,,,,,,
1639,417.5,417,418,2.4694037437439,2.39534640312195,2.54346108436584,,,,,,
1640,419.5,419,420,2.36194217205048,2.33193731307983,2.39194703102112,,,,,,
1641,421.5,421,422,2.45511364936829,2.44979429244995,2.46043300628662,,,,,,
1642,423.5,423,424,2.47194600105286,2.43588733673096,2.50800466537476,,,,,,
1643,425.5,425,426,2.44916570186615,2.33657503128052,2.56175637245178,,,,,,
1644,427.5,427,428,2.4884649515152,2.4716203212738,2.50530958175659,,,,,,
1645,429.5,429,430,2.52580726146698,2.50138926506043,2.55022525787354,,,,,,
1646,431.5,431,432,2.51763558387756,2.50447225570679,2.53079891204834,,,,,,
1647,433.5,433,434,2.3928542137146,2.36750268936157,2.41820573806763,,,,,,
1648,435.5,435,436,2.41304183006287,2.40466070175171,2.42142295837402,,,,,,
1649,437.5,437,438,2.58596730232239,2.51623582839966,2.65569877624512,,,,,,
1650,439.5,439,440,2.40364480018616,2.37447261810303,2.43281698226929,,,,,,
1651,441.5,441,442,2.35089778900147,2.29929423332214,2.40250134468079,,,,,,
1652,443.5,443,444,2.37197518348694,2.32858800888062,2.41536235809326,,,,,,
1653,445.5,445,446,2.40880715847015,2.39735388755798,2.42026042938232,,,,,,
1654,447.5,447,448,2.43327569961548,2.41756248474121,2.44898891448975,,,,,,
1655,449.5,449,450,2.47724330425262,2.43789672851563,2.51658987998962,,,,,,
1656,451.5,451,452,2.37531507015228,2.32044982910156,2.430180311203,,,,,,
1657,453.5,453,454,2.55669140815735,2.50180912017822,2.61157369613647,,,,,,
1658,455.5,455,456,2.36923110485077,2.31883454322815,2.41962766647339,,,,,,
1659,457.5,457,458,2.38224732875824,2.37485074996948,2.389643907547,,,,,,
1660,459.5,459,460,2.39422488212585,2.35355997085571,2.434889793396,,,,,,
1661,461.5,461,462,2.33744513988495,2.29164981842041,2.38324046134949,,,,,,
1662,463.5,463,464,2.48562800884247,2.46997380256653,2.50128221511841,,,,,,
1663,465.5,465,466,2.4547975063324,2.42674684524536,2.48284816741943,,,,,,
1664,467.5,467,468,2.48277199268341,2.41158413887024,2.55395984649658,,,,,,
1665,469.5,469,470,2.47203826904297,2.39359951019287,2.55047702789307,,,,,,
1666,471.5,471,472,2.48288822174072,2.46623229980469,2.49954414367676,,,,,,
1667,473.5,473,474,2.50716733932495,2.43626618385315,2.57806849479675,,,,,,
1668,475.5,475,476,2.54609549045563,2.46745300292969,2.62473797798157,,,,,,
1669,477.5,477,478,2.54401731491089,2.48230791091919,2.60572671890259,,,,,,
1670,479.5,479,480,2.40654647350311,2.4003119468689,2.41278100013733,,,,,,
1671,481.5,481,482,2.64300334453583,2.60906887054443,2.67693781852722,,,,,,
1672,483.5,483,484,2.43427622318268,2.38981461524963,2.47873783111572,,,,,,
1673,485.5,485,486,2.31950235366821,2.30667042732239,2.33233428001404,,,,,,
1674,487.5,487,488,2.50491845607758,2.47757172584534,2.53226518630981,,,,,,
1675,489.5,489,490,2.47993040084839,2.4222993850708,2.53756141662598,,,,,,
1676,491.5,491,492,2.58604872226715,2.50723671913147,2.66486072540283,,,,,,
1677,493.5,493,494,2.48242402076721,2.47863721847534,2.48621082305908,,,,,,
1678,495.5,495,496,2.45358955860138,2.41944599151611,2.48773312568665,,,,,,
1679,497.5,497,498,2.67217838764191,2.60954117774963,2.73481559753418,,,,,,
1680,499.5,499,500,2.404181599617,2.40289306640625,2.40547013282776,,,,,,
1681,501.5,501,502,2.35293126106262,2.32124614715576,2.38461637496948,,,,,,
1682,503.5,503,504,2.41164481639862,2.34249782562256,2.48079180717468,,,,,,
1683,505.5,505,506,2.42152488231659,2.39354014396668,2.4495096206665,,,,,,
1684,507.5,507,508,2.33147704601288,2.2994270324707,2.36352705955505,,,,,,
1685,509.5,509,510,2.42233347892761,2.35507535934448,2.48959159851074,,,,,,
1686,511.5,511,512,2.44226050376892,2.32561874389648,2.55890226364136,,,,,,
1687,513.5,513,514,2.45825934410095,2.40470886230469,2.51180982589722,,,,,,
1688,515.5,515,516,2.46758031845093,2.44970488548279,2.48545575141907,,,,,,
1689,517.5,517,518,2.4445515871048,2.37778520584106,2.51131796836853,,,,,,
1690,519.5,519,520,2.4374041557312,2.40230107307434,2.47250723838806,,,,,,
1691,521.5,521,522,2.51152682304382,2.45861053466797,2.56444311141968,,,,,,
1692,523.5,523,524,2.37613916397095,2.35082912445068,2.40144920349121,,,,,,
1693,525.5,525,526,2.56748116016388,2.51078820228577,2.62417411804199,,,,,,
1694,527.5,527,528,2.50590288639069,2.41695141792297,2.5948543548584,,,,,,
1695,529.5,529,530,2.46816301345825,2.40429711341858,2.53202891349793,,,,,,
1696,531.5,531,532,2.4587482213974,2.38662266731262,2.53087377548218,,,,,,
1697,533.5,533,534,2.47911906242371,2.46431398391724,2.49392414093018,,,,,,
1698,535.5,535,536,2.41496706008911,2.39097595214844,2.43895816802979,,,,,,
1699,537.5,537,538,2.43371796607971,2.39266014099121,2.47477579116821,,,,,,
1700,539.5,539,540,2.59542691707611,2.56038665771484,2.63046717643738,,,,,,
1701,541.5,541,542,2.39911365509033,2.36173534393311,2.43649196624756,,,,,,
1702,543.5,543,544,2.36939072608948,2.3342661857605,2.40451526641846,,,,,,
1703,545.5,545,546,2.5162525177002,2.47871589660645,2.55378913879395,,,,,,
1704,547.5,547,548,2.48442780971527,2.44545221328735,2.52340340614319,,,,,,
1705,549.5,549,550,2.47645914554596,2.47602462768555,2.47689366340637,,,,,,
1706,551.5,551,552,2.53351640701294,2.45096731185913,2.61606550216675,,,,,,
1707,553.5,553,554,2.41534698009491,2.38197994232178,2.44871401786804,,,,,,
1708,555.5,555,556,2.31473171710968,2.27619409561157,2.35326933860779,,,,,,
1709,557.5,557,558,2.34030270576477,2.33759999275208,2.34300541877747,,,,,,
1710,559.5,559,560,2.43503391742706,2.42889404296875,2.44117379188538,,,,,,
1711,561.5,561,562,2.37031698226929,2.34939408302307,2.3912398815155,,,,,,
1712,563.5,563,564,2.36902856826782,2.29867315292358,2.43938398361206,,,,,,
1713,565.5,565,566,2.37428939342499,2.26763606071472,2.48094272613525,,,,,,
1714,567.5,567,568,2.48821580410004,2.40903329849243,2.56739830970764,,,,,,
1715,569.5,569,570,2.48230242729187,2.43672370910645,2.5278811454773,,,,,,
1716,571.5,571,572,2.46934962272644,2.42939114570618,2.5093080997467,,,,,,
1717,573.5,573,574,2.41787207126617,2.34436774253845,2.4913763999939,,,,,,
1718,575.5,575,576,2.40415179729462,2.3531346321106,2.45516896247864,,,,,,
1719,577.5,577,578,2.41151261329651,2.36576223373413,2.45726299285889,,,,,,
1720,579.5,579,580,2.34413576126099,2.33042407035828,2.3578474521637,,,,,,
1721,581.5,581,582,2.43986582756043,2.34196138381958,2.53777027130127,,,,,,
1722,583.5,583,584,2.35739195346832,2.28966927528381,2.42511463165283,,,,,,
1723,585.5,585,586,2.38204181194305,2.34838724136353,2.41569638252258,,,,,,
1724,587.5,587,588,2.39125144481659,2.34854054450989,2.43396234512329,,,,,,
1725,589.5,589,590,2.37375998497009,2.34431314468384,2.40320682525635,,,,,,
1726,591.5,591,592,2.32045650482178,2.26790738105774,2.37300562858582,,,,,,
1727,593.5,593,594,2.26632213592529,2.24009037017822,2.29255390167236,,,,,,
1728,595.5,595,596,2.45977652072907,2.32389497756958,2.59565806388855,,,,,,
1729,597.5,597,598,2.41951298713684,2.3681058883667,2.47092008590698,,,,,,
1730,599.5,599,600,2.43089830875397,2.37033534049988,2.49146127700806,,,,,,
1731,601.5,601,602,2.52486264705658,2.49280881881714,2.55691647529602,,,,,,
1732,603.5,603,604,2.47737383842468,2.42799997329712,2.52674770355225,,,,,,
1733,605.5,605,606,2.47375786304474,2.46451663970947,2.48299908638001,,,,,,
1734,607.5,607,608,2.42242860794067,2.34307551383972,2.50178170204163,,,,,,
1735,609.5,609,610,2.41724741458893,2.40184044837952,2.43265438079834,,,,,,
1736,611.5,611,612,2.41387295722961,2.36905169487,2.45869421958923,,,,,,
1737,613.5,613,614,2.49269330501556,2.43298196792603,2.5524046421051,,,,,,
1738,615.5,615,616,2.51173090934753,2.49659061431885,2.52687120437622,,,,,,
1739,617.5,617,618,2.44507026672363,2.41839694976807,2.4717435836792,,,,,,
1740,619.5,619,620,2.4500093460083,2.40122771263123,2.49879097938538,,,,,,
1741,621.5,621,622,2.39352107048035,2.35774040222168,2.42930173873901,,,,,,
1742,623.5,623,624,2.38236403465271,2.32660841941834,2.43811964988709,,,,,,
1743,625.5,625,626,2.4643771648407,2.4160795211792,2.5126748085022,,,,,,
1744,627.5,627,628,2.42987906932831,2.39629912376404,2.46345901489258,,,,,,
1745,629.5,629,630,2.49624598026276,2.38121056556702,2.6112813949585,,,,,,
1746,631.5,631,632,2.58019316196442,2.53197264671326,2.62841367721558,,,,,,
1747,633.5,633,634,2.41132354736328,2.36754941940308,2.45509767532349,,,,,,
1748,635.5,635,636,2.23912584781647,2.18205761909485,2.29619407653809,,,,,,
1749,637.5,637,638,2.34998691082001,2.31928610801697,2.38068771362305,,,,,,
1750,639.5,639,640,2.34770131111145,2.28640580177307,2.40899682044983,,,,,,
1751,641.5,641,642,2.45648968219757,2.41781735420227,2.49516201019287,,,,,,
1752,643.5,643,644,2.21572542190552,2.20091891288757,2.23053193092346,,,,,,
1753,645.5,645,646,2.37004780769348,2.26586294174194,2.47423267364502,,,,,,
1754,647.5,647,648,2.45230686664581,2.37589383125305,2.52871990203857,,,,,,
1755,649.5,649,650,2.39742994308472,2.34031057357788,2.45454931259155,,,,,,
1756,651.5,651,652,2.19186913967133,2.1855366230011,2.19820165634155,,,,,,
1757,653.5,653,654,2.53196632862091,2.49569511413574,2.56823754310608,,,,,,
1758,655.5,655,656,2.39881467819214,2.34188938140869,2.45573997497559,,,,,,
1759,657.5,657,658,2.34679913520813,2.31115508079529,2.38244318962097,,,,,,
1760,659.5,659,660,2.32322549819946,2.2469220161438,2.39952898025513,,,,,,
1761,661.5,661,662,2.26929187774658,2.25949096679688,2.27909278869629,,,,,,
1762,663.5,663,664,2.38186359405518,2.36673450469971,2.39699268341064,,,,,,
1763,665.5,665,666,2.46028232574463,2.4527599811554,2.46780467033386,,,,,,
1764,667.5,667,668,2.48419606685638,2.46743249893188,2.50095963478088,,,,,,
1765,669.5,669,670,2.39277291297913,2.32815456390381,2.45739126205444,,,,,,
1766,671.5,671,672,2.52883684635162,2.5176784992218,2.53999519348145,,,,,,
1767,673.5,673,674,2.33520114421845,2.28254079818726,2.38786149024963,,,,,,
1768,675.5,675,676,2.26530206203461,2.26278018951416,2.26782393455505,,,,,,
1769,677.5,677,678,2.40244746208191,2.37957191467285,2.42532300949097,,,,,,
1770,679.5,679,680,2.41714429855347,2.37493801116943,2.4593505859375,,,,,,
1771,681.5,681,682,2.5376136302948,2.53325414657593,2.54197311401367,,,,,,
1772,683.5,683,684,2.24724984169006,2.23842024803162,2.25607943534851,,,,,,
1773,685.5,685,686,2.26220941543579,2.23756146430969,2.28685736656189,,,,,,
1774,687.5,687,688,2.51840996742249,2.45210456848145,2.58471536636353,,,,,,
1775,689.5,689,690,2.47108376026154,2.47056746482849,2.47160005569458,,,,,,
1776,691.5,691,692,2.531813621521,2.48120260238647,2.58242464065552,,,,,,
1777,693.5,693,694,2.48208439350128,2.46418118476868,2.49998760223389,,,,,,
1778,695.5,695,696,2.427605509758,2.39054417610168,2.46466684341431,,,,,,
1779,697.5,697,698,2.33339238166809,2.29955768585205,2.36722707748413,,,,,,
1780,699.5,699,700,2.39032053947449,2.37510800361633,2.40553307533264,,,,,,
1781,701.5,701,702,2.41649258136749,2.39489841461182,2.43808674812317,,,,,,
1782,703.5,703,704,2.4802770614624,2.40773749351501,2.55281662940979,,,,,,
1783,705.5,705,706,2.45376443862915,2.44854068756104,2.45898818969727,,,,,,
1784,707.5,707,708,2.41033613681793,2.40603828430176,2.41463398933411,,,,,,
1785,709.5,709,710,2.33192336559296,2.23351168632507,2.43033504486084,,,,,,
1786,711.5,711,712,2.48872303962708,2.44933032989502,2.52811574935913,,,,,,
1787,713.5,713,714,2.37391090393066,2.34517002105713,2.4026517868042,,,,,,
1788,715.5,715,716,2.39314913749695,2.33993101119995,2.44636726379395,,,,,,
1789,717.5,717,718,2.45326483249664,2.40109348297119,2.50543618202209,,,,,,
1790,719.5,719,720,2.35542964935303,2.30676746368408,2.40409183502197,,,,,,
1791,721.5,721,722,2.34674561023712,2.34004473686218,2.35344648361206,,,,,,
1792,723.5,723,724,2.45713376998901,2.41967701911926,2.49459052085876,,,,,,
1793,725.5,725,726,2.36626601219177,2.28881478309631,2.44371724128723,,,,,,
1794,727.5,727,728,2.44154441356659,2.34202575683594,2.54106307029724,,,,,,
1795,729.5,729,730,2.44558322429657,2.3596613407135,2.53150510787964,,,,,,
1796,731.5,731,732,2.34328353404999,2.24342060089111,2.44314646720886,,,,,,
1797,733.5,733,734,2.44717717170715,2.39623594284058,2.49811840057373,,,,,,
1798,735.5,735,736,2.44815516471863,2.36508846282959,2.53122186660767,,,,,,
1799,737.5,737,738,2.40263187885284,2.39571785926819,2.4095458984375,,,,,,
1800,739.5,739,740,2.31448948383331,2.23730897903442,2.3916699886322,,,,,,
1801,741.5,741,742,2.34209895133972,2.31449699401855,2.36970090866089,,,,,,
1802,743.5,743,744,2.39832758903503,2.37257623672485,2.42407894134522,,,,,,
1803,745.5,745,746,2.39987540245056,2.35677027702332,2.44298052787781,,,,,,
1804,747.5,747,748,2.32663381099701,2.30103135108948,2.35223627090454,,,,,,
1805,749.5,749,750,2.40906357765198,2.37668943405151,2.44143772125244,,,,,,
1806,751.5,751,752,2.33799374103546,2.32299828529358,2.35298919677734,,,,,,
1807,753.5,753,754,2.42718076705933,2.41580390930176,2.43855762481689,,,,,,
1808,755.5,755,756,2.47197282314301,2.46604156494141,2.4779040813446,,,,,,
1809,757.5,757,758,2.37352538108826,2.30497074127197,2.44208002090454,,,,,,
1810,759.5,759,760,2.44354653358459,2.43130254745483,2.45579051971436,,,,,,
1811,761.5,761,762,2.47899949550629,2.4301962852478,2.52780270576477,,,,,,
1812,763.5,763,764,2.38375949859619,2.3827383518219,2.38478064537048,,,,,,
1813,765.5,765,766,2.39941918849945,2.29744386672974,2.50139451026917,,,,,,
1814,767.5,767,768,2.42489147186279,2.35943651199341,2.49034643173218,,,,,,
1815,769.5,769,770,2.39485836029053,2.30595636367798,2.48376035690308,,,,,,
1816,771.5,771,772,2.36209189891815,2.30867266654968,2.41551113128662,,,,,,
1817,773.5,773,774,2.4227032661438,2.40329217910767,2.44211435317993,,,,,,
1818,775.5,775,776,2.46471726894379,2.46307468414307,2.46635985374451,,,,,,
1819,777.5,777,778,2.4344824552536,2.41661858558655,2.45234632492065,,,,,,
1820,779.5,779,780,2.21836423873901,2.18807554244995,2.24865293502808,,,,,,
1821,781.5,781,782,2.37825810909271,2.35283350944519,2.40368270874023,,,,,,
1822,783.5,783,784,2.30362260341644,2.19075417518616,2.41649103164673,,,,,,
1823,785.5,785,786,2.43747866153717,2.36204266548157,2.51291465759277,,,,,,
1824,787.5,787,788,2.48391807079315,2.47890901565552,2.48892712593079,,,,,,
1825,789.5,789,790,2.36919951438904,2.28142857551575,2.45697045326233,,,,,,
1826,791.5,791,792,2.32817733287811,2.30702781677246,2.34932684898376,,,,,,
1827,793.5,793,794,2.37050175666809,2.31151008605957,2.42949342727661,,,,,,
1828,795.5,795,796,2.38549220561981,2.38253855705261,2.38844585418701,,,,,,
1829,797.5,797,798,2.38020265102386,2.35001063346863,2.4103946685791,,,,,,
1830,799.5,799,800,2.44787204265595,2.37108945846558,2.52465462684631,,,,,,
1831,801.5,801,802,2.44791924953461,2.41840767860413,2.47743082046509,,,,,,
1832,803.5,803,804,2.42258727550507,2.37716865539551,2.46800589561462,,,,,,
1833,805.5,805,806,2.32882189750671,2.31297874450684,2.34466505050659,,,,,,
1834,807.5,807,808,2.38658094406128,2.35661840438843,2.41654348373413,,,,,,
1835,809.5,809,810,2.36727666854858,2.35633111000061,2.37822222709656,,,,,,
1836,811.5,811,812,2.35681414604187,2.31226921081543,2.40135908126831,,,,,,
1837,813.5,813,814,2.31643033027649,2.26451635360718,2.3683443069458,,,,,,
1838,815.5,815,816,2.38141524791718,2.371253490448,2.39157700538635,,,,,,
1839,817.5,817,818,2.31800496578217,2.26580095291138,2.37020897865295,,,,,,
1840,819.5,819,820,2.31433427333832,2.30696821212769,2.32170033454895,,,,,,
1841,821.5,821,822,2.46161365509033,2.39403533935547,2.5291919708252,,,,,,
1842,823.5,823,824,2.25475645065308,2.2180004119873,2.29151248931885,,,,,,
1843,825.5,825,826,2.44659209251404,2.44533443450928,2.4478497505188,,,,,,
1844,827.5,827,828,2.38803637027741,2.34433913230896,2.43173360824585,,,,,,
1845,829.5,829,830,2.44543743133545,2.35800457000732,2.53287029266357,,,,,,
1846,831.5,831,832,2.42089700698853,2.39118671417236,2.45060729980469,,,,,,
1847,833.5,833,834,2.30370879173279,2.29486036300659,2.31255722045898,,,,,,
1848,835.5,835,836,2.33978080749512,2.29526424407959,2.38429737091064,,,,,,
1849,837.5,837,838,2.34456074237824,2.31568360328674,2.37343788146973,,,,,,
1850,839.5,839,840,2.36968314647675,2.33840608596802,2.40096020698547,,,,,,
1851,841.5,841,842,2.44234955310822,2.39478421211243,2.489914894104,,,,,,
1852,843.5,843,844,2.29958188533783,2.28718376159668,2.31198000907898,,,,,,
1853,845.5,845,846,2.4750884771347,2.3642749786377,2.58590197563171,,,,,,
1854,847.5,847,848,2.44655656814575,2.44611883163452,2.44699430465698,,,,,,
1855,849.5,849,850,2.38093686103821,2.3235809803009,2.43829274177551,,,,,,
1856,851.5,851,852,2.43767249584198,2.37217283248901,2.50317215919495,,,,,,
1857,853.5,853,854,2.33657038211823,2.23371505737305,2.4394257068634,,,,,,
1858,855.5,855,856,2.3549896478653,2.31484961509705,2.39512968063355,,,,,,
1859,857.5,857,858,2.28603911399841,2.259605884552,2.31247234344482,,,,,,
1860,859.5,859,860,2.44060051441193,2.38470482826233,2.49649620056152,,,,,,
1861,861.5,861,862,2.31981635093689,2.31917381286621,2.32045888900757,,,,,,
1862,863.5,863,864,2.31517505645752,2.27534103393555,2.35500907897949,,,,,,
1863,865.5,865,866,2.20045125484467,2.14527797698975,2.25562453269959,,,,,,
1864,867.5,867,868,2.48626124858856,2.36961054801941,2.60291194915772,,,,,,
1865,869.5,869,870,2.50192451477051,2.48344850540161,2.5204005241394,,,,,,
1866,871.5,871,872,2.44971299171448,2.33736562728882,2.56206035614014,,,,,,
1867,873.5,873,874,2.40352022647858,2.3206627368927,2.48637771606445,,,,,,
1868,875.5,875,876,2.41641521453857,2.40954971313477,2.42328071594238,,,,,,
1869,877.5,877,878,2.48612952232361,2.39406132698059,2.57819771766663,,,,,,
1870,879.5,879,880,2.48526203632355,2.47707509994507,2.49344897270203,,,,,,
1871,881.5,881,882,2.40519297122955,2.29028463363647,2.52010130882263,,,,,,
1872,883.5,883,884,2.40894162654877,2.33823919296265,2.47964406013489,,,,,,
1873,885.5,885,886,2.34011602401733,2.21620988845825,2.46402215957642,,,,,,
1874,887.5,887,888,2.4441488981247,2.44282579421997,2.44547200202942,,,,,,
1875,889.5,889,890,2.2770848274231,2.22214412689209,2.3320255279541,,,,,,
1876,891.5,891,892,2.42111825942993,2.34250164031982,2.49973487854004,,,,,,
1877,893.5,893,894,2.41925859451294,2.40173530578613,2.43678188323975,,,,,,
1878,895.5,895,896,2.31896352767944,2.18982744216919,2.4480996131897,,,,,,
1879,897.5,897,898,2.39261507987976,2.36146020889282,2.4237699508667,,,,,,
1880,899.5,899,900,2.36125612258911,2.32440137863159,2.39811086654663,,,,,,
1881,901.5,901,902,2.42019259929657,2.36213326454163,2.47825193405151,,,,,,
1882,903.5,903,904,2.41876649856567,2.37473368644714,2.4627993106842,,,,,,
1883,905.5,905,906,2.38606595993042,2.35468745231628,2.41744446754456,,,,,,
1884,907.5,907,908,2.40202510356903,2.28634309768677,2.51770710945129,,,,,,
1885,909.5,909,910,2.31120383739471,2.30474376678467,2.31766390800476,,,,,,
1886,911.5,911,912,2.42674398422241,2.39190649986267,2.46158146858215,,,,,,
1887,913.5,913,914,2.48286604881287,2.40223550796509,2.56349658966064,,,,,,
1888,915.5,915,916,2.32314574718475,2.25504040718079,2.39125108718872,,,,,,
1889,917.5,917,918,2.35201942920685,2.32637596130371,2.37766289710999,,,,,,
1890,919.5,919,920,2.42243373394012,2.27578020095825,2.569087266922,,,,,,
1891,921.5,921,922,2.31877183914185,2.23641729354858,2.40112638473511,,,,,,
1892,923.5,923,924,2.29583275318146,2.2655873298645,2.32607817649841,,,,,,
1893,925.5,925,926,2.26914608478546,2.21601963043213,2.32227253913879,,,,,,
1894,927.5,927,928,2.44359624385834,2.43791437149048,2.4492781162262,,,,,,
1895,929.5,929,930,2.36949861049652,2.31234002113342,2.42665719985962,,,,,,
1896,931.5,931,932,2.36743998527527,2.36140394210815,2.37347602844238,,,,,,
1897,933.5,933,934,2.34281003475189,2.31929540634155,2.36632466316223,,,,,,
1898,935.5,935,936,2.38628268241882,2.35664486885071,2.41592049598694,,,,,,
1899,937.5,937,938,2.27888202667236,2.27578926086426,2.28197479248047,,,,,,
1900,939.5,939,940,2.38638377189636,2.31968021392822,2.4530873298645,,,,,,
1901,941.5,941,942,2.28620672225952,2.19355392456055,2.3788595199585,,,,,,
1902,943.5,943,944,2.24458241462708,2.21325445175171,2.27591037750244,,,,,,
1903,945.5,945,946,2.29116714000702,2.26128530502319,2.32104897499084,,,,,,
1904,947.5,947,948,2.37365424633026,2.25390100479126,2.49340748786926,,,,,,
1905,949.5,949,950,2.44841003417969,2.42489385604858,2.47192621231079,,,,,,
1906,951.5,951,952,2.48733460903168,2.4339451789856,2.54072403907776,,,,,,
1907,953.5,953,954,2.39675188064575,2.28169012069702,2.51181364059448,,,,,,
1908,955.5,955,956,2.40937650203705,2.39088845252991,2.42786455154419,,,,,,
1909,957.5,957,958,2.44490885734558,2.40129518508911,2.48852252960205,,,,,,
1910,959.5,959,960,2.31396853923798,2.23700070381165,2.39093637466431,,,,,,
1911,961.5,961,962,2.44228112697601,2.43188667297363,2.45267558097839,,,,,,
1912,963.5,963,964,2.30997037887573,2.24071049690247,2.379230260849,,,,,,
1913,965.5,965,966,2.33618855476379,2.27977657318115,2.39260053634644,,,,,,
1914,967.5,967,968,2.39392173290253,2.39359188079834,2.39425158500671,,,,,,
1915,969.5,969,970,2.3593362569809,2.28704643249512,2.43162608146668,,,,,,
1916,971.5,971,972,2.32529008388519,2.25554466247559,2.3950355052948,,,,,,
1917,973.5,973,974,2.33035457134247,2.28412508964539,2.37658405303955,,,,,,
1918,975.5,975,976,2.46662449836731,2.45276403427124,2.48048496246338,,,,,,
1919,977.5,977,978,2.41935729980469,2.39992237091064,2.43879222869873,,,,,,
1920,979.5,979,980,2.34582602977753,2.2948739528656,2.39677810668945,,,,,,
1921,981.5,981,982,2.49123287200928,2.4439697265625,2.53849601745605,,,,,,
1922,983.5,983,984,2.38095819950104,2.34101843833923,2.42089796066284,,,,,,
1923,985.5,985,986,2.41768646240234,2.36670804023743,2.46866488456726,,,,,,
1924,987.5,987,988,2.50547873973846,2.39366388320923,2.6172935962677,,,,,,
1925,989.5,989,990,2.37976789474487,2.34483623504639,2.41469955444336,,,,,,
1926,991.5,991,992,2.48401665687561,2.40157413482666,2.56645917892456,,,,,,
1927,993.5,993,994,2.23764252662659,2.18473196029663,2.29055309295654,,,,,,
1928,995.5,995,996,2.39285063743591,2.38572359085083,2.399977684021,,,,,,
1929,997.5,997,998,2.29074358940125,2.22064542770386,2.36084175109863,,,,,,
1930,999.5,999,1000,2.3826379776001,2.31112957000732,2.45414638519287,,,,,,
1931,1001.5,1001,1002,2.36343669891357,2.30416440963745,2.4227089881897,,,,,,
1932,1003.5,1003,1004,2.45310533046722,2.37321591377258,2.53299474716187,,,,,,
1933,1005.5,1005,1006,2.42610454559326,2.34436368942261,2.50784540176392,,,,,,
1934,1007.5,1007,1008,2.37201774120331,2.3307318687439,2.41330361366272,,,,,,
1935,1009.5,1009,1010,2.37246596813202,2.29538893699646,2.44954299926758,,,,,,
1936,1011.5,1011,1012,2.41787087917328,2.35390686988831,2.48183488845825,,,,,,
1937,1013.5,1013,1014,2.39092445373535,2.37388372421265,2.40796518325806,,,,,,
1938,1015.5,1015,1016,2.47604262828827,2.41402935981751,2.53805589675903,,,,,,
1939,1017.5,1017,1018,2.45261454582214,2.35192251205444,2.55330657958984,,,,,,
1940,1019.5,1019,1020,2.21322655677795,2.18524885177612,2.24120426177979,,,,,,
1941,1021.5,1021,1022,2.36384296417236,2.32248139381409,2.40520453453064,,,,,,
1942,1023.5,1023,1024,2.32480275630951,2.26685667037964,2.38274884223938,,,,,,
1943,1025.5,1025,1026,2.36021041870117,2.34387063980103,2.37655019760132,,,,,,
1944,1027.5,1027,1028,2.33339977264404,2.31247282028198,2.3543267250061,,,,,,
1945,1029.5,1029,1030,2.41414475440979,2.38777565956116,2.44051384925842,,,,,,
1946,1031.5,1031,1032,2.464998960495,2.44649457931519,2.4835033416748,,,,,,
1947,1033.5,1033,1034,2.29554378986359,2.24712610244751,2.34396147727966,,,,,,
1948,1035.5,1035,1036,2.31549203395844,2.19025826454163,2.44072580337524,,,,,,
1949,1037.5,1037,1038,2.33727264404297,2.19594478607178,2.47860050201416,,,,,,
1950,1039.5,1039,1040,2.50755822658539,2.48315477371216,2.53196167945862,,,,,,
1951,1041.5,1041,1042,2.29463088512421,2.21456575393677,2.37469601631165,,,,,,
1952,1043.5,1043,1044,2.19565224647522,2.14823603630066,2.24306845664978,,,,,,
1953,1045.5,1045,1046,2.34197795391083,2.33394598960876,2.35000991821289,,,,,,
1954,1047.5,1047,1048,2.43583810329437,2.43150520324707,2.44017100334168,,,,,,
1955,1049.5,1049,1050,2.21263134479523,2.15923547744751,2.26602721214294,,,,,,
1956,1051.5,1051,1052,2.29628252983093,2.23717331886292,2.35539174079895,,,,,,
1957,1053.5,1053,1054,2.35541641712189,2.3139750957489,2.39685773849487,,,,,,
1958,1055.5,1055,1056,2.31480443477631,2.2294864654541,2.40012240409851,,,,,,
1959,1057.5,1057,1058,2.36890006065369,2.27368950843811,2.46411061286926,,,,,,
1960,1059.5,1059,1060,2.2831072807312,2.21054840087891,2.3556661605835,,,,,,
1961,1061.5,1061,1062,2.40879440307617,2.36315727233887,2.45443153381348,,,,,,
1962,1063.5,1063,1064,2.31050646305084,2.30602526664734,2.31498765945435,,,,,,
1963,1065.5,1065,1066,2.33345687389374,2.28834366798401,2.37857007980347,,,,,,
1964,1067.5,1067,1068,2.37584698200226,2.34777522087097,2.40391874313355,,,,,,
1965,1069.5,1069,1070,2.18193197250366,2.14647150039673,2.2173924446106,,,,,,
1966,1071.5,1071,1072,2.37498986721039,2.34077095985413,2.40920877456665,,,,,,
1967,1073.5,1073,1074,2.35336542129517,2.30173301696777,2.40499782562256,,,,,,
1968,1075.5,1075,1076,2.23257577419281,2.17405891418457,2.29109263420105,,,,,,
1969,1077.5,1077,1078,2.30352640151978,2.30039429664612,2.30665850639343,,,,,,
1970,1079.5,1079,1080,2.35958635807037,2.32234120368958,2.39683151245117,,,,,,
1971,1081.5,1081,1082,2.41206336021423,2.39928483963013,2.42484188079834,,,,,,
1972,1083.5,1083,1084,2.37483084201813,2.34376955032349,2.40589213371277,,,,,,
1973,1085.5,1085,1086,2.23204398155212,2.19343185424805,2.2706561088562,,,,,,
1974,1087.5,1087,1088,2.28724539279938,2.25515937805176,2.319331407547,,,,,,
1975,1089.5,1089,1090,2.39519464969635,2.31512403488159,2.47526526451111,,,,,,
1976,1091.5,1091,1092,2.42008376121521,2.39083576202393,2.44933176040649,,,,,,
1977,1093.5,1093,1094,2.35878539085388,2.27248287200928,2.44508790969849,,,,,,
1978,1095.5,1095,1096,2.32308197021484,2.28253269195557,2.36363124847412,,,,,,
1979,1097.5,1097,1098,2.28152513504028,2.24389052391052,2.31915974617004,,,,,,
1980,1099.5,1099,1100,2.35050237178803,2.34284019470215,2.3581645488739,,,,,,
1981,1101.5,1101,1102,2.25332415103912,2.15971803665161,2.34693026542664,,,,,,
1982,1103.5,1103,1104,2.48879158496857,2.41682291030884,2.5607602596283,,,,,,
1983,1105.5,1105,1106,2.26620852947235,2.23047876358032,2.30193829536438,,,,,,
1984,1107.5,1107,1108,2.37746810913086,2.31636071205139,2.43857550621033,,,,,,
1985,1109.5,1109,1110,2.39614272117615,2.35818099975586,2.43410444259644,,,,,,
1986,1111.5,1111,1112,2.3319947719574,2.22559499740601,2.43839454650879,,,,,,
1987,1113.5,1113,1114,2.38789927959442,2.37976598739624,2.3960325717926,,,,,,
1988,1115.5,1115,1116,2.27802705764771,2.27713966369629,2.27891445159912,,,,,,
1989,1117.5,1117,1118,2.25264060497284,2.18455028533936,2.32073092460632,,,,,,
1990,1119.5,1119,1120,2.31615614891052,2.22567892074585,2.4066333770752,,,,,,
1991,1121.5,1121,1122,2.27929270267487,2.26766610145569,2.29091930389404,,,,,,
1992,1123.5,1123,1124,2.33941769599915,2.20632266998291,2.47251272201538,,,,,,
1993,1125.5,1125,1126,2.26158833503723,2.22138023376465,2.30179643630981,,,,,,
1994,1127.5,1127,1128,2.25173628330231,2.19237923622131,2.3110933303833,,,,,,
1995,1129.5,1129,1130,2.38746869564056,2.33584117889404,2.43909621238709,,,,,,
1996,1131.5,1131,1132,2.36853873729706,2.29199504852295,2.44508242607117,,,,,,
1997,1133.5,1133,1134,2.30069470405579,2.27557325363159,2.32581615447998,,,,,,
1998,1135.5,1135,1136,2.26570248603821,2.21338176727295,2.31802320480347,,,,,,
1999,1137.5,1137,1138,2.40040183067322,2.34791398048401,2.45288968086243,,,,,,
2000,1139.5,1139,1140,2.29646277427673,2.28498935699463,2.30793619155884,,,,,,
2001,1141.5,1141,1142,2.35283815860748,2.25985407829285,2.44582223892212,,,,,,
2002,1143.5,1143,1144,2.29170322418213,2.28911972045898,2.29428672790527,,,,,,
2003,1145.5,1145,1146,2.31418001651764,2.28250741958618,2.3458526134491,,,,,,
2004,1147.5,1147,1148,2.41429805755615,2.39899230003357,2.42960381507874,,,,,,
2005,1149.5,1149,1150,2.3158506155014,2.27114319801331,2.3605580329895,,,,,,
2006,1151.5,1151,1152,2.32185578346252,2.24373507499695,2.3999764919281,,,,,,
2007,1153.5,1153,1154,2.31471037864685,2.27860188484192,2.35081887245178,,,,,,
2008,1155.5,1155,1156,2.27437448501587,2.24208641052246,2.30666255950928,,,,,,
2009,1157.5,1157,1158,2.27335977554321,2.24233770370483,2.30438184738159,,,,,,
2010,1159.5,1159,1160,2.17053914070129,2.16424608230591,2.17683219909668,,,,,,
2011,1161.5,1161,1162,2.41158699989319,2.37812495231628,2.44504904747009,,,,,,
2012,1163.5,1163,1164,2.26596021652222,2.2407054901123,2.29121494293213,,,,,,
2013,1165.5,1165,1166,2.25909721851349,2.20445466041565,2.31373977661133,,,,,,
2014,1167.5,1167,1168,2.40089249610901,2.34796738624573,2.45381760597229,,,,,,
2015,1169.5,1169,1170,2.34046256542206,2.30507874488831,2.37584638595581,,,,,,
2016,1171.5,1171,1172,2.27053904533386,2.26565980911255,2.27541828155518,,,,,,
2017,1173.5,1173,1174,2.35706698894501,2.33822178840637,2.37591218948364,,,,,,
2018,1175.5,1175,1176,2.27822184562683,2.17857646942139,2.37786722183228,,,,,,
2019,1177.5,1177,1178,2.44180846214294,2.40088558197022,2.48273134231567,,,,,,
2020,1179.5,1179,1180,2.3722175359726,2.36877870559692,2.37565636634827,,,,,,
2021,1181.5,1181,1182,2.20616590976715,2.15047407150269,2.26185774803162,,,,,,
2022,1183.5,1183,1184,2.28398931026459,2.18028807640076,2.38769054412842,,,,,,
2023,1185.5,1185,1186,2.39499008655548,2.27865409851074,2.51132607460022,,,,,,
2024,1187.5,1187,1188,2.45811295509338,2.41786742210388,2.49835848808289,,,,,,
2025,1189.5,1189,1190,2.22575664520264,2.18969631195068,2.26181697845459,,,,,,
2026,1191.5,1191,1192,2.35731327533722,2.26502275466919,2.44960379600525,,,,,,
2027,1193.5,1193,1194,2.28335165977478,2.27374362945557,2.29295969009399,,,,,,
2028,1195.5,1195,1196,2.32846426963806,2.31863355636597,2.33829498291016,,,,,,
2029,1197.5,1197,1198,2.24843728542328,2.1824197769165,2.31445479393005,,,,,,
2030,1199.5,1199,1200,2.23650360107422,2.20312929153442,2.26987791061401,,,,,,
2031,1201.5,1201,1202,2.35282170772553,2.31924962997437,2.38639378547668,,,,,,
2032,1203.5,1203,1204,2.41036784648895,2.40212225914001,2.41861343383789,,,,,,
2033,1205.5,1205,1206,2.41965281963348,2.37766289710999,2.46164274215698,,,,,,
2034,1207.5,1207,1208,2.47356474399567,2.41175580024719,2.53537368774414,,,,,,
2035,1209.5,1209,1210,2.24375653266907,2.24302196502686,2.24449110031128,,,,,,
2036,1211.5,1211,1212,2.32605302333832,2.25232362747192,2.39978241920471,,,,,,
2037,1213.5,1213,1214,2.12483143806458,2.08179664611816,2.16786623001099,,,,,,
2038,1215.5,1215,1216,2.20863854885101,2.14708161354065,2.27019548416138,,,,,,
2039,1217.5,1217,1218,2.29898285865784,2.23259544372559,2.36537027359009,,,,,,
2040,1219.5,1219,1220,2.35464060306549,2.26362347602844,2.44565773010254,,,,,,
2041,1221.5,1221,1222,2.28756475448608,2.25407099723816,2.32105851173401,,,,,,
2042,1223.5,1223,1224,2.3081568479538,2.28640294075012,2.32991075515747,,,,,,
2043,1225.5,1225,1226,2.30311501026154,2.29518985748291,2.31104016304016,,,,,,
2044,1227.5,1227,1228,2.28669416904449,2.21554636955261,2.35784196853638,,,,,,
2045,1229.5,1229,1230,2.44840180873871,2.38910818099976,2.50769543647766,,,,,,
2046,1231.5,1231,1232,2.25184345245361,2.21971082687378,2.28397607803345,,,,,,
2047,1233.5,1233,1234,2.3645350933075,2.23223900794983,2.49683117866516,,,,,,
2048,1235.5,1235,1236,2.30746221542358,2.29793214797974,2.31699228286743,,,,,,
2049,1237.5,1237,1238,2.24108815193176,2.18142032623291,2.30075597763062,,,,,,
2050,1239.5,1239,1240,2.32001042366028,2.25886392593384,2.38115692138672,,,,,,
2051,1241.5,1241,1242,2.3204151391983,2.28004598617554,2.36078429222107,,,,,,
2052,1243.5,1243,1244,2.43441605567932,2.39693927764893,2.47189283370972,,,,,,
2053,1245.5,1245,1246,2.41889083385468,2.38589453697205,2.4518871307373,,,,,,
2054,1247.5,1247,1248,2.33837068080902,2.23460412025452,2.44213724136353,,,,,,
2055,1249.5,1249,1250,2.36108934879303,2.34578800201416,2.3763906955719,,,,,,
2056,1251.5,1251,1252,2.30964517593384,2.25124359130859,2.36804676055908,,,,,,
2057,1253.5,1253,1254,2.34160149097443,2.29467415809631,2.38852882385254,,,,,,
2058,1255.5,1255,1256,2.32202899456024,2.28678965568543,2.35726833343506,,,,,,
2059,1257.5,1257,1258,2.30299639701843,2.29365277290344,2.31234002113342,,,,,,
2060,1259.5,1259,1260,2.43342339992523,2.39124655723572,2.47560024261475,,,,,,
2061,1261.5,1261,1262,2.20269346237183,2.18717432022095,2.21821260452271,,,,,,
2062,1263.5,1263,1264,2.34571278095245,2.2516496181488,2.4397759437561,,,,,,
2063,1265.5,1265,1266,2.29482889175415,2.22481513023376,2.36484265327454,,,,,,
2064,1267.5,1267,1268,2.25770390033722,2.14728903770447,2.36811876296997,,,,,,
2065,1269.5,1269,1270,2.33385515213013,2.29409456253052,2.37361574172974,,,,,,
2066,1271.5,1271,1272,2.42601346969605,2.39734673500061,2.45468020439148,,,,,,
2067,1273.5,1273,1274,2.34952890872955,2.32973027229309,2.36932754516602,,,,,,
2068,1275.5,1275,1276,2.36772549152374,2.36633729934692,2.36911368370056,,,,,,
2069,1277.5,1277,1278,2.35552084445953,2.35302519798279,2.35801649093628,,,,,,
2070,1279.5,1279,1280,2.31102776527405,2.13811826705933,2.48393726348877,,,,,,
2071,1281.5,1281,1282,2.3435560464859,2.31493997573853,2.37217211723328,,,,,,
2072,1283.5,1283,1284,2.3367360830307,2.308424949646,2.36504721641541,,,,,,
2073,1285.5,1285,1286,2.28019070625305,2.27483320236206,2.28554821014404,,,,,,
2074,1287.5,1287,1288,2.32554137706757,2.28294515609741,2.36813759803772,,,,,,
2075,1289.5,1289,1290,2.40803897380829,2.36676740646362,2.44931054115295,,,,,,
2076,1291.5,1291,1292,2.21407449245453,2.19335985183716,2.2347891330719,,,,,,
2077,1293.5,1293,1294,2.19686579704285,2.17136979103088,2.22236180305481,,,,,,
2078,1295.5,1295,1296,2.25721418857574,2.14097380638123,2.37345457077026,,,,,,
2079,1297.5,1297,1298,2.29778826236725,2.2972674369812,2.2983090877533,,,,,,
2080,1299.5,1299,1300,2.27144253253937,2.21483969688416,2.32804536819458,,,,,,
2081,1301.5,1301,1302,2.37841713428497,2.26754665374756,2.48928761482239,,,,,,
2082,1303.5,1303,1304,2.41821694374084,2.38848161697388,2.44795227050781,,,,,,
2083,1305.5,1305,1306,2.27370989322662,2.2697765827179,2.27764320373535,,,,,,
2084,1307.5,1307,1308,2.26759219169617,2.17622661590576,2.35895776748657,,,,,,
2085,1309.5,1309,1310,2.45206844806671,2.40142130851746,2.50271558761597,,,,,,
2086,1311.5,1311,1312,2.29370057582855,2.27803134918213,2.30936980247498,,,,,,
2087,1313.5,1313,1314,2.30994486808777,2.27660799026489,2.34328174591064,,,,,,
2088,1315.5,1315,1316,2.19177830219269,2.17688727378845,2.20666933059692,,,,,,
2089,1317.5,1317,1318,2.20150864124298,2.20114850997925,2.20186877250671,,,,,,
2090,1319.5,1319,1320,2.29834258556366,2.20519399642944,2.39149117469788,,,,,,
2091,1321.5,1321,1322,2.27356731891632,2.19510078430176,2.35203385353088,,,,,,
2092,1323.5,1323,1324,2.25422501564026,2.18170213699341,2.32674789428711,,,,,,
2093,1325.5,1325,1326,2.30204260349274,2.26010513305664,2.34398007392883,,,,,,
2094,1327.5,1327,1328,2.33419477939606,2.27716779708862,2.39122176170349,,,,,,
2095,1329.5,1329,1330,2.28669619560242,2.21674871444702,2.35664367675781,,,,,,
2096,1331.5,1331,1332,2.27472507953644,2.17780709266663,2.37164306640625,,,,,,
2097,1333.5,1333,1334,2.2571268081665,2.18648219108582,2.32777142524719,,,,,,
2098,1335.5,1335,1336,2.30552768707275,2.30250358581543,2.30855178833008,,,,,,
2099,1337.5,1337,1338,2.3737850189209,2.2939019203186,2.45366811752319,,,,,,
2100,1339.5,1339,1340,2.27698600292206,2.23578500747681,2.31818699836731,,,,,,
2101,1341.5,1341,1342,2.24991011619568,2.14232301712036,2.357497215271,,,,,,
2102,1343.5,1343,1344,2.39412784576416,2.37423181533813,2.41402387619019,,,,,,
2103,1345.5,1345,1346,2.14831840991974,2.09946775436401,2.19716906547546,,,,,,
2104,1347.5,1347,1348,2.30461859703064,2.27764630317688,2.3315908908844,,,,,,
2105,1349.5,1349,1350,2.29910898208618,2.26120853424072,2.33700942993164,,,,,,
2106,1351.5,1351,1352,2.40759801864624,2.38990092277527,2.42529511451721,,,,,,
2107,1353.5,1353,1354,2.42598104476929,2.30161261558533,2.55034947395325,,,,,,
2108,1355.5,1355,1356,2.40465497970581,2.35638165473938,2.45292830467224,,,,,,
2109,1357.5,1357,1358,2.44105708599091,2.32713866233826,2.55497550964355,,,,,,
2110,1359.5,1359,1360,2.24060797691345,2.21009087562561,2.27112507820129,,,,,,
2111,1361.5,1361,1362,2.35496842861176,2.32017493247986,2.38976192474365,,,,,,
2112,1363.5,1363,1364,2.28033900260925,2.26339912414551,2.297278881073,,,,,,
2113,1365.5,1365,1366,2.45644688606262,2.43259477615356,2.48029899597168,,,,,,
2114,1367.5,1367,1368,2.25880897045136,2.23496723175049,2.28265070915222,,,,,,
2115,1369.5,1369,1370,2.27111709117889,2.25899982452393,2.28323435783386,,,,,,
2116,1371.5,1371,1372,2.25562715530396,2.17550706863403,2.33574724197388,,,,,,
2117,1373.5,1373,1374,2.37345385551453,2.33842444419861,2.40848326683044,,,,,,
2118,1375.5,1375,1376,2.35033893585205,2.32992792129517,2.37074995040894,,,,,,
2119,1377.5,1377,1378,2.29026460647583,2.25822615623474,2.32230305671692,,,,,,
2120,1379.5,1379,1380,2.44096839427948,2.42480993270874,2.45712685585022,,,,,,
2121,1381.5,1381,1382,2.19475781917572,2.14745712280273,2.24205851554871,,,,,,
2122,1383.5,1383,1384,2.23720264434814,2.19806432723999,2.2763409614563,,,,,,
2123,1385.5,1385,1386,2.26399040222168,2.23650217056274,2.29147863388062,,,,,,
2124,1387.5,1387,1388,2.31707429885864,2.31173133850098,2.32241725921631,,,,,,
2125,1389.5,1389,1390,2.28223121166229,2.27373385429382,2.29072856903076,,,,,,
2126,1391.5,1391,1392,2.25060105323792,2.23493456840515,2.26626753807068,,,,,,
2127,1393.5,1393,1394,2.30011367797852,2.26931118965149,2.33091616630554,,,,,,
2128,1395.5,1395,1396,2.24137091636658,2.15672206878662,2.32601976394653,,,,,,
2129,1397.5,1397,1398,2.28555750846863,2.23841428756714,2.33270072937012,,,,,,
2130,1399.5,1399,1400,2.33784484863281,2.24388027191162,2.431809425354,,,,,,
2131,1401.5,1401,1402,2.3018342256546,2.26349949836731,2.34016895294189,,,,,,
2132,1403.5,1403,1404,2.27435326576233,2.21810078620911,2.33060574531555,,,,,,
2133,1405.5,1405,1406,2.18396413326263,2.13692617416382,2.23100209236145,,,,,,
2134,1407.5,1407,1408,2.33393514156342,2.2824809551239,2.38538932800293,,,,,,
2135,1409.5,1409,1410,2.31107437610626,2.22369813919067,2.39845061302185,,,,,,
2136,1411.5,1411,1412,2.36812877655029,2.28114032745361,2.45511722564697,,,,,,
2137,1413.5,1413,1414,2.3005383014679,2.24851870536804,2.35255789756775,,,,,,
2138,1415.5,1415,1416,2.39576387405396,2.28253650665283,2.50899124145508,,,,,,
2139,1417.5,1417,1418,2.16340363025665,2.1356680393219,2.19113922119141,,,,,,
2140,1419.5,1419,1420,2.2329615354538,2.22872304916382,2.23720002174377,,,,,,
2141,1421.5,1421,1422,2.37507927417755,2.32948279380798,2.42067575454712,,,,,,
2142,1423.5,1423,1424,2.36218273639679,2.32125806808472,2.40310740470886,,,,,,
2143,1425.5,1425,1426,2.41505765914917,2.35883140563965,2.47128391265869,,,,,,
2144,1427.5,1427,1428,2.46640491485596,2.40566372871399,2.52714610099793,,,,,,
2145,1429.5,1429,1430,2.41323375701904,2.32479071617126,2.50167679786682,,,,,,
2146,1431.5,1431,1432,2.29086756706238,2.2248272895813,2.35690784454346,,,,,,
2147,1433.5,1433,1434,2.30567598342896,2.27485752105713,2.33649444580078,,,,,,
2148,1435.5,1435,1436,2.24901676177979,2.16873979568481,2.32929372787476,,,,,,
2149,1437.5,1437,1438,2.33252394199371,2.26780891418457,2.39723896980286,,,,,,
2150,1439.5,1439,1440,2.2912358045578,2.27988076210022,2.30259084701538,,,,,,
2151,1441.5,1441,1442,2.3384131193161,2.27632284164429,2.40050339698792,,,,,,
2152,1443.5,1443,1444,2.09083414077759,2.05331707000732,2.12835121154785,,,,,,
2153,1445.5,1445,1446,2.2470064163208,2.2328724861145,2.2611403465271,,,,,,
2154,1447.5,1447,1448,2.25256526470184,2.22679114341736,2.27833938598633,,,,,,
2155,1449.5,1449,1450,2.2146874666214,2.17208695411682,2.25728797912598,,,,,,
2156,1451.5,1451,1452,2.29918026924133,2.23213958740234,2.36622095108032,,,,,,
2157,1453.5,1453,1454,2.26382613182068,2.15137720108032,2.37627506256104,,,,,,
2158,1455.5,1455,1456,2.42523336410522,2.38472175598145,2.465744972229,,,,,,
2159,1457.5,1457,1458,2.37627029418945,2.29749441146851,2.4550461769104,,,,,,
2160,1459.5,1459,1460,2.39424026012421,2.32751607894897,2.46096444129944,,,,,,
2161,1461.5,1461,1462,2.37351095676422,2.29007244110107,2.45694947242737,,,,,,
2162,1463.5,1463,1464,2.25513410568237,2.19376468658447,2.31650352478027,,,,,,
2163,1465.5,1465,1466,2.25128650665283,2.14146089553833,2.36111211776733,,,,,,
2164,1467.5,1467,1468,2.41283214092255,2.34330105781555,2.48236322402954,,,,,,
2165,1469.5,1469,1470,2.29444932937622,2.27263021469116,2.31626844406128,,,,,,
2166,1471.5,1471,1472,2.1944671869278,2.12953352928162,2.25940084457397,,,,,,
2167,1473.5,1473,1474,2.19146084785461,2.18163251876831,2.20128917694092,,,,,,
2168,1475.5,1475,1476,2.32542073726654,2.26124930381775,2.38959217071533,,,,,,
2169,1477.5,1477,1478,2.38908314704895,2.28545880317688,2.49270749092102,,,,,,
2170,1479.5,1479,1480,2.31837642192841,2.28391981124878,2.35283303260803,,,,,,
2171,1481.5,1481,1482,2.14499747753143,2.13826036453247,2.1517345905304,,,,,,
2172,1483.5,1483,1484,2.17421650886536,2.1739330291748,2.17449998855591,,,,,,
2173,1485.5,1485,1486,2.25673270225525,2.24471306800842,2.26875233650208,,,,,,
2174,1487.5,1487,1488,2.23867154121399,2.10112619400024,2.37621688842773,,,,,,
2175,1489.5,1489,1490,2.1812082529068,2.12488174438477,2.23753476142883,,,,,,
2176,1491.5,1491,1492,2.2782553434372,2.26560544967651,2.29090523719788,,,,,,
2177,1493.5,1493,1494,2.18353140354157,2.10278034210205,2.26428246498108,,,,,,
2178,1495.5,1495,1496,2.40996134281158,2.40643882751465,2.41348385810852,,,,,,
2179,1497.5,1497,1498,2.32678878307343,2.2440037727356,2.40957379341126,,,,,,
2180,1499.5,1499,1500,2.16563892364502,2.10102224349976,2.23025560379028,,,,,,
2181,1501.5,1501,1502,2.16516411304474,2.11293005943298,2.21739816665649,,,,,,
2182,1503.5,1503,1504,2.36289644241333,2.34365463256836,2.3821382522583,,,,,,
2183,1505.5,1505,1506,2.36381769180298,2.31687140464783,2.41076397895813,,,,,,
2184,1507.5,1507,1508,2.30461204051971,2.20734739303589,2.40187668800354,,,,,,
2185,1509.5,1509,1510,2.35220968723297,2.24188041687012,2.46253895759583,,,,,,
2186,1511.5,1511,1512,2.25034856796265,2.21740865707397,2.28328847885132,,,,,,
2187,1513.5,1513,1514,2.30299925804138,2.27571773529053,2.33028078079224,,,,,,
2188,1515.5,1515,1516,2.26048457622528,2.17411661148071,2.34685254096985,,,,,,
2189,1517.5,1517,1518,2.14421331882477,2.07272791862488,2.21569871902466,,,,,,
2190,1519.5,1519,1520,2.31514465808868,2.27228713035584,2.35800218582153,,,,,,
2191,1521.5,1521,1522,2.23142278194428,2.16082429885864,2.30202126502991,,,,,,
2192,1523.5,1523,1524,2.24081087112427,2.17856645584106,2.30305528640747,,,,,,
2193,1525.5,1525,1526,2.20460724830627,2.12259292602539,2.28662157058716,,,,,,
2194,1527.5,1527,1528,2.19320869445801,2.17685556411743,2.20956182479858,,,,,,
2195,1529.5,1529,1530,2.34448993206024,2.30375361442566,2.38522624969482,,,,,,
2196,1531.5,1531,1532,2.16981780529022,2.10364031791687,2.23599529266357,,,,,,
2197,1533.5,1533,1534,2.38012683391571,2.35711884498596,2.40313482284546,,,,,,
2198,1535.5,1535,1536,2.31235861778259,2.30358028411865,2.32113695144653,,,,,,
2199,1537.5,1537,1538,2.28777706623077,2.24966883659363,2.32588529586792,,,,,,
2200,1539.5,1539,1540,2.36405873298645,2.35255527496338,2.37556219100952,,,,,,
2201,1541.5,1541,1542,2.3596179485321,2.29057121276855,2.42866468429565,,,,,,
2202,1543.5,1543,1544,2.22617888450623,2.18915224075317,2.26320552825928,,,,,,
2203,1545.5,1545,1546,2.06899201869965,2.0252742767334,2.11270976066589,,,,,,
2204,1547.5,1547,1548,2.2470794916153,2.15688920021057,2.33726978302002,,,,,,
2205,1549.5,1549,1550,2.23770773410797,2.1949999332428,2.28041553497314,,,,,,
2206,1551.5,1551,1552,2.33013653755188,2.29979109764099,2.36048197746277,,,,,,
2207,1553.5,1553,1554,2.33999216556549,2.28717637062073,2.39280796051025,,,,,,
2208,1555.5,1555,1556,2.21752285957336,2.17641592025757,2.25862979888916,,,,,,