optimizer_step,_step,_step__MIN,_step__MAX,word_embed_l2_param_norm,word_embed_l2_param_norm__MIN,word_embed_l2_param_norm__MAX,,,,,,
1,1,1,1,114.486679077148,114.486679077148,114.486679077148,,,,,,
2,3,3,3,114.473526000977,114.473526000977,114.473526000977,,,,,,
3,5,5,5,114.466888427734,114.466888427734,114.466888427734,,,,,,
4,7,7,7,114.459564208984,114.459564208984,114.459564208984,,,,,,
5,9,9,9,114.45255279541,114.45255279541,114.45255279541,,,,,,
6,11,11,11,114.445877075195,114.445877075195,114.445877075195,,,,,,
7,13,13,13,114.439163208008,114.439163208008,114.439163208008,,,,,,
8,15,15,15,114.43236541748,114.43236541748,114.43236541748,,,,,,
9,17,17,17,114.425399780273,114.425399780273,114.425399780273,,,,,,
10,19,19,19,114.418670654297,114.418670654297,114.418670654297,,,,,,
11,21,21,21,114.411651611328,114.411651611328,114.411651611328,,,,,,
12,23,23,23,114.404243469238,114.404243469238,114.404243469238,,,,,,
13,25,25,25,114.397148132324,114.397148132324,114.397148132324,,,,,,
14,27,27,27,114.390327453613,114.390327453613,114.390327453613,,,,,,
15,29,29,29,114.383819580078,114.383819580078,114.383819580078,,,,,,
16,31,31,31,114.377555847168,114.377555847168,114.377555847168,,,,,,
17,33,33,33,114.369834899902,114.369834899902,114.369834899902,,,,,,
18,35,35,35,114.362907409668,114.362907409668,114.362907409668,,,,,,
19,37,37,37,114.357467651367,114.357467651367,114.357467651367,,,,,,
20,39,39,39,114.352661132813,114.352661132813,114.352661132813,,,,,,
21,41,41,41,114.348762512207,114.348762512207,114.348762512207,,,,,,
22,43,43,43,114.346244812012,114.346244812012,114.346244812012,,,,,,
23,45,45,45,114.344299316406,114.344299316406,114.344299316406,,,,,,
24,47,47,47,114.343139648438,114.343139648438,114.343139648438,,,,,,
25,49,49,49,114.343551635742,114.343551635742,114.343551635742,,,,,,
26,51,51,51,114.345245361328,114.345245361328,114.345245361328,,,,,,
27,53,53,53,114.348915100098,114.348915100098,114.348915100098,,,,,,
28,55,55,55,114.354415893555,114.354415893555,114.354415893555,,,,,,
29,57,57,57,114.362503051758,114.362503051758,114.362503051758,,,,,,
30,59,59,59,114.373146057129,114.373146057129,114.373146057129,,,,,,
31,61,61,61,114.386932373047,114.386932373047,114.386932373047,,,,,,
32,63,63,63,114.404167175293,114.404167175293,114.404167175293,,,,,,
33,65,65,65,114.42520904541,114.42520904541,114.42520904541,,,,,,
34,67,67,67,114.45002746582,114.45002746582,114.45002746582,,,,,,
35,69,69,69,114.478485107422,114.478485107422,114.478485107422,,,,,,
36,71,71,71,114.510276794434,114.510276794434,114.510276794434,,,,,,
37,73,73,73,114.545295715332,114.545295715332,114.545295715332,,,,,,
38,75,75,75,114.583374023438,114.583374023438,114.583374023438,,,,,,
39,77,77,77,114.624435424805,114.624435424805,114.624435424805,,,,,,
40,79,79,79,114.668334960938,114.668334960938,114.668334960938,,,,,,
41,81,81,81,114.714797973633,114.714797973633,114.714797973633,,,,,,
42,83,83,83,114.763740539551,114.763740539551,114.763740539551,,,,,,
43,85,85,85,114.814994812012,114.814994812012,114.814994812012,,,,,,
44,87,87,87,114.868446350098,114.868446350098,114.868446350098,,,,,,
45,89,89,89,114.923751831055,114.923751831055,114.923751831055,,,,,,
46,91,91,91,114.980758666992,114.980758666992,114.980758666992,,,,,,
47,93,93,93,115.039321899414,115.039321899414,115.039321899414,,,,,,
48,95,95,95,115.099388122559,115.099388122559,115.099388122559,,,,,,
49,97,97,97,115.160789489746,115.160789489746,115.160789489746,,,,,,
50,99,99,99,115.223648071289,115.223648071289,115.223648071289,,,,,,
51,101,101,101,115.287773132324,115.287773132324,115.287773132324,,,,,,
52,103,103,103,115.353218078613,115.353218078613,115.353218078613,,,,,,
53,105,105,105,115.419868469238,115.419868469238,115.419868469238,,,,,,
54,107,107,107,115.487907409668,115.487907409668,115.487907409668,,,,,,
55,109,109,109,115.557075500488,115.557075500488,115.557075500488,,,,,,
56,111,111,111,115.627449035645,115.627449035645,115.627449035645,,,,,,
57,113,113,113,115.699066162109,115.699066162109,115.699066162109,,,,,,
58,115,115,115,115.771446228027,115.771446228027,115.771446228027,,,,,,
59,117,117,117,115.844573974609,115.844573974609,115.844573974609,,,,,,
60,119,119,119,115.918838500977,115.918838500977,115.918838500977,,,,,,
61,121,121,121,115.994285583496,115.994285583496,115.994285583496,,,,,,
62,123,123,123,116.070907592773,116.070907592773,116.070907592773,,,,,,
63,125,125,125,116.148040771484,116.148040771484,116.148040771484,,,,,,
64,127,127,127,116.225776672363,116.225776672363,116.225776672363,,,,,,
65,129,129,129,116.303291320801,116.303291320801,116.303291320801,,,,,,
66,131,131,131,116.380172729492,116.380172729492,116.380172729492,,,,,,
67,133,133,133,116.456329345703,116.456329345703,116.456329345703,,,,,,
68,135,135,135,116.531852722168,116.531852722168,116.531852722168,,,,,,
69,137,137,137,116.60669708252,116.60669708252,116.60669708252,,,,,,
70,139,139,139,116.68074798584,116.68074798584,116.68074798584,,,,,,
71,141,141,141,116.753936767578,116.753936767578,116.753936767578,,,,,,
72,143,143,143,116.826507568359,116.826507568359,116.826507568359,,,,,,
73,145,145,145,116.898376464844,116.898376464844,116.898376464844,,,,,,
74,147,147,147,116.969650268555,116.969650268555,116.969650268555,,,,,,
75,149,149,149,117.040321350098,117.040321350098,117.040321350098,,,,,,
76,151,151,151,117.110450744629,117.110450744629,117.110450744629,,,,,,
77,153,153,153,117.179756164551,117.179756164551,117.179756164551,,,,,,
78,155,155,155,117.248596191406,117.248596191406,117.248596191406,,,,,,
79,157,157,157,117.316871643066,117.316871643066,117.316871643066,,,,,,
80,159,159,159,117.384628295898,117.384628295898,117.384628295898,,,,,,
81,161,161,161,117.451713562012,117.451713562012,117.451713562012,,,,,,
82,163,163,163,117.518600463867,117.518600463867,117.518600463867,,,,,,
83,165,165,165,117.585296630859,117.585296630859,117.585296630859,,,,,,
84,167,167,167,117.651802062988,117.651802062988,117.651802062988,,,,,,
85,169,169,169,117.718048095703,117.718048095703,117.718048095703,,,,,,
86,171,171,171,117.784034729004,117.784034729004,117.784034729004,,,,,,
87,173,173,173,117.84952545166,117.84952545166,117.84952545166,,,,,,
88,175,175,175,117.915061950684,117.915061950684,117.915061950684,,,,,,
89,177,177,177,117.980224609375,117.980224609375,117.980224609375,,,,,,
90,179,179,179,118.045539855957,118.045539855957,118.045539855957,,,,,,
91,181,181,181,118.110717773438,118.110717773438,118.110717773438,,,,,,
92,183,183,183,118.175682067871,118.175682067871,118.175682067871,,,,,,
93,185,185,185,118.240814208984,118.240814208984,118.240814208984,,,,,,
94,187,187,187,118.305992126465,118.305992126465,118.305992126465,,,,,,
95,189,189,189,118.370918273926,118.370918273926,118.370918273926,,,,,,
96,191,191,191,118.435760498047,118.435760498047,118.435760498047,,,,,,
97,193,193,193,118.500602722168,118.500602722168,118.500602722168,,,,,,
98,195,195,195,118.564819335938,118.564819335938,118.564819335938,,,,,,
99,197,197,197,118.629272460938,118.629272460938,118.629272460938,,,,,,
100,199,199,199,118.693603515625,118.693603515625,118.693603515625,,,,,,
101,201,201,201,118.757942199707,118.757942199707,118.757942199707,,,,,,
102,203,203,203,118.822326660156,118.822326660156,118.822326660156,,,,,,
103,205,205,205,118.886787414551,118.886787414551,118.886787414551,,,,,,
104,207,207,207,118.95125579834,118.95125579834,118.95125579834,,,,,,
105,209,209,209,119.015716552734,119.015716552734,119.015716552734,,,,,,
106,211,211,211,119.080032348633,119.080032348633,119.080032348633,,,,,,
107,213,213,213,119.144500732422,119.144500732422,119.144500732422,,,,,,
108,215,215,215,119.209213256836,119.209213256836,119.209213256836,,,,,,
109,217,217,217,119.273880004883,119.273880004883,119.273880004883,,,,,,
110,219,219,219,119.338432312012,119.338432312012,119.338432312012,,,,,,
111,221,221,221,119.403175354004,119.403175354004,119.403175354004,,,,,,
112,223,223,223,119.467918395996,119.467918395996,119.467918395996,,,,,,
113,225,225,225,119.532516479492,119.532516479492,119.532516479492,,,,,,
114,227,227,227,119.597373962402,119.597373962402,119.597373962402,,,,,,
115,229,229,229,119.661834716797,119.661834716797,119.661834716797,,,,,,
116,231,231,231,119.726188659668,119.726188659668,119.726188659668,,,,,,
117,233,233,233,119.790954589844,119.790954589844,119.790954589844,,,,,,
118,235,235,235,119.855361938477,119.855361938477,119.855361938477,,,,,,
119,237,237,237,119.919570922852,119.919570922852,119.919570922852,,,,,,
120,239,239,239,119.983833312988,119.983833312988,119.983833312988,,,,,,
121,241,241,241,120.04776763916,120.04776763916,120.04776763916,,,,,,
122,243,243,243,120.111381530762,120.111381530762,120.111381530762,,,,,,
123,245,245,245,120.175102233887,120.175102233887,120.175102233887,,,,,,
124,247,247,247,120.23868560791,120.23868560791,120.23868560791,,,,,,
125,249,249,249,120.30207824707,120.30207824707,120.30207824707,,,,,,
126,251,251,251,120.365653991699,120.365653991699,120.365653991699,,,,,,
127,253,253,253,120.42879486084,120.42879486084,120.42879486084,,,,,,
128,255,255,255,120.491752624512,120.491752624512,120.491752624512,,,,,,
129,257,257,257,120.554985046387,120.554985046387,120.554985046387,,,,,,
130,259,259,259,120.618202209473,120.618202209473,120.618202209473,,,,,,
131,261,261,261,120.68140411377,120.68140411377,120.68140411377,,,,,,
132,263,263,263,120.744262695313,120.744262695313,120.744262695313,,,,,,
133,265,265,265,120.80689239502,120.80689239502,120.80689239502,,,,,,
134,267,267,267,120.869483947754,120.869483947754,120.869483947754,,,,,,
135,269,269,269,120.931800842285,120.931800842285,120.931800842285,,,,,,
136,271,271,271,120.99382019043,120.99382019043,120.99382019043,,,,,,
137,273,273,273,121.055564880371,121.055564880371,121.055564880371,,,,,,
138,275,275,275,121.117179870605,121.117179870605,121.117179870605,,,,,,
139,277,277,277,121.178497314453,121.178497314453,121.178497314453,,,,,,
140,279,279,279,121.239944458008,121.239944458008,121.239944458008,,,,,,
141,281,281,281,121.30126953125,121.30126953125,121.30126953125,,,,,,
142,283,283,283,121.362686157227,121.362686157227,121.362686157227,,,,,,
143,285,285,285,121.423492431641,121.423492431641,121.423492431641,,,,,,
144,287,287,287,121.484443664551,121.484443664551,121.484443664551,,,,,,
145,289,289,289,121.545333862305,121.545333862305,121.545333862305,,,,,,
146,291,291,291,121.606498718262,121.606498718262,121.606498718262,,,,,,
147,293,293,293,121.667533874512,121.667533874512,121.667533874512,,,,,,
148,295,295,295,121.728225708008,121.728225708008,121.728225708008,,,,,,
149,297,297,297,121.788436889648,121.788436889648,121.788436889648,,,,,,
150,299,299,299,121.848457336426,121.848457336426,121.848457336426,,,,,,
151,301,301,301,121.90885925293,121.90885925293,121.90885925293,,,,,,
152,303,303,303,121.968963623047,121.968963623047,121.968963623047,,,,,,
153,305,305,305,122.028816223145,122.028816223145,122.028816223145,,,,,,
154,307,307,307,122.088356018066,122.088356018066,122.088356018066,,,,,,
155,309,309,309,122.148086547852,122.148086547852,122.148086547852,,,,,,
156,311,311,311,122.207069396973,122.207069396973,122.207069396973,,,,,,
157,313,313,313,122.266578674316,122.266578674316,122.266578674316,,,,,,
158,315,315,315,122.325378417969,122.325378417969,122.325378417969,,,,,,
159,317,317,317,122.384132385254,122.384132385254,122.384132385254,,,,,,
160,319,319,319,122.443367004395,122.443367004395,122.443367004395,,,,,,
161,321,321,321,122.502067565918,122.502067565918,122.502067565918,,,,,,
162,323,323,323,122.560585021973,122.560585021973,122.560585021973,,,,,,
163,325,325,325,122.618858337402,122.618858337402,122.618858337402,,,,,,
164,327,327,327,122.676849365234,122.676849365234,122.676849365234,,,,,,
165,329,329,329,122.735015869141,122.735015869141,122.735015869141,,,,,,
166,331,331,331,122.792854309082,122.792854309082,122.792854309082,,,,,,
167,333,333,333,122.850296020508,122.850296020508,122.850296020508,,,,,,
168,335,335,335,122.907745361328,122.907745361328,122.907745361328,,,,,,
169,337,337,337,122.964584350586,122.964584350586,122.964584350586,,,,,,
170,339,339,339,123.021377563477,123.021377563477,123.021377563477,,,,,,
171,341,341,341,123.078247070313,123.078247070313,123.078247070313,,,,,,
172,343,343,343,123.134407043457,123.134407043457,123.134407043457,,,,,,
173,345,345,345,123.19059753418,123.19059753418,123.19059753418,,,,,,
174,347,347,347,123.247184753418,123.247184753418,123.247184753418,,,,,,
175,349,349,349,123.30298614502,123.30298614502,123.30298614502,,,,,,
176,351,351,351,123.359024047852,123.359024047852,123.359024047852,,,,,,
177,353,353,353,123.414604187012,123.414604187012,123.414604187012,,,,,,
178,355,355,355,123.470207214355,123.470207214355,123.470207214355,,,,,,
179,357,357,357,123.524871826172,123.524871826172,123.524871826172,,,,,,
180,359,359,359,123.580070495605,123.580070495605,123.580070495605,,,,,,
181,361,361,361,123.635803222656,123.635803222656,123.635803222656,,,,,,
182,363,363,363,123.690628051758,123.690628051758,123.690628051758,,,,,,
183,365,365,365,123.744873046875,123.744873046875,123.744873046875,,,,,,
184,367,367,367,123.79866027832,123.79866027832,123.79866027832,,,,,,
185,369,369,369,123.85294342041,123.85294342041,123.85294342041,,,,,,
186,371,371,371,123.906784057617,123.906784057617,123.906784057617,,,,,,
187,373,373,373,123.959884643555,123.959884643555,123.959884643555,,,,,,
188,375,375,375,124.013069152832,124.013069152832,124.013069152832,,,,,,
189,377,377,377,124.066108703613,124.066108703613,124.066108703613,,,,,,
190,379,379,379,124.119293212891,124.119293212891,124.119293212891,,,,,,
191,381,381,381,124.172142028809,124.172142028809,124.172142028809,,,,,,
192,383,383,383,124.225112915039,124.225112915039,124.225112915039,,,,,,
193,385,385,385,124.278266906738,124.278266906738,124.278266906738,,,,,,
194,387,387,387,124.331634521484,124.331634521484,124.331634521484,,,,,,
195,389,389,389,124.384635925293,124.384635925293,124.384635925293,,,,,,
196,391,391,391,124.437637329102,124.437637329102,124.437637329102,,,,,,
197,393,393,393,124.490348815918,124.490348815918,124.490348815918,,,,,,
198,395,395,395,124.543830871582,124.543830871582,124.543830871582,,,,,,
199,397,397,397,124.596405029297,124.596405029297,124.596405029297,,,,,,
200,399,399,399,124.649063110352,124.649063110352,124.649063110352,,,,,,
201,401,401,401,124.701667785645,124.701667785645,124.701667785645,,,,,,
202,403,403,403,124.754272460938,124.754272460938,124.754272460938,,,,,,
203,405,405,405,124.806983947754,124.806983947754,124.806983947754,,,,,,
204,407,407,407,124.859870910645,124.859870910645,124.859870910645,,,,,,
205,409,409,409,124.911422729492,124.911422729492,124.911422729492,,,,,,
206,411,411,411,124.963500976563,124.963500976563,124.963500976563,,,,,,
207,413,413,413,125.015075683594,125.015075683594,125.015075683594,,,,,,
208,415,415,415,125.065933227539,125.065933227539,125.065933227539,,,,,,
209,417,417,417,125.117431640625,125.117431640625,125.117431640625,,,,,,
210,419,419,419,125.168792724609,125.168792724609,125.168792724609,,,,,,
211,421,421,421,125.219886779785,125.219886779785,125.219886779785,,,,,,
212,423,423,423,125.271171569824,125.271171569824,125.271171569824,,,,,,
213,425,425,425,125.321807861328,125.321807861328,125.321807861328,,,,,,
214,427,427,427,125.372856140137,125.372856140137,125.372856140137,,,,,,
215,429,429,429,125.423393249512,125.423393249512,125.423393249512,,,,,,
216,431,431,431,125.474014282227,125.474014282227,125.474014282227,,,,,,
217,433,433,433,125.52449798584,125.52449798584,125.52449798584,,,,,,
218,435,435,435,125.57479095459,125.57479095459,125.57479095459,,,,,,
219,437,437,437,125.624450683594,125.624450683594,125.624450683594,,,,,,
220,439,439,439,125.6748046875,125.6748046875,125.6748046875,,,,,,
221,441,441,441,125.724670410156,125.724670410156,125.724670410156,,,,,,
222,443,443,443,125.774307250977,125.774307250977,125.774307250977,,,,,,
223,445,445,445,125.82381439209,125.82381439209,125.82381439209,,,,,,
224,447,447,447,125.872848510742,125.872848510742,125.872848510742,,,,,,
225,449,449,449,125.921691894531,125.921691894531,125.921691894531,,,,,,
226,451,451,451,125.970504760742,125.970504760742,125.970504760742,,,,,,
227,453,453,453,126.018486022949,126.018486022949,126.018486022949,,,,,,
228,455,455,455,126.06714630127,126.06714630127,126.06714630127,,,,,,
229,457,457,457,126.115898132324,126.115898132324,126.115898132324,,,,,,
230,459,459,459,126.164054870605,126.164054870605,126.164054870605,,,,,,
231,461,461,461,126.21223449707,126.21223449707,126.21223449707,,,,,,
232,463,463,463,126.260292053223,126.260292053223,126.260292053223,,,,,,
233,465,465,465,126.308547973633,126.308547973633,126.308547973633,,,,,,
234,467,467,467,126.357238769531,126.357238769531,126.357238769531,,,,,,
235,469,469,469,126.404327392578,126.404327392578,126.404327392578,,,,,,
236,471,471,471,126.452156066895,126.452156066895,126.452156066895,,,,,,
237,473,473,473,126.499534606934,126.499534606934,126.499534606934,,,,,,
238,475,475,475,126.547019958496,126.547019958496,126.547019958496,,,,,,
239,477,477,477,126.594192504883,126.594192504883,126.594192504883,,,,,,
240,479,479,479,126.640884399414,126.640884399414,126.640884399414,,,,,,
241,481,481,481,126.688415527344,126.688415527344,126.688415527344,,,,,,
242,483,483,483,126.735130310059,126.735130310059,126.735130310059,,,,,,
243,485,485,485,126.781280517578,126.781280517578,126.781280517578,,,,,,
244,487,487,487,126.827751159668,126.827751159668,126.827751159668,,,,,,
245,489,489,489,126.87361907959,126.87361907959,126.87361907959,,,,,,
246,491,491,491,126.919570922852,126.919570922852,126.919570922852,,,,,,
247,493,493,493,126.965698242188,126.965698242188,126.965698242188,,,,,,
248,495,495,495,127.011116027832,127.011116027832,127.011116027832,,,,,,
249,497,497,497,127.05606842041,127.05606842041,127.05606842041,,,,,,
250,499,499,499,127.101554870605,127.101554870605,127.101554870605,,,,,,
251,501,501,501,127.146881103516,127.146881103516,127.146881103516,,,,,,
252,503,503,503,127.192520141602,127.192520141602,127.192520141602,,,,,,
253,505,505,505,127.23802947998,127.23802947998,127.23802947998,,,,,,
254,507,507,507,127.283302307129,127.283302307129,127.283302307129,,,,,,
255,509,509,509,127.328048706055,127.328048706055,127.328048706055,,,,,,
256,511,511,511,127.372772216797,127.372772216797,127.372772216797,,,,,,
257,513,513,513,127.417633056641,127.417633056641,127.417633056641,,,,,,
258,515,515,515,127.462036132813,127.462036132813,127.462036132813,,,,,,
259,517,517,517,127.507446289063,127.507446289063,127.507446289063,,,,,,
260,519,519,519,127.551139831543,127.551139831543,127.551139831543,,,,,,
261,521,521,521,127.595237731934,127.595237731934,127.595237731934,,,,,,
262,523,523,523,127.639823913574,127.639823913574,127.639823913574,,,,,,
263,525,525,525,127.683494567871,127.683494567871,127.683494567871,,,,,,
264,527,527,527,127.727661132813,127.727661132813,127.727661132813,,,,,,
265,529,529,529,127.771705627441,127.771705627441,127.771705627441,,,,,,
266,531,531,531,127.815437316895,127.815437316895,127.815437316895,,,,,,
267,533,533,533,127.858924865723,127.858924865723,127.858924865723,,,,,,
268,535,535,535,127.90193939209,127.90193939209,127.90193939209,,,,,,
269,537,537,537,127.945793151855,127.945793151855,127.945793151855,,,,,,
270,539,539,539,127.989418029785,127.989418029785,127.989418029785,,,,,,
271,541,541,541,128.033142089844,128.033142089844,128.033142089844,,,,,,
272,543,543,543,128.076065063477,128.076065063477,128.076065063477,,,,,,
273,545,545,545,128.119598388672,128.119598388672,128.119598388672,,,,,,
274,547,547,547,128.162780761719,128.162780761719,128.162780761719,,,,,,
275,549,549,549,128.2060546875,128.2060546875,128.2060546875,,,,,,
276,551,551,551,128.249374389648,128.249374389648,128.249374389648,,,,,,
277,553,553,553,128.291946411133,128.291946411133,128.291946411133,,,,,,
278,555,555,555,128.335739135742,128.335739135742,128.335739135742,,,,,,
279,557,557,557,128.378356933594,128.378356933594,128.378356933594,,,,,,
280,559,559,559,128.420944213867,128.420944213867,128.420944213867,,,,,,
281,561,561,561,128.464065551758,128.464065551758,128.464065551758,,,,,,
282,563,563,563,128.505554199219,128.505554199219,128.505554199219,,,,,,
283,565,565,565,128.547546386719,128.547546386719,128.547546386719,,,,,,
284,567,567,567,128.59001159668,128.59001159668,128.59001159668,,,,,,
285,569,569,569,128.631561279297,128.631561279297,128.631561279297,,,,,,
286,571,571,571,128.673263549805,128.673263549805,128.673263549805,,,,,,
287,573,573,573,128.714782714844,128.714782714844,128.714782714844,,,,,,
288,575,575,575,128.757476806641,128.757476806641,128.757476806641,,,,,,
289,577,577,577,128.799163818359,128.799163818359,128.799163818359,,,,,,
290,579,579,579,128.841217041016,128.841217041016,128.841217041016,,,,,,
291,581,581,581,128.882766723633,128.882766723633,128.882766723633,,,,,,
292,583,583,583,128.923812866211,128.923812866211,128.923812866211,,,,,,
293,585,585,585,128.965103149414,128.965103149414,128.965103149414,,,,,,
294,587,587,587,129.006195068359,129.006195068359,129.006195068359,,,,,,
295,589,589,589,129.046966552734,129.046966552734,129.046966552734,,,,,,
296,591,591,591,129.088150024414,129.088150024414,129.088150024414,,,,,,
297,593,593,593,129.128662109375,129.128662109375,129.128662109375,,,,,,
298,595,595,595,129.17008972168,129.17008972168,129.17008972168,,,,,,
299,597,597,597,129.210647583008,129.210647583008,129.210647583008,,,,,,
300,599,599,599,129.251266479492,129.251266479492,129.251266479492,,,,,,
301,601,601,601,129.290985107422,129.290985107422,129.290985107422,,,,,,
302,603,603,603,129.331649780273,129.331649780273,129.331649780273,,,,,,
303,605,605,605,129.371643066406,129.371643066406,129.371643066406,,,,,,
304,607,607,607,129.410888671875,129.410888671875,129.410888671875,,,,,,
305,609,609,609,129.45133972168,129.45133972168,129.45133972168,,,,,,
306,611,611,611,129.490859985352,129.490859985352,129.490859985352,,,,,,
307,613,613,613,129.530395507813,129.530395507813,129.530395507813,,,,,,
308,615,615,615,129.569763183594,129.569763183594,129.569763183594,,,,,,
309,617,617,617,129.609710693359,129.609710693359,129.609710693359,,,,,,
310,619,619,619,129.649383544922,129.649383544922,129.649383544922,,,,,,
311,621,621,621,129.689529418945,129.689529418945,129.689529418945,,,,,,
312,623,623,623,129.728042602539,129.728042602539,129.728042602539,,,,,,
313,625,625,625,129.767044067383,129.767044067383,129.767044067383,,,,,,
314,627,627,627,129.806564331055,129.806564331055,129.806564331055,,,,,,
315,629,629,629,129.845001220703,129.845001220703,129.845001220703,,,,,,
316,631,631,631,129.883926391602,129.883926391602,129.883926391602,,,,,,
317,633,633,633,129.922302246094,129.922302246094,129.922302246094,,,,,,
318,635,635,635,129.960876464844,129.960876464844,129.960876464844,,,,,,
319,637,637,637,129.999465942383,129.999465942383,129.999465942383,,,,,,
320,639,639,639,130.037414550781,130.037414550781,130.037414550781,,,,,,
321,641,641,641,130.076370239258,130.076370239258,130.076370239258,,,,,,
322,643,643,643,130.11457824707,130.11457824707,130.11457824707,,,,,,
323,645,645,645,130.152587890625,130.152587890625,130.152587890625,,,,,,
324,647,647,647,130.190582275391,130.190582275391,130.190582275391,,,,,,
325,649,649,649,130.228607177734,130.228607177734,130.228607177734,,,,,,
326,651,651,651,130.267211914063,130.267211914063,130.267211914063,,,,,,
327,653,653,653,130.305313110352,130.305313110352,130.305313110352,,,,,,
328,655,655,655,130.343612670898,130.343612670898,130.343612670898,,,,,,
329,657,657,657,130.381240844727,130.381240844727,130.381240844727,,,,,,
330,659,659,659,130.419342041016,130.419342041016,130.419342041016,,,,,,
331,661,661,661,130.457412719727,130.457412719727,130.457412719727,,,,,,
332,663,663,663,130.495712280273,130.495712280273,130.495712280273,,,,,,
333,665,665,665,130.533432006836,130.533432006836,130.533432006836,,,,,,
334,667,667,667,130.57209777832,130.57209777832,130.57209777832,,,,,,
335,669,669,669,130.609130859375,130.609130859375,130.609130859375,,,,,,
336,671,671,671,130.64665222168,130.64665222168,130.64665222168,,,,,,
337,673,673,673,130.684539794922,130.684539794922,130.684539794922,,,,,,
338,675,675,675,130.722213745117,130.722213745117,130.722213745117,,,,,,
339,677,677,677,130.759262084961,130.759262084961,130.759262084961,,,,,,
340,679,679,679,130.796096801758,130.796096801758,130.796096801758,,,,,,
341,681,681,681,130.83317565918,130.83317565918,130.83317565918,,,,,,
342,683,683,683,130.870590209961,130.870590209961,130.870590209961,,,,,,
343,685,685,685,130.907455444336,130.907455444336,130.907455444336,,,,,,
344,687,687,687,130.944946289063,130.944946289063,130.944946289063,,,,,,
345,689,689,689,130.981750488281,130.981750488281,130.981750488281,,,,,,
346,691,691,691,131.018997192383,131.018997192383,131.018997192383,,,,,,
347,693,693,693,131.056274414063,131.056274414063,131.056274414063,,,,,,
348,695,695,695,131.093139648438,131.093139648438,131.093139648438,,,,,,
349,697,697,697,131.129684448242,131.129684448242,131.129684448242,,,,,,
350,699,699,699,131.1669921875,131.1669921875,131.1669921875,,,,,,
351,701,701,701,131.203033447266,131.203033447266,131.203033447266,,,,,,
352,703,703,703,131.239776611328,131.239776611328,131.239776611328,,,,,,
353,705,705,705,131.276031494141,131.276031494141,131.276031494141,,,,,,
354,707,707,707,131.312759399414,131.312759399414,131.312759399414,,,,,,
355,709,709,709,131.348983764648,131.348983764648,131.348983764648,,,,,,
356,711,711,711,131.384765625,131.384765625,131.384765625,,,,,,
357,713,713,713,131.420776367188,131.420776367188,131.420776367188,,,,,,
358,715,715,715,131.457229614258,131.457229614258,131.457229614258,,,,,,
359,717,717,717,131.493072509766,131.493072509766,131.493072509766,,,,,,
360,719,719,719,131.529571533203,131.529571533203,131.529571533203,,,,,,
361,721,721,721,131.565353393555,131.565353393555,131.565353393555,,,,,,
362,723,723,723,131.601379394531,131.601379394531,131.601379394531,,,,,,
363,725,725,725,131.637008666992,131.637008666992,131.637008666992,,,,,,
364,727,727,727,131.672775268555,131.672775268555,131.672775268555,,,,,,
365,729,729,729,131.708877563477,131.708877563477,131.708877563477,,,,,,
366,731,731,731,131.744476318359,131.744476318359,131.744476318359,,,,,,
367,733,733,733,131.779922485352,131.779922485352,131.779922485352,,,,,,
368,735,735,735,131.815399169922,131.815399169922,131.815399169922,,,,,,
369,737,737,737,131.850723266602,131.850723266602,131.850723266602,,,,,,
370,739,739,739,131.886459350586,131.886459350586,131.886459350586,,,,,,
371,741,741,741,131.92106628418,131.92106628418,131.92106628418,,,,,,
372,743,743,743,131.956604003906,131.956604003906,131.956604003906,,,,,,
373,745,745,745,131.991607666016,131.991607666016,131.991607666016,,,,,,
374,747,747,747,132.027313232422,132.027313232422,132.027313232422,,,,,,
375,749,749,749,132.061935424805,132.061935424805,132.061935424805,,,,,,
376,751,751,751,132.097457885742,132.097457885742,132.097457885742,,,,,,
377,753,753,753,132.132827758789,132.132827758789,132.132827758789,,,,,,
378,755,755,755,132.168746948242,132.168746948242,132.168746948242,,,,,,
379,757,757,757,132.204193115234,132.204193115234,132.204193115234,,,,,,
380,759,759,759,132.238754272461,132.238754272461,132.238754272461,,,,,,
381,761,761,761,132.27490234375,132.27490234375,132.27490234375,,,,,,
382,763,763,763,132.310546875,132.310546875,132.310546875,,,,,,
383,765,765,765,132.345687866211,132.345687866211,132.345687866211,,,,,,
384,767,767,767,132.381042480469,132.381042480469,132.381042480469,,,,,,
385,769,769,769,132.415481567383,132.415481567383,132.415481567383,,,,,,
386,771,771,771,132.451248168945,132.451248168945,132.451248168945,,,,,,
387,773,773,773,132.486022949219,132.486022949219,132.486022949219,,,,,,
388,775,775,775,132.52033996582,132.52033996582,132.52033996582,,,,,,
389,777,777,777,132.555191040039,132.555191040039,132.555191040039,,,,,,
390,779,779,779,132.589859008789,132.589859008789,132.589859008789,,,,,,
391,781,781,781,132.624435424805,132.624435424805,132.624435424805,,,,,,
392,783,783,783,132.659118652344,132.659118652344,132.659118652344,,,,,,
393,785,785,785,132.693283081055,132.693283081055,132.693283081055,,,,,,
394,787,787,787,132.72883605957,132.72883605957,132.72883605957,,,,,,
395,789,789,789,132.763214111328,132.763214111328,132.763214111328,,,,,,
396,791,791,791,132.797897338867,132.797897338867,132.797897338867,,,,,,
397,793,793,793,132.831909179688,132.831909179688,132.831909179688,,,,,,
398,795,795,795,132.866973876953,132.866973876953,132.866973876953,,,,,,
399,797,797,797,132.900772094727,132.900772094727,132.900772094727,,,,,,
400,799,799,799,132.935317993164,132.935317993164,132.935317993164,,,,,,
401,801,801,801,132.969543457031,132.969543457031,132.969543457031,,,,,,
402,803,803,803,133.004211425781,133.004211425781,133.004211425781,,,,,,
403,805,805,805,133.03791809082,133.03791809082,133.03791809082,,,,,,
404,807,807,807,133.071701049805,133.071701049805,133.071701049805,,,,,,
405,809,809,809,133.106231689453,133.106231689453,133.106231689453,,,,,,
406,811,811,811,133.139724731445,133.139724731445,133.139724731445,,,,,,
407,813,813,813,133.173461914063,133.173461914063,133.173461914063,,,,,,
408,815,815,815,133.206466674805,133.206466674805,133.206466674805,,,,,,
409,817,817,817,133.240646362305,133.240646362305,133.240646362305,,,,,,
410,819,819,819,133.273223876953,133.273223876953,133.273223876953,,,,,,
411,821,821,821,133.306869506836,133.306869506836,133.306869506836,,,,,,
412,823,823,823,133.339691162109,133.339691162109,133.339691162109,,,,,,
413,825,825,825,133.37336730957,133.37336730957,133.37336730957,,,,,,
414,827,827,827,133.406509399414,133.406509399414,133.406509399414,,,,,,
415,829,829,829,133.43928527832,133.43928527832,133.43928527832,,,,,,
416,831,831,831,133.472564697266,133.472564697266,133.472564697266,,,,,,
417,833,833,833,133.505584716797,133.505584716797,133.505584716797,,,,,,
418,835,835,835,133.538482666016,133.538482666016,133.538482666016,,,,,,
419,837,837,837,133.571853637695,133.571853637695,133.571853637695,,,,,,
420,839,839,839,133.604675292969,133.604675292969,133.604675292969,,,,,,
421,841,841,841,133.638458251953,133.638458251953,133.638458251953,,,,,,
422,843,843,843,133.672210693359,133.672210693359,133.672210693359,,,,,,
423,845,845,845,133.705062866211,133.705062866211,133.705062866211,,,,,,
424,847,847,847,133.738418579102,133.738418579102,133.738418579102,,,,,,
425,849,849,849,133.7705078125,133.7705078125,133.7705078125,,,,,,
426,851,851,851,133.802886962891,133.802886962891,133.802886962891,,,,,,
427,853,853,853,133.836151123047,133.836151123047,133.836151123047,,,,,,
428,855,855,855,133.86833190918,133.86833190918,133.86833190918,,,,,,
429,857,857,857,133.900527954102,133.900527954102,133.900527954102,,,,,,
430,859,859,859,133.932815551758,133.932815551758,133.932815551758,,,,,,
431,861,861,861,133.965881347656,133.965881347656,133.965881347656,,,,,,
432,863,863,863,133.998245239258,133.998245239258,133.998245239258,,,,,,
433,865,865,865,134.030166625977,134.030166625977,134.030166625977,,,,,,
434,867,867,867,134.061798095703,134.061798095703,134.061798095703,,,,,,
435,869,869,869,134.094604492188,134.094604492188,134.094604492188,,,,,,
436,871,871,871,134.126419067383,134.126419067383,134.126419067383,,,,,,
437,873,873,873,134.159317016602,134.159317016602,134.159317016602,,,,,,
438,875,875,875,134.191299438477,134.191299438477,134.191299438477,,,,,,
439,877,877,877,134.223693847656,134.223693847656,134.223693847656,,,,,,
440,879,879,879,134.255889892578,134.255889892578,134.255889892578,,,,,,
441,881,881,881,134.288177490234,134.288177490234,134.288177490234,,,,,,
442,883,883,883,134.320129394531,134.320129394531,134.320129394531,,,,,,
443,885,885,885,134.35237121582,134.35237121582,134.35237121582,,,,,,
444,887,887,887,134.384765625,134.384765625,134.384765625,,,,,,
445,889,889,889,134.416580200195,134.416580200195,134.416580200195,,,,,,
446,891,891,891,134.449188232422,134.449188232422,134.449188232422,,,,,,
447,893,893,893,134.480865478516,134.480865478516,134.480865478516,,,,,,
448,895,895,895,134.51318359375,134.51318359375,134.51318359375,,,,,,
449,897,897,897,134.545181274414,134.545181274414,134.545181274414,,,,,,
450,899,899,899,134.577194213867,134.577194213867,134.577194213867,,,,,,
451,901,901,901,134.609802246094,134.609802246094,134.609802246094,,,,,,
452,903,903,903,134.641052246094,134.641052246094,134.641052246094,,,,,,
453,905,905,905,134.673385620117,134.673385620117,134.673385620117,,,,,,
454,907,907,907,134.70475769043,134.70475769043,134.70475769043,,,,,,
455,909,909,909,134.737274169922,134.737274169922,134.737274169922,,,,,,
456,911,911,911,134.769012451172,134.769012451172,134.769012451172,,,,,,
457,913,913,913,134.800155639648,134.800155639648,134.800155639648,,,,,,
458,915,915,915,134.83186340332,134.83186340332,134.83186340332,,,,,,
459,917,917,917,134.863800048828,134.863800048828,134.863800048828,,,,,,
460,919,919,919,134.895629882813,134.895629882813,134.895629882813,,,,,,
461,921,921,921,134.927185058594,134.927185058594,134.927185058594,,,,,,
462,923,923,923,134.958587646484,134.958587646484,134.958587646484,,,,,,
463,925,925,925,134.989593505859,134.989593505859,134.989593505859,,,,,,
464,927,927,927,135.020263671875,135.020263671875,135.020263671875,,,,,,
465,929,929,929,135.05158996582,135.05158996582,135.05158996582,,,,,,
466,931,931,931,135.082015991211,135.082015991211,135.082015991211,,,,,,
467,933,933,933,135.11279296875,135.11279296875,135.11279296875,,,,,,
468,935,935,935,135.143218994141,135.143218994141,135.143218994141,,,,,,
469,937,937,937,135.174392700195,135.174392700195,135.174392700195,,,,,,
470,939,939,939,135.204803466797,135.204803466797,135.204803466797,,,,,,
471,941,941,941,135.236236572266,135.236236572266,135.236236572266,,,,,,
472,943,943,943,135.267135620117,135.267135620117,135.267135620117,,,,,,
473,945,945,945,135.29817199707,135.29817199707,135.29817199707,,,,,,
474,947,947,947,135.329330444336,135.329330444336,135.329330444336,,,,,,
475,949,949,949,135.360504150391,135.360504150391,135.360504150391,,,,,,
476,951,951,951,135.39208984375,135.39208984375,135.39208984375,,,,,,
477,953,953,953,135.422225952148,135.422225952148,135.422225952148,,,,,,
478,955,955,955,135.453048706055,135.453048706055,135.453048706055,,,,,,
479,957,957,957,135.483978271484,135.483978271484,135.483978271484,,,,,,
480,959,959,959,135.514617919922,135.514617919922,135.514617919922,,,,,,
481,961,961,961,135.545959472656,135.545959472656,135.545959472656,,,,,,
482,963,963,963,135.576416015625,135.576416015625,135.576416015625,,,,,,
483,965,965,965,135.607192993164,135.607192993164,135.607192993164,,,,,,
484,967,967,967,135.637542724609,135.637542724609,135.637542724609,,,,,,
485,969,969,969,135.668350219727,135.668350219727,135.668350219727,,,,,,
486,971,971,971,135.698516845703,135.698516845703,135.698516845703,,,,,,
487,973,973,973,135.729141235352,135.729141235352,135.729141235352,,,,,,
488,975,975,975,135.759231567383,135.759231567383,135.759231567383,,,,,,
489,977,977,977,135.790390014648,135.790390014648,135.790390014648,,,,,,
490,979,979,979,135.820587158203,135.820587158203,135.820587158203,,,,,,
491,981,981,981,135.851181030273,135.851181030273,135.851181030273,,,,,,
492,983,983,983,135.881530761719,135.881530761719,135.881530761719,,,,,,
493,985,985,985,135.912231445313,135.912231445313,135.912231445313,,,,,,
494,987,987,987,135.942535400391,135.942535400391,135.942535400391,,,,,,
495,989,989,989,135.972808837891,135.972808837891,135.972808837891,,,,,,
496,991,991,991,136.003173828125,136.003173828125,136.003173828125,,,,,,
497,993,993,993,136.033813476563,136.033813476563,136.033813476563,,,,,,
498,995,995,995,136.064010620117,136.064010620117,136.064010620117,,,,,,
499,997,997,997,136.094879150391,136.094879150391,136.094879150391,,,,,,
500,999,999,999,136.125213623047,136.125213623047,136.125213623047,,,,,,
501,1001,1001,1001,136.156066894531,136.156066894531,136.156066894531,,,,,,
502,1003,1003,1003,136.186233520508,136.186233520508,136.186233520508,,,,,,
503,1005,1005,1005,136.216903686523,136.216903686523,136.216903686523,,,,,,
504,1007,1007,1007,136.246810913086,136.246810913086,136.246810913086,,,,,,
505,1009,1009,1009,136.27734375,136.27734375,136.27734375,,,,,,
506,1011,1011,1011,136.307342529297,136.307342529297,136.307342529297,,,,,,
507,1013,1013,1013,136.337478637695,136.337478637695,136.337478637695,,,,,,
508,1015,1015,1015,136.368453979492,136.368453979492,136.368453979492,,,,,,
509,1017,1017,1017,136.398376464844,136.398376464844,136.398376464844,,,,,,
510,1019,1019,1019,136.429550170898,136.429550170898,136.429550170898,,,,,,
511,1021,1021,1021,136.459197998047,136.459197998047,136.459197998047,,,,,,
512,1023,1023,1023,136.489318847656,136.489318847656,136.489318847656,,,,,,
513,1025,1025,1025,136.520141601563,136.520141601563,136.520141601563,,,,,,
514,1027,1027,1027,136.549728393555,136.549728393555,136.549728393555,,,,,,
515,1029,1029,1029,136.579666137695,136.579666137695,136.579666137695,,,,,,
516,1031,1031,1031,136.609375,136.609375,136.609375,,,,,,
517,1033,1033,1033,136.639678955078,136.639678955078,136.639678955078,,,,,,
518,1035,1035,1035,136.669189453125,136.669189453125,136.669189453125,,,,,,
519,1037,1037,1037,136.699829101563,136.699829101563,136.699829101563,,,,,,
520,1039,1039,1039,136.729690551758,136.729690551758,136.729690551758,,,,,,
521,1041,1041,1041,136.759841918945,136.759841918945,136.759841918945,,,,,,
522,1043,1043,1043,136.790420532227,136.790420532227,136.790420532227,,,,,,
523,1045,1045,1045,136.819747924805,136.819747924805,136.819747924805,,,,,,
524,1047,1047,1047,136.850402832031,136.850402832031,136.850402832031,,,,,,
525,1049,1049,1049,136.880493164063,136.880493164063,136.880493164063,,,,,,
526,1051,1051,1051,136.910400390625,136.910400390625,136.910400390625,,,,,,
527,1053,1053,1053,136.941329956055,136.941329956055,136.941329956055,,,,,,
528,1055,1055,1055,136.971405029297,136.971405029297,136.971405029297,,,,,,
529,1057,1057,1057,137.001831054688,137.001831054688,137.001831054688,,,,,,
530,1059,1059,1059,137.0322265625,137.0322265625,137.0322265625,,,,,,
531,1061,1061,1061,137.062896728516,137.062896728516,137.062896728516,,,,,,
532,1063,1063,1063,137.093688964844,137.093688964844,137.093688964844,,,,,,
533,1065,1065,1065,137.124359130859,137.124359130859,137.124359130859,,,,,,
534,1067,1067,1067,137.154510498047,137.154510498047,137.154510498047,,,,,,
535,1069,1069,1069,137.186187744141,137.186187744141,137.186187744141,,,,,,
536,1071,1071,1071,137.216506958008,137.216506958008,137.216506958008,,,,,,
537,1073,1073,1073,137.247604370117,137.247604370117,137.247604370117,,,,,,
538,1075,1075,1075,137.278854370117,137.278854370117,137.278854370117,,,,,,
539,1077,1077,1077,137.309463500977,137.309463500977,137.309463500977,,,,,,
540,1079,1079,1079,137.340103149414,137.340103149414,137.340103149414,,,,,,
541,1081,1081,1081,137.371215820313,137.371215820313,137.371215820313,,,,,,
542,1083,1083,1083,137.40168762207,137.40168762207,137.40168762207,,,,,,
543,1085,1085,1085,137.433044433594,137.433044433594,137.433044433594,,,,,,
544,1087,1087,1087,137.462860107422,137.462860107422,137.462860107422,,,,,,
545,1089,1089,1089,137.49284362793,137.49284362793,137.49284362793,,,,,,
546,1091,1091,1091,137.523208618164,137.523208618164,137.523208618164,,,,,,
547,1093,1093,1093,137.553009033203,137.553009033203,137.553009033203,,,,,,
548,1095,1095,1095,137.582061767578,137.582061767578,137.582061767578,,,,,,
549,1097,1097,1097,137.612075805664,137.612075805664,137.612075805664,,,,,,
550,1099,1099,1099,137.642013549805,137.642013549805,137.642013549805,,,,,,
551,1101,1101,1101,137.672378540039,137.672378540039,137.672378540039,,,,,,
552,1103,1103,1103,137.701889038086,137.701889038086,137.701889038086,,,,,,
553,1105,1105,1105,137.732467651367,137.732467651367,137.732467651367,,,,,,
554,1107,1107,1107,137.762359619141,137.762359619141,137.762359619141,,,,,,
555,1109,1109,1109,137.792144775391,137.792144775391,137.792144775391,,,,,,
556,1111,1111,1111,137.821990966797,137.821990966797,137.821990966797,,,,,,
557,1113,1113,1113,137.85173034668,137.85173034668,137.85173034668,,,,,,
558,1115,1115,1115,137.881866455078,137.881866455078,137.881866455078,,,,,,
559,1117,1117,1117,137.911285400391,137.911285400391,137.911285400391,,,,,,
560,1119,1119,1119,137.941482543945,137.941482543945,137.941482543945,,,,,,
561,1121,1121,1121,137.970703125,137.970703125,137.970703125,,,,,,
562,1123,1123,1123,138.000839233398,138.000839233398,138.000839233398,,,,,,
563,1125,1125,1125,138.030242919922,138.030242919922,138.030242919922,,,,,,
564,1127,1127,1127,138.060607910156,138.060607910156,138.060607910156,,,,,,
565,1129,1129,1129,138.090667724609,138.090667724609,138.090667724609,,,,,,
566,1131,1131,1131,138.119598388672,138.119598388672,138.119598388672,,,,,,
567,1133,1133,1133,138.149169921875,138.149169921875,138.149169921875,,,,,,
568,1135,1135,1135,138.179397583008,138.179397583008,138.179397583008,,,,,,
569,1137,1137,1137,138.208740234375,138.208740234375,138.208740234375,,,,,,
570,1139,1139,1139,138.238616943359,138.238616943359,138.238616943359,,,,,,
571,1141,1141,1141,138.267868041992,138.267868041992,138.267868041992,,,,,,
572,1143,1143,1143,138.297149658203,138.297149658203,138.297149658203,,,,,,
573,1145,1145,1145,138.326721191406,138.326721191406,138.326721191406,,,,,,
574,1147,1147,1147,138.35595703125,138.35595703125,138.35595703125,,,,,,
575,1149,1149,1149,138.385360717773,138.385360717773,138.385360717773,,,,,,
576,1151,1151,1151,138.414688110352,138.414688110352,138.414688110352,,,,,,
577,1153,1153,1153,138.444229125977,138.444229125977,138.444229125977,,,,,,
578,1155,1155,1155,138.473403930664,138.473403930664,138.473403930664,,,,,,
579,1157,1157,1157,138.503341674805,138.503341674805,138.503341674805,,,,,,
580,1159,1159,1159,138.532470703125,138.532470703125,138.532470703125,,,,,,
581,1161,1161,1161,138.562683105469,138.562683105469,138.562683105469,,,,,,
582,1163,1163,1163,138.59130859375,138.59130859375,138.59130859375,,,,,,
583,1165,1165,1165,138.621017456055,138.621017456055,138.621017456055,,,,,,
584,1167,1167,1167,138.64973449707,138.64973449707,138.64973449707,,,,,,
585,1169,1169,1169,138.679443359375,138.679443359375,138.679443359375,,,,,,
586,1171,1171,1171,138.708465576172,138.708465576172,138.708465576172,,,,,,
587,1173,1173,1173,138.737731933594,138.737731933594,138.737731933594,,,,,,
588,1175,1175,1175,138.767333984375,138.767333984375,138.767333984375,,,,,,
589,1177,1177,1177,138.795928955078,138.795928955078,138.795928955078,,,,,,
590,1179,1179,1179,138.825546264648,138.825546264648,138.825546264648,,,,,,
591,1181,1181,1181,138.854202270508,138.854202270508,138.854202270508,,,,,,
592,1183,1183,1183,138.883331298828,138.883331298828,138.883331298828,,,,,,
593,1185,1185,1185,138.912750244141,138.912750244141,138.912750244141,,,,,,
594,1187,1187,1187,138.942092895508,138.942092895508,138.942092895508,,,,,,
595,1189,1189,1189,138.970687866211,138.970687866211,138.970687866211,,,,,,
596,1191,1191,1191,139.000381469727,139.000381469727,139.000381469727,,,,,,
597,1193,1193,1193,139.029006958008,139.029006958008,139.029006958008,,,,,,
598,1195,1195,1195,139.059494018555,139.059494018555,139.059494018555,,,,,,
599,1197,1197,1197,139.088806152344,139.088806152344,139.088806152344,,,,,,
600,1199,1199,1199,139.116836547852,139.116836547852,139.116836547852,,,,,,
601,1201,1201,1201,139.146469116211,139.146469116211,139.146469116211,,,,,,
602,1203,1203,1203,139.175094604492,139.175094604492,139.175094604492,,,,,,
603,1205,1205,1205,139.204086303711,139.204086303711,139.204086303711,,,,,,
604,1207,1207,1207,139.233688354492,139.233688354492,139.233688354492,,,,,,
605,1209,1209,1209,139.262451171875,139.262451171875,139.262451171875,,,,,,
606,1211,1211,1211,139.291351318359,139.291351318359,139.291351318359,,,,,,
607,1213,1213,1213,139.319931030273,139.319931030273,139.319931030273,,,,,,
608,1215,1215,1215,139.349349975586,139.349349975586,139.349349975586,,,,,,
609,1217,1217,1217,139.378204345703,139.378204345703,139.378204345703,,,,,,
610,1219,1219,1219,139.407638549805,139.407638549805,139.407638549805,,,,,,
611,1221,1221,1221,139.436660766602,139.436660766602,139.436660766602,,,,,,
612,1223,1223,1223,139.465484619141,139.465484619141,139.465484619141,,,,,,
613,1225,1225,1225,139.495376586914,139.495376586914,139.495376586914,,,,,,
614,1227,1227,1227,139.524291992188,139.524291992188,139.524291992188,,,,,,
615,1229,1229,1229,139.55387878418,139.55387878418,139.55387878418,,,,,,
616,1231,1231,1231,139.581939697266,139.581939697266,139.581939697266,,,,,,
617,1233,1233,1233,139.611068725586,139.611068725586,139.611068725586,,,,,,
618,1235,1235,1235,139.639373779297,139.639373779297,139.639373779297,,,,,,
619,1237,1237,1237,139.668060302734,139.668060302734,139.668060302734,,,,,,
620,1239,1239,1239,139.697250366211,139.697250366211,139.697250366211,,,,,,
621,1241,1241,1241,139.726333618164,139.726333618164,139.726333618164,,,,,,
622,1243,1243,1243,139.755111694336,139.755111694336,139.755111694336,,,,,,
623,1245,1245,1245,139.783767700195,139.783767700195,139.783767700195,,,,,,
624,1247,1247,1247,139.812301635742,139.812301635742,139.812301635742,,,,,,
625,1249,1249,1249,139.841293334961,139.841293334961,139.841293334961,,,,,,
626,1251,1251,1251,139.870391845703,139.870391845703,139.870391845703,,,,,,
627,1253,1253,1253,139.898315429688,139.898315429688,139.898315429688,,,,,,
628,1255,1255,1255,139.927490234375,139.927490234375,139.927490234375,,,,,,
629,1257,1257,1257,139.954895019531,139.954895019531,139.954895019531,,,,,,
630,1259,1259,1259,139.983871459961,139.983871459961,139.983871459961,,,,,,
631,1261,1261,1261,140.012023925781,140.012023925781,140.012023925781,,,,,,
632,1263,1263,1263,140.040222167969,140.040222167969,140.040222167969,,,,,,
633,1265,1265,1265,140.068649291992,140.068649291992,140.068649291992,,,,,,
634,1267,1267,1267,140.096328735352,140.096328735352,140.096328735352,,,,,,
635,1269,1269,1269,140.124694824219,140.124694824219,140.124694824219,,,,,,
636,1271,1271,1271,140.15299987793,140.15299987793,140.15299987793,,,,,,
637,1273,1273,1273,140.181381225586,140.181381225586,140.181381225586,,,,,,
638,1275,1275,1275,140.209045410156,140.209045410156,140.209045410156,,,,,,
639,1277,1277,1277,140.236953735352,140.236953735352,140.236953735352,,,,,,
640,1279,1279,1279,140.265045166016,140.265045166016,140.265045166016,,,,,,
641,1281,1281,1281,140.292831420898,140.292831420898,140.292831420898,,,,,,
642,1283,1283,1283,140.319931030273,140.319931030273,140.319931030273,,,,,,
643,1285,1285,1285,140.347808837891,140.347808837891,140.347808837891,,,,,,
644,1287,1287,1287,140.375518798828,140.375518798828,140.375518798828,,,,,,
645,1289,1289,1289,140.403045654297,140.403045654297,140.403045654297,,,,,,
646,1291,1291,1291,140.430099487305,140.430099487305,140.430099487305,,,,,,
647,1293,1293,1293,140.457870483398,140.457870483398,140.457870483398,,,,,,
648,1295,1295,1295,140.484710693359,140.484710693359,140.484710693359,,,,,,
649,1297,1297,1297,140.513305664063,140.513305664063,140.513305664063,,,,,,
650,1299,1299,1299,140.540222167969,140.540222167969,140.540222167969,,,,,,
651,1301,1301,1301,140.567810058594,140.567810058594,140.567810058594,,,,,,
652,1303,1303,1303,140.593734741211,140.593734741211,140.593734741211,,,,,,
653,1305,1305,1305,140.621124267578,140.621124267578,140.621124267578,,,,,,
654,1307,1307,1307,140.648345947266,140.648345947266,140.648345947266,,,,,,
655,1309,1309,1309,140.674728393555,140.674728393555,140.674728393555,,,,,,
656,1311,1311,1311,140.702087402344,140.702087402344,140.702087402344,,,,,,
657,1313,1313,1313,140.728088378906,140.728088378906,140.728088378906,,,,,,
658,1315,1315,1315,140.754776000977,140.754776000977,140.754776000977,,,,,,
659,1317,1317,1317,140.781631469727,140.781631469727,140.781631469727,,,,,,
660,1319,1319,1319,140.80729675293,140.80729675293,140.80729675293,,,,,,
661,1321,1321,1321,140.832427978516,140.832427978516,140.832427978516,,,,,,
662,1323,1323,1323,140.858779907227,140.858779907227,140.858779907227,,,,,,
663,1325,1325,1325,140.884262084961,140.884262084961,140.884262084961,,,,,,
664,1327,1327,1327,140.909622192383,140.909622192383,140.909622192383,,,,,,
665,1329,1329,1329,140.93424987793,140.93424987793,140.93424987793,,,,,,
666,1331,1331,1331,140.960815429688,140.960815429688,140.960815429688,,,,,,
667,1333,1333,1333,140.986343383789,140.986343383789,140.986343383789,,,,,,
668,1335,1335,1335,141.012512207031,141.012512207031,141.012512207031,,,,,,
669,1337,1337,1337,141.038345336914,141.038345336914,141.038345336914,,,,,,
670,1339,1339,1339,141.064376831055,141.064376831055,141.064376831055,,,,,,
671,1341,1341,1341,141.089950561523,141.089950561523,141.089950561523,,,,,,
672,1343,1343,1343,141.115631103516,141.115631103516,141.115631103516,,,,,,
673,1345,1345,1345,141.14176940918,141.14176940918,141.14176940918,,,,,,
674,1347,1347,1347,141.16667175293,141.16667175293,141.16667175293,,,,,,
675,1349,1349,1349,141.193389892578,141.193389892578,141.193389892578,,,,,,
676,1351,1351,1351,141.218933105469,141.218933105469,141.218933105469,,,,,,
677,1353,1353,1353,141.244033813477,141.244033813477,141.244033813477,,,,,,
678,1355,1355,1355,141.269882202148,141.269882202148,141.269882202148,,,,,,
679,1357,1357,1357,141.295913696289,141.295913696289,141.295913696289,,,,,,
680,1359,1359,1359,141.321334838867,141.321334838867,141.321334838867,,,,,,
681,1361,1361,1361,141.347686767578,141.347686767578,141.347686767578,,,,,,
682,1363,1363,1363,141.372909545898,141.372909545898,141.372909545898,,,,,,
683,1365,1365,1365,141.399139404297,141.399139404297,141.399139404297,,,,,,
684,1367,1367,1367,141.424255371094,141.424255371094,141.424255371094,,,,,,
685,1369,1369,1369,141.450759887695,141.450759887695,141.450759887695,,,,,,
686,1371,1371,1371,141.475921630859,141.475921630859,141.475921630859,,,,,,
687,1373,1373,1373,141.50244140625,141.50244140625,141.50244140625,,,,,,
688,1375,1375,1375,141.527908325195,141.527908325195,141.527908325195,,,,,,
689,1377,1377,1377,141.55322265625,141.55322265625,141.55322265625,,,,,,
690,1379,1379,1379,141.579177856445,141.579177856445,141.579177856445,,,,,,
691,1381,1381,1381,141.604431152344,141.604431152344,141.604431152344,,,,,,
692,1383,1383,1383,141.629821777344,141.629821777344,141.629821777344,,,,,,
693,1385,1385,1385,141.655242919922,141.655242919922,141.655242919922,,,,,,
694,1387,1387,1387,141.679641723633,141.679641723633,141.679641723633,,,,,,
695,1389,1389,1389,141.705139160156,141.705139160156,141.705139160156,,,,,,
696,1391,1391,1391,141.729736328125,141.729736328125,141.729736328125,,,,,,
697,1393,1393,1393,141.755645751953,141.755645751953,141.755645751953,,,,,,
698,1395,1395,1395,141.780578613281,141.780578613281,141.780578613281,,,,,,
699,1397,1397,1397,141.806228637695,141.806228637695,141.806228637695,,,,,,
700,1399,1399,1399,141.831771850586,141.831771850586,141.831771850586,,,,,,
701,1401,1401,1401,141.85612487793,141.85612487793,141.85612487793,,,,,,
702,1403,1403,1403,141.880722045898,141.880722045898,141.880722045898,,,,,,
703,1405,1405,1405,141.90592956543,141.90592956543,141.90592956543,,,,,,
704,1407,1407,1407,141.929580688477,141.929580688477,141.929580688477,,,,,,
705,1409,1409,1409,141.954727172852,141.954727172852,141.954727172852,,,,,,
706,1411,1411,1411,141.979019165039,141.979019165039,141.979019165039,,,,,,
707,1413,1413,1413,142.003479003906,142.003479003906,142.003479003906,,,,,,
708,1415,1415,1415,142.027740478516,142.027740478516,142.027740478516,,,,,,
709,1417,1417,1417,142.052658081055,142.052658081055,142.052658081055,,,,,,
710,1419,1419,1419,142.077072143555,142.077072143555,142.077072143555,,,,,,
711,1421,1421,1421,142.101760864258,142.101760864258,142.101760864258,,,,,,
712,1423,1423,1423,142.126358032227,142.126358032227,142.126358032227,,,,,,
713,1425,1425,1425,142.15104675293,142.15104675293,142.15104675293,,,,,,
714,1427,1427,1427,142.175445556641,142.175445556641,142.175445556641,,,,,,
715,1429,1429,1429,142.200134277344,142.200134277344,142.200134277344,,,,,,
716,1431,1431,1431,142.224227905273,142.224227905273,142.224227905273,,,,,,
717,1433,1433,1433,142.248733520508,142.248733520508,142.248733520508,,,,,,
718,1435,1435,1435,142.272613525391,142.272613525391,142.272613525391,,,,,,
719,1437,1437,1437,142.296829223633,142.296829223633,142.296829223633,,,,,,
720,1439,1439,1439,142.320007324219,142.320007324219,142.320007324219,,,,,,
721,1441,1441,1441,142.343994140625,142.343994140625,142.343994140625,,,,,,
722,1443,1443,1443,142.366989135742,142.366989135742,142.366989135742,,,,,,
723,1445,1445,1445,142.390655517578,142.390655517578,142.390655517578,,,,,,
724,1447,1447,1447,142.413696289063,142.413696289063,142.413696289063,,,,,,
725,1449,1449,1449,142.437973022461,142.437973022461,142.437973022461,,,,,,
726,1451,1451,1451,142.46061706543,142.46061706543,142.46061706543,,,,,,
727,1453,1453,1453,142.483917236328,142.483917236328,142.483917236328,,,,,,
728,1455,1455,1455,142.506683349609,142.506683349609,142.506683349609,,,,,,
729,1457,1457,1457,142.52912902832,142.52912902832,142.52912902832,,,,,,
730,1459,1459,1459,142.552368164063,142.552368164063,142.552368164063,,,,,,
731,1461,1461,1461,142.575103759766,142.575103759766,142.575103759766,,,,,,
732,1463,1463,1463,142.597900390625,142.597900390625,142.597900390625,,,,,,
733,1465,1465,1465,142.620162963867,142.620162963867,142.620162963867,,,,,,
734,1467,1467,1467,142.643676757813,142.643676757813,142.643676757813,,,,,,
735,1469,1469,1469,142.666275024414,142.666275024414,142.666275024414,,,,,,
736,1471,1471,1471,142.689056396484,142.689056396484,142.689056396484,,,,,,
737,1473,1473,1473,142.711990356445,142.711990356445,142.711990356445,,,,,,
738,1475,1475,1475,142.734970092773,142.734970092773,142.734970092773,,,,,,
739,1477,1477,1477,142.757263183594,142.757263183594,142.757263183594,,,,,,
740,1479,1479,1479,142.78125,142.78125,142.78125,,,,,,
741,1481,1481,1481,142.803726196289,142.803726196289,142.803726196289,,,,,,
742,1483,1483,1483,142.826583862305,142.826583862305,142.826583862305,,,,,,
743,1485,1485,1485,142.848861694336,142.848861694336,142.848861694336,,,,,,
744,1487,1487,1487,142.87223815918,142.87223815918,142.87223815918,,,,,,
745,1489,1489,1489,142.894912719727,142.894912719727,142.894912719727,,,,,,
746,1491,1491,1491,142.917922973633,142.917922973633,142.917922973633,,,,,,
747,1493,1493,1493,142.939865112305,142.939865112305,142.939865112305,,,,,,
748,1495,1495,1495,142.963500976563,142.963500976563,142.963500976563,,,,,,
749,1497,1497,1497,142.985610961914,142.985610961914,142.985610961914,,,,,,
750,1499,1499,1499,143.008804321289,143.008804321289,143.008804321289,,,,,,
751,1501,1501,1501,143.03141784668,143.03141784668,143.03141784668,,,,,,
752,1503,1503,1503,143.053894042969,143.053894042969,143.053894042969,,,,,,
753,1505,1505,1505,143.076751708984,143.076751708984,143.076751708984,,,,,,
754,1507,1507,1507,143.098358154297,143.098358154297,143.098358154297,,,,,,
755,1509,1509,1509,143.120422363281,143.120422363281,143.120422363281,,,,,,
756,1511,1511,1511,143.142486572266,143.142486572266,143.142486572266,,,,,,
757,1513,1513,1513,143.164657592773,143.164657592773,143.164657592773,,,,,,
758,1515,1515,1515,143.186157226563,143.186157226563,143.186157226563,,,,,,
759,1517,1517,1517,143.207412719727,143.207412719727,143.207412719727,,,,,,
760,1519,1519,1519,143.228820800781,143.228820800781,143.228820800781,,,,,,
761,1521,1521,1521,143.250381469727,143.250381469727,143.250381469727,,,,,,
762,1523,1523,1523,143.271179199219,143.271179199219,143.271179199219,,,,,,
763,1525,1525,1525,143.292526245117,143.292526245117,143.292526245117,,,,,,
764,1527,1527,1527,143.314300537109,143.314300537109,143.314300537109,,,,,,
765,1529,1529,1529,143.334747314453,143.334747314453,143.334747314453,,,,,,
766,1531,1531,1531,143.356628417969,143.356628417969,143.356628417969,,,,,,
767,1533,1533,1533,143.37678527832,143.37678527832,143.37678527832,,,,,,
768,1535,1535,1535,143.397598266602,143.397598266602,143.397598266602,,,,,,
769,1537,1537,1537,143.41796875,143.41796875,143.41796875,,,,,,
770,1539,1539,1539,143.439331054688,143.439331054688,143.439331054688,,,,,,
771,1541,1541,1541,143.459442138672,143.459442138672,143.459442138672,,,,,,
772,1543,1543,1543,143.479354858398,143.479354858398,143.479354858398,,,,,,
773,1545,1545,1545,143.500289916992,143.500289916992,143.500289916992,,,,,,
774,1547,1547,1547,143.52001953125,143.52001953125,143.52001953125,,,,,,
775,1549,1549,1549,143.541122436523,143.541122436523,143.541122436523,,,,,,
776,1551,1551,1551,143.561187744141,143.561187744141,143.561187744141,,,,,,
777,1553,1553,1553,143.581176757813,143.581176757813,143.581176757813,,,,,,
778,1555,1555,1555,143.600234985352,143.600234985352,143.600234985352,,,,,,
779,1557,1557,1557,143.62092590332,143.62092590332,143.62092590332,,,,,,
780,1559,1559,1559,143.640380859375,143.640380859375,143.640380859375,,,,,,
781,1561,1561,1561,143.660202026367,143.660202026367,143.660202026367,,,,,,
782,1563,1563,1563,143.679962158203,143.679962158203,143.679962158203,,,,,,
783,1565,1565,1565,143.700637817383,143.700637817383,143.700637817383,,,,,,
784,1567,1567,1567,143.720275878906,143.720275878906,143.720275878906,,,,,,
785,1569,1569,1569,143.74055480957,143.74055480957,143.74055480957,,,,,,
786,1571,1571,1571,143.761154174805,143.761154174805,143.761154174805,,,,,,
787,1573,1573,1573,143.78141784668,143.78141784668,143.78141784668,,,,,,
788,1575,1575,1575,143.801879882813,143.801879882813,143.801879882813,,,,,,
789,1577,1577,1577,143.821792602539,143.821792602539,143.821792602539,,,,,,
790,1579,1579,1579,143.842727661133,143.842727661133,143.842727661133,,,,,,
791,1581,1581,1581,143.86279296875,143.86279296875,143.86279296875,,,,,,
792,1583,1583,1583,143.883575439453,143.883575439453,143.883575439453,,,,,,
793,1585,1585,1585,143.903244018555,143.903244018555,143.903244018555,,,,,,
794,1587,1587,1587,143.924011230469,143.924011230469,143.924011230469,,,,,,
795,1589,1589,1589,143.942962646484,143.942962646484,143.942962646484,,,,,,
796,1591,1591,1591,143.963821411133,143.963821411133,143.963821411133,,,,,,
797,1593,1593,1593,143.98371887207,143.98371887207,143.98371887207,,,,,,
798,1595,1595,1595,144.002792358398,144.002792358398,144.002792358398,,,,,,
799,1597,1597,1597,144.023147583008,144.023147583008,144.023147583008,,,,,,
800,1599,1599,1599,144.042922973633,144.042922973633,144.042922973633,,,,,,
801,1601,1601,1601,144.063049316406,144.063049316406,144.063049316406,,,,,,
802,1603,1603,1603,144.082153320313,144.082153320313,144.082153320313,,,,,,
803,1605,1605,1605,144.102035522461,144.102035522461,144.102035522461,,,,,,
804,1607,1607,1607,144.121994018555,144.121994018555,144.121994018555,,,,,,
805,1609,1609,1609,144.141418457031,144.141418457031,144.141418457031,,,,,,
806,1611,1611,1611,144.16064453125,144.16064453125,144.16064453125,,,,,,
807,1613,1613,1613,144.180801391602,144.180801391602,144.180801391602,,,,,,
808,1615,1615,1615,144.200317382813,144.200317382813,144.200317382813,,,,,,
809,1617,1617,1617,144.219635009766,144.219635009766,144.219635009766,,,,,,
810,1619,1619,1619,144.239212036133,144.239212036133,144.239212036133,,,,,,
811,1621,1621,1621,144.258911132813,144.258911132813,144.258911132813,,,,,,
812,1623,1623,1623,144.278106689453,144.278106689453,144.278106689453,,,,,,
813,1625,1625,1625,144.29817199707,144.29817199707,144.29817199707,,,,,,
814,1627,1627,1627,144.317260742188,144.317260742188,144.317260742188,,,,,,
815,1629,1629,1629,144.336715698242,144.336715698242,144.336715698242,,,,,,
816,1631,1631,1631,144.355346679688,144.355346679688,144.355346679688,,,,,,
817,1633,1633,1633,144.373870849609,144.373870849609,144.373870849609,,,,,,
818,1635,1635,1635,144.393249511719,144.393249511719,144.393249511719,,,,,,
819,1637,1637,1637,144.412048339844,144.412048339844,144.412048339844,,,,,,
820,1639,1639,1639,144.430709838867,144.430709838867,144.430709838867,,,,,,
821,1641,1641,1641,144.44938659668,144.44938659668,144.44938659668,,,,,,
822,1643,1643,1643,144.469131469727,144.469131469727,144.469131469727,,,,,,
823,1645,1645,1645,144.487091064453,144.487091064453,144.487091064453,,,,,,
824,1647,1647,1647,144.505737304688,144.505737304688,144.505737304688,,,,,,
825,1649,1649,1649,144.523773193359,144.523773193359,144.523773193359,,,,,,
826,1651,1651,1651,144.542663574219,144.542663574219,144.542663574219,,,,,,
827,1653,1653,1653,144.561462402344,144.561462402344,144.561462402344,,,,,,
828,1655,1655,1655,144.579406738281,144.579406738281,144.579406738281,,,,,,
829,1657,1657,1657,144.598037719727,144.598037719727,144.598037719727,,,,,,
830,1659,1659,1659,144.616165161133,144.616165161133,144.616165161133,,,,,,
831,1661,1661,1661,144.634338378906,144.634338378906,144.634338378906,,,,,,
832,1663,1663,1663,144.652816772461,144.652816772461,144.652816772461,,,,,,
833,1665,1665,1665,144.671112060547,144.671112060547,144.671112060547,,,,,,
834,1667,1667,1667,144.689331054688,144.689331054688,144.689331054688,,,,,,
835,1669,1669,1669,144.707565307617,144.707565307617,144.707565307617,,,,,,
836,1671,1671,1671,144.726486206055,144.726486206055,144.726486206055,,,,,,
837,1673,1673,1673,144.743911743164,144.743911743164,144.743911743164,,,,,,
838,1675,1675,1675,144.762084960938,144.762084960938,144.762084960938,,,,,,
839,1677,1677,1677,144.778778076172,144.778778076172,144.778778076172,,,,,,
840,1679,1679,1679,144.797180175781,144.797180175781,144.797180175781,,,,,,
841,1681,1681,1681,144.815475463867,144.815475463867,144.815475463867,,,,,,
842,1683,1683,1683,144.833236694336,144.833236694336,144.833236694336,,,,,,
843,1685,1685,1685,144.851852416992,144.851852416992,144.851852416992,,,,,,
844,1687,1687,1687,144.868988037109,144.868988037109,144.868988037109,,,,,,
845,1689,1689,1689,144.887451171875,144.887451171875,144.887451171875,,,,,,
846,1691,1691,1691,144.905258178711,144.905258178711,144.905258178711,,,,,,
847,1693,1693,1693,144.923202514648,144.923202514648,144.923202514648,,,,,,
848,1695,1695,1695,144.940612792969,144.940612792969,144.940612792969,,,,,,
849,1697,1697,1697,144.958511352539,144.958511352539,144.958511352539,,,,,,
850,1699,1699,1699,144.976516723633,144.976516723633,144.976516723633,,,,,,
851,1701,1701,1701,144.993835449219,144.993835449219,144.993835449219,,,,,,
852,1703,1703,1703,145.012252807617,145.012252807617,145.012252807617,,,,,,
853,1705,1705,1705,145.029449462891,145.029449462891,145.029449462891,,,,,,
854,1707,1707,1707,145.047576904297,145.047576904297,145.047576904297,,,,,,
855,1709,1709,1709,145.065200805664,145.065200805664,145.065200805664,,,,,,
856,1711,1711,1711,145.08268737793,145.08268737793,145.08268737793,,,,,,
857,1713,1713,1713,145.09977722168,145.09977722168,145.09977722168,,,,,,
858,1715,1715,1715,145.117538452148,145.117538452148,145.117538452148,,,,,,
859,1717,1717,1717,145.133819580078,145.133819580078,145.133819580078,,,,,,
860,1719,1719,1719,145.150939941406,145.150939941406,145.150939941406,,,,,,
861,1721,1721,1721,145.168075561523,145.168075561523,145.168075561523,,,,,,
862,1723,1723,1723,145.185424804688,145.185424804688,145.185424804688,,,,,,
863,1725,1725,1725,145.202438354492,145.202438354492,145.202438354492,,,,,,
864,1727,1727,1727,145.219024658203,145.219024658203,145.219024658203,,,,,,
865,1729,1729,1729,145.235427856445,145.235427856445,145.235427856445,,,,,,
866,1731,1731,1731,145.252014160156,145.252014160156,145.252014160156,,,,,,
867,1733,1733,1733,145.268188476563,145.268188476563,145.268188476563,,,,,,
868,1735,1735,1735,145.28515625,145.28515625,145.28515625,,,,,,
869,1737,1737,1737,145.301391601563,145.301391601563,145.301391601563,,,,,,
870,1739,1739,1739,145.318313598633,145.318313598633,145.318313598633,,,,,,
871,1741,1741,1741,145.333984375,145.333984375,145.333984375,,,,,,
872,1743,1743,1743,145.350357055664,145.350357055664,145.350357055664,,,,,,
873,1745,1745,1745,145.365875244141,145.365875244141,145.365875244141,,,,,,
874,1747,1747,1747,145.381256103516,145.381256103516,145.381256103516,,,,,,
875,1749,1749,1749,145.397354125977,145.397354125977,145.397354125977,,,,,,
876,1751,1751,1751,145.412841796875,145.412841796875,145.412841796875,,,,,,
877,1753,1753,1753,145.428924560547,145.428924560547,145.428924560547,,,,,,
878,1755,1755,1755,145.443710327148,145.443710327148,145.443710327148,,,,,,
879,1757,1757,1757,145.460388183594,145.460388183594,145.460388183594,,,,,,
880,1759,1759,1759,145.475601196289,145.475601196289,145.475601196289,,,,,,
881,1761,1761,1761,145.492279052734,145.492279052734,145.492279052734,,,,,,
882,1763,1763,1763,145.5078125,145.5078125,145.5078125,,,,,,
883,1765,1765,1765,145.523315429688,145.523315429688,145.523315429688,,,,,,
884,1767,1767,1767,145.540405273438,145.540405273438,145.540405273438,,,,,,
885,1769,1769,1769,145.5556640625,145.5556640625,145.5556640625,,,,,,
886,1771,1771,1771,145.571228027344,145.571228027344,145.571228027344,,,,,,
887,1773,1773,1773,145.58723449707,145.58723449707,145.58723449707,,,,,,
888,1775,1775,1775,145.602874755859,145.602874755859,145.602874755859,,,,,,
889,1777,1777,1777,145.618499755859,145.618499755859,145.618499755859,,,,,,
890,1779,1779,1779,145.634536743164,145.634536743164,145.634536743164,,,,,,
891,1781,1781,1781,145.650177001953,145.650177001953,145.650177001953,,,,,,
892,1783,1783,1783,145.666458129883,145.666458129883,145.666458129883,,,,,,
893,1785,1785,1785,145.682403564453,145.682403564453,145.682403564453,,,,,,
894,1787,1787,1787,145.699096679688,145.699096679688,145.699096679688,,,,,,
895,1789,1789,1789,145.714172363281,145.714172363281,145.714172363281,,,,,,
896,1791,1791,1791,145.730056762695,145.730056762695,145.730056762695,,,,,,
897,1793,1793,1793,145.745834350586,145.745834350586,145.745834350586,,,,,,
898,1795,1795,1795,145.760498046875,145.760498046875,145.760498046875,,,,,,
899,1797,1797,1797,145.777038574219,145.777038574219,145.777038574219,,,,,,
900,1799,1799,1799,145.792388916016,145.792388916016,145.792388916016,,,,,,
901,1801,1801,1801,145.808151245117,145.808151245117,145.808151245117,,,,,,
902,1803,1803,1803,145.823944091797,145.823944091797,145.823944091797,,,,,,
903,1805,1805,1805,145.839828491211,145.839828491211,145.839828491211,,,,,,
904,1807,1807,1807,145.855575561523,145.855575561523,145.855575561523,,,,,,
905,1809,1809,1809,145.871353149414,145.871353149414,145.871353149414,,,,,,
906,1811,1811,1811,145.887496948242,145.887496948242,145.887496948242,,,,,,
907,1813,1813,1813,145.904281616211,145.904281616211,145.904281616211,,,,,,
908,1815,1815,1815,145.920684814453,145.920684814453,145.920684814453,,,,,,
909,1817,1817,1817,145.93701171875,145.93701171875,145.93701171875,,,,,,
910,1819,1819,1819,145.953735351563,145.953735351563,145.953735351563,,,,,,
911,1821,1821,1821,145.970001220703,145.970001220703,145.970001220703,,,,,,
912,1823,1823,1823,145.986480712891,145.986480712891,145.986480712891,,,,,,
913,1825,1825,1825,146.002899169922,146.002899169922,146.002899169922,,,,,,
914,1827,1827,1827,146.019592285156,146.019592285156,146.019592285156,,,,,,
915,1829,1829,1829,146.035507202148,146.035507202148,146.035507202148,,,,,,
916,1831,1831,1831,146.051528930664,146.051528930664,146.051528930664,,,,,,
917,1833,1833,1833,146.068069458008,146.068069458008,146.068069458008,,,,,,
918,1835,1835,1835,146.084060668945,146.084060668945,146.084060668945,,,,,,
919,1837,1837,1837,146.101516723633,146.101516723633,146.101516723633,,,,,,
920,1839,1839,1839,146.117004394531,146.117004394531,146.117004394531,,,,,,
921,1841,1841,1841,146.134307861328,146.134307861328,146.134307861328,,,,,,
922,1843,1843,1843,146.151351928711,146.151351928711,146.151351928711,,,,,,
923,1845,1845,1845,146.167282104492,146.167282104492,146.167282104492,,,,,,
924,1847,1847,1847,146.184494018555,146.184494018555,146.184494018555,,,,,,
925,1849,1849,1849,146.200378417969,146.200378417969,146.200378417969,,,,,,
926,1851,1851,1851,146.217147827148,146.217147827148,146.217147827148,,,,,,
927,1853,1853,1853,146.233581542969,146.233581542969,146.233581542969,,,,,,
928,1855,1855,1855,146.24951171875,146.24951171875,146.24951171875,,,,,,
929,1857,1857,1857,146.266311645508,146.266311645508,146.266311645508,,,,,,
930,1859,1859,1859,146.282638549805,146.282638549805,146.282638549805,,,,,,
931,1861,1861,1861,146.298904418945,146.298904418945,146.298904418945,,,,,,
932,1863,1863,1863,146.314865112305,146.314865112305,146.314865112305,,,,,,
933,1865,1865,1865,146.331069946289,146.331069946289,146.331069946289,,,,,,
934,1867,1867,1867,146.346603393555,146.346603393555,146.346603393555,,,,,,
935,1869,1869,1869,146.363220214844,146.363220214844,146.363220214844,,,,,,
936,1871,1871,1871,146.378952026367,146.378952026367,146.378952026367,,,,,,
937,1873,1873,1873,146.394470214844,146.394470214844,146.394470214844,,,,,,
938,1875,1875,1875,146.410827636719,146.410827636719,146.410827636719,,,,,,
939,1877,1877,1877,146.426254272461,146.426254272461,146.426254272461,,,,,,
940,1879,1879,1879,146.442581176758,146.442581176758,146.442581176758,,,,,,
941,1881,1881,1881,146.457763671875,146.457763671875,146.457763671875,,,,,,
942,1883,1883,1883,146.474060058594,146.474060058594,146.474060058594,,,,,,
943,1885,1885,1885,146.489288330078,146.489288330078,146.489288330078,,,,,,
944,1887,1887,1887,146.505172729492,146.505172729492,146.505172729492,,,,,,
945,1889,1889,1889,146.520248413086,146.520248413086,146.520248413086,,,,,,
946,1891,1891,1891,146.535552978516,146.535552978516,146.535552978516,,,,,,
947,1893,1893,1893,146.551345825195,146.551345825195,146.551345825195,,,,,,
948,1895,1895,1895,146.566223144531,146.566223144531,146.566223144531,,,,,,
949,1897,1897,1897,146.581726074219,146.581726074219,146.581726074219,,,,,,
950,1899,1899,1899,146.595977783203,146.595977783203,146.595977783203,,,,,,
951,1901,1901,1901,146.611419677734,146.611419677734,146.611419677734,,,,,,
952,1903,1903,1903,146.625885009766,146.625885009766,146.625885009766,,,,,,
953,1905,1905,1905,146.640930175781,146.640930175781,146.640930175781,,,,,,
954,1907,1907,1907,146.656066894531,146.656066894531,146.656066894531,,,,,,
955,1909,1909,1909,146.670791625977,146.670791625977,146.670791625977,,,,,,
956,1911,1911,1911,146.685745239258,146.685745239258,146.685745239258,,,,,,
957,1913,1913,1913,146.700576782227,146.700576782227,146.700576782227,,,,,,
958,1915,1915,1915,146.71662902832,146.71662902832,146.71662902832,,,,,,
959,1917,1917,1917,146.731094360352,146.731094360352,146.731094360352,,,,,,
960,1919,1919,1919,146.746398925781,146.746398925781,146.746398925781,,,,,,
961,1921,1921,1921,146.761001586914,146.761001586914,146.761001586914,,,,,,
962,1923,1923,1923,146.776290893555,146.776290893555,146.776290893555,,,,,,
963,1925,1925,1925,146.790618896484,146.790618896484,146.790618896484,,,,,,
964,1927,1927,1927,146.805740356445,146.805740356445,146.805740356445,,,,,,
965,1929,1929,1929,146.820266723633,146.820266723633,146.820266723633,,,,,,
966,1931,1931,1931,146.834594726563,146.834594726563,146.834594726563,,,,,,
967,1933,1933,1933,146.849258422852,146.849258422852,146.849258422852,,,,,,
968,1935,1935,1935,146.863510131836,146.863510131836,146.863510131836,,,,,,
969,1937,1937,1937,146.878524780273,146.878524780273,146.878524780273,,,,,,
970,1939,1939,1939,146.892730712891,146.892730712891,146.892730712891,,,,,,
971,1941,1941,1941,146.907012939453,146.907012939453,146.907012939453,,,,,,
972,1943,1943,1943,146.922027587891,146.922027587891,146.922027587891,,,,,,
973,1945,1945,1945,146.935791015625,146.935791015625,146.935791015625,,,,,,
974,1947,1947,1947,146.950576782227,146.950576782227,146.950576782227,,,,,,
975,1949,1949,1949,146.964691162109,146.964691162109,146.964691162109,,,,,,
976,1951,1951,1951,146.979370117188,146.979370117188,146.979370117188,,,,,,
977,1953,1953,1953,146.993270874023,146.993270874023,146.993270874023,,,,,,
978,1955,1955,1955,147.007568359375,147.007568359375,147.007568359375,,,,,,
979,1957,1957,1957,147.021942138672,147.021942138672,147.021942138672,,,,,,
980,1959,1959,1959,147.037384033203,147.037384033203,147.037384033203,,,,,,
981,1961,1961,1961,147.050552368164,147.050552368164,147.050552368164,,,,,,
982,1963,1963,1963,147.065292358398,147.065292358398,147.065292358398,,,,,,
983,1965,1965,1965,147.07958984375,147.07958984375,147.07958984375,,,,,,
984,1967,1967,1967,147.094543457031,147.094543457031,147.094543457031,,,,,,
985,1969,1969,1969,147.108062744141,147.108062744141,147.108062744141,,,,,,
986,1971,1971,1971,147.122451782227,147.122451782227,147.122451782227,,,,,,
987,1973,1973,1973,147.13688659668,147.13688659668,147.13688659668,,,,,,
988,1975,1975,1975,147.151062011719,147.151062011719,147.151062011719,,,,,,
989,1977,1977,1977,147.165512084961,147.165512084961,147.165512084961,,,,,,
990,1979,1979,1979,147.179443359375,147.179443359375,147.179443359375,,,,,,
991,1981,1981,1981,147.193695068359,147.193695068359,147.193695068359,,,,,,
992,1983,1983,1983,147.207992553711,147.207992553711,147.207992553711,,,,,,
993,1985,1985,1985,147.222702026367,147.222702026367,147.222702026367,,,,,,
994,1987,1987,1987,147.236679077148,147.236679077148,147.236679077148,,,,,,
995,1989,1989,1989,147.250762939453,147.250762939453,147.250762939453,,,,,,
996,1991,1991,1991,147.264343261719,147.264343261719,147.264343261719,,,,,,
997,1993,1993,1993,147.279769897461,147.279769897461,147.279769897461,,,,,,
998,1995,1995,1995,147.293426513672,147.293426513672,147.293426513672,,,,,,
999,1997,1997,1997,147.306991577148,147.306991577148,147.306991577148,,,,,,
1000,1999,1999,1999,147.321487426758,147.321487426758,147.321487426758,,,,,,
1001,2001,2001,2001,147.334579467773,147.334579467773,147.334579467773,,,,,,
1002,2003,2003,2003,147.34880065918,147.34880065918,147.34880065918,,,,,,
1003,2005,2005,2005,147.362045288086,147.362045288086,147.362045288086,,,,,,
1004,2007,2007,2007,147.376220703125,147.376220703125,147.376220703125,,,,,,
1005,2009,2009,2009,147.391006469727,147.391006469727,147.391006469727,,,,,,
1006,2011,2011,2011,147.403381347656,147.403381347656,147.403381347656,,,,,,
1007,2013,2013,2013,147.416885375977,147.416885375977,147.416885375977,,,,,,
1008,2015,2015,2015,147.430541992188,147.430541992188,147.430541992188,,,,,,
1009,2017,2017,2017,147.443695068359,147.443695068359,147.443695068359,,,,,,
1010,2019,2019,2019,147.457489013672,147.457489013672,147.457489013672,,,,,,
1011,2021,2021,2021,147.470626831055,147.470626831055,147.470626831055,,,,,,
1012,2023,2023,2023,147.48469543457,147.48469543457,147.48469543457,,,,,,
1013,2025,2025,2025,147.497009277344,147.497009277344,147.497009277344,,,,,,
1014,2027,2027,2027,147.510681152344,147.510681152344,147.510681152344,,,,,,
1015,2029,2029,2029,147.523666381836,147.523666381836,147.523666381836,,,,,,
1016,2031,2031,2031,147.537475585938,147.537475585938,147.537475585938,,,,,,
1017,2033,2033,2033,147.550994873047,147.550994873047,147.550994873047,,,,,,
1018,2035,2035,2035,147.564193725586,147.564193725586,147.564193725586,,,,,,
1019,2037,2037,2037,147.577682495117,147.577682495117,147.577682495117,,,,,,
1020,2039,2039,2039,147.590637207031,147.590637207031,147.590637207031,,,,,,
1021,2041,2041,2041,147.604370117188,147.604370117188,147.604370117188,,,,,,
1022,2043,2043,2043,147.616683959961,147.616683959961,147.616683959961,,,,,,
1023,2045,2045,2045,147.630172729492,147.630172729492,147.630172729492,,,,,,
1024,2047,2047,2047,147.643264770508,147.643264770508,147.643264770508,,,,,,
1025,2049,2049,2049,147.655944824219,147.655944824219,147.655944824219,,,,,,
1026,2051,2051,2051,147.668975830078,147.668975830078,147.668975830078,,,,,,
1027,2053,2053,2053,147.682098388672,147.682098388672,147.682098388672,,,,,,
1028,2055,2055,2055,147.695098876953,147.695098876953,147.695098876953,,,,,,
1029,2057,2057,2057,147.708038330078,147.708038330078,147.708038330078,,,,,,
1030,2059,2059,2059,147.720718383789,147.720718383789,147.720718383789,,,,,,
1031,2061,2061,2061,147.73323059082,147.73323059082,147.73323059082,,,,,,
1032,2063,2063,2063,147.746444702148,147.746444702148,147.746444702148,,,,,,
1033,2065,2065,2065,147.758544921875,147.758544921875,147.758544921875,,,,,,
1034,2067,2067,2067,147.772125244141,147.772125244141,147.772125244141,,,,,,
1035,2069,2069,2069,147.784393310547,147.784393310547,147.784393310547,,,,,,
1036,2071,2071,2071,147.796600341797,147.796600341797,147.796600341797,,,,,,
1037,2073,2073,2073,147.809585571289,147.809585571289,147.809585571289,,,,,,
1038,2075,2075,2075,147.822036743164,147.822036743164,147.822036743164,,,,,,
1039,2077,2077,2077,147.835510253906,147.835510253906,147.835510253906,,,,,,
1040,2079,2079,2079,147.847579956055,147.847579956055,147.847579956055,,,,,,
1041,2081,2081,2081,147.859436035156,147.859436035156,147.859436035156,,,,,,
1042,2083,2083,2083,147.872009277344,147.872009277344,147.872009277344,,,,,,
1043,2085,2085,2085,147.884582519531,147.884582519531,147.884582519531,,,,,,
1044,2087,2087,2087,147.89697265625,147.89697265625,147.89697265625,,,,,,
1045,2089,2089,2089,147.909103393555,147.909103393555,147.909103393555,,,,,,
1046,2091,2091,2091,147.9208984375,147.9208984375,147.9208984375,,,,,,
1047,2093,2093,2093,147.933609008789,147.933609008789,147.933609008789,,,,,,
1048,2095,2095,2095,147.945861816406,147.945861816406,147.945861816406,,,,,,
1049,2097,2097,2097,147.958465576172,147.958465576172,147.958465576172,,,,,,
1050,2099,2099,2099,147.969924926758,147.969924926758,147.969924926758,,,,,,
1051,2101,2101,2101,147.982650756836,147.982650756836,147.982650756836,,,,,,
1052,2103,2103,2103,147.994384765625,147.994384765625,147.994384765625,,,,,,
1053,2105,2105,2105,148.006057739258,148.006057739258,148.006057739258,,,,,,
1054,2107,2107,2107,148.017272949219,148.017272949219,148.017272949219,,,,,,
1055,2109,2109,2109,148.028427124023,148.028427124023,148.028427124023,,,,,,
1056,2111,2111,2111,148.039855957031,148.039855957031,148.039855957031,,,,,,
1057,2113,2113,2113,148.051284790039,148.051284790039,148.051284790039,,,,,,
1058,2115,2115,2115,148.062759399414,148.062759399414,148.062759399414,,,,,,
1059,2117,2117,2117,148.074340820313,148.074340820313,148.074340820313,,,,,,
1060,2119,2119,2119,148.08642578125,148.08642578125,148.08642578125,,,,,,
1061,2121,2121,2121,148.098251342773,148.098251342773,148.098251342773,,,,,,
1062,2123,2123,2123,148.110427856445,148.110427856445,148.110427856445,,,,,,
1063,2125,2125,2125,148.12239074707,148.12239074707,148.12239074707,,,,,,
1064,2127,2127,2127,148.134872436523,148.134872436523,148.134872436523,,,,,,
1065,2129,2129,2129,148.146514892578,148.146514892578,148.146514892578,,,,,,
1066,2131,2131,2131,148.159378051758,148.159378051758,148.159378051758,,,,,,
1067,2133,2133,2133,148.170944213867,148.170944213867,148.170944213867,,,,,,
1068,2135,2135,2135,148.183242797852,148.183242797852,148.183242797852,,,,,,
1069,2137,2137,2137,148.194259643555,148.194259643555,148.194259643555,,,,,,
1070,2139,2139,2139,148.20654296875,148.20654296875,148.20654296875,,,,,,
1071,2141,2141,2141,148.217666625977,148.217666625977,148.217666625977,,,,,,
1072,2143,2143,2143,148.229553222656,148.229553222656,148.229553222656,,,,,,
1073,2145,2145,2145,148.241928100586,148.241928100586,148.241928100586,,,,,,
1074,2147,2147,2147,148.253021240234,148.253021240234,148.253021240234,,,,,,
1075,2149,2149,2149,148.26594543457,148.26594543457,148.26594543457,,,,,,
1076,2151,2151,2151,148.277969360352,148.277969360352,148.277969360352,,,,,,
1077,2153,2153,2153,148.290817260742,148.290817260742,148.290817260742,,,,,,
1078,2155,2155,2155,148.303115844727,148.303115844727,148.303115844727,,,,,,
1079,2157,2157,2157,148.315048217773,148.315048217773,148.315048217773,,,,,,
1080,2159,2159,2159,148.327362060547,148.327362060547,148.327362060547,,,,,,
1081,2161,2161,2161,148.339263916016,148.339263916016,148.339263916016,,,,,,
1082,2163,2163,2163,148.351852416992,148.351852416992,148.351852416992,,,,,,
1083,2165,2165,2165,148.364334106445,148.364334106445,148.364334106445,,,,,,
1084,2167,2167,2167,148.376205444336,148.376205444336,148.376205444336,,,,,,
1085,2169,2169,2169,148.387954711914,148.387954711914,148.387954711914,,,,,,
1086,2171,2171,2171,148.400405883789,148.400405883789,148.400405883789,,,,,,
1087,2173,2173,2173,148.412734985352,148.412734985352,148.412734985352,,,,,,
1088,2175,2175,2175,148.424423217773,148.424423217773,148.424423217773,,,,,,
1089,2177,2177,2177,148.436141967773,148.436141967773,148.436141967773,,,,,,
1090,2179,2179,2179,148.448379516602,148.448379516602,148.448379516602,,,,,,
1091,2181,2181,2181,148.460372924805,148.460372924805,148.460372924805,,,,,,
1092,2183,2183,2183,148.472793579102,148.472793579102,148.472793579102,,,,,,
1093,2185,2185,2185,148.483673095703,148.483673095703,148.483673095703,,,,,,
1094,2187,2187,2187,148.496322631836,148.496322631836,148.496322631836,,,,,,
1095,2189,2189,2189,148.507614135742,148.507614135742,148.507614135742,,,,,,
1096,2191,2191,2191,148.518890380859,148.518890380859,148.518890380859,,,,,,
1097,2193,2193,2193,148.530197143555,148.530197143555,148.530197143555,,,,,,
1098,2195,2195,2195,148.541442871094,148.541442871094,148.541442871094,,,,,,
1099,2197,2197,2197,148.552795410156,148.552795410156,148.552795410156,,,,,,
1100,2199,2199,2199,148.563690185547,148.563690185547,148.563690185547,,,,,,
1101,2201,2201,2201,148.57421875,148.57421875,148.57421875,,,,,,
1102,2203,2203,2203,148.585189819336,148.585189819336,148.585189819336,,,,,,
1103,2205,2205,2205,148.595230102539,148.595230102539,148.595230102539,,,,,,
1104,2207,2207,2207,148.606292724609,148.606292724609,148.606292724609,,,,,,
1105,2209,2209,2209,148.616897583008,148.616897583008,148.616897583008,,,,,,
1106,2211,2211,2211,148.627853393555,148.627853393555,148.627853393555,,,,,,
1107,2213,2213,2213,148.638916015625,148.638916015625,148.638916015625,,,,,,
1108,2215,2215,2215,148.648941040039,148.648941040039,148.648941040039,,,,,,
1109,2217,2217,2217,148.65966796875,148.65966796875,148.65966796875,,,,,,
1110,2219,2219,2219,148.67073059082,148.67073059082,148.67073059082,,,,,,
1111,2221,2221,2221,148.681747436523,148.681747436523,148.681747436523,,,,,,
1112,2223,2223,2223,148.692947387695,148.692947387695,148.692947387695,,,,,,
1113,2225,2225,2225,148.703063964844,148.703063964844,148.703063964844,,,,,,
1114,2227,2227,2227,148.71452331543,148.71452331543,148.71452331543,,,,,,
1115,2229,2229,2229,148.725051879883,148.725051879883,148.725051879883,,,,,,
1116,2231,2231,2231,148.737335205078,148.737335205078,148.737335205078,,,,,,
1117,2233,2233,2233,148.748031616211,148.748031616211,148.748031616211,,,,,,
1118,2235,2235,2235,148.759124755859,148.759124755859,148.759124755859,,,,,,
1119,2237,2237,2237,148.770309448242,148.770309448242,148.770309448242,,,,,,
1120,2239,2239,2239,148.781112670898,148.781112670898,148.781112670898,,,,,,
1121,2241,2241,2241,148.792739868164,148.792739868164,148.792739868164,,,,,,
1122,2243,2243,2243,148.80354309082,148.80354309082,148.80354309082,,,,,,
1123,2245,2245,2245,148.81526184082,148.81526184082,148.81526184082,,,,,,
1124,2247,2247,2247,148.825912475586,148.825912475586,148.825912475586,,,,,,
1125,2249,2249,2249,148.836944580078,148.836944580078,148.836944580078,,,,,,
1126,2251,2251,2251,148.848007202148,148.848007202148,148.848007202148,,,,,,
1127,2253,2253,2253,148.859069824219,148.859069824219,148.859069824219,,,,,,
1128,2255,2255,2255,148.869964599609,148.869964599609,148.869964599609,,,,,,
1129,2257,2257,2257,148.881423950195,148.881423950195,148.881423950195,,,,,,
1130,2259,2259,2259,148.891876220703,148.891876220703,148.891876220703,,,,,,
1131,2261,2261,2261,148.903610229492,148.903610229492,148.903610229492,,,,,,
1132,2263,2263,2263,148.9140625,148.9140625,148.9140625,,,,,,
1133,2265,2265,2265,148.925323486328,148.925323486328,148.925323486328,,,,,,
1134,2267,2267,2267,148.936706542969,148.936706542969,148.936706542969,,,,,,
1135,2269,2269,2269,148.94743347168,148.94743347168,148.94743347168,,,,,,
1136,2271,2271,2271,148.958236694336,148.958236694336,148.958236694336,,,,,,
1137,2273,2273,2273,148.968856811523,148.968856811523,148.968856811523,,,,,,
1138,2275,2275,2275,148.979278564453,148.979278564453,148.979278564453,,,,,,
1139,2277,2277,2277,148.990280151367,148.990280151367,148.990280151367,,,,,,
1140,2279,2279,2279,149.000640869141,149.000640869141,149.000640869141,,,,,,
1141,2281,2281,2281,149.011077880859,149.011077880859,149.011077880859,,,,,,
1142,2283,2283,2283,149.021087646484,149.021087646484,149.021087646484,,,,,,
1143,2285,2285,2285,149.031509399414,149.031509399414,149.031509399414,,,,,,
1144,2287,2287,2287,149.042205810547,149.042205810547,149.042205810547,,,,,,
1145,2289,2289,2289,149.052627563477,149.052627563477,149.052627563477,,,,,,
1146,2291,2291,2291,149.063278198242,149.063278198242,149.063278198242,,,,,,
1147,2293,2293,2293,149.073257446289,149.073257446289,149.073257446289,,,,,,
1148,2295,2295,2295,149.084686279297,149.084686279297,149.084686279297,,,,,,
1149,2297,2297,2297,149.094619750977,149.094619750977,149.094619750977,,,,,,
1150,2299,2299,2299,149.105316162109,149.105316162109,149.105316162109,,,,,,
1151,2301,2301,2301,149.115905761719,149.115905761719,149.115905761719,,,,,,
1152,2303,2303,2303,149.126235961914,149.126235961914,149.126235961914,,,,,,
1153,2305,2305,2305,149.13703918457,149.13703918457,149.13703918457,,,,,,
1154,2307,2307,2307,149.147216796875,149.147216796875,149.147216796875,,,,,,
1155,2309,2309,2309,149.157562255859,149.157562255859,149.157562255859,,,,,,
1156,2311,2311,2311,149.167907714844,149.167907714844,149.167907714844,,,,,,
1157,2313,2313,2313,149.179092407227,149.179092407227,149.179092407227,,,,,,
1158,2315,2315,2315,149.188995361328,149.188995361328,149.188995361328,,,,,,
1159,2317,2317,2317,149.199691772461,149.199691772461,149.199691772461,,,,,,
1160,2319,2319,2319,149.210235595703,149.210235595703,149.210235595703,,,,,,
1161,2321,2321,2321,149.220199584961,149.220199584961,149.220199584961,,,,,,
1162,2323,2323,2323,149.230834960938,149.230834960938,149.230834960938,,,,,,
1163,2325,2325,2325,149.23942565918,149.23942565918,149.23942565918,,,,,,
1164,2327,2327,2327,149.249649047852,149.249649047852,149.249649047852,,,,,,
1165,2329,2329,2329,149.259628295898,149.259628295898,149.259628295898,,,,,,
1166,2331,2331,2331,149.268814086914,149.268814086914,149.268814086914,,,,,,
1167,2333,2333,2333,149.279312133789,149.279312133789,149.279312133789,,,,,,
1168,2335,2335,2335,149.288940429688,149.288940429688,149.288940429688,,,,,,
1169,2337,2337,2337,149.29914855957,149.29914855957,149.29914855957,,,,,,
1170,2339,2339,2339,149.308578491211,149.308578491211,149.308578491211,,,,,,
1171,2341,2341,2341,149.318695068359,149.318695068359,149.318695068359,,,,,,
1172,2343,2343,2343,149.329132080078,149.329132080078,149.329132080078,,,,,,
1173,2345,2345,2345,149.338623046875,149.338623046875,149.338623046875,,,,,,
1174,2347,2347,2347,149.348754882813,149.348754882813,149.348754882813,,,,,,
1175,2349,2349,2349,149.358245849609,149.358245849609,149.358245849609,,,,,,
1176,2351,2351,2351,149.368438720703,149.368438720703,149.368438720703,,,,,,
1177,2353,2353,2353,149.378036499023,149.378036499023,149.378036499023,,,,,,
1178,2355,2355,2355,149.387954711914,149.387954711914,149.387954711914,,,,,,
1179,2357,2357,2357,149.397323608398,149.397323608398,149.397323608398,,,,,,
1180,2359,2359,2359,149.407180786133,149.407180786133,149.407180786133,,,,,,
1181,2361,2361,2361,149.415939331055,149.415939331055,149.415939331055,,,,,,
1182,2363,2363,2363,149.426010131836,149.426010131836,149.426010131836,,,,,,
1183,2365,2365,2365,149.434722900391,149.434722900391,149.434722900391,,,,,,
1184,2367,2367,2367,149.444061279297,149.444061279297,149.444061279297,,,,,,
1185,2369,2369,2369,149.453475952148,149.453475952148,149.453475952148,,,,,,
1186,2371,2371,2371,149.462493896484,149.462493896484,149.462493896484,,,,,,
1187,2373,2373,2373,149.473052978516,149.473052978516,149.473052978516,,,,,,
1188,2375,2375,2375,149.481689453125,149.481689453125,149.481689453125,,,,,,
1189,2377,2377,2377,149.49137878418,149.49137878418,149.49137878418,,,,,,
1190,2379,2379,2379,149.500473022461,149.500473022461,149.500473022461,,,,,,
1191,2381,2381,2381,149.510025024414,149.510025024414,149.510025024414,,,,,,
1192,2383,2383,2383,149.519271850586,149.519271850586,149.519271850586,,,,,,
1193,2385,2385,2385,149.528701782227,149.528701782227,149.528701782227,,,,,,
1194,2387,2387,2387,149.538482666016,149.538482666016,149.538482666016,,,,,,
1195,2389,2389,2389,149.547592163086,149.547592163086,149.547592163086,,,,,,
1196,2391,2391,2391,149.55729675293,149.55729675293,149.55729675293,,,,,,
1197,2393,2393,2393,149.566116333008,149.566116333008,149.566116333008,,,,,,
1198,2395,2395,2395,149.576187133789,149.576187133789,149.576187133789,,,,,,
1199,2397,2397,2397,149.584609985352,149.584609985352,149.584609985352,,,,,,
1200,2399,2399,2399,149.594451904297,149.594451904297,149.594451904297,,,,,,
1201,2401,2401,2401,149.604217529297,149.604217529297,149.604217529297,,,,,,
1202,2403,2403,2403,149.613067626953,149.613067626953,149.613067626953,,,,,,
1203,2405,2405,2405,149.623199462891,149.623199462891,149.623199462891,,,,,,
1204,2407,2407,2407,149.632843017578,149.632843017578,149.632843017578,,,,,,
1205,2409,2409,2409,149.641128540039,149.641128540039,149.641128540039,,,,,,
1206,2411,2411,2411,149.651596069336,149.651596069336,149.651596069336,,,,,,
1207,2413,2413,2413,149.6611328125,149.6611328125,149.6611328125,,,,,,
1208,2415,2415,2415,149.670791625977,149.670791625977,149.670791625977,,,,,,
1209,2417,2417,2417,149.679977416992,149.679977416992,149.679977416992,,,,,,
1210,2419,2419,2419,149.689086914063,149.689086914063,149.689086914063,,,,,,
1211,2421,2421,2421,149.698318481445,149.698318481445,149.698318481445,,,,,,
1212,2423,2423,2423,149.708343505859,149.708343505859,149.708343505859,,,,,,
1213,2425,2425,2425,149.717269897461,149.717269897461,149.717269897461,,,,,,
1214,2427,2427,2427,149.726684570313,149.726684570313,149.726684570313,,,,,,
1215,2429,2429,2429,149.73600769043,149.73600769043,149.73600769043,,,,,,
1216,2431,2431,2431,149.744567871094,149.744567871094,149.744567871094,,,,,,
1217,2433,2433,2433,149.753982543945,149.753982543945,149.753982543945,,,,,,
1218,2435,2435,2435,149.76335144043,149.76335144043,149.76335144043,,,,,,
1219,2437,2437,2437,149.772750854492,149.772750854492,149.772750854492,,,,,,
1220,2439,2439,2439,149.781936645508,149.781936645508,149.781936645508,,,,,,
1221,2441,2441,2441,149.791091918945,149.791091918945,149.791091918945,,,,,,
1222,2443,2443,2443,149.800704956055,149.800704956055,149.800704956055,,,,,,
1223,2445,2445,2445,149.81037902832,149.81037902832,149.81037902832,,,,,,
1224,2447,2447,2447,149.819961547852,149.819961547852,149.819961547852,,,,,,
1225,2449,2449,2449,149.829086303711,149.829086303711,149.829086303711,,,,,,
1226,2451,2451,2451,149.838684082031,149.838684082031,149.838684082031,,,,,,
1227,2453,2453,2453,149.848175048828,149.848175048828,149.848175048828,,,,,,
1228,2455,2455,2455,149.857131958008,149.857131958008,149.857131958008,,,,,,
1229,2457,2457,2457,149.866744995117,149.866744995117,149.866744995117,,,,,,
1230,2459,2459,2459,149.875396728516,149.875396728516,149.875396728516,,,,,,
1231,2461,2461,2461,149.885513305664,149.885513305664,149.885513305664,,,,,,
1232,2463,2463,2463,149.894470214844,149.894470214844,149.894470214844,,,,,,
1233,2465,2465,2465,149.903915405273,149.903915405273,149.903915405273,,,,,,
1234,2467,2467,2467,149.912551879883,149.912551879883,149.912551879883,,,,,,
1235,2469,2469,2469,149.92170715332,149.92170715332,149.92170715332,,,,,,
1236,2471,2471,2471,149.931198120117,149.931198120117,149.931198120117,,,,,,
1237,2473,2473,2473,149.940093994141,149.940093994141,149.940093994141,,,,,,
1238,2475,2475,2475,149.949157714844,149.949157714844,149.949157714844,,,,,,
1239,2477,2477,2477,149.957824707031,149.957824707031,149.957824707031,,,,,,
1240,2479,2479,2479,149.967483520508,149.967483520508,149.967483520508,,,,,,
1241,2481,2481,2481,149.97590637207,149.97590637207,149.97590637207,,,,,,
1242,2483,2483,2483,149.984817504883,149.984817504883,149.984817504883,,,,,,
1243,2485,2485,2485,149.993301391602,149.993301391602,149.993301391602,,,,,,
1244,2487,2487,2487,150.002105712891,150.002105712891,150.002105712891,,,,,,
1245,2489,2489,2489,150.011169433594,150.011169433594,150.011169433594,,,,,,
1246,2491,2491,2491,150.019424438477,150.019424438477,150.019424438477,,,,,,
1247,2493,2493,2493,150.02783203125,150.02783203125,150.02783203125,,,,,,
1248,2495,2495,2495,150.036331176758,150.036331176758,150.036331176758,,,,,,
1249,2497,2497,2497,150.044845581055,150.044845581055,150.044845581055,,,,,,
1250,2499,2499,2499,150.053787231445,150.053787231445,150.053787231445,,,,,,
1251,2501,2501,2501,150.061065673828,150.061065673828,150.061065673828,,,,,,
1252,2503,2503,2503,150.070465087891,150.070465087891,150.070465087891,,,,,,
1253,2505,2505,2505,150.078704833984,150.078704833984,150.078704833984,,,,,,
1254,2507,2507,2507,150.086730957031,150.086730957031,150.086730957031,,,,,,
1255,2509,2509,2509,150.095336914063,150.095336914063,150.095336914063,,,,,,
1256,2511,2511,2511,150.104049682617,150.104049682617,150.104049682617,,,,,,
1257,2513,2513,2513,150.112991333008,150.112991333008,150.112991333008,,,,,,
1258,2515,2515,2515,150.121536254883,150.121536254883,150.121536254883,,,,,,
1259,2517,2517,2517,150.129898071289,150.129898071289,150.129898071289,,,,,,
1260,2519,2519,2519,150.139022827148,150.139022827148,150.139022827148,,,,,,
1261,2521,2521,2521,150.147644042969,150.147644042969,150.147644042969,,,,,,
1262,2523,2523,2523,150.156555175781,150.156555175781,150.156555175781,,,,,,
1263,2525,2525,2525,150.164611816406,150.164611816406,150.164611816406,,,,,,
1264,2527,2527,2527,150.173980712891,150.173980712891,150.173980712891,,,,,,
1265,2529,2529,2529,150.18180847168,150.18180847168,150.18180847168,,,,,,
1266,2531,2531,2531,150.191223144531,150.191223144531,150.191223144531,,,,,,
1267,2533,2533,2533,150.199508666992,150.199508666992,150.199508666992,,,,,,
1268,2535,2535,2535,150.20768737793,150.20768737793,150.20768737793,,,,,,
1269,2537,2537,2537,150.215606689453,150.215606689453,150.215606689453,,,,,,
1270,2539,2539,2539,150.224044799805,150.224044799805,150.224044799805,,,,,,
1271,2541,2541,2541,150.231918334961,150.231918334961,150.231918334961,,,,,,
1272,2543,2543,2543,150.239959716797,150.239959716797,150.239959716797,,,,,,
1273,2545,2545,2545,150.247512817383,150.247512817383,150.247512817383,,,,,,
1274,2547,2547,2547,150.256057739258,150.256057739258,150.256057739258,,,,,,
1275,2549,2549,2549,150.263748168945,150.263748168945,150.263748168945,,,,,,
1276,2551,2551,2551,150.272323608398,150.272323608398,150.272323608398,,,,,,
1277,2553,2553,2553,150.27995300293,150.27995300293,150.27995300293,,,,,,
1278,2555,2555,2555,150.287551879883,150.287551879883,150.287551879883,,,,,,
1279,2557,2557,2557,150.295974731445,150.295974731445,150.295974731445,,,,,,
1280,2559,2559,2559,150.303802490234,150.303802490234,150.303802490234,,,,,,
1281,2561,2561,2561,150.311676025391,150.311676025391,150.311676025391,,,,,,
1282,2563,2563,2563,150.31916809082,150.31916809082,150.31916809082,,,,,,
1283,2565,2565,2565,150.327423095703,150.327423095703,150.327423095703,,,,,,
1284,2567,2567,2567,150.334777832031,150.334777832031,150.334777832031,,,,,,
1285,2569,2569,2569,150.3427734375,150.3427734375,150.3427734375,,,,,,
1286,2571,2571,2571,150.350448608398,150.350448608398,150.350448608398,,,,,,
1287,2573,2573,2573,150.358337402344,150.358337402344,150.358337402344,,,,,,
1288,2575,2575,2575,150.366058349609,150.366058349609,150.366058349609,,,,,,
1289,2577,2577,2577,150.373977661133,150.373977661133,150.373977661133,,,,,,
1290,2579,2579,2579,150.381195068359,150.381195068359,150.381195068359,,,,,,
1291,2581,2581,2581,150.389404296875,150.389404296875,150.389404296875,,,,,,
1292,2583,2583,2583,150.395980834961,150.395980834961,150.395980834961,,,,,,
1293,2585,2585,2585,150.403656005859,150.403656005859,150.403656005859,,,,,,
1294,2587,2587,2587,150.411041259766,150.411041259766,150.411041259766,,,,,,
1295,2589,2589,2589,150.419296264648,150.419296264648,150.419296264648,,,,,,
1296,2591,2591,2591,150.425537109375,150.425537109375,150.425537109375,,,,,,
1297,2593,2593,2593,150.432556152344,150.432556152344,150.432556152344,,,,,,
1298,2595,2595,2595,150.440292358398,150.440292358398,150.440292358398,,,,,,
1299,2597,2597,2597,150.447372436523,150.447372436523,150.447372436523,,,,,,
1300,2599,2599,2599,150.456253051758,150.456253051758,150.456253051758,,,,,,
1301,2601,2601,2601,150.463027954102,150.463027954102,150.463027954102,,,,,,
1302,2603,2603,2603,150.471221923828,150.471221923828,150.471221923828,,,,,,
1303,2605,2605,2605,150.479675292969,150.479675292969,150.479675292969,,,,,,
1304,2607,2607,2607,150.486312866211,150.486312866211,150.486312866211,,,,,,
1305,2609,2609,2609,150.494323730469,150.494323730469,150.494323730469,,,,,,
1306,2611,2611,2611,150.501663208008,150.501663208008,150.501663208008,,,,,,
1307,2613,2613,2613,150.509185791016,150.509185791016,150.509185791016,,,,,,
1308,2615,2615,2615,150.516983032227,150.516983032227,150.516983032227,,,,,,
1309,2617,2617,2617,150.523986816406,150.523986816406,150.523986816406,,,,,,
1310,2619,2619,2619,150.531372070313,150.531372070313,150.531372070313,,,,,,
1311,2621,2621,2621,150.5380859375,150.5380859375,150.5380859375,,,,,,
1312,2623,2623,2623,150.545532226563,150.545532226563,150.545532226563,,,,,,
1313,2625,2625,2625,150.553009033203,150.553009033203,150.553009033203,,,,,,
1314,2627,2627,2627,150.560317993164,150.560317993164,150.560317993164,,,,,,
1315,2629,2629,2629,150.567184448242,150.567184448242,150.567184448242,,,,,,
1316,2631,2631,2631,150.57487487793,150.57487487793,150.57487487793,,,,,,
1317,2633,2633,2633,150.581481933594,150.581481933594,150.581481933594,,,,,,
1318,2635,2635,2635,150.589080810547,150.589080810547,150.589080810547,,,,,,
1319,2637,2637,2637,150.596481323242,150.596481323242,150.596481323242,,,,,,
1320,2639,2639,2639,150.603546142578,150.603546142578,150.603546142578,,,,,,
1321,2641,2641,2641,150.611282348633,150.611282348633,150.611282348633,,,,,,
1322,2643,2643,2643,150.618118286133,150.618118286133,150.618118286133,,,,,,
1323,2645,2645,2645,150.625030517578,150.625030517578,150.625030517578,,,,,,
1324,2647,2647,2647,150.632186889648,150.632186889648,150.632186889648,,,,,,
1325,2649,2649,2649,150.639022827148,150.639022827148,150.639022827148,,,,,,
1326,2651,2651,2651,150.646591186523,150.646591186523,150.646591186523,,,,,,
1327,2653,2653,2653,150.652603149414,150.652603149414,150.652603149414,,,,,,
1328,2655,2655,2655,150.659957885742,150.659957885742,150.659957885742,,,,,,
1329,2657,2657,2657,150.667434692383,150.667434692383,150.667434692383,,,,,,
1330,2659,2659,2659,150.674346923828,150.674346923828,150.674346923828,,,,,,
1331,2661,2661,2661,150.681915283203,150.681915283203,150.681915283203,,,,,,
1332,2663,2663,2663,150.689041137695,150.689041137695,150.689041137695,,,,,,
1333,2665,2665,2665,150.695892333984,150.695892333984,150.695892333984,,,,,,
1334,2667,2667,2667,150.703109741211,150.703109741211,150.703109741211,,,,,,
1335,2669,2669,2669,150.7099609375,150.7099609375,150.7099609375,,,,,,
1336,2671,2671,2671,150.716979980469,150.716979980469,150.716979980469,,,,,,
1337,2673,2673,2673,150.723709106445,150.723709106445,150.723709106445,,,,,,
1338,2675,2675,2675,150.730407714844,150.730407714844,150.730407714844,,,,,,
1339,2677,2677,2677,150.737533569336,150.737533569336,150.737533569336,,,,,,
1340,2679,2679,2679,150.743865966797,150.743865966797,150.743865966797,,,,,,
1341,2681,2681,2681,150.751281738281,150.751281738281,150.751281738281,,,,,,
1342,2683,2683,2683,150.75749206543,150.75749206543,150.75749206543,,,,,,
1343,2685,2685,2685,150.764755249023,150.764755249023,150.764755249023,,,,,,
1344,2687,2687,2687,150.771408081055,150.771408081055,150.771408081055,,,,,,
1345,2689,2689,2689,150.778274536133,150.778274536133,150.778274536133,,,,,,
1346,2691,2691,2691,150.785385131836,150.785385131836,150.785385131836,,,,,,
1347,2693,2693,2693,150.7919921875,150.7919921875,150.7919921875,,,,,,
1348,2695,2695,2695,150.799301147461,150.799301147461,150.799301147461,,,,,,
1349,2697,2697,2697,150.806198120117,150.806198120117,150.806198120117,,,,,,
1350,2699,2699,2699,150.813110351563,150.813110351563,150.813110351563,,,,,,
1351,2701,2701,2701,150.819580078125,150.819580078125,150.819580078125,,,,,,
1352,2703,2703,2703,150.826583862305,150.826583862305,150.826583862305,,,,,,
1353,2705,2705,2705,150.833221435547,150.833221435547,150.833221435547,,,,,,
1354,2707,2707,2707,150.840118408203,150.840118408203,150.840118408203,,,,,,
1355,2709,2709,2709,150.8466796875,150.8466796875,150.8466796875,,,,,,
1356,2711,2711,2711,150.853515625,150.853515625,150.853515625,,,,,,
1357,2713,2713,2713,150.8603515625,150.8603515625,150.8603515625,,,,,,
1358,2715,2715,2715,150.867065429688,150.867065429688,150.867065429688,,,,,,
1359,2717,2717,2717,150.873886108398,150.873886108398,150.873886108398,,,,,,
1360,2719,2719,2719,150.881256103516,150.881256103516,150.881256103516,,,,,,
1361,2721,2721,2721,150.887634277344,150.887634277344,150.887634277344,,,,,,
1362,2723,2723,2723,150.893783569336,150.893783569336,150.893783569336,,,,,,
1363,2725,2725,2725,150.900299072266,150.900299072266,150.900299072266,,,,,,
1364,2727,2727,2727,150.907379150391,150.907379150391,150.907379150391,,,,,,
1365,2729,2729,2729,150.913452148438,150.913452148438,150.913452148438,,,,,,
1366,2731,2731,2731,150.920120239258,150.920120239258,150.920120239258,,,,,,
1367,2733,2733,2733,150.926010131836,150.926010131836,150.926010131836,,,,,,
1368,2735,2735,2735,150.932723999023,150.932723999023,150.932723999023,,,,,,
1369,2737,2737,2737,150.939056396484,150.939056396484,150.939056396484,,,,,,
1370,2739,2739,2739,150.945220947266,150.945220947266,150.945220947266,,,,,,
1371,2741,2741,2741,150.951583862305,150.951583862305,150.951583862305,,,,,,
1372,2743,2743,2743,150.957626342773,150.957626342773,150.957626342773,,,,,,
1373,2745,2745,2745,150.963500976563,150.963500976563,150.963500976563,,,,,,
1374,2747,2747,2747,150.969284057617,150.969284057617,150.969284057617,,,,,,
1375,2749,2749,2749,150.975234985352,150.975234985352,150.975234985352,,,,,,
1376,2751,2751,2751,150.980926513672,150.980926513672,150.980926513672,,,,,,
1377,2753,2753,2753,150.986740112305,150.986740112305,150.986740112305,,,,,,
1378,2755,2755,2755,150.992263793945,150.992263793945,150.992263793945,,,,,,
1379,2757,2757,2757,150.998596191406,150.998596191406,150.998596191406,,,,,,
1380,2759,2759,2759,151.005264282227,151.005264282227,151.005264282227,,,,,,
1381,2761,2761,2761,151.010681152344,151.010681152344,151.010681152344,,,,,,
1382,2763,2763,2763,151.016387939453,151.016387939453,151.016387939453,,,,,,
1383,2765,2765,2765,151.022506713867,151.022506713867,151.022506713867,,,,,,
1384,2767,2767,2767,151.028213500977,151.028213500977,151.028213500977,,,,,,
1385,2769,2769,2769,151.034957885742,151.034957885742,151.034957885742,,,,,,
1386,2771,2771,2771,151.039566040039,151.039566040039,151.039566040039,,,,,,
1387,2773,2773,2773,151.045425415039,151.045425415039,151.045425415039,,,,,,
1388,2775,2775,2775,151.051727294922,151.051727294922,151.051727294922,,,,,,
1389,2777,2777,2777,151.057357788086,151.057357788086,151.057357788086,,,,,,
1390,2779,2779,2779,151.063980102539,151.063980102539,151.063980102539,,,,,,
1391,2781,2781,2781,151.06950378418,151.06950378418,151.06950378418,,,,,,
1392,2783,2783,2783,151.075378417969,151.075378417969,151.075378417969,,,,,,
1393,2785,2785,2785,151.082473754883,151.082473754883,151.082473754883,,,,,,
1394,2787,2787,2787,151.088043212891,151.088043212891,151.088043212891,,,,,,
1395,2789,2789,2789,151.093704223633,151.093704223633,151.093704223633,,,,,,
1396,2791,2791,2791,151.099273681641,151.099273681641,151.099273681641,,,,,,
1397,2793,2793,2793,151.105178833008,151.105178833008,151.105178833008,,,,,,
1398,2795,2795,2795,151.111480712891,151.111480712891,151.111480712891,,,,,,
1399,2797,2797,2797,151.117202758789,151.117202758789,151.117202758789,,,,,,
1400,2799,2799,2799,151.123565673828,151.123565673828,151.123565673828,,,,,,
1401,2801,2801,2801,151.129547119141,151.129547119141,151.129547119141,,,,,,
1402,2803,2803,2803,151.1357421875,151.1357421875,151.1357421875,,,,,,
1403,2805,2805,2805,151.141571044922,151.141571044922,151.141571044922,,,,,,
1404,2807,2807,2807,151.147842407227,151.147842407227,151.147842407227,,,,,,
1405,2809,2809,2809,151.152969360352,151.152969360352,151.152969360352,,,,,,
1406,2811,2811,2811,151.159210205078,151.159210205078,151.159210205078,,,,,,
1407,2813,2813,2813,151.165832519531,151.165832519531,151.165832519531,,,,,,
1408,2815,2815,2815,151.171112060547,151.171112060547,151.171112060547,,,,,,
1409,2817,2817,2817,151.177001953125,151.177001953125,151.177001953125,,,,,,
1410,2819,2819,2819,151.183135986328,151.183135986328,151.183135986328,,,,,,
1411,2821,2821,2821,151.189147949219,151.189147949219,151.189147949219,,,,,,
1412,2823,2823,2823,151.194702148438,151.194702148438,151.194702148438,,,,,,
1413,2825,2825,2825,151.200988769531,151.200988769531,151.200988769531,,,,,,
1414,2827,2827,2827,151.206359863281,151.206359863281,151.206359863281,,,,,,
1415,2829,2829,2829,151.212783813477,151.212783813477,151.212783813477,,,,,,
1416,2831,2831,2831,151.218200683594,151.218200683594,151.218200683594,,,,,,
1417,2833,2833,2833,151.224761962891,151.224761962891,151.224761962891,,,,,,
1418,2835,2835,2835,151.230285644531,151.230285644531,151.230285644531,,,,,,
1419,2837,2837,2837,151.236175537109,151.236175537109,151.236175537109,,,,,,
1420,2839,2839,2839,151.24235534668,151.24235534668,151.24235534668,,,,,,
1421,2841,2841,2841,151.247985839844,151.247985839844,151.247985839844,,,,,,
1422,2843,2843,2843,151.254180908203,151.254180908203,151.254180908203,,,,,,
1423,2845,2845,2845,151.259750366211,151.259750366211,151.259750366211,,,,,,
1424,2847,2847,2847,151.266189575195,151.266189575195,151.266189575195,,,,,,
1425,2849,2849,2849,151.271987915039,151.271987915039,151.271987915039,,,,,,
1426,2851,2851,2851,151.277740478516,151.277740478516,151.277740478516,,,,,,
1427,2853,2853,2853,151.283996582031,151.283996582031,151.283996582031,,,,,,
1428,2855,2855,2855,151.288986206055,151.288986206055,151.288986206055,,,,,,
1429,2857,2857,2857,151.295562744141,151.295562744141,151.295562744141,,,,,,
1430,2859,2859,2859,151.301010131836,151.301010131836,151.301010131836,,,,,,
1431,2861,2861,2861,151.302841186523,151.302841186523,151.302841186523,,,,,,
1432,2863,2863,2863,151.304748535156,151.304748535156,151.304748535156,,,,,,
1433,2865,2865,2865,151.306091308594,151.306091308594,151.306091308594,,,,,,
1434,2867,2867,2867,151.307739257813,151.307739257813,151.307739257813,,,,,,
1435,2869,2869,2869,151.309310913086,151.309310913086,151.309310913086,,,,,,
1436,2871,2871,2871,151.310470581055,151.310470581055,151.310470581055,,,,,,
1437,2873,2873,2873,151.311874389648,151.311874389648,151.311874389648,,,,,,
1438,2875,2875,2875,151.313003540039,151.313003540039,151.313003540039,,,,,,
1439,2877,2877,2877,151.314163208008,151.314163208008,151.314163208008,,,,,,
1440,2879,2879,2879,151.315170288086,151.315170288086,151.315170288086,,,,,,
1441,2881,2881,2881,151.316146850586,151.316146850586,151.316146850586,,,,,,
1442,2883,2883,2883,151.317001342773,151.317001342773,151.317001342773,,,,,,
1443,2885,2885,2885,151.317993164063,151.317993164063,151.317993164063,,,,,,
1444,2887,2887,2887,151.318862915039,151.318862915039,151.318862915039,,,,,,
1445,2889,2889,2889,151.319900512695,151.319900512695,151.319900512695,,,,,,
1446,2891,2891,2891,151.320419311523,151.320419311523,151.320419311523,,,,,,
1447,2893,2893,2893,151.321166992188,151.321166992188,151.321166992188,,,,,,
1448,2895,2895,2895,151.322158813477,151.322158813477,151.322158813477,,,,,,
1449,2897,2897,2897,151.322723388672,151.322723388672,151.322723388672,,,,,,
1450,2899,2899,2899,151.323471069336,151.323471069336,151.323471069336,,,,,,
1451,2901,2901,2901,151.324111938477,151.324111938477,151.324111938477,,,,,,
1452,2903,2903,2903,151.324981689453,151.324981689453,151.324981689453,,,,,,
1453,2905,2905,2905,151.325775146484,151.325775146484,151.325775146484,,,,,,
1454,2907,2907,2907,151.326507568359,151.326507568359,151.326507568359,,,,,,
1455,2909,2909,2909,151.327072143555,151.327072143555,151.327072143555,,,,,,
1456,2911,2911,2911,151.327926635742,151.327926635742,151.327926635742,,,,,,
1457,2913,2913,2913,151.328491210938,151.328491210938,151.328491210938,,,,,,
1458,2915,2915,2915,151.329162597656,151.329162597656,151.329162597656,,,,,,
1459,2917,2917,2917,151.329864501953,151.329864501953,151.329864501953,,,,,,
1460,2919,2919,2919,151.330718994141,151.330718994141,151.330718994141,,,,,,
1461,2921,2921,2921,151.331436157227,151.331436157227,151.331436157227,,,,,,
1462,2923,2923,2923,151.332046508789,151.332046508789,151.332046508789,,,,,,
1463,2925,2925,2925,151.332778930664,151.332778930664,151.332778930664,,,,,,
1464,2927,2927,2927,151.33366394043,151.33366394043,151.33366394043,,,,,,
1465,2929,2929,2929,151.334518432617,151.334518432617,151.334518432617,,,,,,
1466,2931,2931,2931,151.335083007813,151.335083007813,151.335083007813,,,,,,
1467,2933,2933,2933,151.336120605469,151.336120605469,"151.33612060546875""1431",1,1,1,151.305953979492,151.305953979492,151.305953979492
1468,75,75,75,151.350006103516,151.350006103516,151.350006103516,,,,,,
1469,77,77,77,151.358428955078,151.358428955078,151.358428955078,,,,,,
1470,79,79,79,151.366195678711,151.366195678711,151.366195678711,,,,,,
1471,81,81,81,151.374771118164,151.374771118164,151.374771118164,,,,,,
1472,83,83,83,151.383117675781,151.383117675781,151.383117675781,,,,,,
1473,85,85,85,151.391372680664,151.391372680664,151.391372680664,,,,,,
1474,87,87,87,151.400177001953,151.400177001953,151.400177001953,,,,,,
1475,89,89,89,151.407943725586,151.407943725586,151.407943725586,,,,,,
1476,91,91,91,151.416564941406,151.416564941406,151.416564941406,,,,,,
1477,93,93,93,151.423492431641,151.423492431641,151.423492431641,,,,,,
1478,95,95,95,151.432510375977,151.432510375977,151.432510375977,,,,,,
1479,97,97,97,151.437927246094,151.437927246094,151.437927246094,,,,,,
1480,99,99,99,151.445938110352,151.445938110352,151.445938110352,,,,,,
1481,101,101,101,151.452865600586,151.452865600586,151.452865600586,,,,,,
1482,103,103,103,151.459991455078,151.459991455078,151.459991455078,,,,,,
1483,105,105,105,151.468185424805,151.468185424805,151.468185424805,,,,,,
1484,107,107,107,151.474609375,151.474609375,151.474609375,,,,,,
1485,109,109,109,151.482131958008,151.482131958008,151.482131958008,,,,,,
1486,111,111,111,151.489196777344,151.489196777344,151.489196777344,,,,,,
1487,113,113,113,151.495803833008,151.495803833008,151.495803833008,,,,,,
1488,115,115,115,151.502365112305,151.502365112305,151.502365112305,,,,,,
1489,117,117,117,151.509353637695,151.509353637695,151.509353637695,,,,,,
1490,119,119,119,151.514831542969,151.514831542969,151.514831542969,,,,,,
1491,121,121,121,151.523498535156,151.523498535156,151.523498535156,,,,,,
1492,123,123,123,151.528656005859,151.528656005859,151.528656005859,,,,,,
1493,125,125,125,151.534973144531,151.534973144531,151.534973144531,,,,,,
1494,127,127,127,151.54264831543,151.54264831543,151.54264831543,,,,,,
1495,129,129,129,151.547454833984,151.547454833984,151.547454833984,,,,,,
1496,131,131,131,151.554351806641,151.554351806641,151.554351806641,,,,,,
1497,133,133,133,151.561965942383,151.561965942383,151.561965942383,,,,,,
1498,135,135,135,151.568252563477,151.568252563477,151.568252563477,,,,,,
1499,137,137,137,151.574966430664,151.574966430664,151.574966430664,,,,,,
1500,139,139,139,151.581192016602,151.581192016602,151.581192016602,,,,,,
1501,141,141,141,151.588882446289,151.588882446289,151.588882446289,,,,,,
1502,143,143,143,151.593673706055,151.593673706055,151.593673706055,,,,,,
1503,145,145,145,151.601760864258,151.601760864258,151.601760864258,,,,,,
1504,147,147,147,151.608352661133,151.608352661133,151.608352661133,,,,,,
1505,149,149,149,151.613571166992,151.613571166992,151.613571166992,,,,,,
1506,151,151,151,151.620819091797,151.620819091797,151.620819091797,,,,,,
1507,153,153,153,151.626007080078,151.626007080078,151.626007080078,,,,,,
1508,155,155,155,151.632354736328,151.632354736328,151.632354736328,,,,,,
1509,157,157,157,151.638336181641,151.638336181641,151.638336181641,,,,,,
1510,159,159,159,151.644729614258,151.644729614258,151.644729614258,,,,,,
1511,161,161,161,151.650894165039,151.650894165039,151.650894165039,,,,,,
1512,163,163,163,151.657089233398,151.657089233398,151.657089233398,,,,,,
1513,165,165,165,151.662902832031,151.662902832031,151.662902832031,,,,,,
1514,167,167,167,151.669448852539,151.669448852539,151.669448852539,,,,,,
1515,169,169,169,151.675537109375,151.675537109375,151.675537109375,,,,,,
1516,171,171,171,151.682556152344,151.682556152344,151.682556152344,,,,,,
1517,173,173,173,151.687927246094,151.687927246094,151.687927246094,,,,,,
1518,175,175,175,151.695220947266,151.695220947266,151.695220947266,,,,,,
1519,177,177,177,151.701568603516,151.701568603516,151.701568603516,,,,,,
1520,179,179,179,151.708282470703,151.708282470703,151.708282470703,,,,,,
1521,181,181,181,151.714920043945,151.714920043945,151.714920043945,,,,,,
1522,183,183,183,151.721313476563,151.721313476563,151.721313476563,,,,,,
1523,185,185,185,151.727905273438,151.727905273438,151.727905273438,,,,,,
1524,187,187,187,151.733581542969,151.733581542969,151.733581542969,,,,,,
1525,189,189,189,151.740783691406,151.740783691406,151.740783691406,,,,,,
1526,191,191,191,151.746673583984,151.746673583984,151.746673583984,,,,,,
1527,193,193,193,151.754150390625,151.754150390625,151.754150390625,,,,,,
1528,195,195,195,151.759979248047,151.759979248047,151.759979248047,,,,,,
1529,197,197,197,151.767456054688,151.767456054688,151.767456054688,,,,,,
1530,199,199,199,151.773681640625,151.773681640625,151.773681640625,,,,,,
1531,201,201,201,151.780212402344,151.780212402344,151.780212402344,,,,,,
1532,203,203,203,151.787445068359,151.787445068359,151.787445068359,,,,,,
1533,205,205,205,151.793212890625,151.793212890625,151.793212890625,,,,,,
1534,207,207,207,151.800643920898,151.800643920898,151.800643920898,,,,,,
1535,209,209,209,151.8056640625,151.8056640625,151.8056640625,,,,,,
1536,211,211,211,151.813323974609,151.813323974609,151.813323974609,,,,,,
1537,213,213,213,151.819549560547,151.819549560547,151.819549560547,,,,,,
1538,215,215,215,151.825302124023,151.825302124023,151.825302124023,,,,,,
1539,217,217,217,151.832092285156,151.832092285156,151.832092285156,,,,,,
1540,219,219,219,151.837387084961,151.837387084961,151.837387084961,,,,,,
1541,221,221,221,151.843566894531,151.843566894531,151.843566894531,,,,,,
1542,223,223,223,151.848999023438,151.848999023438,151.848999023438,,,,,,
1543,225,225,225,151.855102539063,151.855102539063,151.855102539063,,,,,,
1544,227,227,227,151.861251831055,151.861251831055,151.861251831055,,,,,,
1545,229,229,229,151.867156982422,151.867156982422,151.867156982422,,,,,,
1546,231,231,231,151.872894287109,151.872894287109,151.872894287109,,,,,,
1547,233,233,233,151.879592895508,151.879592895508,151.879592895508,,,,,,
1548,235,235,235,151.885467529297,151.885467529297,151.885467529297,,,,,,
1549,237,237,237,151.891647338867,151.891647338867,151.891647338867,,,,,,
1550,239,239,239,151.896362304688,151.896362304688,151.896362304688,,,,,,
1551,241,241,241,151.902877807617,151.902877807617,151.902877807617,,,,,,
1552,243,243,243,151.908874511719,151.908874511719,151.908874511719,,,,,,
1553,245,245,245,151.914459228516,151.914459228516,151.914459228516,,,,,,
1554,247,247,247,151.920715332031,151.920715332031,151.920715332031,,,,,,
1555,249,249,249,151.927017211914,151.927017211914,151.927017211914,,,,,,
1556,251,251,251,151.933700561523,151.933700561523,151.933700561523,,,,,,
1557,253,253,253,151.938446044922,151.938446044922,151.938446044922,,,,,,
1558,255,255,255,151.946136474609,151.946136474609,151.946136474609,,,,,,
1559,257,257,257,151.951797485352,151.951797485352,151.951797485352,,,,,,
1560,259,259,259,151.957870483398,151.957870483398,151.957870483398,,,,,,
1561,261,261,261,151.964370727539,151.964370727539,151.964370727539,,,,,,
1562,263,263,263,151.969924926758,151.969924926758,151.969924926758,,,,,,
1563,265,265,265,151.976837158203,151.976837158203,151.976837158203,,,,,,
1564,267,267,267,151.981887817383,151.981887817383,151.981887817383,,,,,,
1565,269,269,269,151.988403320313,151.988403320313,151.988403320313,,,,,,
1566,271,271,271,151.994110107422,151.994110107422,151.994110107422,,,,,,
1567,273,273,273,151.999603271484,151.999603271484,151.999603271484,,,,,,
1568,275,275,275,152.006088256836,152.006088256836,152.006088256836,,,,,,
1569,277,277,277,152.011123657227,152.011123657227,152.011123657227,,,,,,
1570,279,279,279,152.017730712891,152.017730712891,152.017730712891,,,,,,
1571,281,281,281,152.022048950195,152.022048950195,152.022048950195,,,,,,
1572,283,283,283,152.028060913086,152.028060913086,152.028060913086,,,,,,
1573,285,285,285,152.033569335938,152.033569335938,152.033569335938,,,,,,
1574,287,287,287,152.039169311523,152.039169311523,152.039169311523,,,,,,
1575,289,289,289,152.045120239258,152.045120239258,152.045120239258,,,,,,
1576,291,291,291,152.049957275391,152.049957275391,152.049957275391,,,,,,
1577,293,293,293,152.056030273438,152.056030273438,152.056030273438,,,,,,
1578,295,295,295,152.061065673828,152.061065673828,152.061065673828,,,,,,
1579,297,297,297,152.067001342773,152.067001342773,152.067001342773,,,,,,
1580,299,299,299,152.072265625,152.072265625,152.072265625,,,,,,
1581,301,301,301,152.077896118164,152.077896118164,152.077896118164,,,,,,
1582,303,303,303,152.084457397461,152.084457397461,152.084457397461,,,,,,
1583,305,305,305,152.089782714844,152.089782714844,152.089782714844,,,,,,
1584,307,307,307,152.095306396484,152.095306396484,152.095306396484,,,,,,
1585,309,309,309,152.100677490234,152.100677490234,152.100677490234,,,,,,
1586,311,311,311,152.105987548828,152.105987548828,152.105987548828,,,,,,
1587,313,313,313,152.112457275391,152.112457275391,152.112457275391,,,,,,
1588,315,315,315,152.117294311523,152.117294311523,152.117294311523,,,,,,
1589,317,317,317,152.123001098633,152.123001098633,152.123001098633,,,,,,
1590,319,319,319,152.12825012207,152.12825012207,152.12825012207,,,,,,
1591,321,321,321,152.133499145508,152.133499145508,152.133499145508,,,,,,
1592,323,323,323,152.139846801758,152.139846801758,152.139846801758,,,,,,
1593,325,325,325,152.144821166992,152.144821166992,152.144821166992,,,,,,
1594,327,327,327,152.151733398438,152.151733398438,152.151733398438,,,,,,
1595,329,329,329,152.156616210938,152.156616210938,152.156616210938,,,,,,
1596,331,331,331,152.162582397461,152.162582397461,152.162582397461,,,,,,
1597,333,333,333,152.169204711914,152.169204711914,152.169204711914,,,,,,
1598,335,335,335,152.174255371094,152.174255371094,152.174255371094,,,,,,
1599,337,337,337,152.18017578125,152.18017578125,152.18017578125,,,,,,
1600,339,339,339,152.185760498047,152.185760498047,152.185760498047,,,,,,
1601,341,341,341,152.191421508789,152.191421508789,152.191421508789,,,,,,
1602,343,343,343,152.197799682617,152.197799682617,152.197799682617,,,,,,
1603,345,345,345,152.202789306641,152.202789306641,152.202789306641,,,,,,
1604,347,347,347,152.209213256836,152.209213256836,152.209213256836,,,,,,
1605,349,349,349,152.214569091797,152.214569091797,152.214569091797,,,,,,
1606,351,351,351,152.220932006836,152.220932006836,152.220932006836,,,,,,
1607,353,353,353,152.227096557617,152.227096557617,152.227096557617,,,,,,
1608,355,355,355,152.232528686523,152.232528686523,152.232528686523,,,,,,
1609,357,357,357,152.238800048828,152.238800048828,152.238800048828,,,,,,
1610,359,359,359,152.244918823242,152.244918823242,152.244918823242,,,,,,
1611,361,361,361,152.25032043457,152.25032043457,152.25032043457,,,,,,
1612,363,363,363,152.256317138672,152.256317138672,152.256317138672,,,,,,
1613,365,365,365,152.261795043945,152.261795043945,152.261795043945,,,,,,
1614,367,367,367,152.267959594727,152.267959594727,152.267959594727,,,,,,
1615,369,369,369,152.272094726563,152.272094726563,152.272094726563,,,,,,
1616,371,371,371,152.278030395508,152.278030395508,152.278030395508,,,,,,
1617,373,373,373,152.28303527832,152.28303527832,152.28303527832,,,,,,
1618,375,375,375,152.288192749023,152.288192749023,152.288192749023,,,,,,
1619,377,377,377,152.29313659668,152.29313659668,152.29313659668,,,,,,
1620,379,379,379,152.297592163086,152.297592163086,152.297592163086,,,,,,
1621,381,381,381,152.302688598633,152.302688598633,152.302688598633,,,,,,
1622,383,383,383,152.306289672852,152.306289672852,152.306289672852,,,,,,
1623,385,385,385,152.311157226563,152.311157226563,152.311157226563,,,,,,
1624,387,387,387,152.315155029297,152.315155029297,152.315155029297,,,,,,
1625,389,389,389,152.319442749023,152.319442749023,152.319442749023,,,,,,
1626,391,391,391,152.323745727539,152.323745727539,152.323745727539,,,,,,
1627,393,393,393,152.327713012695,152.327713012695,152.327713012695,,,,,,
1628,395,395,395,152.331451416016,152.331451416016,152.331451416016,,,,,,
1629,397,397,397,152.335571289063,152.335571289063,152.335571289063,,,,,,
1630,399,399,399,152.339477539063,152.339477539063,152.339477539063,,,,,,
1631,401,401,401,152.344116210938,152.344116210938,152.344116210938,,,,,,
1632,403,403,403,152.346893310547,152.346893310547,152.346893310547,,,,,,
1633,405,405,405,152.351211547852,152.351211547852,152.351211547852,,,,,,
1634,407,407,407,152.354156494141,152.354156494141,152.354156494141,,,,,,
1635,409,409,409,152.358856201172,152.358856201172,152.358856201172,,,,,,
1636,411,411,411,152.361923217773,152.361923217773,152.361923217773,,,,,,
1637,413,413,413,152.364440917969,152.364440917969,152.364440917969,,,,,,
1638,415,415,415,152.368881225586,152.368881225586,152.368881225586,,,,,,
1639,417,417,417,152.371810913086,152.371810913086,152.371810913086,,,,,,
1640,419,419,419,152.375762939453,152.375762939453,152.375762939453,,,,,,
1641,421,421,421,152.379119873047,152.379119873047,152.379119873047,,,,,,
1642,423,423,423,152.382675170898,152.382675170898,152.382675170898,,,,,,
1643,425,425,425,152.386459350586,152.386459350586,152.386459350586,,,,,,
1644,427,427,427,152.389541625977,152.389541625977,152.389541625977,,,,,,
1645,429,429,429,152.393753051758,152.393753051758,152.393753051758,,,,,,
1646,431,431,431,152.397079467773,152.397079467773,152.397079467773,,,,,,
1647,433,433,433,152.400054931641,152.400054931641,152.400054931641,,,,,,
1648,435,435,435,152.404296875,152.404296875,152.404296875,,,,,,
1649,437,437,437,152.408142089844,152.408142089844,152.408142089844,,,,,,
1650,439,439,439,152.412185668945,152.412185668945,152.412185668945,,,,,,
1651,441,441,441,152.415191650391,152.415191650391,152.415191650391,,,,,,
1652,443,443,443,152.419799804688,152.419799804688,152.419799804688,,,,,,
1653,445,445,445,152.423034667969,152.423034667969,152.423034667969,,,,,,
1654,447,447,447,152.427490234375,152.427490234375,152.427490234375,,,,,,
1655,449,449,449,152.430618286133,152.430618286133,152.430618286133,,,,,,
1656,451,451,451,152.434539794922,152.434539794922,152.434539794922,,,,,,
1657,453,453,453,152.438339233398,152.438339233398,152.438339233398,,,,,,
1658,455,455,455,152.442047119141,152.442047119141,152.442047119141,,,,,,
1659,457,457,457,152.445831298828,152.445831298828,152.445831298828,,,,,,
1660,459,459,459,152.448791503906,152.448791503906,152.448791503906,,,,,,
1661,461,461,461,152.453430175781,152.453430175781,152.453430175781,,,,,,
1662,463,463,463,152.456665039063,152.456665039063,152.456665039063,,,,,,
1663,465,465,465,152.461151123047,152.461151123047,152.461151123047,,,,,,
1664,467,467,467,152.464797973633,152.464797973633,152.464797973633,,,,,,
1665,469,469,469,152.468597412109,152.468597412109,152.468597412109,,,,,,
1666,471,471,471,152.472930908203,152.472930908203,152.472930908203,,,,,,
1667,473,473,473,152.476425170898,152.476425170898,152.476425170898,,,,,,
1668,475,475,475,152.48112487793,152.48112487793,152.48112487793,,,,,,
1669,477,477,477,152.484741210938,152.484741210938,152.484741210938,,,,,,
1670,479,479,479,152.488861083984,152.488861083984,152.488861083984,,,,,,
1671,481,481,481,152.493377685547,152.493377685547,152.493377685547,,,,,,
1672,483,483,483,152.496978759766,152.496978759766,152.496978759766,,,,,,
1673,485,485,485,152.501312255859,152.501312255859,152.501312255859,,,,,,
1674,487,487,487,152.505065917969,152.505065917969,152.505065917969,,,,,,
1675,489,489,489,152.509658813477,152.509658813477,152.509658813477,,,,,,
1676,491,491,491,152.513427734375,152.513427734375,152.513427734375,,,,,,
1677,493,493,493,152.51741027832,152.51741027832,152.51741027832,,,,,,
1678,495,495,495,152.520233154297,152.520233154297,152.520233154297,,,,,,
1679,497,497,497,152.524658203125,152.524658203125,152.524658203125,,,,,,
1680,499,499,499,152.527816772461,152.527816772461,152.527816772461,,,,,,
1681,501,501,501,152.531097412109,152.531097412109,152.531097412109,,,,,,
1682,503,503,503,152.535690307617,152.535690307617,152.535690307617,,,,,,
1683,505,505,505,152.53923034668,152.53923034668,152.53923034668,,,,,,
1684,507,507,507,152.542877197266,152.542877197266,152.542877197266,,,,,,
1685,509,509,509,152.546859741211,152.546859741211,152.546859741211,,,,,,
1686,511,511,511,152.550262451172,152.550262451172,152.550262451172,,,,,,
1687,513,513,513,152.55419921875,152.55419921875,152.55419921875,,,,,,
1688,515,515,515,152.557876586914,152.557876586914,152.557876586914,,,,,,
1689,517,517,517,152.561767578125,152.561767578125,152.561767578125,,,,,,
1690,519,519,519,152.564483642578,152.564483642578,152.564483642578,,,,,,
1691,521,521,521,152.568542480469,152.568542480469,152.568542480469,,,,,,
1692,523,523,523,152.572525024414,152.572525024414,152.572525024414,,,,,,
1693,525,525,525,152.576171875,152.576171875,152.576171875,,,,,,
1694,527,527,527,152.579895019531,152.579895019531,152.579895019531,,,,,,
1695,529,529,529,152.583251953125,152.583251953125,152.583251953125,,,,,,
1696,531,531,531,152.587814331055,152.587814331055,152.587814331055,,,,,,
1697,533,533,533,152.590835571289,152.590835571289,152.590835571289,,,,,,
1698,535,535,535,152.594833374023,152.594833374023,152.594833374023,,,,,,
1699,537,537,537,152.599105834961,152.599105834961,152.599105834961,,,,,,
1700,539,539,539,152.602340698242,152.602340698242,152.602340698242,,,,,,
1701,541,541,541,152.606170654297,152.606170654297,152.606170654297,,,,,,
1702,543,543,543,152.609283447266,152.609283447266,152.609283447266,,,,,,
1703,545,545,545,152.613464355469,152.613464355469,152.613464355469,,,,,,
1704,547,547,547,152.616882324219,152.616882324219,152.616882324219,,,,,,
1705,549,549,549,152.620758056641,152.620758056641,152.620758056641,,,,,,
1706,551,551,551,152.624572753906,152.624572753906,152.624572753906,,,,,,
1707,553,553,553,152.6279296875,152.6279296875,152.6279296875,,,,,,
1708,555,555,555,152.631591796875,152.631591796875,152.631591796875,,,,,,
1709,557,557,557,152.634048461914,152.634048461914,152.634048461914,,,,,,
1710,559,559,559,152.638153076172,152.638153076172,152.638153076172,,,,,,
1711,561,561,561,152.641052246094,152.641052246094,152.641052246094,,,,,,
1712,563,563,563,152.645126342773,152.645126342773,152.645126342773,,,,,,
1713,565,565,565,152.648864746094,152.648864746094,152.648864746094,,,,,,
1714,567,567,567,152.652816772461,152.652816772461,152.652816772461,,,,,,
1715,569,569,569,152.656311035156,152.656311035156,152.656311035156,,,,,,
1716,571,571,571,152.660110473633,152.660110473633,152.660110473633,,,,,,
1717,573,573,573,152.663375854492,152.663375854492,152.663375854492,,,,,,
1718,575,575,575,152.667297363281,152.667297363281,152.667297363281,,,,,,
1719,577,577,577,152.671005249023,152.671005249023,152.671005249023,,,,,,
1720,579,579,579,152.674362182617,152.674362182617,152.674362182617,,,,,,
1721,581,581,581,152.678344726563,152.678344726563,152.678344726563,,,,,,
1722,583,583,583,152.682357788086,152.682357788086,152.682357788086,,,,,,
1723,585,585,585,152.686218261719,152.686218261719,152.686218261719,,,,,,
1724,587,587,587,152.690353393555,152.690353393555,152.690353393555,,,,,,
1725,589,589,589,152.693984985352,152.693984985352,152.693984985352,,,,,,
1726,591,591,591,152.698196411133,152.698196411133,152.698196411133,,,,,,
1727,593,593,593,152.702011108398,152.702011108398,152.702011108398,,,,,,
1728,595,595,595,152.706008911133,152.706008911133,152.706008911133,,,,,,
1729,597,597,597,152.709426879883,152.709426879883,152.709426879883,,,,,,
1730,599,599,599,152.713775634766,152.713775634766,152.713775634766,,,,,,
1731,601,601,601,152.717193603516,152.717193603516,152.717193603516,,,,,,
1732,603,603,603,152.720367431641,152.720367431641,152.720367431641,,,,,,
1733,605,605,605,152.72444152832,152.72444152832,152.72444152832,,,,,,
1734,607,607,607,152.727386474609,152.727386474609,152.727386474609,,,,,,
1735,609,609,609,152.732040405273,152.732040405273,152.732040405273,,,,,,
1736,611,611,611,152.735092163086,152.735092163086,152.735092163086,,,,,,
1737,613,613,613,152.73908996582,152.73908996582,152.73908996582,,,,,,
1738,615,615,615,152.743286132813,152.743286132813,152.743286132813,,,,,,
1739,617,617,617,152.74609375,152.74609375,152.74609375,,,,,,
1740,619,619,619,152.750610351563,152.750610351563,152.750610351563,,,,,,
1741,621,621,621,152.753723144531,152.753723144531,152.753723144531,,,,,,
1742,623,623,623,152.756591796875,152.756591796875,152.756591796875,,,,,,
1743,625,625,625,152.76025390625,152.76025390625,152.76025390625,,,,,,
1744,627,627,627,152.763290405273,152.763290405273,152.763290405273,,,,,,
1745,629,629,629,152.767059326172,152.767059326172,152.767059326172,,,,,,
1746,631,631,631,152.770401000977,152.770401000977,152.770401000977,,,,,,
1747,633,633,633,152.773742675781,152.773742675781,152.773742675781,,,,,,
1748,635,635,635,152.776947021484,152.776947021484,152.776947021484,,,,,,
1749,637,637,637,152.780944824219,152.780944824219,152.780944824219,,,,,,
1750,639,639,639,152.783554077148,152.783554077148,152.783554077148,,,,,,
1751,641,641,641,152.787109375,152.787109375,152.787109375,,,,,,
1752,643,643,643,152.790374755859,152.790374755859,152.790374755859,,,,,,
1753,645,645,645,152.793594360352,152.793594360352,152.793594360352,,,,,,
1754,647,647,647,152.797317504883,152.797317504883,152.797317504883,,,,,,
1755,649,649,649,152.801361083984,152.801361083984,152.801361083984,,,,,,
1756,651,651,651,152.805267333984,152.805267333984,152.805267333984,,,,,,
1757,653,653,653,152.808090209961,152.808090209961,152.808090209961,,,,,,
1758,655,655,655,152.812225341797,152.812225341797,152.812225341797,,,,,,
1759,657,657,657,152.814956665039,152.814956665039,152.814956665039,,,,,,
1760,659,659,659,152.81867980957,152.81867980957,152.81867980957,,,,,,
1761,661,661,661,152.821929931641,152.821929931641,152.821929931641,,,,,,
1762,663,663,663,152.825653076172,152.825653076172,152.825653076172,,,,,,
1763,665,665,665,152.829452514648,152.829452514648,152.829452514648,,,,,,
1764,667,667,667,152.833221435547,152.833221435547,152.833221435547,,,,,,
1765,669,669,669,152.837158203125,152.837158203125,152.837158203125,,,,,,
1766,671,671,671,152.840682983398,152.840682983398,152.840682983398,,,,,,
1767,673,673,673,152.844940185547,152.844940185547,152.844940185547,,,,,,
1768,675,675,675,152.847763061523,152.847763061523,152.847763061523,,,,,,
1769,677,677,677,152.851699829102,152.851699829102,152.851699829102,,,,,,
1770,679,679,679,152.855285644531,152.855285644531,152.855285644531,,,,,,
1771,681,681,681,152.858551025391,152.858551025391,152.858551025391,,,,,,
1772,683,683,683,152.862274169922,152.862274169922,152.862274169922,,,,,,
1773,685,685,685,152.865646362305,152.865646362305,152.865646362305,,,,,,
1774,687,687,687,152.86994934082,152.86994934082,152.86994934082,,,,,,
1775,689,689,689,152.872833251953,152.872833251953,152.872833251953,,,,,,
1776,691,691,691,152.876052856445,152.876052856445,152.876052856445,,,,,,
1777,693,693,693,152.879547119141,152.879547119141,152.879547119141,,,,,,
1778,695,695,695,152.883422851563,152.883422851563,152.883422851563,,,,,,
1779,697,697,697,152.887130737305,152.887130737305,152.887130737305,,,,,,
1780,699,699,699,152.890274047852,152.890274047852,152.890274047852,,,,,,
1781,701,701,701,152.893585205078,152.893585205078,152.893585205078,,,,,,
1782,703,703,703,152.896881103516,152.896881103516,152.896881103516,,,,,,
1783,705,705,705,152.900588989258,152.900588989258,152.900588989258,,,,,,
1784,707,707,707,152.903305053711,152.903305053711,152.903305053711,,,,,,
1785,709,709,709,152.907089233398,152.907089233398,152.907089233398,,,,,,
1786,711,711,711,152.909683227539,152.909683227539,152.909683227539,,,,,,
1787,713,713,713,152.914138793945,152.914138793945,152.914138793945,,,,,,
1788,715,715,715,152.917633056641,152.917633056641,152.917633056641,,,,,,
1789,717,717,717,152.920318603516,152.920318603516,152.920318603516,,,,,,
1790,719,719,719,152.924468994141,152.924468994141,152.924468994141,,,,,,
1791,721,721,721,152.927352905273,152.927352905273,152.927352905273,,,,,,
1792,723,723,723,152.930313110352,152.930313110352,152.930313110352,,,,,,
1793,725,725,725,152.934417724609,152.934417724609,152.934417724609,,,,,,
1794,727,727,727,152.937072753906,152.937072753906,152.937072753906,,,,,,
1795,729,729,729,152.940368652344,152.940368652344,152.940368652344,,,,,,
1796,731,731,731,152.943923950195,152.943923950195,152.943923950195,,,,,,
1797,733,733,733,152.946517944336,152.946517944336,152.946517944336,,,,,,
1798,735,735,735,152.949752807617,152.949752807617,152.949752807617,,,,,,
1799,737,737,737,152.953399658203,152.953399658203,152.953399658203,,,,,,
1800,739,739,739,152.955535888672,152.955535888672,152.955535888672,,,,,,
1801,741,741,741,152.959045410156,152.959045410156,152.959045410156,,,,,,
1802,743,743,743,152.962280273438,152.962280273438,152.962280273438,,,,,,
1803,745,745,745,152.964782714844,152.964782714844,152.964782714844,,,,,,
1804,747,747,747,152.968841552734,152.968841552734,152.968841552734,,,,,,
1805,749,749,749,152.971374511719,152.971374511719,152.971374511719,,,,,,
1806,751,751,751,152.974822998047,152.974822998047,152.974822998047,,,,,,
1807,753,753,753,152.977737426758,152.977737426758,152.977737426758,,,,,,
1808,755,755,755,152.980651855469,152.980651855469,152.980651855469,,,,,,
1809,757,757,757,152.983703613281,152.983703613281,152.983703613281,,,,,,
1810,759,759,759,152.986755371094,152.986755371094,152.986755371094,,,,,,
1811,761,761,761,152.98991394043,152.98991394043,152.98991394043,,,,,,
1812,763,763,763,152.993194580078,152.993194580078,152.993194580078,,,,,,
1813,765,765,765,152.996170043945,152.996170043945,152.996170043945,,,,,,
1814,767,767,767,152.999145507813,152.999145507813,152.999145507813,,,,,,
1815,769,769,769,153.002090454102,153.002090454102,153.002090454102,,,,,,
1816,771,771,771,153.005020141602,153.005020141602,153.005020141602,,,,,,
1817,773,773,773,153.008026123047,153.008026123047,153.008026123047,,,,,,
1818,775,775,775,153.011840820313,153.011840820313,153.011840820313,,,,,,
1819,777,777,777,153.014877319336,153.014877319336,153.014877319336,,,,,,
1820,779,779,779,153.01823425293,153.01823425293,153.01823425293,,,,,,
1821,781,781,781,153.02099609375,153.02099609375,153.02099609375,,,,,,
1822,783,783,783,153.025100708008,153.025100708008,153.025100708008,,,,,,
1823,785,785,785,153.028564453125,153.028564453125,153.028564453125,,,,,,
1824,787,787,787,153.031936645508,153.031936645508,153.031936645508,,,,,,
1825,789,789,789,153.035095214844,153.035095214844,153.035095214844,,,,,,
1826,791,791,791,153.038833618164,153.038833618164,153.038833618164,,,,,,
1827,793,793,793,153.042022705078,153.042022705078,153.042022705078,,,,,,
1828,795,795,795,153.045654296875,153.045654296875,153.045654296875,,,,,,
1829,797,797,797,153.049087524414,153.049087524414,153.049087524414,,,,,,
1830,799,799,799,153.052871704102,153.052871704102,153.052871704102,,,,,,
1831,801,801,801,153.056304931641,153.056304931641,153.056304931641,,,,,,
1832,803,803,803,153.059951782227,153.059951782227,153.059951782227,,,,,,
1833,805,805,805,153.063171386719,153.063171386719,153.063171386719,,,,,,
1834,807,807,807,153.067352294922,153.067352294922,153.067352294922,,,,,,
1835,809,809,809,153.070297241211,153.070297241211,153.070297241211,,,,,,
1836,811,811,811,153.074615478516,153.074615478516,153.074615478516,,,,,,
1837,813,813,813,153.078140258789,153.078140258789,153.078140258789,,,,,,
1838,815,815,815,153.082000732422,153.082000732422,153.082000732422,,,,,,
1839,817,817,817,153.085800170898,153.085800170898,153.085800170898,,,,,,
1840,819,819,819,153.089553833008,153.089553833008,153.089553833008,,,,,,
1841,821,821,821,153.093017578125,153.093017578125,153.093017578125,,,,,,
1842,823,823,823,153.096298217773,153.096298217773,153.096298217773,,,,,,
1843,825,825,825,153.099960327148,153.099960327148,153.099960327148,,,,,,
1844,827,827,827,153.103469848633,153.103469848633,153.103469848633,,,,,,
1845,829,829,829,153.10710144043,153.10710144043,153.10710144043,,,,,,
1846,831,831,831,153.110046386719,153.110046386719,153.110046386719,,,,,,
1847,833,833,833,153.113891601563,153.113891601563,153.113891601563,,,,,,
1848,835,835,835,153.11637878418,153.11637878418,153.11637878418,,,,,,
1849,837,837,837,153.11994934082,153.11994934082,153.11994934082,,,,,,
1850,839,839,839,153.123413085938,153.123413085938,153.123413085938,,,,,,
1851,841,841,841,153.127288818359,153.127288818359,153.127288818359,,,,,,
1852,843,843,843,153.129928588867,153.129928588867,153.129928588867,,,,,,
1853,845,845,845,153.13313293457,153.13313293457,153.13313293457,,,,,,
1854,847,847,847,153.135665893555,153.135665893555,153.135665893555,,,,,,
1855,849,849,849,153.138854980469,153.138854980469,153.138854980469,,,,,,
1856,851,851,851,153.142013549805,153.142013549805,153.142013549805,,,,,,
1857,853,853,853,153.145477294922,153.145477294922,153.145477294922,,,,,,
1858,855,855,855,153.147903442383,153.147903442383,153.147903442383,,,,,,
1859,857,857,857,153.151245117188,153.151245117188,153.151245117188,,,,,,
1860,859,859,859,153.154067993164,153.154067993164,153.154067993164,,,,,,
1861,861,861,861,153.156890869141,153.156890869141,153.156890869141,,,,,,
1862,863,863,863,153.160385131836,153.160385131836,153.160385131836,,,,,,
1863,865,865,865,153.162933349609,153.162933349609,153.162933349609,,,,,,
1864,867,867,867,153.165863037109,153.165863037109,153.165863037109,,,,,,
1865,869,869,869,153.168594360352,153.168594360352,153.168594360352,,,,,,
1866,871,871,871,153.171173095703,153.171173095703,153.171173095703,,,,,,
1867,873,873,873,153.173843383789,153.173843383789,153.173843383789,,,,,,
1868,875,875,875,153.176605224609,153.176605224609,153.176605224609,,,,,,
1869,877,877,877,153.1796875,153.1796875,153.1796875,,,,,,
1870,879,879,879,153.182922363281,153.182922363281,153.182922363281,,,,,,
1871,881,881,881,153.185760498047,153.185760498047,153.185760498047,,,,,,
1872,883,883,883,153.189071655273,153.189071655273,153.189071655273,,,,,,
1873,885,885,885,153.191802978516,153.191802978516,153.191802978516,,,,,,
1874,887,887,887,153.194747924805,153.194747924805,153.194747924805,,,,,,
1875,889,889,889,153.197616577148,153.197616577148,153.197616577148,,,,,,
1876,891,891,891,153.201110839844,153.201110839844,153.201110839844,,,,,,
1877,893,893,893,153.203796386719,153.203796386719,153.203796386719,,,,,,
1878,895,895,895,153.207489013672,153.207489013672,153.207489013672,,,,,,
1879,897,897,897,153.209777832031,153.209777832031,153.209777832031,,,,,,
1880,899,899,899,153.212844848633,153.212844848633,153.212844848633,,,,,,
1881,901,901,901,153.214736938477,153.214736938477,153.214736938477,,,,,,
1882,903,903,903,153.217407226563,153.217407226563,153.217407226563,,,,,,
1883,905,905,905,153.220016479492,153.220016479492,153.220016479492,,,,,,
1884,907,907,907,153.22282409668,153.22282409668,153.22282409668,,,,,,
1885,909,909,909,153.225128173828,153.225128173828,153.225128173828,,,,,,
1886,911,911,911,153.227584838867,153.227584838867,153.227584838867,,,,,,
1887,913,913,913,153.230560302734,153.230560302734,153.230560302734,,,,,,
1888,915,915,915,153.232467651367,153.232467651367,153.232467651367,,,,,,
1889,917,917,917,153.23567199707,153.23567199707,153.23567199707,,,,,,
1890,919,919,919,153.238632202148,153.238632202148,153.238632202148,,,,,,
1891,921,921,921,153.24169921875,153.24169921875,153.24169921875,,,,,,
1892,923,923,923,153.244567871094,153.244567871094,153.244567871094,,,,,,
1893,925,925,925,153.246505737305,153.246505737305,153.246505737305,,,,,,
1894,927,927,927,153.249862670898,153.249862670898,153.249862670898,,,,,,
1895,929,929,929,153.252899169922,153.252899169922,153.252899169922,,,,,,
1896,931,931,931,153.255798339844,153.255798339844,153.255798339844,,,,,,
1897,933,933,933,153.258682250977,153.258682250977,153.258682250977,,,,,,
1898,935,935,935,153.261566162109,153.261566162109,153.261566162109,,,,,,
1899,937,937,937,153.264663696289,153.264663696289,153.264663696289,,,,,,
1900,939,939,939,153.267623901367,153.267623901367,153.267623901367,,,,,,
1901,941,941,941,153.270324707031,153.270324707031,153.270324707031,,,,,,
1902,943,943,943,153.273468017578,153.273468017578,153.273468017578,,,,,,
1903,945,945,945,153.275802612305,153.275802612305,153.275802612305,,,,,,
1904,947,947,947,153.278381347656,153.278381347656,153.278381347656,,,,,,
1905,949,949,949,153.281097412109,153.281097412109,153.281097412109,,,,,,
1906,951,951,951,153.284103393555,153.284103393555,153.284103393555,,,,,,
1907,953,953,953,153.28727722168,153.28727722168,153.28727722168,,,,,,
1908,955,955,955,153.289688110352,153.289688110352,153.289688110352,,,,,,
1909,957,957,957,153.292434692383,153.292434692383,153.292434692383,,,,,,
1910,959,959,959,153.295257568359,153.295257568359,153.295257568359,,,,,,
1911,961,961,961,153.297393798828,153.297393798828,153.297393798828,,,,,,
1912,963,963,963,153.300140380859,153.300140380859,153.300140380859,,,,,,
1913,965,965,965,153.302322387695,153.302322387695,153.302322387695,,,,,,
1914,967,967,967,153.304992675781,153.304992675781,153.304992675781,,,,,,
1915,969,969,969,153.307556152344,153.307556152344,153.307556152344,,,,,,
1916,971,971,971,153.309753417969,153.309753417969,153.309753417969,,,,,,
1917,973,973,973,153.313461303711,153.313461303711,153.313461303711,,,,,,
1918,975,975,975,153.315322875977,153.315322875977,153.315322875977,,,,,,
1919,977,977,977,153.317901611328,153.317901611328,153.317901611328,,,,,,
1920,979,979,979,153.32063293457,153.32063293457,153.32063293457,,,,,,
1921,981,981,981,153.323333740234,153.323333740234,153.323333740234,,,,,,
1922,983,983,983,153.326049804688,153.326049804688,153.326049804688,,,,,,
1923,985,985,985,153.329116821289,153.329116821289,153.329116821289,,,,,,
1924,987,987,987,153.332168579102,153.332168579102,153.332168579102,,,,,,
1925,989,989,989,153.334136962891,153.334136962891,153.334136962891,,,,,,
1926,991,991,991,153.337310791016,153.337310791016,153.337310791016,,,,,,
1927,993,993,993,153.340286254883,153.340286254883,153.340286254883,,,,,,
1928,995,995,995,153.342620849609,153.342620849609,153.342620849609,,,,,,
1929,997,997,997,153.345794677734,153.345794677734,153.345794677734,,,,,,
1930,999,999,999,153.348129272461,153.348129272461,153.348129272461,,,,,,
1931,1001,1001,1001,153.351013183594,153.351013183594,153.351013183594,,,,,,
1932,1003,1003,1003,153.353561401367,153.353561401367,153.353561401367,,,,,,
1933,1005,1005,1005,153.356231689453,153.356231689453,153.356231689453,,,,,,
1934,1007,1007,1007,153.359497070313,153.359497070313,153.359497070313,,,,,,
1935,1009,1009,1009,153.362014770508,153.362014770508,153.362014770508,,,,,,
1936,1011,1011,1011,153.364364624023,153.364364624023,153.364364624023,,,,,,
1937,1013,1013,1013,153.367279052734,153.367279052734,153.367279052734,,,,,,
1938,1015,1015,1015,153.369750976563,153.369750976563,153.369750976563,,,,,,
1939,1017,1017,1017,153.372589111328,153.372589111328,153.372589111328,,,,,,
1940,1019,1019,1019,153.374984741211,153.374984741211,153.374984741211,,,,,,
1941,1021,1021,1021,153.37744140625,153.37744140625,153.37744140625,,,,,,
1942,1023,1023,1023,153.38053894043,153.38053894043,153.38053894043,,,,,,
1943,1025,1025,1025,153.382827758789,153.382827758789,153.382827758789,,,,,,
1944,1027,1027,1027,153.385772705078,153.385772705078,153.385772705078,,,,,,
1945,1029,1029,1029,153.388198852539,153.388198852539,153.388198852539,,,,,,
1946,1031,1031,1031,153.390182495117,153.390182495117,153.390182495117,,,,,,
1947,1033,1033,1033,153.392654418945,153.392654418945,153.392654418945,,,,,,
1948,1035,1035,1035,153.394958496094,153.394958496094,153.394958496094,,,,,,
1949,1037,1037,1037,153.397644042969,153.397644042969,153.397644042969,,,,,,
1950,1039,1039,1039,153.400131225586,153.400131225586,153.400131225586,,,,,,
1951,1041,1041,1041,153.402694702148,153.402694702148,153.402694702148,,,,,,
1952,1043,1043,1043,153.405853271484,153.405853271484,153.405853271484,,,,,,
1953,1045,1045,1045,153.408721923828,153.408721923828,153.408721923828,,,,,,
1954,1047,1047,1047,153.412200927734,153.412200927734,153.412200927734,,,,,,
1955,1049,1049,1049,153.415008544922,153.415008544922,153.415008544922,,,,,,
1956,1051,1051,1051,153.417907714844,153.417907714844,153.417907714844,,,,,,
1957,1053,1053,1053,153.421020507813,153.421020507813,153.421020507813,,,,,,
1958,1055,1055,1055,153.423629760742,153.423629760742,153.423629760742,,,,,,
1959,1057,1057,1057,153.427001953125,153.427001953125,153.427001953125,,,,,,
1960,1059,1059,1059,153.429595947266,153.429595947266,153.429595947266,,,,,,
1961,1061,1061,1061,153.432281494141,153.432281494141,153.432281494141,,,,,,
1962,1063,1063,1063,153.434600830078,153.434600830078,153.434600830078,,,,,,
1963,1065,1065,1065,153.437103271484,153.437103271484,153.437103271484,,,,,,
1964,1067,1067,1067,153.439575195313,153.439575195313,153.439575195313,,,,,,
1965,1069,1069,1069,153.441909790039,153.441909790039,153.441909790039,,,,,,
1966,1071,1071,1071,153.444702148438,153.444702148438,153.444702148438,,,,,,
1967,1073,1073,1073,153.447174072266,153.447174072266,153.447174072266,,,,,,
1968,1075,1075,1075,153.449783325195,153.449783325195,153.449783325195,,,,,,
1969,1077,1077,1077,153.451843261719,153.451843261719,153.451843261719,,,,,,
1970,1079,1079,1079,153.454742431641,153.454742431641,153.454742431641,,,,,,
1971,1081,1081,1081,153.456420898438,153.456420898438,153.456420898438,,,,,,
1972,1083,1083,1083,153.459228515625,153.459228515625,153.459228515625,,,,,,
1973,1085,1085,1085,153.461242675781,153.461242675781,153.461242675781,,,,,,
1974,1087,1087,1087,153.464004516602,153.464004516602,153.464004516602,,,,,,
1975,1089,1089,1089,153.465667724609,153.465667724609,153.465667724609,,,,,,
1976,1091,1091,1091,153.468246459961,153.468246459961,153.468246459961,,,,,,
1977,1093,1093,1093,153.469985961914,153.469985961914,153.469985961914,,,,,,
1978,1095,1095,1095,153.471694946289,153.471694946289,153.471694946289,,,,,,
1979,1097,1097,1097,153.47395324707,153.47395324707,153.47395324707,,,,,,
1980,1099,1099,1099,153.4755859375,153.4755859375,153.4755859375,,,,,,
1981,1101,1101,1101,153.477600097656,153.477600097656,153.477600097656,,,,,,
1982,1103,1103,1103,153.479461669922,153.479461669922,153.479461669922,,,,,,
1983,1105,1105,1105,153.481811523438,153.481811523438,153.481811523438,,,,,,
1984,1107,1107,1107,153.484603881836,153.484603881836,153.484603881836,,,,,,
1985,1109,1109,1109,153.486526489258,153.486526489258,153.486526489258,,,,,,
1986,1111,1111,1111,153.489303588867,153.489303588867,153.489303588867,,,,,,
1987,1113,1113,1113,153.491500854492,153.491500854492,153.491500854492,,,,,,
1988,1115,1115,1115,153.494232177734,153.494232177734,153.494232177734,,,,,,
1989,1117,1117,1117,153.495910644531,153.495910644531,153.495910644531,,,,,,
1990,1119,1119,1119,153.498565673828,153.498565673828,153.498565673828,,,,,,
1991,1121,1121,1121,153.50080871582,153.50080871582,153.50080871582,,,,,,
1992,1123,1123,1123,153.502426147461,153.502426147461,153.502426147461,,,,,,
1993,1125,1125,1125,153.505279541016,153.505279541016,153.505279541016,,,,,,
1994,1127,1127,1127,153.506744384766,153.506744384766,153.506744384766,,,,,,
1995,1129,1129,1129,153.509414672852,153.509414672852,153.509414672852,,,,,,
1996,1131,1131,1131,153.511932373047,153.511932373047,153.511932373047,,,,,,
1997,1133,1133,1133,153.513916015625,153.513916015625,153.513916015625,,,,,,
1998,1135,1135,1135,153.516311645508,153.516311645508,153.516311645508,,,,,,
1999,1137,1137,1137,153.519287109375,153.519287109375,153.519287109375,,,,,,
2000,1139,1139,1139,153.52229309082,153.52229309082,153.52229309082,,,,,,
2001,1141,1141,1141,153.525314331055,153.525314331055,153.525314331055,,,,,,
2002,1143,1143,1143,153.528091430664,153.528091430664,153.528091430664,,,,,,
2003,1145,1145,1145,153.530685424805,153.530685424805,153.530685424805,,,,,,
2004,1147,1147,1147,153.533798217773,153.533798217773,153.533798217773,,,,,,
2005,1149,1149,1149,153.535934448242,153.535934448242,153.535934448242,,,,,,
2006,1151,1151,1151,153.539489746094,153.539489746094,153.539489746094,,,,,,
2007,1153,1153,1153,153.541839599609,153.541839599609,153.541839599609,,,,,,
2008,1155,1155,1155,153.543884277344,153.543884277344,153.543884277344,,,,,,
2009,1157,1157,1157,153.546722412109,153.546722412109,153.546722412109,,,,,,
2010,1159,1159,1159,153.548706054688,153.548706054688,153.548706054688,,,,,,
2011,1161,1161,1161,153.551010131836,153.551010131836,153.551010131836,,,,,,
2012,1163,1163,1163,153.552947998047,153.552947998047,153.552947998047,,,,,,
2013,1165,1165,1165,153.554656982422,153.554656982422,153.554656982422,,,,,,
2014,1167,1167,1167,153.557739257813,153.557739257813,153.557739257813,,,,,,
2015,1169,1169,1169,153.560424804688,153.560424804688,153.560424804688,,,,,,
2016,1171,1171,1171,153.56184387207,153.56184387207,153.56184387207,,,,,,
2017,1173,1173,1173,153.564102172852,153.564102172852,153.564102172852,,,,,,
2018,1175,1175,1175,153.565734863281,153.565734863281,153.565734863281,,,,,,
2019,1177,1177,1177,153.568023681641,153.568023681641,153.568023681641,,,,,,
2020,1179,1179,1179,153.57048034668,153.57048034668,153.57048034668,,,,,,
2021,1181,1181,1181,153.572418212891,153.572418212891,153.572418212891,,,,,,
2022,1183,1183,1183,153.574340820313,153.574340820313,153.574340820313,,,,,,
2023,1185,1185,1185,153.576461791992,153.576461791992,153.576461791992,,,,,,
2024,1187,1187,1187,153.578994750977,153.578994750977,153.578994750977,,,,,,
2025,1189,1189,1189,153.580917358398,153.580917358398,153.580917358398,,,,,,
2026,1191,1191,1191,153.582916259766,153.582916259766,153.582916259766,,,,,,
2027,1193,1193,1193,153.585144042969,153.585144042969,153.585144042969,,,,,,
2028,1195,1195,1195,153.586990356445,153.586990356445,153.586990356445,,,,,,
2029,1197,1197,1197,153.589096069336,153.589096069336,153.589096069336,,,,,,
2030,1199,1199,1199,153.591674804688,153.591674804688,153.591674804688,,,,,,
2031,1201,1201,1201,153.593551635742,153.593551635742,153.593551635742,,,,,,
2032,1203,1203,1203,153.596145629883,153.596145629883,153.596145629883,,,,,,
2033,1205,1205,1205,153.598770141602,153.598770141602,153.598770141602,,,,,,
2034,1207,1207,1207,153.600234985352,153.600234985352,153.600234985352,,,,,,
2035,1209,1209,1209,153.602081298828,153.602081298828,153.602081298828,,,,,,
2036,1211,1211,1211,153.604522705078,153.604522705078,153.604522705078,,,,,,
2037,1213,1213,1213,153.606048583984,153.606048583984,153.606048583984,,,,,,
2038,1215,1215,1215,153.608139038086,153.608139038086,153.608139038086,,,,,,
2039,1217,1217,1217,153.609634399414,153.609634399414,153.609634399414,,,,,,
2040,1219,1219,1219,153.612365722656,153.612365722656,153.612365722656,,,,,,
2041,1221,1221,1221,153.61442565918,153.61442565918,153.61442565918,,,,,,
2042,1223,1223,1223,153.616744995117,153.616744995117,153.616744995117,,,,,,
2043,1225,1225,1225,153.618576049805,153.618576049805,153.618576049805,,,,,,
2044,1227,1227,1227,153.620635986328,153.620635986328,153.620635986328,,,,,,
2045,1229,1229,1229,153.622650146484,153.622650146484,153.622650146484,,,,,,
2046,1231,1231,1231,153.624328613281,153.624328613281,153.624328613281,,,,,,
2047,1233,1233,1233,153.626754760742,153.626754760742,153.626754760742,,,,,,
2048,1235,1235,1235,153.628433227539,153.628433227539,153.628433227539,,,,,,
2049,1237,1237,1237,153.630233764648,153.630233764648,153.630233764648,,,,,,
2050,1239,1239,1239,153.632141113281,153.632141113281,153.632141113281,,,,,,
2051,1241,1241,1241,153.634490966797,153.634490966797,153.634490966797,,,,,,
2052,1243,1243,1243,153.636474609375,153.636474609375,153.636474609375,,,,,,
2053,1245,1245,1245,153.638214111328,153.638214111328,153.638214111328,,,,,,
2054,1247,1247,1247,153.639984130859,153.639984130859,153.639984130859,,,,,,
2055,1249,1249,1249,153.642379760742,153.642379760742,153.642379760742,,,,,,
2056,1251,1251,1251,153.643569946289,153.643569946289,153.643569946289,,,,,,
2057,1253,1253,1253,153.645843505859,153.645843505859,153.645843505859,,,,,,
2058,1255,1255,1255,153.648010253906,153.648010253906,153.648010253906,,,,,,
2059,1257,1257,1257,153.649719238281,153.649719238281,153.649719238281,,,,,,
2060,1259,1259,1259,153.651229858398,153.651229858398,153.651229858398,,,,,,
2061,1261,1261,1261,153.653060913086,153.653060913086,153.653060913086,,,,,,
2062,1263,1263,1263,153.654647827148,153.654647827148,153.654647827148,,,,,,
2063,1265,1265,1265,153.656692504883,153.656692504883,153.656692504883,,,,,,
2064,1267,1267,1267,153.658432006836,153.658432006836,153.658432006836,,,,,,
2065,1269,1269,1269,153.659942626953,153.659942626953,153.659942626953,,,,,,
2066,1271,1271,1271,153.662551879883,153.662551879883,153.662551879883,,,,,,
2067,1273,1273,1273,153.664123535156,153.664123535156,153.664123535156,,,,,,
2068,1275,1275,1275,153.666748046875,153.666748046875,153.666748046875,,,,,,
2069,1277,1277,1277,153.668731689453,153.668731689453,153.668731689453,,,,,,
2070,1279,1279,1279,153.670196533203,153.670196533203,153.670196533203,,,,,,
2071,1281,1281,1281,153.671951293945,153.671951293945,153.671951293945,,,,,,
2072,1283,1283,1283,153.67333984375,153.67333984375,153.67333984375,,,,,,
2073,1285,1285,1285,153.675033569336,153.675033569336,153.675033569336,,,,,,
2074,1287,1287,1287,153.676864624023,153.676864624023,153.676864624023,,,,,,
2075,1289,1289,1289,153.678405761719,153.678405761719,153.678405761719,,,,,,
2076,1291,1291,1291,153.680221557617,153.680221557617,153.680221557617,,,,,,
2077,1293,1293,1293,153.681564331055,153.681564331055,153.681564331055,,,,,,
2078,1295,1295,1295,153.683303833008,153.683303833008,153.683303833008,,,,,,
2079,1297,1297,1297,153.684158325195,153.684158325195,153.684158325195,,,,,,
2080,1299,1299,1299,153.685943603516,153.685943603516,153.685943603516,,,,,,
2081,1301,1301,1301,153.687393188477,153.687393188477,153.687393188477,,,,,,
2082,1303,1303,1303,153.688659667969,153.688659667969,153.688659667969,,,,,,
2083,1305,1305,1305,153.690139770508,153.690139770508,153.690139770508,,,,,,
2084,1307,1307,1307,153.691452026367,153.691452026367,153.691452026367,,,,,,
2085,1309,1309,1309,153.693313598633,153.693313598633,153.693313598633,,,,,,
2086,1311,1311,1311,153.695251464844,153.695251464844,153.695251464844,,,,,,
2087,1313,1313,1313,153.697418212891,153.697418212891,153.697418212891,,,,,,
2088,1315,1315,1315,153.699295043945,153.699295043945,153.699295043945,,,,,,
2089,1317,1317,1317,153.701583862305,153.701583862305,153.701583862305,,,,,,
2090,1319,1319,1319,153.703170776367,153.703170776367,153.703170776367,,,,,,
2091,1321,1321,1321,153.705932617188,153.705932617188,153.705932617188,,,,,,
2092,1323,1323,1323,153.707672119141,153.707672119141,153.707672119141,,,,,,
2093,1325,1325,1325,153.709762573242,153.709762573242,153.709762573242,,,,,,
2094,1327,1327,1327,153.712265014648,153.712265014648,153.712265014648,,,,,,
2095,1329,1329,1329,153.713562011719,153.713562011719,153.713562011719,,,,,,
2096,1331,1331,1331,153.715576171875,153.715576171875,153.715576171875,,,,,,
2097,1333,1333,1333,153.717803955078,153.717803955078,153.717803955078,,,,,,
2098,1335,1335,1335,153.718780517578,153.718780517578,153.718780517578,,,,,,
2099,1337,1337,1337,153.720581054688,153.720581054688,153.720581054688,,,,,,
2100,1339,1339,1339,153.722106933594,153.722106933594,153.722106933594,,,,,,
2101,1341,1341,1341,153.723937988281,153.723937988281,153.723937988281,,,,,,
2102,1343,1343,1343,153.725250244141,153.725250244141,153.725250244141,,,,,,
2103,1345,1345,1345,153.727294921875,153.727294921875,153.727294921875,,,,,,
2104,1347,1347,1347,153.728790283203,153.728790283203,153.728790283203,,,,,,
2105,1349,1349,1349,153.73030090332,153.73030090332,153.73030090332,,,,,,
2106,1351,1351,1351,153.731536865234,153.731536865234,153.731536865234,,,,,,
2107,1353,1353,1353,153.733749389648,153.733749389648,153.733749389648,,,,,,
2108,1355,1355,1355,153.734924316406,153.734924316406,153.734924316406,,,,,,
2109,1357,1357,1357,153.736221313477,153.736221313477,153.736221313477,,,,,,
2110,1359,1359,1359,153.736785888672,153.736785888672,153.736785888672,,,,,,
2111,1361,1361,1361,153.738037109375,153.738037109375,153.738037109375,,,,,,
2112,1363,1363,1363,153.739486694336,153.739486694336,153.739486694336,,,,,,
2113,1365,1365,1365,153.741195678711,153.741195678711,153.741195678711,,,,,,
2114,1367,1367,1367,153.742904663086,153.742904663086,153.742904663086,,,,,,
2115,1369,1369,1369,153.744155883789,153.744155883789,153.744155883789,,,,,,
2116,1371,1371,1371,153.745178222656,153.745178222656,153.745178222656,,,,,,
2117,1373,1373,1373,153.746932983398,153.746932983398,153.746932983398,,,,,,
2118,1375,1375,1375,153.748947143555,153.748947143555,153.748947143555,,,,,,
2119,1377,1377,1377,153.750274658203,153.750274658203,153.750274658203,,,,,,
2120,1379,1379,1379,153.751388549805,153.751388549805,153.751388549805,,,,,,
2121,1381,1381,1381,153.752990722656,153.752990722656,153.752990722656,,,,,,
2122,1383,1383,1383,153.754135131836,153.754135131836,153.754135131836,,,,,,
2123,1385,1385,1385,153.755584716797,153.755584716797,153.755584716797,,,,,,
2124,1387,1387,1387,153.757232666016,153.757232666016,153.757232666016,,,,,,
2125,1389,1389,1389,153.7587890625,153.7587890625,153.7587890625,,,,,,
2126,1391,1391,1391,153.760726928711,153.760726928711,153.760726928711,,,,,,
2127,1393,1393,1393,153.762420654297,153.762420654297,153.762420654297,,,,,,
2128,1395,1395,1395,153.764541625977,153.764541625977,153.764541625977,,,,,,
2129,1397,1397,1397,153.766265869141,153.766265869141,153.766265869141,,,,,,
2130,1399,1399,1399,153.76838684082,153.76838684082,153.76838684082,,,,,,
2131,1401,1401,1401,153.769866943359,153.769866943359,153.769866943359,,,,,,
2132,1403,1403,1403,153.771682739258,153.771682739258,153.771682739258,,,,,,
2133,1405,1405,1405,153.773239135742,153.773239135742,153.773239135742,,,,,,
2134,1407,1407,1407,153.774185180664,153.774185180664,153.774185180664,,,,,,
2135,1409,1409,1409,153.775848388672,153.775848388672,153.775848388672,,,,,,
2136,1411,1411,1411,153.777420043945,153.777420043945,153.777420043945,,,,,,
2137,1413,1413,1413,153.778945922852,153.778945922852,153.778945922852,,,,,,
2138,1415,1415,1415,153.779800415039,153.779800415039,153.779800415039,,,,,,
2139,1417,1417,1417,153.782073974609,153.782073974609,153.782073974609,,,,,,
2140,1419,1419,1419,153.783843994141,153.783843994141,153.783843994141,,,,,,
2141,1421,1421,1421,153.785018920898,153.785018920898,153.785018920898,,,,,,
2142,1423,1423,1423,153.787246704102,153.787246704102,153.787246704102,,,,,,
2143,1425,1425,1425,153.788955688477,153.788955688477,153.788955688477,,,,,,
2144,1427,1427,1427,153.790267944336,153.790267944336,153.790267944336,,,,,,
2145,1429,1429,1429,153.791442871094,153.791442871094,153.791442871094,,,,,,
2146,1431,1431,1431,153.792755126953,153.792755126953,153.792755126953,,,,,,
2147,1433,1433,1433,153.794540405273,153.794540405273,153.794540405273,,,,,,
2148,1435,1435,1435,153.795379638672,153.795379638672,153.795379638672,,,,,,
2149,1437,1437,1437,153.796325683594,153.796325683594,153.796325683594,,,,,,
2150,1439,1439,1439,153.79817199707,153.79817199707,153.79817199707,,,,,,
2151,1441,1441,1441,153.799530029297,153.799530029297,153.799530029297,,,,,,
2152,1443,1443,1443,153.801574707031,153.801574707031,153.801574707031,,,,,,
2153,1445,1445,1445,153.802536010742,153.802536010742,153.802536010742,,,,,,
2154,1447,1447,1447,153.804153442383,153.804153442383,153.804153442383,,,,,,
2155,1449,1449,1449,153.805480957031,153.805480957031,153.805480957031,,,,,,
2156,1451,1451,1451,153.806823730469,153.806823730469,153.806823730469,,,,,,
2157,1453,1453,1453,153.807830810547,153.807830810547,153.807830810547,,,,,,
2158,1455,1455,1455,153.80859375,153.80859375,153.80859375,,,,,,
2159,1457,1457,1457,153.80924987793,153.80924987793,153.80924987793,,,,,,
2160,1459,1459,1459,153.81005859375,153.81005859375,153.81005859375,,,,,,
2161,1461,1461,1461,153.810546875,153.810546875,153.810546875,,,,,,
2162,1463,1463,1463,153.811981201172,153.811981201172,153.811981201172,,,,,,
2163,1465,1465,1465,153.812911987305,153.812911987305,153.812911987305,,,,,,
2164,1467,1467,1467,153.813674926758,153.813674926758,153.813674926758,,,,,,
2165,1469,1469,1469,153.814804077148,153.814804077148,153.814804077148,,,,,,
2166,1471,1471,1471,153.815292358398,153.815292358398,153.815292358398,,,,,,
2167,1473,1473,1473,153.817626953125,153.817626953125,153.817626953125,,,,,,
2168,1475,1475,1475,153.818206787109,153.818206787109,153.818206787109,,,,,,
2169,1477,1477,1477,153.819717407227,153.819717407227,153.819717407227,,,,,,
2170,1479,1479,1479,153.821655273438,153.821655273438,153.821655273438,,,,,,
2171,1481,1481,1481,153.823043823242,153.823043823242,153.823043823242,,,,,,
2172,1483,1483,1483,153.82405090332,153.82405090332,153.82405090332,,,,,,
2173,1485,1485,1485,153.825698852539,153.825698852539,153.825698852539,,,,,,
2174,1487,1487,1487,153.82633972168,153.82633972168,153.82633972168,,,,,,
2175,1489,1489,1489,153.828353881836,153.828353881836,153.828353881836,,,,,,
2176,1491,1491,1491,153.830093383789,153.830093383789,153.830093383789,,,,,,
2177,1493,1493,1493,153.831024169922,153.831024169922,153.831024169922,,,,,,
2178,1495,1495,1495,153.83268737793,153.83268737793,153.83268737793,,,,,,
2179,1497,1497,1497,153.833755493164,153.833755493164,153.833755493164,,,,,,
2180,1499,1499,1499,153.835342407227,153.835342407227,153.835342407227,,,,,,
2181,1501,1501,1501,153.836807250977,153.836807250977,153.836807250977,,,,,,
2182,1503,1503,1503,153.838577270508,153.838577270508,153.838577270508,,,,,,
2183,1505,1505,1505,153.840286254883,153.840286254883,153.840286254883,,,,,,
2184,1507,1507,1507,153.841171264648,153.841171264648,153.841171264648,,,,,,
2185,1509,1509,1509,153.842834472656,153.842834472656,153.842834472656,,,,,,
2186,1511,1511,1511,153.844360351563,153.844360351563,153.844360351563,,,,,,
2187,1513,1513,1513,153.845550537109,153.845550537109,153.845550537109,,,,,,
2188,1515,1515,1515,153.847183227539,153.847183227539,153.847183227539,,,,,,
2189,1517,1517,1517,153.847763061523,153.847763061523,153.847763061523,,,,,,
2190,1519,1519,1519,153.849487304688,153.849487304688,153.849487304688,,,,,,
2191,1521,1521,1521,153.850799560547,153.850799560547,153.850799560547,,,,,,
2192,1523,1523,1523,153.852020263672,153.852020263672,153.852020263672,,,,,,
2193,1525,1525,1525,153.854034423828,153.854034423828,153.854034423828,,,,,,
2194,1527,1527,1527,153.855285644531,153.855285644531,153.855285644531,,,,,,
2195,1529,1529,1529,153.856842041016,153.856842041016,153.856842041016,,,,,,
2196,1531,1531,1531,153.858337402344,153.858337402344,153.858337402344,,,,,,
2197,1533,1533,1533,153.860137939453,153.860137939453,153.860137939453,,,,,,
2198,1535,1535,1535,153.862121582031,153.862121582031,153.862121582031,,,,,,
2199,1537,1537,1537,153.864028930664,153.864028930664,153.864028930664,,,,,,
2200,1539,1539,1539,153.865371704102,153.865371704102,153.865371704102,,,,,,
2201,1541,1541,1541,153.867340087891,153.867340087891,153.867340087891,,,,,,
2202,1543,1543,1543,153.869110107422,153.869110107422,153.869110107422,,,,,,
2203,1545,1545,1545,153.870147705078,153.870147705078,153.870147705078,,,,,,
2204,1547,1547,1547,153.872100830078,153.872100830078,153.872100830078,,,,,,
2205,1549,1549,1549,153.872741699219,153.872741699219,153.872741699219,,,,,,
2206,1551,1551,1551,153.874465942383,153.874465942383,153.874465942383,,,,,,
2207,1553,1553,1553,153.875640869141,153.875640869141,153.875640869141,,,,,,
2208,1555,1555,1555,153.876602172852,153.876602172852,153.876602172852,,,,,,