"total_tokens","recur1b-mig-234 - _step","recur1b-mig-234 - _step__MIN","recur1b-mig-234 - _step__MAX","recur1b-mig-234 - global_loss","recur1b-mig-234 - global_loss__MIN","recur1b-mig-234 - global_loss__MAX"
"2999975936","0","0","0","4.288774490356445","4.288774490356445","4.288774490356445"
"3001024512","1","1","1","6.355069637298584","6.355069637298584","6.355069637298584"
"3002073088","2","2","2","9.225202560424805","9.225202560424805","9.225202560424805"
"3003121664","3","3","3","9.335796356201172","9.335796356201172","9.335796356201172"
"3004170240","4","4","4","7.370745658874512","7.370745658874512","7.370745658874512"
"3005218816","5","5","5","7.465297698974609","7.465297698974609","7.465297698974609"
"3006267392","6","6","6","6.759446144104004","6.759446144104004","6.759446144104004"
"3007315968","7","7","7","6.758941650390625","6.758941650390625","6.758941650390625"
"3008364544","8","8","8","6.777932167053223","6.777932167053223","6.777932167053223"
"3009413120","9","9","9","6.885481357574463","6.885481357574463","6.885481357574463"
"3010461696","10","10","10","6.123654365539551","6.123654365539551","6.123654365539551"
"3011510272","11","11","11","6.323592185974121","6.323592185974121","6.323592185974121"
"3012558848","12","12","12","6.050966262817383","6.050966262817383","6.050966262817383"
"3013607424","13","13","13","6.098298072814941","6.098298072814941","6.098298072814941"
"3014656000","14","14","14","5.840054512023926","5.840054512023926","5.840054512023926"
"3015704576","15","15","15","5.903604030609131","5.903604030609131","5.903604030609131"
"3016753152","16","16","16","5.73763370513916","5.73763370513916","5.73763370513916"
"3017801728","17","17","17","5.7936296463012695","5.7936296463012695","5.7936296463012695"
"3018850304","18","18","18","5.654911994934082","5.654911994934082","5.654911994934082"
"3019898880","19","19","19","5.65745210647583","5.65745210647583","5.65745210647583"
"3020947456","20","20","20","4.818945407867432","4.818945407867432","4.818945407867432"
"3021996032","21","21","21","4.977350234985352","4.977350234985352","4.977350234985352"
"3023044608","22","22","22","4.328733444213867","4.328733444213867","4.328733444213867"
"3024093184","23","23","23","4.430181503295898","4.430181503295898","4.430181503295898"
"3025141760","24","24","24","4.0694580078125","4.0694580078125","4.0694580078125"
"3026190336","25","25","25","3.9781289100646973","3.9781289100646973","3.9781289100646973"
"3027238912","26","26","26","3.7018258571624756","3.7018258571624756","3.7018258571624756"
"3028287488","27","27","27","3.7426726818084717","3.7426726818084717","3.7426726818084717"
"3029336064","28","28","28","3.5760669708251953","3.5760669708251953","3.5760669708251953"
"3030384640","29","29","29","3.6546003818511963","3.6546003818511963","3.6546003818511963"
"3031433216","30","30","30","3.5138161182403564","3.5138161182403564","3.5138161182403564"
"3032481792","31","31","31","3.558652639389038","3.558652639389038","3.558652639389038"
"3033530368","32","32","32","3.3761050701141357","3.3761050701141357","3.3761050701141357"
"3034578944","33","33","33","3.4461541175842285","3.4461541175842285","3.4461541175842285"
"3035627520","34","34","34","3.3836216926574707","3.3836216926574707","3.3836216926574707"
"3036676096","35","35","35","3.245819091796875","3.245819091796875","3.245819091796875"
"3037724672","36","36","36","3.276062488555908","3.276062488555908","3.276062488555908"
"3038773248","37","37","37","3.2076547145843506","3.2076547145843506","3.2076547145843506"
"3039821824","38","38","38","3.1380696296691895","3.1380696296691895","3.1380696296691895"
"3040870400","39","39","39","3.143883466720581","3.143883466720581","3.143883466720581"
"3041918976","40","40","40","3.123180389404297","3.123180389404297","3.123180389404297"
"3042967552","41","41","41","3.316330671310425","3.316330671310425","3.316330671310425"
"3044016128","42","42","42","3.0708556175231934","3.0708556175231934","3.0708556175231934"
"3045064704","43","43","43","3.1630566120147705","3.1630566120147705","3.1630566120147705"
"3046113280","44","44","44","3.0712952613830566","3.0712952613830566","3.0712952613830566"
"3047161856","45","45","45","3.156989812850952","3.156989812850952","3.156989812850952"
"3048210432","46","46","46","3.0975472927093506","3.0975472927093506","3.0975472927093506"
"3049259008","47","47","47","3.0643038749694824","3.0643038749694824","3.0643038749694824"
"3050307584","48","48","48","3.1320528984069824","3.1320528984069824","3.1320528984069824"
"3051356160","49","49","49","3.146369457244873","3.146369457244873","3.146369457244873"
"3052404736","50","50","50","3.020934581756592","3.020934581756592","3.020934581756592"
"3053453312","51","51","51","3.1586153507232666","3.1586153507232666","3.1586153507232666"
"3054501888","52","52","52","2.9679408073425293","2.9679408073425293","2.9679408073425293"
"3055550464","53","53","53","3.087681531906128","3.087681531906128","3.087681531906128"
"3056599040","54","54","54","2.986154794692993","2.986154794692993","2.986154794692993"
"3057647616","55","55","55","3.0766658782958984","3.0766658782958984","3.0766658782958984"
"3058696192","56","56","56","3.012653350830078","3.012653350830078","3.012653350830078"
"3059744768","57","57","57","3.0706076622009277","3.0706076622009277","3.0706076622009277"
"3060793344","58","58","58","2.9707446098327637","2.9707446098327637","2.9707446098327637"
"3061841920","59","59","59","2.994961738586426","2.994961738586426","2.994961738586426"
"3062890496","60","60","60","2.861851692199707","2.861851692199707","2.861851692199707"
"3063939072","61","61","61","2.983093738555908","2.983093738555908","2.983093738555908"
"3064987648","62","62","62","3.011277437210083","3.011277437210083","3.011277437210083"
"3066036224","63","63","63","2.878352165222168","2.878352165222168","2.878352165222168"
"3067084800","64","64","64","2.855160713195801","2.855160713195801","2.855160713195801"
"3068133376","65","65","65","2.9103548526763916","2.9103548526763916","2.9103548526763916"
"3069181952","66","66","66","2.935494899749756","2.935494899749756","2.935494899749756"
"3070230528","67","67","67","3.0367066860198975","3.0367066860198975","3.0367066860198975"
"3071279104","68","68","68","3.0191268920898438","3.0191268920898438","3.0191268920898438"
"3072327680","69","69","69","3.004693031311035","3.004693031311035","3.004693031311035"
"3073376256","70","70","70","2.938235282897949","2.938235282897949","2.938235282897949"
"3074424832","71","71","71","2.9472224712371826","2.9472224712371826","2.9472224712371826"
"3075473408","72","72","72","2.9104301929473877","2.9104301929473877","2.9104301929473877"
"3076521984","73","73","73","3.0144004821777344","3.0144004821777344","3.0144004821777344"
"3077570560","74","74","74","2.866819381713867","2.866819381713867","2.866819381713867"
"3078619136","75","75","75","2.959296464920044","2.959296464920044","2.959296464920044"
"3079667712","76","76","76","2.9326703548431396","2.9326703548431396","2.9326703548431396"
"3080716288","77","77","77","2.928051471710205","2.928051471710205","2.928051471710205"
"3081764864","78","78","78","2.943270206451416","2.943270206451416","2.943270206451416"
"3082813440","79","79","79","2.954741954803467","2.954741954803467","2.954741954803467"
"3083862016","80","80","80","2.8227176666259766","2.8227176666259766","2.8227176666259766"
"3084910592","81","81","81","2.9065475463867188","2.9065475463867188","2.9065475463867188"
"3085959168","82","82","82","2.9350292682647705","2.9350292682647705","2.9350292682647705"
"3087007744","83","83","83","2.9891884326934814","2.9891884326934814","2.9891884326934814"
"3088056320","84","84","84","2.958284854888916","2.958284854888916","2.958284854888916"
"3089104896","85","85","85","2.940077304840088","2.940077304840088","2.940077304840088"
"3090153472","86","86","86","2.8907010555267334","2.8907010555267334","2.8907010555267334"
"3091202048","87","87","87","2.93829083442688","2.93829083442688","2.93829083442688"
"3092250624","88","88","88","2.847029685974121","2.847029685974121","2.847029685974121"
"3093299200","89","89","89","2.9065208435058594","2.9065208435058594","2.9065208435058594"
"3094347776","90","90","90","2.896721124649048","2.896721124649048","2.896721124649048"
"3095396352","91","91","91","2.9296512603759766","2.9296512603759766","2.9296512603759766"
"3096444928","92","92","92","2.85189151763916","2.85189151763916","2.85189151763916"
"3097493504","93","93","93","2.892493963241577","2.892493963241577","2.892493963241577"
"3098542080","94","94","94","2.8246583938598633","2.8246583938598633","2.8246583938598633"
"3099590656","95","95","95","2.9897806644439697","2.9897806644439697","2.9897806644439697"
"3100639232","96","96","96","2.8530056476593018","2.8530056476593018","2.8530056476593018"
"3101687808","97","97","97","2.7388663291931152","2.7388663291931152","2.7388663291931152"
"3102736384","98","98","98","2.8558197021484375","2.8558197021484375","2.8558197021484375"
"3103784960","99","99","99","2.867962121963501","2.867962121963501","2.867962121963501"
"3104833536","100","100","100","2.7626442909240723","2.7626442909240723","2.7626442909240723"
"3105882112","101","101","101","2.837388515472412","2.837388515472412","2.837388515472412"
"3106930688","102","102","102","2.833723306655884","2.833723306655884","2.833723306655884"
"3107979264","103","103","103","2.8889501094818115","2.8889501094818115","2.8889501094818115"
"3109027840","104","104","104","2.7935829162597656","2.7935829162597656","2.7935829162597656"
"3110076416","105","105","105","2.7693569660186768","2.7693569660186768","2.7693569660186768"
"3111124992","106","106","106","2.799227714538574","2.799227714538574","2.799227714538574"
"3112173568","107","107","107","2.8657970428466797","2.8657970428466797","2.8657970428466797"
"3113222144","108","108","108","2.9108452796936035","2.9108452796936035","2.9108452796936035"
"3114270720","109","109","109","2.793992042541504","2.793992042541504","2.793992042541504"
"3115319296","110","110","110","2.786217451095581","2.786217451095581","2.786217451095581"
"3116367872","111","111","111","2.858102560043335","2.858102560043335","2.858102560043335"
"3117416448","112","112","112","2.78401517868042","2.78401517868042","2.78401517868042"
"3118465024","113","113","113","2.9158947467803955","2.9158947467803955","2.9158947467803955"
"3119513600","114","114","114","2.8320045471191406","2.8320045471191406","2.8320045471191406"
"3120562176","115","115","115","2.803631544113159","2.803631544113159","2.803631544113159"
"3121610752","116","116","116","2.7657151222229004","2.7657151222229004","2.7657151222229004"
"3122659328","117","117","117","2.8035478591918945","2.8035478591918945","2.8035478591918945"
"3123707904","118","118","118","2.7112746238708496","2.7112746238708496","2.7112746238708496"
"3124756480","119","119","119","2.8554885387420654","2.8554885387420654","2.8554885387420654"
"3125805056","120","120","120","2.626645088195801","2.626645088195801","2.626645088195801"
"3126853632","121","121","121","2.659292459487915","2.659292459487915","2.659292459487915"
"3127902208","122","122","122","2.8126304149627686","2.8126304149627686","2.8126304149627686"
"3128950784","123","123","123","2.804464817047119","2.804464817047119","2.804464817047119"
"3129999360","124","124","124","2.8648793697357178","2.8648793697357178","2.8648793697357178"
"3131047936","125","125","125","2.883012294769287","2.883012294769287","2.883012294769287"
"3132096512","126","126","126","2.8062186241149902","2.8062186241149902","2.8062186241149902"
"3133145088","127","127","127","2.810593605041504","2.810593605041504","2.810593605041504"
"3134193664","128","128","128","2.8015146255493164","2.8015146255493164","2.8015146255493164"
"3135242240","129","129","129","2.8712239265441895","2.8712239265441895","2.8712239265441895"
"3136290816","130","130","130","2.697227954864502","2.697227954864502","2.697227954864502"
"3137339392","131","131","131","2.838646411895752","2.838646411895752","2.838646411895752"
"3138387968","132","132","132","2.861785650253296","2.861785650253296","2.861785650253296"
"3139436544","133","133","133","2.8164329528808594","2.8164329528808594","2.8164329528808594"
"3140485120","134","134","134","2.7540125846862793","2.7540125846862793","2.7540125846862793"
"3141533696","135","135","135","2.8265485763549805","2.8265485763549805","2.8265485763549805"
"3142582272","136","136","136","2.8745687007904053","2.8745687007904053","2.8745687007904053"
"3143630848","137","137","137","2.808082342147827","2.808082342147827","2.808082342147827"
"3144679424","138","138","138","2.633734941482544","2.633734941482544","2.633734941482544"
"3145728000","139","139","139","2.757171869277954","2.757171869277954","2.757171869277954"
"3146776576","140","140","140","2.8135855197906494","2.8135855197906494","2.8135855197906494"
"3147825152","141","141","141","2.6999144554138184","2.6999144554138184","2.6999144554138184"
"3148873728","142","142","142","2.6214439868927","2.6214439868927","2.6214439868927"
"3149922304","143","143","143","2.8424181938171387","2.8424181938171387","2.8424181938171387"
"3150970880","144","144","144","2.6915905475616455","2.6915905475616455","2.6915905475616455"
"3152019456","145","145","145","2.7502009868621826","2.7502009868621826","2.7502009868621826"
"3153068032","146","146","146","2.695850133895874","2.695850133895874","2.695850133895874"
"3154116608","147","147","147","2.694157600402832","2.694157600402832","2.694157600402832"
"3155165184","148","148","148","2.715390682220459","2.715390682220459","2.715390682220459"
"3156213760","149","149","149","2.692866086959839","2.692866086959839","2.692866086959839"
"3157262336","150","150","150","2.680307388305664","2.680307388305664","2.680307388305664"
"3158310912","151","151","151","2.8314859867095947","2.8314859867095947","2.8314859867095947"
"3159359488","152","152","152","2.6259372234344482","2.6259372234344482","2.6259372234344482"
"3160408064","153","153","153","2.8059024810791016","2.8059024810791016","2.8059024810791016"
"3161456640","154","154","154","2.7025203704833984","2.7025203704833984","2.7025203704833984"
"3162505216","155","155","155","2.8159334659576416","2.8159334659576416","2.8159334659576416"
"3163553792","156","156","156","2.765918731689453","2.765918731689453","2.765918731689453"
"3164602368","157","157","157","2.568758010864258","2.568758010864258","2.568758010864258"
"3165650944","158","158","158","2.532275915145874","2.532275915145874","2.532275915145874"
"3166699520","159","159","159","2.8236827850341797","2.8236827850341797","2.8236827850341797"
"3167748096","160","160","160","2.76389479637146","2.76389479637146","2.76389479637146"
"3168796672","161","161","161","2.8367137908935547","2.8367137908935547","2.8367137908935547"
"3169845248","162","162","162","2.6045992374420166","2.6045992374420166","2.6045992374420166"
"3170893824","163","163","163","2.808433771133423","2.808433771133423","2.808433771133423"
"3171942400","164","164","164","2.685962438583374","2.685962438583374","2.685962438583374"
"3172990976","165","165","165","2.712845802307129","2.712845802307129","2.712845802307129"
"3174039552","166","166","166","2.5634889602661133","2.5634889602661133","2.5634889602661133"
"3175088128","167","167","167","2.6317129135131836","2.6317129135131836","2.6317129135131836"
"3176136704","168","168","168","2.6523895263671875","2.6523895263671875","2.6523895263671875"
"3177185280","169","169","169","2.663698673248291","2.663698673248291","2.663698673248291"
"3178233856","170","170","170","2.7069554328918457","2.7069554328918457","2.7069554328918457"
"3179282432","171","171","171","2.517348527908325","2.517348527908325","2.517348527908325"
"3180331008","172","172","172","2.5637900829315186","2.5637900829315186","2.5637900829315186"
"3181379584","173","173","173","2.6974644660949707","2.6974644660949707","2.6974644660949707"
"3182428160","174","174","174","2.656301259994507","2.656301259994507","2.656301259994507"
"3183476736","175","175","175","2.6274187564849854","2.6274187564849854","2.6274187564849854"
"3184525312","176","176","176","2.553217887878418","2.553217887878418","2.553217887878418"
"3185573888","177","177","177","2.7564873695373535","2.7564873695373535","2.7564873695373535"
"3186622464","178","178","178","2.6068716049194336","2.6068716049194336","2.6068716049194336"
"3187671040","179","179","179","2.643322467803955","2.643322467803955","2.643322467803955"
"3188719616","180","180","180","2.5462520122528076","2.5462520122528076","2.5462520122528076"
"3189768192","181","181","181","2.592738389968872","2.592738389968872","2.592738389968872"
"3190816768","182","182","182","2.5799965858459473","2.5799965858459473","2.5799965858459473"
"3191865344","183","183","183","2.689037322998047","2.689037322998047","2.689037322998047"
"3192913920","184","184","184","2.6455624103546143","2.6455624103546143","2.6455624103546143"
"3193962496","185","185","185","2.6106133460998535","2.6106133460998535","2.6106133460998535"
"3195011072","186","186","186","2.6792354583740234","2.6792354583740234","2.6792354583740234"
"3196059648","187","187","187","2.7329461574554443","2.7329461574554443","2.7329461574554443"
"3197108224","188","188","188","2.666203737258911","2.666203737258911","2.666203737258911"
"3198156800","189","189","189","2.651273012161255","2.651273012161255","2.651273012161255"
"3199205376","190","190","190","2.6214776039123535","2.6214776039123535","2.6214776039123535"
"3200253952","191","191","191","2.6015748977661133","2.6015748977661133","2.6015748977661133"
"3201302528","192","192","192","2.638413906097412","2.638413906097412","2.638413906097412"
"3202351104","193","193","193","2.801616668701172","2.801616668701172","2.801616668701172"
"3203399680","194","194","194","2.5575692653656006","2.5575692653656006","2.5575692653656006"
"3204448256","195","195","195","2.639465093612671","2.639465093612671","2.639465093612671"
"3205496832","196","196","196","2.561397075653076","2.561397075653076","2.561397075653076"
"3206545408","197","197","197","2.5181446075439453","2.5181446075439453","2.5181446075439453"
"3207593984","198","198","198","2.6043949127197266","2.6043949127197266","2.6043949127197266"
"3208642560","199","199","199","2.589322805404663","2.589322805404663","2.589322805404663"
"3209691136","200","200","200","2.619612455368042","2.619612455368042","2.619612455368042"
"3210739712","201","201","201","2.5591650009155273","2.5591650009155273","2.5591650009155273"
"3211788288","202","202","202","2.483254909515381","2.483254909515381","2.483254909515381"
"3212836864","203","203","203","2.6981358528137207","2.6981358528137207","2.6981358528137207"
"3213885440","204","204","204","2.6535186767578125","2.6535186767578125","2.6535186767578125"
"3214934016","205","205","205","2.7112648487091064","2.7112648487091064","2.7112648487091064"
"3215982592","206","206","206","2.4911317825317383","2.4911317825317383","2.4911317825317383"
"3217031168","207","207","207","2.5001351833343506","2.5001351833343506","2.5001351833343506"
"3218079744","208","208","208","2.4892425537109375","2.4892425537109375","2.4892425537109375"
"3219128320","209","209","209","2.567168712615967","2.567168712615967","2.567168712615967"
"3220176896","210","210","210","2.5595500469207764","2.5595500469207764","2.5595500469207764"
"3221225472","211","211","211","2.676974296569824","2.676974296569824","2.676974296569824"
"3222274048","212","212","212","2.5262889862060547","2.5262889862060547","2.5262889862060547"
"3223322624","213","213","213","2.5646796226501465","2.5646796226501465","2.5646796226501465"
"3224371200","214","214","214","2.669670581817627","2.669670581817627","2.669670581817627"
"3225419776","215","215","215","2.6589810848236084","2.6589810848236084","2.6589810848236084"
"3226468352","216","216","216","2.694387435913086","2.694387435913086","2.694387435913086"
"3227516928","217","217","217","2.6833207607269287","2.6833207607269287","2.6833207607269287"
"3228565504","218","218","218","2.648732900619507","2.648732900619507","2.648732900619507"
"3229614080","219","219","219","2.6444079875946045","2.6444079875946045","2.6444079875946045"
"3230662656","220","220","220","2.6865549087524414","2.6865549087524414","2.6865549087524414"
"3231711232","221","221","221","2.6431026458740234","2.6431026458740234","2.6431026458740234"
"3232759808","222","222","222","2.6804802417755127","2.6804802417755127","2.6804802417755127"
"3233808384","223","223","223","2.690622568130493","2.690622568130493","2.690622568130493"
"3234856960","224","224","224","2.5913877487182617","2.5913877487182617","2.5913877487182617"
"3235905536","225","225","225","2.593564510345459","2.593564510345459","2.593564510345459"
"3236954112","226","226","226","2.5733866691589355","2.5733866691589355","2.5733866691589355"
"3238002688","227","227","227","2.5764331817626953","2.5764331817626953","2.5764331817626953"
"3239051264","228","228","228","2.423820734024048","2.423820734024048","2.423820734024048"
"3240099840","229","229","229","2.7041306495666504","2.7041306495666504","2.7041306495666504"
"3241148416","230","230","230","2.6573002338409424","2.6573002338409424","2.6573002338409424"
"3242196992","231","231","231","2.7326226234436035","2.7326226234436035","2.7326226234436035"
"3243245568","232","232","232","2.646855592727661","2.646855592727661","2.646855592727661"
"3244294144","233","233","233","2.659862995147705","2.659862995147705","2.659862995147705"
"3245342720","234","234","234","2.4288406372070312","2.4288406372070312","2.4288406372070312"
"3246391296","235","235","235","2.4509429931640625","2.4509429931640625","2.4509429931640625"
"3247439872","236","236","236","2.5099263191223145","2.5099263191223145","2.5099263191223145"
"3248488448","237","237","237","2.686892032623291","2.686892032623291","2.686892032623291"
"3249537024","238","238","238","2.6846933364868164","2.6846933364868164","2.6846933364868164"
"3250585600","239","239","239","2.566408634185791","2.566408634185791","2.566408634185791"
"3251634176","240","240","240","2.6005125045776367","2.6005125045776367","2.6005125045776367"
"3252682752","241","241","241","2.711986780166626","2.711986780166626","2.711986780166626"
"3253731328","242","242","242","2.4977481365203857","2.4977481365203857","2.4977481365203857"
"3254779904","243","243","243","2.5817806720733643","2.5817806720733643","2.5817806720733643"
"3255828480","244","244","244","2.4752726554870605","2.4752726554870605","2.4752726554870605"
"3256877056","245","245","245","2.5956873893737793","2.5956873893737793","2.5956873893737793"
"3257925632","246","246","246","2.504065752029419","2.504065752029419","2.504065752029419"
"3258974208","247","247","247","2.5635147094726562","2.5635147094726562","2.5635147094726562"
"3260022784","248","248","248","2.5457332134246826","2.5457332134246826","2.5457332134246826"
"3261071360","249","249","249","2.598128318786621","2.598128318786621","2.598128318786621"
"3262119936","250","250","250","2.5549283027648926","2.5549283027648926","2.5549283027648926"
"3263168512","251","251","251","2.5617623329162598","2.5617623329162598","2.5617623329162598"
"3264217088","252","252","252","2.5004348754882812","2.5004348754882812","2.5004348754882812"
"3265265664","253","253","253","2.6037888526916504","2.6037888526916504","2.6037888526916504"
"3266314240","254","254","254","2.6384880542755127","2.6384880542755127","2.6384880542755127"
"3267362816","255","255","255","2.6499931812286377","2.6499931812286377","2.6499931812286377"
"3268411392","256","256","256","2.443006753921509","2.443006753921509","2.443006753921509"
"3269459968","257","257","257","2.4438018798828125","2.4438018798828125","2.4438018798828125"
"3270508544","258","258","258","2.437420129776001","2.437420129776001","2.437420129776001"
"3271557120","259","259","259","2.3724944591522217","2.3724944591522217","2.3724944591522217"
"3272605696","260","260","260","2.493896961212158","2.493896961212158","2.493896961212158"
"3273654272","261","261","261","2.4563565254211426","2.4563565254211426","2.4563565254211426"
"3274702848","262","262","262","2.4518299102783203","2.4518299102783203","2.4518299102783203"
"3275751424","263","263","263","2.493100166320801","2.493100166320801","2.493100166320801"
"3276800000","264","264","264","2.5667333602905273","2.5667333602905273","2.5667333602905273"
"3277848576","265","265","265","2.5561277866363525","2.5561277866363525","2.5561277866363525"
"3278897152","266","266","266","2.398892641067505","2.398892641067505","2.398892641067505"
"3279945728","267","267","267","2.6261110305786133","2.6261110305786133","2.6261110305786133"
"3280994304","268","268","268","2.5151009559631348","2.5151009559631348","2.5151009559631348"
"3282042880","269","269","269","2.458122491836548","2.458122491836548","2.458122491836548"
"3283091456","270","270","270","2.3526391983032227","2.3526391983032227","2.3526391983032227"
"3284140032","271","271","271","2.5657148361206055","2.5657148361206055","2.5657148361206055"
"3285188608","272","272","272","2.468493700027466","2.468493700027466","2.468493700027466"
"3286237184","273","273","273","2.598524570465088","2.598524570465088","2.598524570465088"
"3287285760","274","274","274","2.4598217010498047","2.4598217010498047","2.4598217010498047"
"3288334336","275","275","275","2.4766182899475098","2.4766182899475098","2.4766182899475098"
"3289382912","276","276","276","2.559295177459717","2.559295177459717","2.559295177459717"
"3290431488","277","277","277","2.55592679977417","2.55592679977417","2.55592679977417"
"3291480064","278","278","278","2.4248032569885254","2.4248032569885254","2.4248032569885254"
"3292528640","279","279","279","2.388157844543457","2.388157844543457","2.388157844543457"
"3293577216","280","280","280","2.568922519683838","2.568922519683838","2.568922519683838"
"3294625792","281","281","281","2.5517759323120117","2.5517759323120117","2.5517759323120117"
"3295674368","282","282","282","2.5476152896881104","2.5476152896881104","2.5476152896881104"
"3296722944","283","283","283","2.4714503288269043","2.4714503288269043","2.4714503288269043"
"3297771520","284","284","284","2.412297248840332","2.412297248840332","2.412297248840332"
"3298820096","285","285","285","2.4892804622650146","2.4892804622650146","2.4892804622650146"
"3299868672","286","286","286","2.373307466506958","2.373307466506958","2.373307466506958"
"3300917248","287","287","287","2.5714759826660156","2.5714759826660156","2.5714759826660156"
"3301965824","288","288","288","2.4649457931518555","2.4649457931518555","2.4649457931518555"
"3303014400","289","289","289","2.484628677368164","2.484628677368164","2.484628677368164"
"3304062976","290","290","290","2.350285291671753","2.350285291671753","2.350285291671753"
"3305111552","291","291","291","2.452310085296631","2.452310085296631","2.452310085296631"
"3306160128","292","292","292","2.512394905090332","2.512394905090332","2.512394905090332"
"3307208704","293","293","293","2.483942985534668","2.483942985534668","2.483942985534668"
"3308257280","294","294","294","2.4535892009735107","2.4535892009735107","2.4535892009735107"
"3309305856","295","295","295","2.365154504776001","2.365154504776001","2.365154504776001"
"3310354432","296","296","296","2.2582547664642334","2.2582547664642334","2.2582547664642334"
"3311403008","297","297","297","2.486680507659912","2.486680507659912","2.486680507659912"
"3312451584","298","298","298","2.3868393898010254","2.3868393898010254","2.3868393898010254"
"3313500160","299","299","299","2.6274619102478027","2.6274619102478027","2.6274619102478027"
"3314548736","300","300","300","2.4614076614379883","2.4614076614379883","2.4614076614379883"
"3315597312","301","301","301","2.522901773452759","2.522901773452759","2.522901773452759"
"3316645888","302","302","302","2.432215690612793","2.432215690612793","2.432215690612793"
"3317694464","303","303","303","2.5250725746154785","2.5250725746154785","2.5250725746154785"
"3318743040","304","304","304","2.4435620307922363","2.4435620307922363","2.4435620307922363"
"3319791616","305","305","305","2.5356295108795166","2.5356295108795166","2.5356295108795166"
"3320840192","306","306","306","2.5703186988830566","2.5703186988830566","2.5703186988830566"
"3321888768","307","307","307","2.500774383544922","2.500774383544922","2.500774383544922"
"3322937344","308","308","308","2.4680566787719727","2.4680566787719727","2.4680566787719727"
"3323985920","309","309","309","2.4073081016540527","2.4073081016540527","2.4073081016540527"
"3325034496","310","310","310","2.48830509185791","2.48830509185791","2.48830509185791"
"3326083072","311","311","311","2.3606107234954834","2.3606107234954834","2.3606107234954834"
"3327131648","312","312","312","2.463672161102295","2.463672161102295","2.463672161102295"
"3328180224","313","313","313","2.5730366706848145","2.5730366706848145","2.5730366706848145"
"3329228800","314","314","314","2.2463793754577637","2.2463793754577637","2.2463793754577637"
"3330277376","315","315","315","2.434004306793213","2.434004306793213","2.434004306793213"
"3331325952","316","316","316","2.4272613525390625","2.4272613525390625","2.4272613525390625"
"3332374528","317","317","317","2.5310657024383545","2.5310657024383545","2.5310657024383545"
"3333423104","318","318","318","2.3587677478790283","2.3587677478790283","2.3587677478790283"
"3334471680","319","319","319","2.4201135635375977","2.4201135635375977","2.4201135635375977"
"3335520256","320","320","320","2.4179766178131104","2.4179766178131104","2.4179766178131104"
"3336568832","321","321","321","2.570307731628418","2.570307731628418","2.570307731628418"
"3337617408","322","322","322","2.456477642059326","2.456477642059326","2.456477642059326"
"3338665984","323","323","323","2.639167547225952","2.639167547225952","2.639167547225952"
"3339714560","324","324","324","2.3255116939544678","2.3255116939544678","2.3255116939544678"
"3340763136","325","325","325","2.448753595352173","2.448753595352173","2.448753595352173"
"3341811712","326","326","326","2.3726277351379395","2.3726277351379395","2.3726277351379395"
"3342860288","327","327","327","2.5812320709228516","2.5812320709228516","2.5812320709228516"
"3343908864","328","328","328","2.5862462520599365","2.5862462520599365","2.5862462520599365"
"3344957440","329","329","329","2.5572097301483154","2.5572097301483154","2.5572097301483154"
"3346006016","330","330","330","2.447510004043579","2.447510004043579","2.447510004043579"
"3347054592","331","331","331","2.4863176345825195","2.4863176345825195","2.4863176345825195"
"3348103168","332","332","332","2.4735465049743652","2.4735465049743652","2.4735465049743652"
"3349151744","333","333","333","2.6073594093322754","2.6073594093322754","2.6073594093322754"
"3350200320","334","334","334","2.489403247833252","2.489403247833252","2.489403247833252"
"3351248896","335","335","335","2.399050712585449","2.399050712585449","2.399050712585449"
"3352297472","336","336","336","2.449742078781128","2.449742078781128","2.449742078781128"
"3353346048","337","337","337","2.4357783794403076","2.4357783794403076","2.4357783794403076"
"3354394624","338","338","338","2.3077962398529053","2.3077962398529053","2.3077962398529053"
"3355443200","339","339","339","2.4703099727630615","2.4703099727630615","2.4703099727630615"
"3356491776","340","340","340","2.2922463417053223","2.2922463417053223","2.2922463417053223"
"3357540352","341","341","341","2.530400514602661","2.530400514602661","2.530400514602661"
"3358588928","342","342","342","2.38136625289917","2.38136625289917","2.38136625289917"
"3359637504","343","343","343","2.523392677307129","2.523392677307129","2.523392677307129"
"3360686080","344","344","344","2.3954415321350098","2.3954415321350098","2.3954415321350098"
"3361734656","345","345","345","2.5821075439453125","2.5821075439453125","2.5821075439453125"
"3362783232","346","346","346","2.3831303119659424","2.3831303119659424","2.3831303119659424"
"3363831808","347","347","347","2.419361114501953","2.419361114501953","2.419361114501953"
"3364880384","348","348","348","2.3305447101593018","2.3305447101593018","2.3305447101593018"
"3365928960","349","349","349","2.413602828979492","2.413602828979492","2.413602828979492"
"3366977536","350","350","350","2.4964911937713623","2.4964911937713623","2.4964911937713623"
"3368026112","351","351","351","2.3893909454345703","2.3893909454345703","2.3893909454345703"
"3369074688","352","352","352","2.422299861907959","2.422299861907959","2.422299861907959"
"3370123264","353","353","353","2.4681105613708496","2.4681105613708496","2.4681105613708496"
"3371171840","354","354","354","2.4008986949920654","2.4008986949920654","2.4008986949920654"
"3372220416","355","355","355","2.557271718978882","2.557271718978882","2.557271718978882"
"3373268992","356","356","356","2.5350821018218994","2.5350821018218994","2.5350821018218994"
"3374317568","357","357","357","2.624638080596924","2.624638080596924","2.624638080596924"
"3375366144","358","358","358","2.4239630699157715","2.4239630699157715","2.4239630699157715"
"3376414720","359","359","359","2.437640905380249","2.437640905380249","2.437640905380249"
"3377463296","360","360","360","2.46885085105896","2.46885085105896","2.46885085105896"
"3378511872","361","361","361","2.445995807647705","2.445995807647705","2.445995807647705"
"3379560448","362","362","362","2.3494789600372314","2.3494789600372314","2.3494789600372314"
"3380609024","363","363","363","2.558501958847046","2.558501958847046","2.558501958847046"
"3381657600","364","364","364","2.5280628204345703","2.5280628204345703","2.5280628204345703"
"3382706176","365","365","365","2.353098154067993","2.353098154067993","2.353098154067993"
"3383754752","366","366","366","2.280500650405884","2.280500650405884","2.280500650405884"
"3384803328","367","367","367","2.3550705909729004","2.3550705909729004","2.3550705909729004"
"3385851904","368","368","368","2.380950927734375","2.380950927734375","2.380950927734375"
"3386900480","369","369","369","2.4033846855163574","2.4033846855163574","2.4033846855163574"
"3387949056","370","370","370","2.362586498260498","2.362586498260498","2.362586498260498"
"3388997632","371","371","371","2.4428963661193848","2.4428963661193848","2.4428963661193848"
"3390046208","372","372","372","2.3536288738250732","2.3536288738250732","2.3536288738250732"
"3391094784","373","373","373","2.569342613220215","2.569342613220215","2.569342613220215"
"3392143360","374","374","374","2.4039549827575684","2.4039549827575684","2.4039549827575684"
"3393191936","375","375","375","2.6576266288757324","2.6576266288757324","2.6576266288757324"
"3394240512","376","376","376","2.4487812519073486","2.4487812519073486","2.4487812519073486"
"3395289088","377","377","377","2.478498697280884","2.478498697280884","2.478498697280884"
"3396337664","378","378","378","2.4064178466796875","2.4064178466796875","2.4064178466796875"
"3397386240","379","379","379","2.4792990684509277","2.4792990684509277","2.4792990684509277"
"3398434816","380","380","380","2.4595541954040527","2.4595541954040527","2.4595541954040527"
"3399483392","381","381","381","2.429436683654785","2.429436683654785","2.429436683654785"
"3400531968","382","382","382","2.4117627143859863","2.4117627143859863","2.4117627143859863"
"3401580544","383","383","383","2.4523630142211914","2.4523630142211914","2.4523630142211914"
"3402629120","384","384","384","2.4606268405914307","2.4606268405914307","2.4606268405914307"
"3403677696","385","385","385","2.4884274005889893","2.4884274005889893","2.4884274005889893"
"3404726272","386","386","386","2.472912311553955","2.472912311553955","2.472912311553955"
"3405774848","387","387","387","2.3399791717529297","2.3399791717529297","2.3399791717529297"
"3406823424","388","388","388","2.3728291988372803","2.3728291988372803","2.3728291988372803"
"3407872000","389","389","389","2.5285959243774414","2.5285959243774414","2.5285959243774414"
"3408920576","390","390","390","2.5582621097564697","2.5582621097564697","2.5582621097564697"
"3409969152","391","391","391","2.4703726768493652","2.4703726768493652","2.4703726768493652"
"3411017728","392","392","392","2.4670052528381348","2.4670052528381348","2.4670052528381348"
"3412066304","393","393","393","2.4412841796875","2.4412841796875","2.4412841796875"
"3413114880","394","394","394","2.4431674480438232","2.4431674480438232","2.4431674480438232"
"3414163456","395","395","395","2.5164971351623535","2.5164971351623535","2.5164971351623535"
"3415212032","396","396","396","2.4906985759735107","2.4906985759735107","2.4906985759735107"
"3416260608","397","397","397","2.484727382659912","2.484727382659912","2.484727382659912"
"3417309184","398","398","398","2.3956313133239746","2.3956313133239746","2.3956313133239746"
"3418357760","399","399","399","2.365299940109253","2.365299940109253","2.365299940109253"
"3419406336","400","400","400","2.261474609375","2.261474609375","2.261474609375"
"3420454912","401","401","401","2.4601590633392334","2.4601590633392334","2.4601590633392334"
"3421503488","402","402","402","2.3995437622070312","2.3995437622070312","2.3995437622070312"
"3422552064","403","403","403","2.435957908630371","2.435957908630371","2.435957908630371"
"3423600640","404","404","404","2.422758102416992","2.422758102416992","2.422758102416992"
"3424649216","405","405","405","2.466641426086426","2.466641426086426","2.466641426086426"
"3425697792","406","406","406","2.4534943103790283","2.4534943103790283","2.4534943103790283"
"3426746368","407","407","407","2.6126019954681396","2.6126019954681396","2.6126019954681396"
"3427794944","408","408","408","2.576418399810791","2.576418399810791","2.576418399810791"
"3428843520","409","409","409","2.475268840789795","2.475268840789795","2.475268840789795"
"3429892096","410","410","410","2.3298709392547607","2.3298709392547607","2.3298709392547607"
"3430940672","411","411","411","2.446091413497925","2.446091413497925","2.446091413497925"
"3431989248","412","412","412","2.535276174545288","2.535276174545288","2.535276174545288"
"3433037824","413","413","413","2.570072650909424","2.570072650909424","2.570072650909424"
"3434086400","414","414","414","2.4168508052825928","2.4168508052825928","2.4168508052825928"
"3435134976","415","415","415","2.6258785724639893","2.6258785724639893","2.6258785724639893"
"3436183552","416","416","416","2.270296812057495","2.270296812057495","2.270296812057495"
"3437232128","417","417","417","2.3953464031219482","2.3953464031219482","2.3953464031219482"
"3438280704","418","418","418","2.5434610843658447","2.5434610843658447","2.5434610843658447"
"3439329280","419","419","419","2.331937313079834","2.331937313079834","2.331937313079834"
"3440377856","420","420","420","2.391947031021118","2.391947031021118","2.391947031021118"
"3441426432","421","421","421","2.460433006286621","2.460433006286621","2.460433006286621"
"3442475008","422","422","422","2.449794292449951","2.449794292449951","2.449794292449951"
"3443523584","423","423","423","2.435887336730957","2.435887336730957","2.435887336730957"
"3444572160","424","424","424","2.508004665374756","2.508004665374756","2.508004665374756"
"3445620736","425","425","425","2.5617563724517822","2.5617563724517822","2.5617563724517822"
"3446669312","426","426","426","2.3365750312805176","2.3365750312805176","2.3365750312805176"
"3447717888","427","427","427","2.4716203212738037","2.4716203212738037","2.4716203212738037"
"3448766464","428","428","428","2.505309581756592","2.505309581756592","2.505309581756592"
"3449815040","429","429","429","2.550225257873535","2.550225257873535","2.550225257873535"
"3450863616","430","430","430","2.501389265060425","2.501389265060425","2.501389265060425"
"3451912192","431","431","431","2.53079891204834","2.53079891204834","2.53079891204834"
"3452960768","432","432","432","2.504472255706787","2.504472255706787","2.504472255706787"
"3454009344","433","433","433","2.418205738067627","2.418205738067627","2.418205738067627"
"3455057920","434","434","434","2.3675026893615723","2.3675026893615723","2.3675026893615723"
"3456106496","435","435","435","2.404660701751709","2.404660701751709","2.404660701751709"
"3457155072","436","436","436","2.4214229583740234","2.4214229583740234","2.4214229583740234"
"3458203648","437","437","437","2.655698776245117","2.655698776245117","2.655698776245117"
"3459252224","438","438","438","2.516235828399658","2.516235828399658","2.516235828399658"
"3460300800","439","439","439","2.3744726181030273","2.3744726181030273","2.3744726181030273"
"3461349376","440","440","440","2.432816982269287","2.432816982269287","2.432816982269287"
"3462397952","441","441","441","2.402501344680786","2.402501344680786","2.402501344680786"
"3463446528","442","442","442","2.2992942333221436","2.2992942333221436","2.2992942333221436"
"3464495104","443","443","443","2.4153623580932617","2.4153623580932617","2.4153623580932617"
"3465543680","444","444","444","2.3285880088806152","2.3285880088806152","2.3285880088806152"
"3466592256","445","445","445","2.420260429382324","2.420260429382324","2.420260429382324"
"3467640832","446","446","446","2.3973538875579834","2.3973538875579834","2.3973538875579834"
"3468689408","447","447","447","2.448988914489746","2.448988914489746","2.448988914489746"
"3469737984","448","448","448","2.417562484741211","2.417562484741211","2.417562484741211"
"3470786560","449","449","449","2.516589879989624","2.516589879989624","2.516589879989624"
"3471835136","450","450","450","2.437896728515625","2.437896728515625","2.437896728515625"
"3472883712","451","451","451","2.430180311203003","2.430180311203003","2.430180311203003"
"3473932288","452","452","452","2.3204498291015625","2.3204498291015625","2.3204498291015625"
"3474980864","453","453","453","2.6115736961364746","2.6115736961364746","2.6115736961364746"
"3476029440","454","454","454","2.5018091201782227","2.5018091201782227","2.5018091201782227"
"3477078016","455","455","455","2.4196276664733887","2.4196276664733887","2.4196276664733887"
"3478126592","456","456","456","2.3188345432281494","2.3188345432281494","2.3188345432281494"
"3479175168","457","457","457","2.3748507499694824","2.3748507499694824","2.3748507499694824"
"3480223744","458","458","458","2.389643907546997","2.389643907546997","2.389643907546997"
"3481272320","459","459","459","2.353559970855713","2.353559970855713","2.353559970855713"
"3482320896","460","460","460","2.434889793395996","2.434889793395996","2.434889793395996"
"3483369472","461","461","461","2.29164981842041","2.29164981842041","2.29164981842041"
"3484418048","462","462","462","2.3832404613494873","2.3832404613494873","2.3832404613494873"
"3485466624","463","463","463","2.501282215118408","2.501282215118408","2.501282215118408"
"3486515200","464","464","464","2.4699738025665283","2.4699738025665283","2.4699738025665283"
"3487563776","465","465","465","2.4267468452453613","2.4267468452453613","2.4267468452453613"
"3488612352","466","466","466","2.4828481674194336","2.4828481674194336","2.4828481674194336"
"3489660928","467","467","467","2.553959846496582","2.553959846496582","2.553959846496582"
"3490709504","468","468","468","2.4115841388702393","2.4115841388702393","2.4115841388702393"
"3491758080","469","469","469","2.5504770278930664","2.5504770278930664","2.5504770278930664"
"3492806656","470","470","470","2.393599510192871","2.393599510192871","2.393599510192871"
"3493855232","471","471","471","2.499544143676758","2.499544143676758","2.499544143676758"
"3494903808","472","472","472","2.4662322998046875","2.4662322998046875","2.4662322998046875"
"3495952384","473","473","473","2.578068494796753","2.578068494796753","2.578068494796753"
"3497000960","474","474","474","2.4362661838531494","2.4362661838531494","2.4362661838531494"
"3498049536","475","475","475","2.6247379779815674","2.6247379779815674","2.6247379779815674"
"3499098112","476","476","476","2.4674530029296875","2.4674530029296875","2.4674530029296875"
"3500146688","477","477","477","2.4823079109191895","2.4823079109191895","2.4823079109191895"
"3501195264","478","478","478","2.605726718902588","2.605726718902588","2.605726718902588"
"3502243840","479","479","479","2.4003119468688965","2.4003119468688965","2.4003119468688965"
"3503292416","480","480","480","2.412781000137329","2.412781000137329","2.412781000137329"
"3504340992","481","481","481","2.6769378185272217","2.6769378185272217","2.6769378185272217"
"3505389568","482","482","482","2.6090688705444336","2.6090688705444336","2.6090688705444336"
"3506438144","483","483","483","2.4787378311157227","2.4787378311157227","2.4787378311157227"
"3507486720","484","484","484","2.389814615249634","2.389814615249634","2.389814615249634"
"3508535296","485","485","485","2.332334280014038","2.332334280014038","2.332334280014038"
"3509583872","486","486","486","2.3066704273223877","2.3066704273223877","2.3066704273223877"
"3510632448","487","487","487","2.5322651863098145","2.5322651863098145","2.5322651863098145"
"3511681024","488","488","488","2.477571725845337","2.477571725845337","2.477571725845337"
"3512729600","489","489","489","2.5375614166259766","2.5375614166259766","2.5375614166259766"
"3513778176","490","490","490","2.422299385070801","2.422299385070801","2.422299385070801"
"3514826752","491","491","491","2.664860725402832","2.664860725402832","2.664860725402832"
"3515875328","492","492","492","2.5072367191314697","2.5072367191314697","2.5072367191314697"
"3516923904","493","493","493","2.478637218475342","2.478637218475342","2.478637218475342"
"3517972480","494","494","494","2.486210823059082","2.486210823059082","2.486210823059082"
"3519021056","495","495","495","2.4877331256866455","2.4877331256866455","2.4877331256866455"
"3520069632","496","496","496","2.4194459915161133","2.4194459915161133","2.4194459915161133"
"3521118208","497","497","497","2.7348155975341797","2.7348155975341797","2.7348155975341797"
"3522166784","498","498","498","2.609541177749634","2.609541177749634","2.609541177749634"
"3523215360","499","499","499","2.405470132827759","2.405470132827759","2.405470132827759"
"3524263936","500","500","500","2.40289306640625","2.40289306640625","2.40289306640625"
"3525312512","501","501","501","2.3212461471557617","2.3212461471557617","2.3212461471557617"
"3526361088","502","502","502","2.3846163749694824","2.3846163749694824","2.3846163749694824"
"3527409664","503","503","503","2.3424978256225586","2.3424978256225586","2.3424978256225586"
"3528458240","504","504","504","2.4807918071746826","2.4807918071746826","2.4807918071746826"
"3529506816","505","505","505","2.449509620666504","2.449509620666504","2.449509620666504"
"3530555392","506","506","506","2.393540143966675","2.393540143966675","2.393540143966675"
"3531603968","507","507","507","2.299427032470703","2.299427032470703","2.299427032470703"
"3532652544","508","508","508","2.3635270595550537","2.3635270595550537","2.3635270595550537"
"3533701120","509","509","509","2.489591598510742","2.489591598510742","2.489591598510742"
"3534749696","510","510","510","2.3550753593444824","2.3550753593444824","2.3550753593444824"
"3535798272","511","511","511","2.5589022636413574","2.5589022636413574","2.5589022636413574"
"3536846848","512","512","512","2.3256187438964844","2.3256187438964844","2.3256187438964844"
"3537895424","513","513","513","2.511809825897217","2.511809825897217","2.511809825897217"
"3538944000","514","514","514","2.4047088623046875","2.4047088623046875","2.4047088623046875"
"3539992576","515","515","515","2.4854557514190674","2.4854557514190674","2.4854557514190674"
"3541041152","516","516","516","2.449704885482788","2.449704885482788","2.449704885482788"
"3542089728","517","517","517","2.5113179683685303","2.5113179683685303","2.5113179683685303"
"3543138304","518","518","518","2.3777852058410645","2.3777852058410645","2.3777852058410645"
"3544186880","519","519","519","2.4725072383880615","2.4725072383880615","2.4725072383880615"
"3545235456","520","520","520","2.402301073074341","2.402301073074341","2.402301073074341"
"3546284032","521","521","521","2.5644431114196777","2.5644431114196777","2.5644431114196777"
"3547332608","522","522","522","2.4586105346679688","2.4586105346679688","2.4586105346679688"
"3548381184","523","523","523","2.401449203491211","2.401449203491211","2.401449203491211"
"3549429760","524","524","524","2.3508291244506836","2.3508291244506836","2.3508291244506836"
"3550478336","525","525","525","2.624174118041992","2.624174118041992","2.624174118041992"
"3551526912","526","526","526","2.5107882022857666","2.5107882022857666","2.5107882022857666"
"3552575488","527","527","527","2.5948543548583984","2.5948543548583984","2.5948543548583984"
"3553624064","528","528","528","2.4169514179229736","2.4169514179229736","2.4169514179229736"
"3554672640","529","529","529","2.532028913497925","2.532028913497925","2.532028913497925"
"3555721216","530","530","530","2.404297113418579","2.404297113418579","2.404297113418579"
"3556769792","531","531","531","2.5308737754821777","2.5308737754821777","2.5308737754821777"
"3557818368","532","532","532","2.386622667312622","2.386622667312622","2.386622667312622"
"3558866944","533","533","533","2.493924140930176","2.493924140930176","2.493924140930176"
"3559915520","534","534","534","2.4643139839172363","2.4643139839172363","2.4643139839172363"
"3560964096","535","535","535","2.3909759521484375","2.3909759521484375","2.3909759521484375"
"3562012672","536","536","536","2.438958168029785","2.438958168029785","2.438958168029785"
"3563061248","537","537","537","2.474775791168213","2.474775791168213","2.474775791168213"
"3564109824","538","538","538","2.392660140991211","2.392660140991211","2.392660140991211"
"3565158400","539","539","539","2.630467176437378","2.630467176437378","2.630467176437378"
"3566206976","540","540","540","2.5603866577148438","2.5603866577148438","2.5603866577148438"
"3567255552","541","541","541","2.4364919662475586","2.4364919662475586","2.4364919662475586"
"3568304128","542","542","542","2.3617353439331055","2.3617353439331055","2.3617353439331055"
"3569352704","543","543","543","2.404515266418457","2.404515266418457","2.404515266418457"
"3570401280","544","544","544","2.334266185760498","2.334266185760498","2.334266185760498"
"3571449856","545","545","545","2.5537891387939453","2.5537891387939453","2.5537891387939453"
"3572498432","546","546","546","2.4787158966064453","2.4787158966064453","2.4787158966064453"
"3573547008","547","547","547","2.5234034061431885","2.5234034061431885","2.5234034061431885"
"3574595584","548","548","548","2.4454522132873535","2.4454522132873535","2.4454522132873535"
"3575644160","549","549","549","2.476893663406372","2.476893663406372","2.476893663406372"
"3576692736","550","550","550","2.476024627685547","2.476024627685547","2.476024627685547"
"3577741312","551","551","551","2.616065502166748","2.616065502166748","2.616065502166748"
"3578789888","552","552","552","2.450967311859131","2.450967311859131","2.450967311859131"
"3579838464","553","553","553","2.3819799423217773","2.3819799423217773","2.3819799423217773"
"3580887040","554","554","554","2.448714017868042","2.448714017868042","2.448714017868042"
"3581935616","555","555","555","2.2761940956115723","2.2761940956115723","2.2761940956115723"
"3582984192","556","556","556","2.353269338607788","2.353269338607788","2.353269338607788"
"3584032768","557","557","557","2.343005418777466","2.343005418777466","2.343005418777466"
"3585081344","558","558","558","2.337599992752075","2.337599992752075","2.337599992752075"
"3586129920","559","559","559","2.42889404296875","2.42889404296875","2.42889404296875"
"3587178496","560","560","560","2.441173791885376","2.441173791885376","2.441173791885376"
"3588227072","561","561","561","2.391239881515503","2.391239881515503","2.391239881515503"
"3589275648","562","562","562","2.3493940830230713","2.3493940830230713","2.3493940830230713"
"3590324224","563","563","563","2.4393839836120605","2.4393839836120605","2.4393839836120605"
"3591372800","564","564","564","2.298673152923584","2.298673152923584","2.298673152923584"
"3592421376","565","565","565","2.480942726135254","2.480942726135254","2.480942726135254"
"3593469952","566","566","566","2.2676360607147217","2.2676360607147217","2.2676360607147217"
"3594518528","567","567","567","2.5673983097076416","2.5673983097076416","2.5673983097076416"
"3595567104","568","568","568","2.4090332984924316","2.4090332984924316","2.4090332984924316"
"3596615680","569","569","569","2.527881145477295","2.527881145477295","2.527881145477295"
"3597664256","570","570","570","2.4367237091064453","2.4367237091064453","2.4367237091064453"
"3598712832","571","571","571","2.509308099746704","2.509308099746704","2.509308099746704"
"3599761408","572","572","572","2.4293911457061768","2.4293911457061768","2.4293911457061768"
"3600809984","573","573","573","2.4913763999938965","2.4913763999938965","2.4913763999938965"
"3601858560","574","574","574","2.344367742538452","2.344367742538452","2.344367742538452"
"3602907136","575","575","575","2.3531346321105957","2.3531346321105957","2.3531346321105957"
"3603955712","576","576","576","2.4551689624786377","2.4551689624786377","2.4551689624786377"
"3605004288","577","577","577","2.4572629928588867","2.4572629928588867","2.4572629928588867"
"3606052864","578","578","578","2.365762233734131","2.365762233734131","2.365762233734131"
"3607101440","579","579","579","2.3304240703582764","2.3304240703582764","2.3304240703582764"
"3608150016","580","580","580","2.3578474521636963","2.3578474521636963","2.3578474521636963"
"3609198592","581","581","581","2.5377702713012695","2.5377702713012695","2.5377702713012695"
"3610247168","582","582","582","2.34196138381958","2.34196138381958","2.34196138381958"
"3611295744","583","583","583","2.425114631652832","2.425114631652832","2.425114631652832"
"3612344320","584","584","584","2.2896692752838135","2.2896692752838135","2.2896692752838135"
"3613392896","585","585","585","2.415696382522583","2.415696382522583","2.415696382522583"
"3614441472","586","586","586","2.3483872413635254","2.3483872413635254","2.3483872413635254"
"3615490048","587","587","587","2.433962345123291","2.433962345123291","2.433962345123291"
"3616538624","588","588","588","2.3485405445098877","2.3485405445098877","2.3485405445098877"
"3617587200","589","589","589","2.4032068252563477","2.4032068252563477","2.4032068252563477"
"3618635776","590","590","590","2.344313144683838","2.344313144683838","2.344313144683838"
"3619684352","591","591","591","2.3730056285858154","2.3730056285858154","2.3730056285858154"
"3620732928","592","592","592","2.2679073810577393","2.2679073810577393","2.2679073810577393"
"3621781504","593","593","593","2.2400903701782227","2.2400903701782227","2.2400903701782227"
"3622830080","594","594","594","2.2925539016723633","2.2925539016723633","2.2925539016723633"
"3623878656","595","595","595","2.59565806388855","2.59565806388855","2.59565806388855"
"3624927232","596","596","596","2.32389497756958","2.32389497756958","2.32389497756958"
"3625975808","597","597","597","2.4709200859069824","2.4709200859069824","2.4709200859069824"
"3627024384","598","598","598","2.368105888366699","2.368105888366699","2.368105888366699"
"3628072960","599","599","599","2.4914612770080566","2.4914612770080566","2.4914612770080566"
"3629121536","600","600","600","2.370335340499878","2.370335340499878","2.370335340499878"
"3630170112","601","601","601","2.5569164752960205","2.5569164752960205","2.5569164752960205"
"3631218688","602","602","602","2.4928088188171387","2.4928088188171387","2.4928088188171387"
"3632267264","603","603","603","2.526747703552246","2.526747703552246","2.526747703552246"
"3633315840","604","604","604","2.427999973297119","2.427999973297119","2.427999973297119"
"3634364416","605","605","605","2.482999086380005","2.482999086380005","2.482999086380005"
"3635412992","606","606","606","2.4645166397094727","2.4645166397094727","2.4645166397094727"
"3636461568","607","607","607","2.501781702041626","2.501781702041626","2.501781702041626"
"3637510144","608","608","608","2.3430755138397217","2.3430755138397217","2.3430755138397217"
"3638558720","609","609","609","2.43265438079834","2.43265438079834","2.43265438079834"
"3639607296","610","610","610","2.4018404483795166","2.4018404483795166","2.4018404483795166"
"3640655872","611","611","611","2.4586942195892334","2.4586942195892334","2.4586942195892334"
"3641704448","612","612","612","2.369051694869995","2.369051694869995","2.369051694869995"
"3642753024","613","613","613","2.5524046421051025","2.5524046421051025","2.5524046421051025"
"3643801600","614","614","614","2.4329819679260254","2.4329819679260254","2.4329819679260254"
"3644850176","615","615","615","2.4965906143188477","2.4965906143188477","2.4965906143188477"
"3645898752","616","616","616","2.5268712043762207","2.5268712043762207","2.5268712043762207"
"3646947328","617","617","617","2.471743583679199","2.471743583679199","2.471743583679199"
"3647995904","618","618","618","2.4183969497680664","2.4183969497680664","2.4183969497680664"
"3649044480","619","619","619","2.498790979385376","2.498790979385376","2.498790979385376"
"3650093056","620","620","620","2.4012277126312256","2.4012277126312256","2.4012277126312256"
"3651141632","621","621","621","2.3577404022216797","2.3577404022216797","2.3577404022216797"
"3652190208","622","622","622","2.4293017387390137","2.4293017387390137","2.4293017387390137"
"3653238784","623","623","623","2.438119649887085","2.438119649887085","2.438119649887085"
"3654287360","624","624","624","2.326608419418335","2.326608419418335","2.326608419418335"
"3655335936","625","625","625","2.5126748085021973","2.5126748085021973","2.5126748085021973"
"3656384512","626","626","626","2.416079521179199","2.416079521179199","2.416079521179199"
"3657433088","627","627","627","2.463459014892578","2.463459014892578","2.463459014892578"
"3658481664","628","628","628","2.396299123764038","2.396299123764038","2.396299123764038"
"3659530240","629","629","629","2.611281394958496","2.611281394958496","2.611281394958496"
"3660578816","630","630","630","2.3812105655670166","2.3812105655670166","2.3812105655670166"
"3661627392","631","631","631","2.628413677215576","2.628413677215576","2.628413677215576"
"3662675968","632","632","632","2.531972646713257","2.531972646713257","2.531972646713257"
"3663724544","633","633","633","2.4550976753234863","2.4550976753234863","2.4550976753234863"
"3664773120","634","634","634","2.367549419403076","2.367549419403076","2.367549419403076"
"3665821696","635","635","635","2.296194076538086","2.296194076538086","2.296194076538086"
"3666870272","636","636","636","2.1820576190948486","2.1820576190948486","2.1820576190948486"
"3667918848","637","637","637","2.380687713623047","2.380687713623047","2.380687713623047"
"3668967424","638","638","638","2.3192861080169678","2.3192861080169678","2.3192861080169678"
"3670016000","639","639","639","2.408996820449829","2.408996820449829","2.408996820449829"
"3671064576","640","640","640","2.2864058017730713","2.2864058017730713","2.2864058017730713"
"3672113152","641","641","641","2.495162010192871","2.495162010192871","2.495162010192871"
"3673161728","642","642","642","2.4178173542022705","2.4178173542022705","2.4178173542022705"
"3674210304","643","643","643","2.230531930923462","2.230531930923462","2.230531930923462"
"3675258880","644","644","644","2.2009189128875732","2.2009189128875732","2.2009189128875732"
"3676307456","645","645","645","2.4742326736450195","2.4742326736450195","2.4742326736450195"
"3677356032","646","646","646","2.2658629417419434","2.2658629417419434","2.2658629417419434"
"3678404608","647","647","647","2.528719902038574","2.528719902038574","2.528719902038574"
"3679453184","648","648","648","2.3758938312530518","2.3758938312530518","2.3758938312530518"
"3680501760","649","649","649","2.4545493125915527","2.4545493125915527","2.4545493125915527"
"3681550336","650","650","650","2.340310573577881","2.340310573577881","2.340310573577881"
"3682598912","651","651","651","2.1855366230010986","2.1855366230010986","2.1855366230010986"
"3683647488","652","652","652","2.1982016563415527","2.1982016563415527","2.1982016563415527"
"3684696064","653","653","653","2.495695114135742","2.495695114135742","2.495695114135742"
"3685744640","654","654","654","2.568237543106079","2.568237543106079","2.568237543106079"
"3686793216","655","655","655","2.455739974975586","2.455739974975586","2.455739974975586"
"3687841792","656","656","656","2.3418893814086914","2.3418893814086914","2.3418893814086914"
"3688890368","657","657","657","2.3824431896209717","2.3824431896209717","2.3824431896209717"
"3689938944","658","658","658","2.311155080795288","2.311155080795288","2.311155080795288"
"3690987520","659","659","659","2.246922016143799","2.246922016143799","2.246922016143799"
"3692036096","660","660","660","2.399528980255127","2.399528980255127","2.399528980255127"
"3693084672","661","661","661","2.279092788696289","2.279092788696289","2.279092788696289"
"3694133248","662","662","662","2.259490966796875","2.259490966796875","2.259490966796875"
"3695181824","663","663","663","2.3969926834106445","2.3969926834106445","2.3969926834106445"
"3696230400","664","664","664","2.366734504699707","2.366734504699707","2.366734504699707"
"3697278976","665","665","665","2.4527599811553955","2.4527599811553955","2.4527599811553955"
"3698327552","666","666","666","2.4678046703338623","2.4678046703338623","2.4678046703338623"
"3699376128","667","667","667","2.4674324989318848","2.4674324989318848","2.4674324989318848"
"3700424704","668","668","668","2.500959634780884","2.500959634780884","2.500959634780884"
"3701473280","669","669","669","2.4573912620544434","2.4573912620544434","2.4573912620544434"
"3702521856","670","670","670","2.3281545639038086","2.3281545639038086","2.3281545639038086"
"3703570432","671","671","671","2.5399951934814453","2.5399951934814453","2.5399951934814453"
"3704619008","672","672","672","2.5176784992218018","2.5176784992218018","2.5176784992218018"
"3705667584","673","673","673","2.282540798187256","2.282540798187256","2.282540798187256"
"3706716160","674","674","674","2.387861490249634","2.387861490249634","2.387861490249634"
"3707764736","675","675","675","2.26278018951416","2.26278018951416","2.26278018951416"
"3708813312","676","676","676","2.2678239345550537","2.2678239345550537","2.2678239345550537"
"3709861888","677","677","677","2.425323009490967","2.425323009490967","2.425323009490967"
"3710910464","678","678","678","2.3795719146728516","2.3795719146728516","2.3795719146728516"
"3711959040","679","679","679","2.4593505859375","2.4593505859375","2.4593505859375"
"3713007616","680","680","680","2.3749380111694336","2.3749380111694336","2.3749380111694336"
"3714056192","681","681","681","2.5332541465759277","2.5332541465759277","2.5332541465759277"
"3715104768","682","682","682","2.541973114013672","2.541973114013672","2.541973114013672"
"3716153344","683","683","683","2.238420248031616","2.238420248031616","2.238420248031616"
"3717201920","684","684","684","2.2560794353485107","2.2560794353485107","2.2560794353485107"
"3718250496","685","685","685","2.2375614643096924","2.2375614643096924","2.2375614643096924"
"3719299072","686","686","686","2.2868573665618896","2.2868573665618896","2.2868573665618896"
"3720347648","687","687","687","2.4521045684814453","2.4521045684814453","2.4521045684814453"
"3721396224","688","688","688","2.5847153663635254","2.5847153663635254","2.5847153663635254"
"3722444800","689","689","689","2.470567464828491","2.470567464828491","2.470567464828491"
"3723493376","690","690","690","2.47160005569458","2.47160005569458","2.47160005569458"
"3724541952","691","691","691","2.5824246406555176","2.5824246406555176","2.5824246406555176"
"3725590528","692","692","692","2.4812026023864746","2.4812026023864746","2.4812026023864746"
"3726639104","693","693","693","2.4641811847686768","2.4641811847686768","2.4641811847686768"
"3727687680","694","694","694","2.4999876022338867","2.4999876022338867","2.4999876022338867"
"3728736256","695","695","695","2.3905441761016846","2.3905441761016846","2.3905441761016846"
"3729784832","696","696","696","2.4646668434143066","2.4646668434143066","2.4646668434143066"
"3730833408","697","697","697","2.367227077484131","2.367227077484131","2.367227077484131"
"3731881984","698","698","698","2.299557685852051","2.299557685852051","2.299557685852051"
"3732930560","699","699","699","2.4055330753326416","2.4055330753326416","2.4055330753326416"
"3733979136","700","700","700","2.375108003616333","2.375108003616333","2.375108003616333"
"3735027712","701","701","701","2.438086748123169","2.438086748123169","2.438086748123169"
"3736076288","702","702","702","2.3948984146118164","2.3948984146118164","2.3948984146118164"
"3737124864","703","703","703","2.55281662940979","2.55281662940979","2.55281662940979"
"3738173440","704","704","704","2.4077374935150146","2.4077374935150146","2.4077374935150146"
"3739222016","705","705","705","2.4589881896972656","2.4589881896972656","2.4589881896972656"
"3740270592","706","706","706","2.448540687561035","2.448540687561035","2.448540687561035"
"3741319168","707","707","707","2.4146339893341064","2.4146339893341064","2.4146339893341064"
"3742367744","708","708","708","2.406038284301758","2.406038284301758","2.406038284301758"
"3743416320","709","709","709","2.43033504486084","2.43033504486084","2.43033504486084"
"3744464896","710","710","710","2.2335116863250732","2.2335116863250732","2.2335116863250732"
"3745513472","711","711","711","2.528115749359131","2.528115749359131","2.528115749359131"
"3746562048","712","712","712","2.4493303298950195","2.4493303298950195","2.4493303298950195"
"3747610624","713","713","713","2.402651786804199","2.402651786804199","2.402651786804199"
"3748659200","714","714","714","2.345170021057129","2.345170021057129","2.345170021057129"
"3749707776","715","715","715","2.339931011199951","2.339931011199951","2.339931011199951"
"3750756352","716","716","716","2.4463672637939453","2.4463672637939453","2.4463672637939453"
"3751804928","717","717","717","2.5054361820220947","2.5054361820220947","2.5054361820220947"
"3752853504","718","718","718","2.4010934829711914","2.4010934829711914","2.4010934829711914"
"3753902080","719","719","719","2.4040918350219727","2.4040918350219727","2.4040918350219727"
"3754950656","720","720","720","2.306767463684082","2.306767463684082","2.306767463684082"
"3755999232","721","721","721","2.3534464836120605","2.3534464836120605","2.3534464836120605"
"3757047808","722","722","722","2.3400447368621826","2.3400447368621826","2.3400447368621826"
"3758096384","723","723","723","2.4945905208587646","2.4945905208587646","2.4945905208587646"
"3759144960","724","724","724","2.4196770191192627","2.4196770191192627","2.4196770191192627"
"3760193536","725","725","725","2.4437172412872314","2.4437172412872314","2.4437172412872314"
"3761242112","726","726","726","2.2888147830963135","2.2888147830963135","2.2888147830963135"
"3762290688","727","727","727","2.541063070297241","2.541063070297241","2.541063070297241"
"3763339264","728","728","728","2.3420257568359375","2.3420257568359375","2.3420257568359375"
"3764387840","729","729","729","2.5315051078796387","2.5315051078796387","2.5315051078796387"
"3765436416","730","730","730","2.359661340713501","2.359661340713501","2.359661340713501"
"3766484992","731","731","731","2.4431464672088623","2.4431464672088623","2.4431464672088623"
"3767533568","732","732","732","2.2434206008911133","2.2434206008911133","2.2434206008911133"
"3768582144","733","733","733","2.4981184005737305","2.4981184005737305","2.4981184005737305"
"3769630720","734","734","734","2.396235942840576","2.396235942840576","2.396235942840576"
"3770679296","735","735","735","2.531221866607666","2.531221866607666","2.531221866607666"
"3771727872","736","736","736","2.36508846282959","2.36508846282959","2.36508846282959"
"3772776448","737","737","737","2.4095458984375","2.4095458984375","2.4095458984375"
"3773825024","738","738","738","2.3957178592681885","2.3957178592681885","2.3957178592681885"
"3774873600","739","739","739","2.391669988632202","2.391669988632202","2.391669988632202"
"3775922176","740","740","740","2.237308979034424","2.237308979034424","2.237308979034424"
"3776970752","741","741","741","2.3144969940185547","2.3144969940185547","2.3144969940185547"
"3778019328","742","742","742","2.3697009086608887","2.3697009086608887","2.3697009086608887"
"3779067904","743","743","743","2.3725762367248535","2.3725762367248535","2.3725762367248535"
"3780116480","744","744","744","2.424078941345215","2.424078941345215","2.424078941345215"
"3781165056","745","745","745","2.4429805278778076","2.4429805278778076","2.4429805278778076"
"3782213632","746","746","746","2.3567702770233154","2.3567702770233154","2.3567702770233154"
"3783262208","747","747","747","2.3010313510894775","2.3010313510894775","2.3010313510894775"
"3784310784","748","748","748","2.352236270904541","2.352236270904541","2.352236270904541"
"3785359360","749","749","749","2.4414377212524414","2.4414377212524414","2.4414377212524414"
"3786407936","750","750","750","2.3766894340515137","2.3766894340515137","2.3766894340515137"
"3787456512","751","751","751","2.3529891967773438","2.3529891967773438","2.3529891967773438"
"3788505088","752","752","752","2.322998285293579","2.322998285293579","2.322998285293579"
"3789553664","753","753","753","2.4385576248168945","2.4385576248168945","2.4385576248168945"
"3790602240","754","754","754","2.415803909301758","2.415803909301758","2.415803909301758"
"3791650816","755","755","755","2.4660415649414062","2.4660415649414062","2.4660415649414062"
"3792699392","756","756","756","2.4779040813446045","2.4779040813446045","2.4779040813446045"
"3793747968","757","757","757","2.442080020904541","2.442080020904541","2.442080020904541"
"3794796544","758","758","758","2.3049707412719727","2.3049707412719727","2.3049707412719727"
"3795845120","759","759","759","2.4557905197143555","2.4557905197143555","2.4557905197143555"
"3796893696","760","760","760","2.431302547454834","2.431302547454834","2.431302547454834"
"3797942272","761","761","761","2.5278027057647705","2.5278027057647705","2.5278027057647705"
"3798990848","762","762","762","2.4301962852478027","2.4301962852478027","2.4301962852478027"
"3800039424","763","763","763","2.3847806453704834","2.3847806453704834","2.3847806453704834"
"3801088000","764","764","764","2.3827383518218994","2.3827383518218994","2.3827383518218994"
"3802136576","765","765","765","2.501394510269165","2.501394510269165","2.501394510269165"
"3803185152","766","766","766","2.2974438667297363","2.2974438667297363","2.2974438667297363"
"3804233728","767","767","767","2.4903464317321777","2.4903464317321777","2.4903464317321777"
"3805282304","768","768","768","2.359436511993408","2.359436511993408","2.359436511993408"
"3806330880","769","769","769","2.483760356903076","2.483760356903076","2.483760356903076"
"3807379456","770","770","770","2.3059563636779785","2.3059563636779785","2.3059563636779785"
"3808428032","771","771","771","2.415511131286621","2.415511131286621","2.415511131286621"
"3809476608","772","772","772","2.3086726665496826","2.3086726665496826","2.3086726665496826"
"3810525184","773","773","773","2.403292179107666","2.403292179107666","2.403292179107666"
"3811573760","774","774","774","2.4421143531799316","2.4421143531799316","2.4421143531799316"
"3812622336","775","775","775","2.4630746841430664","2.4630746841430664","2.4630746841430664"
"3813670912","776","776","776","2.466359853744507","2.466359853744507","2.466359853744507"
"3814719488","777","777","777","2.416618585586548","2.416618585586548","2.416618585586548"
"3815768064","778","778","778","2.4523463249206543","2.4523463249206543","2.4523463249206543"
"3816816640","779","779","779","2.188075542449951","2.188075542449951","2.188075542449951"
"3817865216","780","780","780","2.248652935028076","2.248652935028076","2.248652935028076"
"3818913792","781","781","781","2.3528335094451904","2.3528335094451904","2.3528335094451904"
"3819962368","782","782","782","2.4036827087402344","2.4036827087402344","2.4036827087402344"
"3821010944","783","783","783","2.4164910316467285","2.4164910316467285","2.4164910316467285"
"3822059520","784","784","784","2.1907541751861572","2.1907541751861572","2.1907541751861572"
"3823108096","785","785","785","2.3620426654815674","2.3620426654815674","2.3620426654815674"
"3824156672","786","786","786","2.5129146575927734","2.5129146575927734","2.5129146575927734"
"3825205248","787","787","787","2.488927125930786","2.488927125930786","2.488927125930786"
"3826253824","788","788","788","2.4789090156555176","2.4789090156555176","2.4789090156555176"
"3827302400","789","789","789","2.456970453262329","2.456970453262329","2.456970453262329"
"3828350976","790","790","790","2.281428575515747","2.281428575515747","2.281428575515747"
"3829399552","791","791","791","2.3493268489837646","2.3493268489837646","2.3493268489837646"
"3830448128","792","792","792","2.307027816772461","2.307027816772461","2.307027816772461"
"3831496704","793","793","793","2.4294934272766113","2.4294934272766113","2.4294934272766113"
"3832545280","794","794","794","2.3115100860595703","2.3115100860595703","2.3115100860595703"
"3833593856","795","795","795","2.3825385570526123","2.3825385570526123","2.3825385570526123"
"3834642432","796","796","796","2.3884458541870117","2.3884458541870117","2.3884458541870117"
"3835691008","797","797","797","2.4103946685791016","2.4103946685791016","2.4103946685791016"
"3836739584","798","798","798","2.350010633468628","2.350010633468628","2.350010633468628"
"3837788160","799","799","799","2.5246546268463135","2.5246546268463135","2.5246546268463135"
"3838836736","800","800","800","2.371089458465576","2.371089458465576","2.371089458465576"
"3839885312","801","801","801","2.477430820465088","2.477430820465088","2.477430820465088"
"3840933888","802","802","802","2.418407678604126","2.418407678604126","2.418407678604126"
"3841982464","803","803","803","2.468005895614624","2.468005895614624","2.468005895614624"
"3843031040","804","804","804","2.377168655395508","2.377168655395508","2.377168655395508"
"3844079616","805","805","805","2.344665050506592","2.344665050506592","2.344665050506592"
"3845128192","806","806","806","2.312978744506836","2.312978744506836","2.312978744506836"
"3846176768","807","807","807","2.416543483734131","2.416543483734131","2.416543483734131"
"3847225344","808","808","808","2.3566184043884277","2.3566184043884277","2.3566184043884277"
"3848273920","809","809","809","2.3563311100006104","2.3563311100006104","2.3563311100006104"
"3849322496","810","810","810","2.3782222270965576","2.3782222270965576","2.3782222270965576"
"3850371072","811","811","811","2.3122692108154297","2.3122692108154297","2.3122692108154297"
"3851419648","812","812","812","2.4013590812683105","2.4013590812683105","2.4013590812683105"
"3852468224","813","813","813","2.368344306945801","2.368344306945801","2.368344306945801"
"3853516800","814","814","814","2.2645163536071777","2.2645163536071777","2.2645163536071777"
"3854565376","815","815","815","2.3915770053863525","2.3915770053863525","2.3915770053863525"
"3855613952","816","816","816","2.371253490447998","2.371253490447998","2.371253490447998"
"3856662528","817","817","817","2.370208978652954","2.370208978652954","2.370208978652954"
"3857711104","818","818","818","2.265800952911377","2.265800952911377","2.265800952911377"
"3858759680","819","819","819","2.32170033454895","2.32170033454895","2.32170033454895"
"3859808256","820","820","820","2.3069682121276855","2.3069682121276855","2.3069682121276855"
"3860856832","821","821","821","2.5291919708251953","2.5291919708251953","2.5291919708251953"
"3861905408","822","822","822","2.3940353393554688","2.3940353393554688","2.3940353393554688"
"3862953984","823","823","823","2.2180004119873047","2.2180004119873047","2.2180004119873047"
"3864002560","824","824","824","2.2915124893188477","2.2915124893188477","2.2915124893188477"
"3865051136","825","825","825","2.447849750518799","2.447849750518799","2.447849750518799"
"3866099712","826","826","826","2.4453344345092773","2.4453344345092773","2.4453344345092773"
"3867148288","827","827","827","2.4317336082458496","2.4317336082458496","2.4317336082458496"
"3868196864","828","828","828","2.34433913230896","2.34433913230896","2.34433913230896"
"3869245440","829","829","829","2.532870292663574","2.532870292663574","2.532870292663574"
"3870294016","830","830","830","2.358004570007324","2.358004570007324","2.358004570007324"
"3871342592","831","831","831","2.4506072998046875","2.4506072998046875","2.4506072998046875"
"3872391168","832","832","832","2.3911867141723633","2.3911867141723633","2.3911867141723633"
"3873439744","833","833","833","2.294860363006592","2.294860363006592","2.294860363006592"
"3874488320","834","834","834","2.3125572204589844","2.3125572204589844","2.3125572204589844"
"3875536896","835","835","835","2.3842973709106445","2.3842973709106445","2.3842973709106445"
"3876585472","836","836","836","2.29526424407959","2.29526424407959","2.29526424407959"
"3877634048","837","837","837","2.315683603286743","2.315683603286743","2.315683603286743"
"3878682624","838","838","838","2.3734378814697266","2.3734378814697266","2.3734378814697266"
"3879731200","839","839","839","2.4009602069854736","2.4009602069854736","2.4009602069854736"
"3880779776","840","840","840","2.3384060859680176","2.3384060859680176","2.3384060859680176"
"3881828352","841","841","841","2.489914894104004","2.489914894104004","2.489914894104004"
"3882876928","842","842","842","2.3947842121124268","2.3947842121124268","2.3947842121124268"
"3883925504","843","843","843","2.2871837615966797","2.2871837615966797","2.2871837615966797"
"3884974080","844","844","844","2.3119800090789795","2.3119800090789795","2.3119800090789795"
"3886022656","845","845","845","2.585901975631714","2.585901975631714","2.585901975631714"
"3887071232","846","846","846","2.3642749786376953","2.3642749786376953","2.3642749786376953"
"3888119808","847","847","847","2.4469943046569824","2.4469943046569824","2.4469943046569824"
"3889168384","848","848","848","2.4461188316345215","2.4461188316345215","2.4461188316345215"
"3890216960","849","849","849","2.4382927417755127","2.4382927417755127","2.4382927417755127"
"3891265536","850","850","850","2.3235809803009033","2.3235809803009033","2.3235809803009033"
"3892314112","851","851","851","2.3721728324890137","2.3721728324890137","2.3721728324890137"
"3893362688","852","852","852","2.5031721591949463","2.5031721591949463","2.5031721591949463"
"3894411264","853","853","853","2.4394257068634033","2.4394257068634033","2.4394257068634033"
"3895459840","854","854","854","2.233715057373047","2.233715057373047","2.233715057373047"
"3896508416","855","855","855","2.395129680633545","2.395129680633545","2.395129680633545"
"3897556992","856","856","856","2.314849615097046","2.314849615097046","2.314849615097046"
"3898605568","857","857","857","2.312472343444824","2.312472343444824","2.312472343444824"
"3899654144","858","858","858","2.259605884552002","2.259605884552002","2.259605884552002"
"3900702720","859","859","859","2.384704828262329","2.384704828262329","2.384704828262329"
"3901751296","860","860","860","2.4964962005615234","2.4964962005615234","2.4964962005615234"
"3902799872","861","861","861","2.319173812866211","2.319173812866211","2.319173812866211"
"3903848448","862","862","862","2.3204588890075684","2.3204588890075684","2.3204588890075684"
"3904897024","863","863","863","2.355009078979492","2.355009078979492","2.355009078979492"
"3905945600","864","864","864","2.275341033935547","2.275341033935547","2.275341033935547"
"3906994176","865","865","865","2.145277976989746","2.145277976989746","2.145277976989746"
"3908042752","866","866","866","2.255624532699585","2.255624532699585","2.255624532699585"
"3909091328","867","867","867","2.602911949157715","2.602911949157715","2.602911949157715"
"3910139904","868","868","868","2.369610548019409","2.369610548019409","2.369610548019409"
"3911188480","869","869","869","2.5204005241394043","2.5204005241394043","2.5204005241394043"
"3912237056","870","870","870","2.4834485054016113","2.4834485054016113","2.4834485054016113"
"3913285632","871","871","871","2.5620603561401367","2.5620603561401367","2.5620603561401367"
"3914334208","872","872","872","2.3373656272888184","2.3373656272888184","2.3373656272888184"
"3915382784","873","873","873","2.486377716064453","2.486377716064453","2.486377716064453"
"3916431360","874","874","874","2.3206627368927","2.3206627368927","2.3206627368927"
"3917479936","875","875","875","2.423280715942383","2.423280715942383","2.423280715942383"
"3918528512","876","876","876","2.4095497131347656","2.4095497131347656","2.4095497131347656"
"3919577088","877","877","877","2.578197717666626","2.578197717666626","2.578197717666626"
"3920625664","878","878","878","2.394061326980591","2.394061326980591","2.394061326980591"
"3921674240","879","879","879","2.4770750999450684","2.4770750999450684","2.4770750999450684"
"3922722816","880","880","880","2.4934489727020264","2.4934489727020264","2.4934489727020264"
"3923771392","881","881","881","2.520101308822632","2.520101308822632","2.520101308822632"
"3924819968","882","882","882","2.2902846336364746","2.2902846336364746","2.2902846336364746"
"3925868544","883","883","883","2.4796440601348877","2.4796440601348877","2.4796440601348877"
"3926917120","884","884","884","2.3382391929626465","2.3382391929626465","2.3382391929626465"
"3927965696","885","885","885","2.464022159576416","2.464022159576416","2.464022159576416"
"3929014272","886","886","886","2.216209888458252","2.216209888458252","2.216209888458252"
"3930062848","887","887","887","2.4428257942199707","2.4428257942199707","2.4428257942199707"
"3931111424","888","888","888","2.445472002029419","2.445472002029419","2.445472002029419"
"3932160000","889","889","889","2.3320255279541016","2.3320255279541016","2.3320255279541016"
"3933208576","890","890","890","2.22214412689209","2.22214412689209","2.22214412689209"
"3934257152","891","891","891","2.499734878540039","2.499734878540039","2.499734878540039"
"3935305728","892","892","892","2.342501640319824","2.342501640319824","2.342501640319824"
"3936354304","893","893","893","2.436781883239746","2.436781883239746","2.436781883239746"
"3937402880","894","894","894","2.401735305786133","2.401735305786133","2.401735305786133"
"3938451456","895","895","895","2.4480996131896973","2.4480996131896973","2.4480996131896973"
"3939500032","896","896","896","2.1898274421691895","2.1898274421691895","2.1898274421691895"
"3940548608","897","897","897","2.423769950866699","2.423769950866699","2.423769950866699"
"3941597184","898","898","898","2.3614602088928223","2.3614602088928223","2.3614602088928223"
"3942645760","899","899","899","2.398110866546631","2.398110866546631","2.398110866546631"
"3943694336","900","900","900","2.324401378631592","2.324401378631592","2.324401378631592"
"3944742912","901","901","901","2.4782519340515137","2.4782519340515137","2.4782519340515137"
"3945791488","902","902","902","2.362133264541626","2.362133264541626","2.362133264541626"
"3946840064","903","903","903","2.3747336864471436","2.3747336864471436","2.3747336864471436"
"3947888640","904","904","904","2.462799310684204","2.462799310684204","2.462799310684204"
"3948937216","905","905","905","2.4174444675445557","2.4174444675445557","2.4174444675445557"
"3949985792","906","906","906","2.354687452316284","2.354687452316284","2.354687452316284"
"3951034368","907","907","907","2.517707109451294","2.517707109451294","2.517707109451294"
"3952082944","908","908","908","2.2863430976867676","2.2863430976867676","2.2863430976867676"
"3953131520","909","909","909","2.304743766784668","2.304743766784668","2.304743766784668"
"3954180096","910","910","910","2.3176639080047607","2.3176639080047607","2.3176639080047607"
"3955228672","911","911","911","2.4615814685821533","2.4615814685821533","2.4615814685821533"
"3956277248","912","912","912","2.391906499862671","2.391906499862671","2.391906499862671"
"3957325824","913","913","913","2.5634965896606445","2.5634965896606445","2.5634965896606445"
"3958374400","914","914","914","2.402235507965088","2.402235507965088","2.402235507965088"
"3959422976","915","915","915","2.3912510871887207","2.3912510871887207","2.3912510871887207"
"3960471552","916","916","916","2.255040407180786","2.255040407180786","2.255040407180786"
"3961520128","917","917","917","2.326375961303711","2.326375961303711","2.326375961303711"
"3962568704","918","918","918","2.3776628971099854","2.3776628971099854","2.3776628971099854"
"3963617280","919","919","919","2.569087266921997","2.569087266921997","2.569087266921997"
"3964665856","920","920","920","2.275780200958252","2.275780200958252","2.275780200958252"
"3965714432","921","921","921","2.4011263847351074","2.4011263847351074","2.4011263847351074"
"3966763008","922","922","922","2.236417293548584","2.236417293548584","2.236417293548584"
"3967811584","923","923","923","2.326078176498413","2.326078176498413","2.326078176498413"
"3968860160","924","924","924","2.265587329864502","2.265587329864502","2.265587329864502"
"3969908736","925","925","925","2.216019630432129","2.216019630432129","2.216019630432129"
"3970957312","926","926","926","2.322272539138794","2.322272539138794","2.322272539138794"
"3972005888","927","927","927","2.4379143714904785","2.4379143714904785","2.4379143714904785"
"3973054464","928","928","928","2.4492781162261963","2.4492781162261963","2.4492781162261963"
"3974103040","929","929","929","2.426657199859619","2.426657199859619","2.426657199859619"
"3975151616","930","930","930","2.312340021133423","2.312340021133423","2.312340021133423"
"3976200192","931","931","931","2.373476028442383","2.373476028442383","2.373476028442383"
"3977248768","932","932","932","2.3614039421081543","2.3614039421081543","2.3614039421081543"
"3978297344","933","933","933","2.3663246631622314","2.3663246631622314","2.3663246631622314"
"3979345920","934","934","934","2.3192954063415527","2.3192954063415527","2.3192954063415527"
"3980394496","935","935","935","2.4159204959869385","2.4159204959869385","2.4159204959869385"
"3981443072","936","936","936","2.356644868850708","2.356644868850708","2.356644868850708"
"3982491648","937","937","937","2.2819747924804688","2.2819747924804688","2.2819747924804688"
"3983540224","938","938","938","2.275789260864258","2.275789260864258","2.275789260864258"
"3984588800","939","939","939","2.453087329864502","2.453087329864502","2.453087329864502"
"3985637376","940","940","940","2.3196802139282227","2.3196802139282227","2.3196802139282227"
"3986685952","941","941","941","2.378859519958496","2.378859519958496","2.378859519958496"
"3987734528","942","942","942","2.193553924560547","2.193553924560547","2.193553924560547"
"3988783104","943","943","943","2.2759103775024414","2.2759103775024414","2.2759103775024414"
"3989831680","944","944","944","2.213254451751709","2.213254451751709","2.213254451751709"
"3990880256","945","945","945","2.2612853050231934","2.2612853050231934","2.2612853050231934"
"3991928832","946","946","946","2.3210489749908447","2.3210489749908447","2.3210489749908447"
"3992977408","947","947","947","2.4934074878692627","2.4934074878692627","2.4934074878692627"
"3994025984","948","948","948","2.2539010047912598","2.2539010047912598","2.2539010047912598"
"3995074560","949","949","949","2.471926212310791","2.471926212310791","2.471926212310791"
"3996123136","950","950","950","2.424893856048584","2.424893856048584","2.424893856048584"
"3997171712","951","951","951","2.540724039077759","2.540724039077759","2.540724039077759"
"3998220288","952","952","952","2.4339451789855957","2.4339451789855957","2.4339451789855957"
"3999268864","953","953","953","2.5118136405944824","2.5118136405944824","2.5118136405944824"
"4000317440","954","954","954","2.2816901206970215","2.2816901206970215","2.2816901206970215"
"4001366016","955","955","955","2.4278645515441895","2.4278645515441895","2.4278645515441895"
"4002414592","956","956","956","2.3908884525299072","2.3908884525299072","2.3908884525299072"
"4003463168","957","957","957","2.488522529602051","2.488522529602051","2.488522529602051"
"4004511744","958","958","958","2.4012951850891113","2.4012951850891113","2.4012951850891113"
"4005560320","959","959","959","2.2370007038116455","2.2370007038116455","2.2370007038116455"
"4006608896","960","960","960","2.3909363746643066","2.3909363746643066","2.3909363746643066"
"4007657472","961","961","961","2.4526755809783936","2.4526755809783936","2.4526755809783936"
"4008706048","962","962","962","2.431886672973633","2.431886672973633","2.431886672973633"
"4009754624","963","963","963","2.379230260848999","2.379230260848999","2.379230260848999"
"4010803200","964","964","964","2.240710496902466","2.240710496902466","2.240710496902466"
"4011851776","965","965","965","2.3926005363464355","2.3926005363464355","2.3926005363464355"
"4012900352","966","966","966","2.2797765731811523","2.2797765731811523","2.2797765731811523"
"4013948928","967","967","967","2.39359188079834","2.39359188079834","2.39359188079834"
"4014997504","968","968","968","2.394251585006714","2.394251585006714","2.394251585006714"
"4016046080","969","969","969","2.431626081466675","2.431626081466675","2.431626081466675"
"4017094656","970","970","970","2.287046432495117","2.287046432495117","2.287046432495117"
"4018143232","971","971","971","2.3950355052948","2.3950355052948","2.3950355052948"
"4019191808","972","972","972","2.255544662475586","2.255544662475586","2.255544662475586"
"4020240384","973","973","973","2.376584053039551","2.376584053039551","2.376584053039551"
"4021288960","974","974","974","2.2841250896453857","2.2841250896453857","2.2841250896453857"
"4022337536","975","975","975","2.4527640342712402","2.4527640342712402","2.4527640342712402"
"4023386112","976","976","976","2.480484962463379","2.480484962463379","2.480484962463379"
"4024434688","977","977","977","2.4387922286987305","2.4387922286987305","2.4387922286987305"
"4025483264","978","978","978","2.3999223709106445","2.3999223709106445","2.3999223709106445"
"4026531840","979","979","979","2.396778106689453","2.396778106689453","2.396778106689453"
"4027580416","980","980","980","2.2948739528656006","2.2948739528656006","2.2948739528656006"
"4028628992","981","981","981","2.5384960174560547","2.5384960174560547","2.5384960174560547"
"4029677568","982","982","982","2.4439697265625","2.4439697265625","2.4439697265625"
"4030726144","983","983","983","2.420897960662842","2.420897960662842","2.420897960662842"
"4031774720","984","984","984","2.3410184383392334","2.3410184383392334","2.3410184383392334"
"4032823296","985","985","985","2.4686648845672607","2.4686648845672607","2.4686648845672607"
"4033871872","986","986","986","2.3667080402374268","2.3667080402374268","2.3667080402374268"
"4034920448","987","987","987","2.6172935962677","2.6172935962677","2.6172935962677"
"4035969024","988","988","988","2.3936638832092285","2.3936638832092285","2.3936638832092285"
"4037017600","989","989","989","2.4146995544433594","2.4146995544433594","2.4146995544433594"
"4038066176","990","990","990","2.3448362350463867","2.3448362350463867","2.3448362350463867"
"4039114752","991","991","991","2.5664591789245605","2.5664591789245605","2.5664591789245605"
"4040163328","992","992","992","2.40157413482666","2.40157413482666","2.40157413482666"
"4041211904","993","993","993","2.290553092956543","2.290553092956543","2.290553092956543"
"4042260480","994","994","994","2.184731960296631","2.184731960296631","2.184731960296631"
"4043309056","995","995","995","2.399977684020996","2.399977684020996","2.399977684020996"
"4044357632","996","996","996","2.38572359085083","2.38572359085083","2.38572359085083"
"4045406208","997","997","997","2.360841751098633","2.360841751098633","2.360841751098633"
"4046454784","998","998","998","2.2206454277038574","2.2206454277038574","2.2206454277038574"
"4047503360","999","999","999","2.454146385192871","2.454146385192871","2.454146385192871"
"4048551936","1000","1000","1000","2.311129570007324","2.311129570007324","2.311129570007324"
"4049600512","1001","1001","1001","2.304164409637451","2.304164409637451","2.304164409637451"
"4050649088","1002","1002","1002","2.4227089881896973","2.4227089881896973","2.4227089881896973"
"4051697664","1003","1003","1003","2.5329947471618652","2.5329947471618652","2.5329947471618652"
"4052746240","1004","1004","1004","2.373215913772583","2.373215913772583","2.373215913772583"
"4053794816","1005","1005","1005","2.507845401763916","2.507845401763916","2.507845401763916"
"4054843392","1006","1006","1006","2.3443636894226074","2.3443636894226074","2.3443636894226074"
"4055891968","1007","1007","1007","2.4133036136627197","2.4133036136627197","2.4133036136627197"
"4056940544","1008","1008","1008","2.3307318687438965","2.3307318687438965","2.3307318687438965"
"4057989120","1009","1009","1009","2.449542999267578","2.449542999267578","2.449542999267578"
"4059037696","1010","1010","1010","2.29538893699646","2.29538893699646","2.29538893699646"
"4060086272","1011","1011","1011","2.481834888458252","2.481834888458252","2.481834888458252"
"4061134848","1012","1012","1012","2.3539068698883057","2.3539068698883057","2.3539068698883057"
"4062183424","1013","1013","1013","2.3738837242126465","2.3738837242126465","2.3738837242126465"
"4063232000","1014","1014","1014","2.4079651832580566","2.4079651832580566","2.4079651832580566"
"4064280576","1015","1015","1015","2.538055896759033","2.538055896759033","2.538055896759033"
"4065329152","1016","1016","1016","2.414029359817505","2.414029359817505","2.414029359817505"
"4066377728","1017","1017","1017","2.3519225120544434","2.3519225120544434","2.3519225120544434"
"4067426304","1018","1018","1018","2.5533065795898438","2.5533065795898438","2.5533065795898438"
"4068474880","1019","1019","1019","2.185248851776123","2.185248851776123","2.185248851776123"
"4069523456","1020","1020","1020","2.241204261779785","2.241204261779785","2.241204261779785"
"4070572032","1021","1021","1021","2.322481393814087","2.322481393814087","2.322481393814087"
"4071620608","1022","1022","1022","2.4052045345306396","2.4052045345306396","2.4052045345306396"
"4072669184","1023","1023","1023","2.38274884223938","2.38274884223938","2.38274884223938"
"4073717760","1024","1024","1024","2.2668566703796387","2.2668566703796387","2.2668566703796387"
"4074766336","1025","1025","1025","2.3765501976013184","2.3765501976013184","2.3765501976013184"
"4075814912","1026","1026","1026","2.3438706398010254","2.3438706398010254","2.3438706398010254"
"4076863488","1027","1027","1027","2.3543267250061035","2.3543267250061035","2.3543267250061035"
"4077912064","1028","1028","1028","2.3124728202819824","2.3124728202819824","2.3124728202819824"
"4078960640","1029","1029","1029","2.3877756595611572","2.3877756595611572","2.3877756595611572"
"4080009216","1030","1030","1030","2.440513849258423","2.440513849258423","2.440513849258423"
"4081057792","1031","1031","1031","2.4464945793151855","2.4464945793151855","2.4464945793151855"
"4082106368","1032","1032","1032","2.4835033416748047","2.4835033416748047","2.4835033416748047"
"4083154944","1033","1033","1033","2.343961477279663","2.343961477279663","2.343961477279663"
"4084203520","1034","1034","1034","2.2471261024475098","2.2471261024475098","2.2471261024475098"
"4085252096","1035","1035","1035","2.440725803375244","2.440725803375244","2.440725803375244"
"4086300672","1036","1036","1036","2.190258264541626","2.190258264541626","2.190258264541626"
"4087349248","1037","1037","1037","2.47860050201416","2.47860050201416","2.47860050201416"
"4088397824","1038","1038","1038","2.1959447860717773","2.1959447860717773","2.1959447860717773"
"4089446400","1039","1039","1039","2.531961679458618","2.531961679458618","2.531961679458618"
"4090494976","1040","1040","1040","2.483154773712158","2.483154773712158","2.483154773712158"
"4091543552","1041","1041","1041","2.3746960163116455","2.3746960163116455","2.3746960163116455"
"4092592128","1042","1042","1042","2.2145657539367676","2.2145657539367676","2.2145657539367676"
"4093640704","1043","1043","1043","2.2430684566497803","2.2430684566497803","2.2430684566497803"
"4094689280","1044","1044","1044","2.148236036300659","2.148236036300659","2.148236036300659"
"4095737856","1045","1045","1045","2.3500099182128906","2.3500099182128906","2.3500099182128906"
"4096786432","1046","1046","1046","2.3339459896087646","2.3339459896087646","2.3339459896087646"
"4097835008","1047","1047","1047","2.4315052032470703","2.4315052032470703","2.4315052032470703"
"4098883584","1048","1048","1048","2.440171003341675","2.440171003341675","2.440171003341675"
"4099932160","1049","1049","1049","2.2660272121429443","2.2660272121429443","2.2660272121429443"
"4100980736","1050","1050","1050","2.1592354774475098","2.1592354774475098","2.1592354774475098"
"4102029312","1051","1051","1051","2.237173318862915","2.237173318862915","2.237173318862915"
"4103077888","1052","1052","1052","2.35539174079895","2.35539174079895","2.35539174079895"
"4104126464","1053","1053","1053","2.396857738494873","2.396857738494873","2.396857738494873"
"4105175040","1054","1054","1054","2.3139750957489014","2.3139750957489014","2.3139750957489014"
"4106223616","1055","1055","1055","2.4001224040985107","2.4001224040985107","2.4001224040985107"
"4107272192","1056","1056","1056","2.2294864654541016","2.2294864654541016","2.2294864654541016"
"4108320768","1057","1057","1057","2.2736895084381104","2.2736895084381104","2.2736895084381104"
"4109369344","1058","1058","1058","2.4641106128692627","2.4641106128692627","2.4641106128692627"
"4110417920","1059","1059","1059","2.355666160583496","2.355666160583496","2.355666160583496"
"4111466496","1060","1060","1060","2.2105484008789062","2.2105484008789062","2.2105484008789062"
"4112515072","1061","1061","1061","2.4544315338134766","2.4544315338134766","2.4544315338134766"
"4113563648","1062","1062","1062","2.363157272338867","2.363157272338867","2.363157272338867"
"4114612224","1063","1063","1063","2.3149876594543457","2.3149876594543457","2.3149876594543457"
"4115660800","1064","1064","1064","2.306025266647339","2.306025266647339","2.306025266647339"
"4116709376","1065","1065","1065","2.378570079803467","2.378570079803467","2.378570079803467"
"4117757952","1066","1066","1066","2.288343667984009","2.288343667984009","2.288343667984009"
"4118806528","1067","1067","1067","2.3477752208709717","2.3477752208709717","2.3477752208709717"
"4119855104","1068","1068","1068","2.403918743133545","2.403918743133545","2.403918743133545"
"4120903680","1069","1069","1069","2.1464715003967285","2.1464715003967285","2.1464715003967285"
"4121952256","1070","1070","1070","2.2173924446105957","2.2173924446105957","2.2173924446105957"
"4123000832","1071","1071","1071","2.340770959854126","2.340770959854126","2.340770959854126"
"4124049408","1072","1072","1072","2.4092087745666504","2.4092087745666504","2.4092087745666504"
"4125097984","1073","1073","1073","2.4049978256225586","2.4049978256225586","2.4049978256225586"
"4126146560","1074","1074","1074","2.3017330169677734","2.3017330169677734","2.3017330169677734"
"4127195136","1075","1075","1075","2.29109263420105","2.29109263420105","2.29109263420105"
"4128243712","1076","1076","1076","2.1740589141845703","2.1740589141845703","2.1740589141845703"
"4129292288","1077","1077","1077","2.3066585063934326","2.3066585063934326","2.3066585063934326"
"4130340864","1078","1078","1078","2.300394296646118","2.300394296646118","2.300394296646118"
"4131389440","1079","1079","1079","2.396831512451172","2.396831512451172","2.396831512451172"
"4132438016","1080","1080","1080","2.322341203689575","2.322341203689575","2.322341203689575"
"4133486592","1081","1081","1081","2.42484188079834","2.42484188079834","2.42484188079834"
"4134535168","1082","1082","1082","2.399284839630127","2.399284839630127","2.399284839630127"
"4135583744","1083","1083","1083","2.3437695503234863","2.3437695503234863","2.3437695503234863"
"4136632320","1084","1084","1084","2.4058921337127686","2.4058921337127686","2.4058921337127686"
"4137680896","1085","1085","1085","2.193431854248047","2.193431854248047","2.193431854248047"
"4138729472","1086","1086","1086","2.270656108856201","2.270656108856201","2.270656108856201"
"4139778048","1087","1087","1087","2.319331407546997","2.319331407546997","2.319331407546997"
"4140826624","1088","1088","1088","2.255159378051758","2.255159378051758","2.255159378051758"
"4141875200","1089","1089","1089","2.4752652645111084","2.4752652645111084","2.4752652645111084"
"4142923776","1090","1090","1090","2.315124034881592","2.315124034881592","2.315124034881592"
"4143972352","1091","1091","1091","2.390835762023926","2.390835762023926","2.390835762023926"
"4145020928","1092","1092","1092","2.449331760406494","2.449331760406494","2.449331760406494"
"4146069504","1093","1093","1093","2.4450879096984863","2.4450879096984863","2.4450879096984863"
"4147118080","1094","1094","1094","2.2724828720092773","2.2724828720092773","2.2724828720092773"
"4148166656","1095","1095","1095","2.363631248474121","2.363631248474121","2.363631248474121"
"4149215232","1096","1096","1096","2.2825326919555664","2.2825326919555664","2.2825326919555664"
"4150263808","1097","1097","1097","2.319159746170044","2.319159746170044","2.319159746170044"
"4151312384","1098","1098","1098","2.2438905239105225","2.2438905239105225","2.2438905239105225"
"4152360960","1099","1099","1099","2.3581645488739014","2.3581645488739014","2.3581645488739014"
"4153409536","1100","1100","1100","2.3428401947021484","2.3428401947021484","2.3428401947021484"
"4154458112","1101","1101","1101","2.3469302654266357","2.3469302654266357","2.3469302654266357"
"4155506688","1102","1102","1102","2.1597180366516113","2.1597180366516113","2.1597180366516113"
"4156555264","1103","1103","1103","2.560760259628296","2.560760259628296","2.560760259628296"
"4157603840","1104","1104","1104","2.416822910308838","2.416822910308838","2.416822910308838"
"4158652416","1105","1105","1105","2.30193829536438","2.30193829536438","2.30193829536438"
"4159700992","1106","1106","1106","2.2304787635803223","2.2304787635803223","2.2304787635803223"
"4160749568","1107","1107","1107","2.438575506210327","2.438575506210327","2.438575506210327"
"4161798144","1108","1108","1108","2.3163607120513916","2.3163607120513916","2.3163607120513916"
"4162846720","1109","1109","1109","2.4341044425964355","2.4341044425964355","2.4341044425964355"
"4163895296","1110","1110","1110","2.3581809997558594","2.3581809997558594","2.3581809997558594"
"4164943872","1111","1111","1111","2.438394546508789","2.438394546508789","2.438394546508789"
"4165992448","1112","1112","1112","2.225594997406006","2.225594997406006","2.225594997406006"
"4167041024","1113","1113","1113","2.3797659873962402","2.3797659873962402","2.3797659873962402"
"4168089600","1114","1114","1114","2.3960325717926025","2.3960325717926025","2.3960325717926025"
"4169138176","1115","1115","1115","2.278914451599121","2.278914451599121","2.278914451599121"
"4170186752","1116","1116","1116","2.277139663696289","2.277139663696289","2.277139663696289"
"4171235328","1117","1117","1117","2.1845502853393555","2.1845502853393555","2.1845502853393555"
"4172283904","1118","1118","1118","2.3207309246063232","2.3207309246063232","2.3207309246063232"
"4173332480","1119","1119","1119","2.4066333770751953","2.4066333770751953","2.4066333770751953"
"4174381056","1120","1120","1120","2.2256789207458496","2.2256789207458496","2.2256789207458496"
"4175429632","1121","1121","1121","2.290919303894043","2.290919303894043","2.290919303894043"
"4176478208","1122","1122","1122","2.2676661014556885","2.2676661014556885","2.2676661014556885"
"4177526784","1123","1123","1123","2.472512722015381","2.472512722015381","2.472512722015381"
"4178575360","1124","1124","1124","2.20632266998291","2.20632266998291","2.20632266998291"
"4179623936","1125","1125","1125","2.3017964363098145","2.3017964363098145","2.3017964363098145"
"4180672512","1126","1126","1126","2.2213802337646484","2.2213802337646484","2.2213802337646484"
"4181721088","1127","1127","1127","2.1923792362213135","2.1923792362213135","2.1923792362213135"
"4182769664","1128","1128","1128","2.311093330383301","2.311093330383301","2.311093330383301"
"4183818240","1129","1129","1129","2.439096212387085","2.439096212387085","2.439096212387085"
"4184866816","1130","1130","1130","2.335841178894043","2.335841178894043","2.335841178894043"
"4185915392","1131","1131","1131","2.445082426071167","2.445082426071167","2.445082426071167"
"4186963968","1132","1132","1132","2.291995048522949","2.291995048522949","2.291995048522949"
"4188012544","1133","1133","1133","2.3258161544799805","2.3258161544799805","2.3258161544799805"
"4189061120","1134","1134","1134","2.275573253631592","2.275573253631592","2.275573253631592"
"4190109696","1135","1135","1135","2.318023204803467","2.318023204803467","2.318023204803467"
"4191158272","1136","1136","1136","2.213381767272949","2.213381767272949","2.213381767272949"
"4192206848","1137","1137","1137","2.4528896808624268","2.4528896808624268","2.4528896808624268"
"4193255424","1138","1138","1138","2.347913980484009","2.347913980484009","2.347913980484009"
"4194304000","1139","1139","1139","2.284989356994629","2.284989356994629","2.284989356994629"
"4195352576","1140","1140","1140","2.307936191558838","2.307936191558838","2.307936191558838"
"4196401152","1141","1141","1141","2.445822238922119","2.445822238922119","2.445822238922119"
"4197449728","1142","1142","1142","2.2598540782928467","2.2598540782928467","2.2598540782928467"
"4198498304","1143","1143","1143","2.2891197204589844","2.2891197204589844","2.2891197204589844"
"4199546880","1144","1144","1144","2.2942867279052734","2.2942867279052734","2.2942867279052734"
"4200595456","1145","1145","1145","2.2825074195861816","2.2825074195861816","2.2825074195861816"
"4201644032","1146","1146","1146","2.3458526134490967","2.3458526134490967","2.3458526134490967"
"4202692608","1147","1147","1147","2.3989923000335693","2.3989923000335693","2.3989923000335693"
"4203741184","1148","1148","1148","2.4296038150787354","2.4296038150787354","2.4296038150787354"
"4204789760","1149","1149","1149","2.360558032989502","2.360558032989502","2.360558032989502"
"4205838336","1150","1150","1150","2.2711431980133057","2.2711431980133057","2.2711431980133057"
"4206886912","1151","1151","1151","2.3999764919281006","2.3999764919281006","2.3999764919281006"
"4207935488","1152","1152","1152","2.2437350749969482","2.2437350749969482","2.2437350749969482"
"4208984064","1153","1153","1153","2.278601884841919","2.278601884841919","2.278601884841919"
"4210032640","1154","1154","1154","2.3508188724517822","2.3508188724517822","2.3508188724517822"
"4211081216","1155","1155","1155","2.3066625595092773","2.3066625595092773","2.3066625595092773"
"4212129792","1156","1156","1156","2.242086410522461","2.242086410522461","2.242086410522461"
"4213178368","1157","1157","1157","2.304381847381592","2.304381847381592","2.304381847381592"
"4214226944","1158","1158","1158","2.242337703704834","2.242337703704834","2.242337703704834"
"4215275520","1159","1159","1159","2.164246082305908","2.164246082305908","2.164246082305908"
"4216324096","1160","1160","1160","2.1768321990966797","2.1768321990966797","2.1768321990966797"
"4217372672","1161","1161","1161","2.4450490474700928","2.4450490474700928","2.4450490474700928"
"4218421248","1162","1162","1162","2.378124952316284","2.378124952316284","2.378124952316284"
"4219469824","1163","1163","1163","2.2407054901123047","2.2407054901123047","2.2407054901123047"
"4220518400","1164","1164","1164","2.291214942932129","2.291214942932129","2.291214942932129"
"4221566976","1165","1165","1165","2.313739776611328","2.313739776611328","2.313739776611328"
"4222615552","1166","1166","1166","2.2044546604156494","2.2044546604156494","2.2044546604156494"
"4223664128","1167","1167","1167","2.45381760597229","2.45381760597229","2.45381760597229"
"4224712704","1168","1168","1168","2.3479673862457275","2.3479673862457275","2.3479673862457275"
"4225761280","1169","1169","1169","2.3758463859558105","2.3758463859558105","2.3758463859558105"
"4226809856","1170","1170","1170","2.3050787448883057","2.3050787448883057","2.3050787448883057"
"4227858432","1171","1171","1171","2.265659809112549","2.265659809112549","2.265659809112549"
"4228907008","1172","1172","1172","2.275418281555176","2.275418281555176","2.275418281555176"
"4229955584","1173","1173","1173","2.338221788406372","2.338221788406372","2.338221788406372"
"4231004160","1174","1174","1174","2.3759121894836426","2.3759121894836426","2.3759121894836426"
"4232052736","1175","1175","1175","2.3778672218322754","2.3778672218322754","2.3778672218322754"
"4233101312","1176","1176","1176","2.1785764694213867","2.1785764694213867","2.1785764694213867"
"4234149888","1177","1177","1177","2.482731342315674","2.482731342315674","2.482731342315674"
"4235198464","1178","1178","1178","2.400885581970215","2.400885581970215","2.400885581970215"
"4236247040","1179","1179","1179","2.368778705596924","2.368778705596924","2.368778705596924"
"4237295616","1180","1180","1180","2.3756563663482666","2.3756563663482666","2.3756563663482666"
"4238344192","1181","1181","1181","2.261857748031616","2.261857748031616","2.261857748031616"
"4239392768","1182","1182","1182","2.1504740715026855","2.1504740715026855","2.1504740715026855"
"4240441344","1183","1183","1183","2.387690544128418","2.387690544128418","2.387690544128418"
"4241489920","1184","1184","1184","2.180288076400757","2.180288076400757","2.180288076400757"
"4242538496","1185","1185","1185","2.5113260746002197","2.5113260746002197","2.5113260746002197"
"4243587072","1186","1186","1186","2.278654098510742","2.278654098510742","2.278654098510742"
"4244635648","1187","1187","1187","2.4983584880828857","2.4983584880828857","2.4983584880828857"
"4245684224","1188","1188","1188","2.417867422103882","2.417867422103882","2.417867422103882"
"4246732800","1189","1189","1189","2.1896963119506836","2.1896963119506836","2.1896963119506836"
"4247781376","1190","1190","1190","2.26181697845459","2.26181697845459","2.26181697845459"
"4248829952","1191","1191","1191","2.449603796005249","2.449603796005249","2.449603796005249"
"4249878528","1192","1192","1192","2.2650227546691895","2.2650227546691895","2.2650227546691895"
"4250927104","1193","1193","1193","2.2737436294555664","2.2737436294555664","2.2737436294555664"
"4251975680","1194","1194","1194","2.292959690093994","2.292959690093994","2.292959690093994"
"4253024256","1195","1195","1195","2.3382949829101562","2.3382949829101562","2.3382949829101562"
"4254072832","1196","1196","1196","2.318633556365967","2.318633556365967","2.318633556365967"
"4255121408","1197","1197","1197","2.3144547939300537","2.3144547939300537","2.3144547939300537"
"4256169984","1198","1198","1198","2.182419776916504","2.182419776916504","2.182419776916504"
"4257218560","1199","1199","1199","2.2698779106140137","2.2698779106140137","2.2698779106140137"
"4258267136","1200","1200","1200","2.203129291534424","2.203129291534424","2.203129291534424"
"4259315712","1201","1201","1201","2.3863937854766846","2.3863937854766846","2.3863937854766846"
"4260364288","1202","1202","1202","2.3192496299743652","2.3192496299743652","2.3192496299743652"
"4261412864","1203","1203","1203","2.4186134338378906","2.4186134338378906","2.4186134338378906"
"4262461440","1204","1204","1204","2.4021222591400146","2.4021222591400146","2.4021222591400146"
"4263510016","1205","1205","1205","2.4616427421569824","2.4616427421569824","2.4616427421569824"
"4264558592","1206","1206","1206","2.3776628971099854","2.3776628971099854","2.3776628971099854"
"4265607168","1207","1207","1207","2.5353736877441406","2.5353736877441406","2.5353736877441406"
"4266655744","1208","1208","1208","2.4117558002471924","2.4117558002471924","2.4117558002471924"
"4267704320","1209","1209","1209","2.2430219650268555","2.2430219650268555","2.2430219650268555"
"4268752896","1210","1210","1210","2.2444911003112793","2.2444911003112793","2.2444911003112793"
"4269801472","1211","1211","1211","2.399782419204712","2.399782419204712","2.399782419204712"
"4270850048","1212","1212","1212","2.252323627471924","2.252323627471924","2.252323627471924"
"4271898624","1213","1213","1213","2.081796646118164","2.081796646118164","2.081796646118164"
"4272947200","1214","1214","1214","2.1678662300109863","2.1678662300109863","2.1678662300109863"
"4273995776","1215","1215","1215","2.270195484161377","2.270195484161377","2.270195484161377"
"4275044352","1216","1216","1216","2.1470816135406494","2.1470816135406494","2.1470816135406494"
"4276092928","1217","1217","1217","2.365370273590088","2.365370273590088","2.365370273590088"
"4277141504","1218","1218","1218","2.232595443725586","2.232595443725586","2.232595443725586"
"4278190080","1219","1219","1219","2.445657730102539","2.445657730102539","2.445657730102539"
"4279238656","1220","1220","1220","2.2636234760284424","2.2636234760284424","2.2636234760284424"
"4280287232","1221","1221","1221","2.321058511734009","2.321058511734009","2.321058511734009"
"4281335808","1222","1222","1222","2.254070997238159","2.254070997238159","2.254070997238159"
"4282384384","1223","1223","1223","2.3299107551574707","2.3299107551574707","2.3299107551574707"
"4283432960","1224","1224","1224","2.286402940750122","2.286402940750122","2.286402940750122"
"4284481536","1225","1225","1225","2.29518985748291","2.29518985748291","2.29518985748291"
"4285530112","1226","1226","1226","2.311040163040161","2.311040163040161","2.311040163040161"
"4286578688","1227","1227","1227","2.2155463695526123","2.2155463695526123","2.2155463695526123"
"4287627264","1228","1228","1228","2.357841968536377","2.357841968536377","2.357841968536377"
"4288675840","1229","1229","1229","2.507695436477661","2.507695436477661","2.507695436477661"
"4289724416","1230","1230","1230","2.389108180999756","2.389108180999756","2.389108180999756"
"4290772992","1231","1231","1231","2.2839760780334473","2.2839760780334473","2.2839760780334473"
"4291821568","1232","1232","1232","2.2197108268737793","2.2197108268737793","2.2197108268737793"
"4292870144","1233","1233","1233","2.496831178665161","2.496831178665161","2.496831178665161"
"4293918720","1234","1234","1234","2.232239007949829","2.232239007949829","2.232239007949829"
"4294967296","1235","1235","1235","2.3169922828674316","2.3169922828674316","2.3169922828674316"
"4296015872","1236","1236","1236","2.2979321479797363","2.2979321479797363","2.2979321479797363"
"4297064448","1237","1237","1237","2.3007559776306152","2.3007559776306152","2.3007559776306152"
"4298113024","1238","1238","1238","2.18142032623291","2.18142032623291","2.18142032623291"
"4299161600","1239","1239","1239","2.258863925933838","2.258863925933838","2.258863925933838"
"4300210176","1240","1240","1240","2.3811569213867188","2.3811569213867188","2.3811569213867188"
"4301258752","1241","1241","1241","2.280045986175537","2.280045986175537","2.280045986175537"
"4302307328","1242","1242","1242","2.3607842922210693","2.3607842922210693","2.3607842922210693"
"4303355904","1243","1243","1243","2.396939277648926","2.396939277648926","2.396939277648926"
"4304404480","1244","1244","1244","2.471892833709717","2.471892833709717","2.471892833709717"
"4305453056","1245","1245","1245","2.385894536972046","2.385894536972046","2.385894536972046"
"4306501632","1246","1246","1246","2.4518871307373047","2.4518871307373047","2.4518871307373047"
"4307550208","1247","1247","1247","2.4421372413635254","2.4421372413635254","2.4421372413635254"
"4308598784","1248","1248","1248","2.2346041202545166","2.2346041202545166","2.2346041202545166"
"4309647360","1249","1249","1249","2.3763906955718994","2.3763906955718994","2.3763906955718994"
"4310695936","1250","1250","1250","2.34578800201416","2.34578800201416","2.34578800201416"
"4311744512","1251","1251","1251","2.2512435913085938","2.2512435913085938","2.2512435913085938"
"4312793088","1252","1252","1252","2.368046760559082","2.368046760559082","2.368046760559082"
"4313841664","1253","1253","1253","2.388528823852539","2.388528823852539","2.388528823852539"
"4314890240","1254","1254","1254","2.2946741580963135","2.2946741580963135","2.2946741580963135"
"4315938816","1255","1255","1255","2.286789655685425","2.286789655685425","2.286789655685425"
"4316987392","1256","1256","1256","2.3572683334350586","2.3572683334350586","2.3572683334350586"
"4318035968","1257","1257","1257","2.2936527729034424","2.2936527729034424","2.2936527729034424"
"4319084544","1258","1258","1258","2.312340021133423","2.312340021133423","2.312340021133423"
"4320133120","1259","1259","1259","2.475600242614746","2.475600242614746","2.475600242614746"
"4321181696","1260","1260","1260","2.3912465572357178","2.3912465572357178","2.3912465572357178"
"4322230272","1261","1261","1261","2.1871743202209473","2.1871743202209473","2.1871743202209473"
"4323278848","1262","1262","1262","2.218212604522705","2.218212604522705","2.218212604522705"
"4324327424","1263","1263","1263","2.4397759437561035","2.4397759437561035","2.4397759437561035"
"4325376000","1264","1264","1264","2.2516496181488037","2.2516496181488037","2.2516496181488037"
"4326424576","1265","1265","1265","2.364842653274536","2.364842653274536","2.364842653274536"
"4327473152","1266","1266","1266","2.2248151302337646","2.2248151302337646","2.2248151302337646"
"4328521728","1267","1267","1267","2.3681187629699707","2.3681187629699707","2.3681187629699707"
"4329570304","1268","1268","1268","2.1472890377044678","2.1472890377044678","2.1472890377044678"
"4330618880","1269","1269","1269","2.3736157417297363","2.3736157417297363","2.3736157417297363"
"4331667456","1270","1270","1270","2.2940945625305176","2.2940945625305176","2.2940945625305176"
"4332716032","1271","1271","1271","2.4546802043914795","2.4546802043914795","2.4546802043914795"
"4333764608","1272","1272","1272","2.3973467350006104","2.3973467350006104","2.3973467350006104"
"4334813184","1273","1273","1273","2.3693275451660156","2.3693275451660156","2.3693275451660156"
"4335861760","1274","1274","1274","2.329730272293091","2.329730272293091","2.329730272293091"
"4336910336","1275","1275","1275","2.366337299346924","2.366337299346924","2.366337299346924"
"4337958912","1276","1276","1276","2.3691136837005615","2.3691136837005615","2.3691136837005615"
"4339007488","1277","1277","1277","2.353025197982788","2.353025197982788","2.353025197982788"
"4340056064","1278","1278","1278","2.3580164909362793","2.3580164909362793","2.3580164909362793"
"4341104640","1279","1279","1279","2.4839372634887695","2.4839372634887695","2.4839372634887695"
"4342153216","1280","1280","1280","2.138118267059326","2.138118267059326","2.138118267059326"
"4343201792","1281","1281","1281","2.3721721172332764","2.3721721172332764","2.3721721172332764"
"4344250368","1282","1282","1282","2.3149399757385254","2.3149399757385254","2.3149399757385254"
"4345298944","1283","1283","1283","2.3650472164154053","2.3650472164154053","2.3650472164154053"
"4346347520","1284","1284","1284","2.308424949645996","2.308424949645996","2.308424949645996"
"4347396096","1285","1285","1285","2.285548210144043","2.285548210144043","2.285548210144043"
"4348444672","1286","1286","1286","2.2748332023620605","2.2748332023620605","2.2748332023620605"
"4349493248","1287","1287","1287","2.3681375980377197","2.3681375980377197","2.3681375980377197"
"4350541824","1288","1288","1288","2.282945156097412","2.282945156097412","2.282945156097412"
"4351590400","1289","1289","1289","2.449310541152954","2.449310541152954","2.449310541152954"
"4352638976","1290","1290","1290","2.366767406463623","2.366767406463623","2.366767406463623"
"4353687552","1291","1291","1291","2.2347891330718994","2.2347891330718994","2.2347891330718994"
"4354736128","1292","1292","1292","2.193359851837158","2.193359851837158","2.193359851837158"
"4355784704","1293","1293","1293","2.2223618030548096","2.2223618030548096","2.2223618030548096"
"4356833280","1294","1294","1294","2.171369791030884","2.171369791030884","2.171369791030884"
"4357881856","1295","1295","1295","2.3734545707702637","2.3734545707702637","2.3734545707702637"
"4358930432","1296","1296","1296","2.1409738063812256","2.1409738063812256","2.1409738063812256"
"4359979008","1297","1297","1297","2.298309087753296","2.298309087753296","2.298309087753296"
"4361027584","1298","1298","1298","2.297267436981201","2.297267436981201","2.297267436981201"
"4362076160","1299","1299","1299","2.32804536819458","2.32804536819458","2.32804536819458"
"4363124736","1300","1300","1300","2.2148396968841553","2.2148396968841553","2.2148396968841553"
"4364173312","1301","1301","1301","2.4892876148223877","2.4892876148223877","2.4892876148223877"
"4365221888","1302","1302","1302","2.2675466537475586","2.2675466537475586","2.2675466537475586"
"4366270464","1303","1303","1303","2.4479522705078125","2.4479522705078125","2.4479522705078125"
"4367319040","1304","1304","1304","2.388481616973877","2.388481616973877","2.388481616973877"
"4368367616","1305","1305","1305","2.2776432037353516","2.2776432037353516","2.2776432037353516"
"4369416192","1306","1306","1306","2.2697765827178955","2.2697765827178955","2.2697765827178955"
"4370464768","1307","1307","1307","2.3589577674865723","2.3589577674865723","2.3589577674865723"
"4371513344","1308","1308","1308","2.1762266159057617","2.1762266159057617","2.1762266159057617"
"4372561920","1309","1309","1309","2.401421308517456","2.401421308517456","2.401421308517456"
"4373610496","1310","1310","1310","2.502715587615967","2.502715587615967","2.502715587615967"
"4374659072","1311","1311","1311","2.278031349182129","2.278031349182129","2.278031349182129"
"4375707648","1312","1312","1312","2.3093698024749756","2.3093698024749756","2.3093698024749756"
"4376756224","1313","1313","1313","2.3432817459106445","2.3432817459106445","2.3432817459106445"
"4377804800","1314","1314","1314","2.2766079902648926","2.2766079902648926","2.2766079902648926"
"4378853376","1315","1315","1315","2.206669330596924","2.206669330596924","2.206669330596924"
"4379901952","1316","1316","1316","2.176887273788452","2.176887273788452","2.176887273788452"
"4380950528","1317","1317","1317","2.201148509979248","2.201148509979248","2.201148509979248"
"4381999104","1318","1318","1318","2.201868772506714","2.201868772506714","2.201868772506714"
"4383047680","1319","1319","1319","2.391491174697876","2.391491174697876","2.391491174697876"
"4384096256","1320","1320","1320","2.2051939964294434","2.2051939964294434","2.2051939964294434"
"4385144832","1321","1321","1321","2.195100784301758","2.195100784301758","2.195100784301758"
"4386193408","1322","1322","1322","2.352033853530884","2.352033853530884","2.352033853530884"
"4387241984","1323","1323","1323","2.3267478942871094","2.3267478942871094","2.3267478942871094"
"4388290560","1324","1324","1324","2.181702136993408","2.181702136993408","2.181702136993408"
"4389339136","1325","1325","1325","2.343980073928833","2.343980073928833","2.343980073928833"
"4390387712","1326","1326","1326","2.2601051330566406","2.2601051330566406","2.2601051330566406"
"4391436288","1327","1327","1327","2.391221761703491","2.391221761703491","2.391221761703491"
"4392484864","1328","1328","1328","2.277167797088623","2.277167797088623","2.277167797088623"
"4393533440","1329","1329","1329","2.3566436767578125","2.3566436767578125","2.3566436767578125"
"4394582016","1330","1330","1330","2.2167487144470215","2.2167487144470215","2.2167487144470215"
"4395630592","1331","1331","1331","2.37164306640625","2.37164306640625","2.37164306640625"
"4396679168","1332","1332","1332","2.177807092666626","2.177807092666626","2.177807092666626"
"4397727744","1333","1333","1333","2.3277714252471924","2.3277714252471924","2.3277714252471924"
"4398776320","1334","1334","1334","2.1864821910858154","2.1864821910858154","2.1864821910858154"
"4399824896","1335","1335","1335","2.308551788330078","2.308551788330078","2.308551788330078"
"4400873472","1336","1336","1336","2.3025035858154297","2.3025035858154297","2.3025035858154297"
"4401922048","1337","1337","1337","2.4536681175231934","2.4536681175231934","2.4536681175231934"
"4402970624","1338","1338","1338","2.2939019203186035","2.2939019203186035","2.2939019203186035"
"4404019200","1339","1339","1339","2.3181869983673096","2.3181869983673096","2.3181869983673096"
"4405067776","1340","1340","1340","2.2357850074768066","2.2357850074768066","2.2357850074768066"
"4406116352","1341","1341","1341","2.357497215270996","2.357497215270996","2.357497215270996"
"4407164928","1342","1342","1342","2.1423230171203613","2.1423230171203613","2.1423230171203613"
"4408213504","1343","1343","1343","2.4140238761901855","2.4140238761901855","2.4140238761901855"
"4409262080","1344","1344","1344","2.3742318153381348","2.3742318153381348","2.3742318153381348"
"4410310656","1345","1345","1345","2.197169065475464","2.197169065475464","2.197169065475464"
"4411359232","1346","1346","1346","2.0994677543640137","2.0994677543640137","2.0994677543640137"
"4412407808","1347","1347","1347","2.3315908908843994","2.3315908908843994","2.3315908908843994"
"4413456384","1348","1348","1348","2.27764630317688","2.27764630317688","2.27764630317688"
"4414504960","1349","1349","1349","2.2612085342407227","2.2612085342407227","2.2612085342407227"
"4415553536","1350","1350","1350","2.3370094299316406","2.3370094299316406","2.3370094299316406"
"4416602112","1351","1351","1351","2.425295114517212","2.425295114517212","2.425295114517212"
"4417650688","1352","1352","1352","2.3899009227752686","2.3899009227752686","2.3899009227752686"
"4418699264","1353","1353","1353","2.550349473953247","2.550349473953247","2.550349473953247"
"4419747840","1354","1354","1354","2.301612615585327","2.301612615585327","2.301612615585327"
"4420796416","1355","1355","1355","2.452928304672241","2.452928304672241","2.452928304672241"
"4421844992","1356","1356","1356","2.35638165473938","2.35638165473938","2.35638165473938"
"4422893568","1357","1357","1357","2.5549755096435547","2.5549755096435547","2.5549755096435547"
"4423942144","1358","1358","1358","2.327138662338257","2.327138662338257","2.327138662338257"
"4424990720","1359","1359","1359","2.2100908756256104","2.2100908756256104","2.2100908756256104"
"4426039296","1360","1360","1360","2.271125078201294","2.271125078201294","2.271125078201294"
"4427087872","1361","1361","1361","2.3201749324798584","2.3201749324798584","2.3201749324798584"
"4428136448","1362","1362","1362","2.3897619247436523","2.3897619247436523","2.3897619247436523"
"4429185024","1363","1363","1363","2.297278881072998","2.297278881072998","2.297278881072998"
"4430233600","1364","1364","1364","2.263399124145508","2.263399124145508","2.263399124145508"
"4431282176","1365","1365","1365","2.4802989959716797","2.4802989959716797","2.4802989959716797"
"4432330752","1366","1366","1366","2.4325947761535645","2.4325947761535645","2.4325947761535645"
"4433379328","1367","1367","1367","2.2826507091522217","2.2826507091522217","2.2826507091522217"
"4434427904","1368","1368","1368","2.2349672317504883","2.2349672317504883","2.2349672317504883"
"4435476480","1369","1369","1369","2.258999824523926","2.258999824523926","2.258999824523926"
"4436525056","1370","1370","1370","2.2832343578338623","2.2832343578338623","2.2832343578338623"
"4437573632","1371","1371","1371","2.335747241973877","2.335747241973877","2.335747241973877"
"4438622208","1372","1372","1372","2.175507068634033","2.175507068634033","2.175507068634033"
"4439670784","1373","1373","1373","2.4084832668304443","2.4084832668304443","2.4084832668304443"
"4440719360","1374","1374","1374","2.3384244441986084","2.3384244441986084","2.3384244441986084"
"4441767936","1375","1375","1375","2.3707499504089355","2.3707499504089355","2.3707499504089355"
"4442816512","1376","1376","1376","2.329927921295166","2.329927921295166","2.329927921295166"
"4443865088","1377","1377","1377","2.322303056716919","2.322303056716919","2.322303056716919"
"4444913664","1378","1378","1378","2.258226156234741","2.258226156234741","2.258226156234741"
"4445962240","1379","1379","1379","2.4571268558502197","2.4571268558502197","2.4571268558502197"
"4447010816","1380","1380","1380","2.4248099327087402","2.4248099327087402","2.4248099327087402"
"4448059392","1381","1381","1381","2.1474571228027344","2.1474571228027344","2.1474571228027344"
"4449107968","1382","1382","1382","2.242058515548706","2.242058515548706","2.242058515548706"
"4450156544","1383","1383","1383","2.276340961456299","2.276340961456299","2.276340961456299"
"4451205120","1384","1384","1384","2.1980643272399902","2.1980643272399902","2.1980643272399902"
"4452253696","1385","1385","1385","2.2914786338806152","2.2914786338806152","2.2914786338806152"
"4453302272","1386","1386","1386","2.236502170562744","2.236502170562744","2.236502170562744"
"4454350848","1387","1387","1387","2.3224172592163086","2.3224172592163086","2.3224172592163086"
"4455399424","1388","1388","1388","2.3117313385009766","2.3117313385009766","2.3117313385009766"
"4456448000","1389","1389","1389","2.2737338542938232","2.2737338542938232","2.2737338542938232"
"4457496576","1390","1390","1390","2.2907285690307617","2.2907285690307617","2.2907285690307617"
"4458545152","1391","1391","1391","2.2662675380706787","2.2662675380706787","2.2662675380706787"
"4459593728","1392","1392","1392","2.2349345684051514","2.2349345684051514","2.2349345684051514"
"4460642304","1393","1393","1393","2.330916166305542","2.330916166305542","2.330916166305542"
"4461690880","1394","1394","1394","2.2693111896514893","2.2693111896514893","2.2693111896514893"
"4462739456","1395","1395","1395","2.326019763946533","2.326019763946533","2.326019763946533"
"4463788032","1396","1396","1396","2.156722068786621","2.156722068786621","2.156722068786621"
"4464836608","1397","1397","1397","2.2384142875671387","2.2384142875671387","2.2384142875671387"
"4465885184","1398","1398","1398","2.332700729370117","2.332700729370117","2.332700729370117"
"4466933760","1399","1399","1399","2.431809425354004","2.431809425354004","2.431809425354004"
"4467982336","1400","1400","1400","2.243880271911621","2.243880271911621","2.243880271911621"
"4469030912","1401","1401","1401","2.2634994983673096","2.2634994983673096","2.2634994983673096"
"4470079488","1402","1402","1402","2.3401689529418945","2.3401689529418945","2.3401689529418945"
"4471128064","1403","1403","1403","2.3306057453155518","2.3306057453155518","2.3306057453155518"
"4472176640","1404","1404","1404","2.2181007862091064","2.2181007862091064","2.2181007862091064"
"4473225216","1405","1405","1405","2.1369261741638184","2.1369261741638184","2.1369261741638184"
"4474273792","1406","1406","1406","2.23100209236145","2.23100209236145","2.23100209236145"
"4475322368","1407","1407","1407","2.3853893280029297","2.3853893280029297","2.3853893280029297"
"4476370944","1408","1408","1408","2.2824809551239014","2.2824809551239014","2.2824809551239014"
"4477419520","1409","1409","1409","2.223698139190674","2.223698139190674","2.223698139190674"
"4478468096","1410","1410","1410","2.3984506130218506","2.3984506130218506","2.3984506130218506"
"4479516672","1411","1411","1411","2.2811403274536133","2.2811403274536133","2.2811403274536133"
"4480565248","1412","1412","1412","2.4551172256469727","2.4551172256469727","2.4551172256469727"
"4481613824","1413","1413","1413","2.352557897567749","2.352557897567749","2.352557897567749"
"4482662400","1414","1414","1414","2.248518705368042","2.248518705368042","2.248518705368042"
"4483710976","1415","1415","1415","2.508991241455078","2.508991241455078","2.508991241455078"
"4484759552","1416","1416","1416","2.282536506652832","2.282536506652832","2.282536506652832"
"4485808128","1417","1417","1417","2.1356680393218994","2.1356680393218994","2.1356680393218994"
"4486856704","1418","1418","1418","2.1911392211914062","2.1911392211914062","2.1911392211914062"
"4487905280","1419","1419","1419","2.2287230491638184","2.2287230491638184","2.2287230491638184"
"4488953856","1420","1420","1420","2.2372000217437744","2.2372000217437744","2.2372000217437744"
"4490002432","1421","1421","1421","2.3294827938079834","2.3294827938079834","2.3294827938079834"
"4491051008","1422","1422","1422","2.420675754547119","2.420675754547119","2.420675754547119"
"4492099584","1423","1423","1423","2.4031074047088623","2.4031074047088623","2.4031074047088623"
"4493148160","1424","1424","1424","2.321258068084717","2.321258068084717","2.321258068084717"
"4494196736","1425","1425","1425","2.3588314056396484","2.3588314056396484","2.3588314056396484"
"4495245312","1426","1426","1426","2.4712839126586914","2.4712839126586914","2.4712839126586914"
"4496293888","1427","1427","1427","2.527146100997925","2.527146100997925","2.527146100997925"
"4497342464","1428","1428","1428","2.4056637287139893","2.4056637287139893","2.4056637287139893"
"4498391040","1429","1429","1429","2.5016767978668213","2.5016767978668213","2.5016767978668213"
"4499439616","1430","1430","1430","2.3247907161712646","2.3247907161712646","2.3247907161712646"
"4500488192","1431","1431","1431","2.356907844543457","2.356907844543457","2.356907844543457"
"4501536768","1432","1432","1432","2.224827289581299","2.224827289581299","2.224827289581299"
"4502585344","1433","1433","1433","2.3364944458007812","2.3364944458007812","2.3364944458007812"
"4503633920","1434","1434","1434","2.274857521057129","2.274857521057129","2.274857521057129"
"4504682496","1435","1435","1435","2.329293727874756","2.329293727874756","2.329293727874756"
"4505731072","1436","1436","1436","2.1687397956848145","2.1687397956848145","2.1687397956848145"
"4506779648","1437","1437","1437","2.3972389698028564","2.3972389698028564","2.3972389698028564"
"4507828224","1438","1438","1438","2.2678089141845703","2.2678089141845703","2.2678089141845703"
"4508876800","1439","1439","1439","2.302590847015381","2.302590847015381","2.302590847015381"
"4509925376","1440","1440","1440","2.2798807621002197","2.2798807621002197","2.2798807621002197"
"4510973952","1441","1441","1441","2.400503396987915","2.400503396987915","2.400503396987915"
"4512022528","1442","1442","1442","2.276322841644287","2.276322841644287","2.276322841644287"
"4513071104","1443","1443","1443","2.1283512115478516","2.1283512115478516","2.1283512115478516"
"4514119680","1444","1444","1444","2.053317070007324","2.053317070007324","2.053317070007324"
"4515168256","1445","1445","1445","2.2611403465270996","2.2611403465270996","2.2611403465270996"
"4516216832","1446","1446","1446","2.232872486114502","2.232872486114502","2.232872486114502"
"4517265408","1447","1447","1447","2.2267911434173584","2.2267911434173584","2.2267911434173584"
"4518313984","1448","1448","1448","2.278339385986328","2.278339385986328","2.278339385986328"
"4519362560","1449","1449","1449","2.2572879791259766","2.2572879791259766","2.2572879791259766"
"4520411136","1450","1450","1450","2.1720869541168213","2.1720869541168213","2.1720869541168213"
"4521459712","1451","1451","1451","2.3662209510803223","2.3662209510803223","2.3662209510803223"
"4522508288","1452","1452","1452","2.2321395874023438","2.2321395874023438","2.2321395874023438"
"4523556864","1453","1453","1453","2.376275062561035","2.376275062561035","2.376275062561035"
"4524605440","1454","1454","1454","2.1513772010803223","2.1513772010803223","2.1513772010803223"
"4525654016","1455","1455","1455","2.465744972229004","2.465744972229004","2.465744972229004"
"4526702592","1456","1456","1456","2.3847217559814453","2.3847217559814453","2.3847217559814453"
"4527751168","1457","1457","1457","2.4550461769104004","2.4550461769104004","2.4550461769104004"
"4528799744","1458","1458","1458","2.297494411468506","2.297494411468506","2.297494411468506"
"4529848320","1459","1459","1459","2.4609644412994385","2.4609644412994385","2.4609644412994385"
"4530896896","1460","1460","1460","2.3275160789489746","2.3275160789489746","2.3275160789489746"
"4531945472","1461","1461","1461","2.456949472427368","2.456949472427368","2.456949472427368"
"4532994048","1462","1462","1462","2.290072441101074","2.290072441101074","2.290072441101074"
"4534042624","1463","1463","1463","2.3165035247802734","2.3165035247802734","2.3165035247802734"
"4535091200","1464","1464","1464","2.1937646865844727","2.1937646865844727","2.1937646865844727"
"4536139776","1465","1465","1465","2.361112117767334","2.361112117767334","2.361112117767334"
"4537188352","1466","1466","1466","2.14146089553833","2.14146089553833","2.14146089553833"
"4538236928","1467","1467","1467","2.482363224029541","2.482363224029541","2.482363224029541"
"4539285504","1468","1468","1468","2.3433010578155518","2.3433010578155518","2.3433010578155518"
"4540334080","1469","1469","1469","2.3162684440612793","2.3162684440612793","2.3162684440612793"
"4541382656","1470","1470","1470","2.272630214691162","2.272630214691162","2.272630214691162"
"4542431232","1471","1471","1471","2.2594008445739746","2.2594008445739746","2.2594008445739746"
"4543479808","1472","1472","1472","2.129533529281616","2.129533529281616","2.129533529281616"
"4544528384","1473","1473","1473","2.1816325187683105","2.1816325187683105","2.1816325187683105"
"4545576960","1474","1474","1474","2.201289176940918","2.201289176940918","2.201289176940918"
"4546625536","1475","1475","1475","2.389592170715332","2.389592170715332","2.389592170715332"
"4547674112","1476","1476","1476","2.261249303817749","2.261249303817749","2.261249303817749"
"4548722688","1477","1477","1477","2.4927074909210205","2.4927074909210205","2.4927074909210205"
"4549771264","1478","1478","1478","2.28545880317688","2.28545880317688","2.28545880317688"
"4550819840","1479","1479","1479","2.3528330326080322","2.3528330326080322","2.3528330326080322"
"4551868416","1480","1480","1480","2.2839198112487793","2.2839198112487793","2.2839198112487793"
"4552916992","1481","1481","1481","2.1382603645324707","2.1382603645324707","2.1382603645324707"
"4553965568","1482","1482","1482","2.1517345905303955","2.1517345905303955","2.1517345905303955"
"4555014144","1483","1483","1483","2.1739330291748047","2.1739330291748047","2.1739330291748047"
"4556062720","1484","1484","1484","2.174499988555908","2.174499988555908","2.174499988555908"
"4557111296","1485","1485","1485","2.268752336502075","2.268752336502075","2.268752336502075"
"4558159872","1486","1486","1486","2.244713068008423","2.244713068008423","2.244713068008423"
"4559208448","1487","1487","1487","2.3762168884277344","2.3762168884277344","2.3762168884277344"
"4560257024","1488","1488","1488","2.101126194000244","2.101126194000244","2.101126194000244"
"4561305600","1489","1489","1489","2.237534761428833","2.237534761428833","2.237534761428833"
"4562354176","1490","1490","1490","2.1248817443847656","2.1248817443847656","2.1248817443847656"
"4563402752","1491","1491","1491","2.2656054496765137","2.2656054496765137","2.2656054496765137"
"4564451328","1492","1492","1492","2.290905237197876","2.290905237197876","2.290905237197876"
"4565499904","1493","1493","1493","2.264282464981079","2.264282464981079","2.264282464981079"
"4566548480","1494","1494","1494","2.102780342102051","2.102780342102051","2.102780342102051"
"4567597056","1495","1495","1495","2.4064388275146484","2.4064388275146484","2.4064388275146484"
"4568645632","1496","1496","1496","2.4134838581085205","2.4134838581085205","2.4134838581085205"
"4569694208","1497","1497","1497","2.409573793411255","2.409573793411255","2.409573793411255"
"4570742784","1498","1498","1498","2.2440037727355957","2.2440037727355957","2.2440037727355957"
"4571791360","1499","1499","1499","2.230255603790283","2.230255603790283","2.230255603790283"
"4572839936","1500","1500","1500","2.101022243499756","2.101022243499756","2.101022243499756"
"4573888512","1501","1501","1501","2.217398166656494","2.217398166656494","2.217398166656494"
"4574937088","1502","1502","1502","2.1129300594329834","2.1129300594329834","2.1129300594329834"
"4575985664","1503","1503","1503","2.3436546325683594","2.3436546325683594","2.3436546325683594"
"4577034240","1504","1504","1504","2.382138252258301","2.382138252258301","2.382138252258301"
"4578082816","1505","1505","1505","2.41076397895813","2.41076397895813","2.41076397895813"
"4579131392","1506","1506","1506","2.316871404647827","2.316871404647827","2.316871404647827"
"4580179968","1507","1507","1507","2.40187668800354","2.40187668800354","2.40187668800354"
"4581228544","1508","1508","1508","2.2073473930358887","2.2073473930358887","2.2073473930358887"
"4582277120","1509","1509","1509","2.462538957595825","2.462538957595825","2.462538957595825"
"4583325696","1510","1510","1510","2.241880416870117","2.241880416870117","2.241880416870117"
"4584374272","1511","1511","1511","2.2832884788513184","2.2832884788513184","2.2832884788513184"
"4585422848","1512","1512","1512","2.2174086570739746","2.2174086570739746","2.2174086570739746"
"4586471424","1513","1513","1513","2.2757177352905273","2.2757177352905273","2.2757177352905273"
"4587520000","1514","1514","1514","2.3302807807922363","2.3302807807922363","2.3302807807922363"
"4588568576","1515","1515","1515","2.3468525409698486","2.3468525409698486","2.3468525409698486"
"4589617152","1516","1516","1516","2.174116611480713","2.174116611480713","2.174116611480713"
"4590665728","1517","1517","1517","2.215698719024658","2.215698719024658","2.215698719024658"
"4591714304","1518","1518","1518","2.072727918624878","2.072727918624878","2.072727918624878"
"4592762880","1519","1519","1519","2.358002185821533","2.358002185821533","2.358002185821533"
"4593811456","1520","1520","1520","2.272287130355835","2.272287130355835","2.272287130355835"
"4594860032","1521","1521","1521","2.1608242988586426","2.1608242988586426","2.1608242988586426"
"4595908608","1522","1522","1522","2.3020212650299072","2.3020212650299072","2.3020212650299072"
"4596957184","1523","1523","1523","2.3030552864074707","2.3030552864074707","2.3030552864074707"
"4598005760","1524","1524","1524","2.1785664558410645","2.1785664558410645","2.1785664558410645"
"4599054336","1525","1525","1525","2.286621570587158","2.286621570587158","2.286621570587158"
"4600102912","1526","1526","1526","2.1225929260253906","2.1225929260253906","2.1225929260253906"
"4601151488","1527","1527","1527","2.1768555641174316","2.1768555641174316","2.1768555641174316"
"4602200064","1528","1528","1528","2.209561824798584","2.209561824798584","2.209561824798584"
"4603248640","1529","1529","1529","2.385226249694824","2.385226249694824","2.385226249694824"
"4604297216","1530","1530","1530","2.303753614425659","2.303753614425659","2.303753614425659"
"4605345792","1531","1531","1531","2.235995292663574","2.235995292663574","2.235995292663574"
"4606394368","1532","1532","1532","2.10364031791687","2.10364031791687","2.10364031791687"
"4607442944","1533","1533","1533","2.357118844985962","2.357118844985962","2.357118844985962"
"4608491520","1534","1534","1534","2.403134822845459","2.403134822845459","2.403134822845459"
"4609540096","1535","1535","1535","2.3035802841186523","2.3035802841186523","2.3035802841186523"
"4610588672","1536","1536","1536","2.321136951446533","2.321136951446533","2.321136951446533"
"4611637248","1537","1537","1537","2.249668836593628","2.249668836593628","2.249668836593628"
"4612685824","1538","1538","1538","2.32588529586792","2.32588529586792","2.32588529586792"
"4613734400","1539","1539","1539","2.3755621910095215","2.3755621910095215","2.3755621910095215"
"4614782976","1540","1540","1540","2.352555274963379","2.352555274963379","2.352555274963379"
"4615831552","1541","1541","1541","2.4286646842956543","2.4286646842956543","2.4286646842956543"
"4616880128","1542","1542","1542","2.2905712127685547","2.2905712127685547","2.2905712127685547"
"4617928704","1543","1543","1543","2.2632055282592773","2.2632055282592773","2.2632055282592773"
"4618977280","1544","1544","1544","2.189152240753174","2.189152240753174","2.189152240753174"
"4620025856","1545","1545","1545","2.1127097606658936","2.1127097606658936","2.1127097606658936"
"4621074432","1546","1546","1546","2.0252742767333984","2.0252742767333984","2.0252742767333984"
"4622123008","1547","1547","1547","2.3372697830200195","2.3372697830200195","2.3372697830200195"
"4623171584","1548","1548","1548","2.1568892002105713","2.1568892002105713","2.1568892002105713"
"4624220160","1549","1549","1549","2.2804155349731445","2.2804155349731445","2.2804155349731445"
"4625268736","1550","1550","1550","2.194999933242798","2.194999933242798","2.194999933242798"
"4626317312","1551","1551","1551","2.3604819774627686","2.3604819774627686","2.3604819774627686"
"4627365888","1552","1552","1552","2.299791097640991","2.299791097640991","2.299791097640991"
"4628414464","1553","1553","1553","2.392807960510254","2.392807960510254","2.392807960510254"
"4629463040","1554","1554","1554","2.2871763706207275","2.2871763706207275","2.2871763706207275"
"4630511616","1555","1555","1555","2.25862979888916","2.25862979888916","2.25862979888916"
"4631560192","1556","1556","1556","2.1764159202575684","2.1764159202575684","2.1764159202575684"
"4632608768","1557","1557","1557","2.432373523712158","2.432373523712158","2.432373523712158"
"4633657344","1558","1558","1558","2.214311361312866","2.214311361312866","2.214311361312866"
"4634705920","1559","1559","1559","2.482377529144287","2.482377529144287","2.482377529144287"
"4635754496","1560","1560","1560","2.3158912658691406","2.3158912658691406","2.3158912658691406"
"4636803072","1561","1561","1561","2.148503065109253","2.148503065109253","2.148503065109253"
"4637851648","1562","1562","1562","2.235969305038452","2.235969305038452","2.235969305038452"
"4638900224","1563","1563","1563","2.2164177894592285","2.2164177894592285","2.2164177894592285"
"4639948800","1564","1564","1564","2.158764123916626","2.158764123916626","2.158764123916626"
"4640997376","1565","1565","1565","2.509892225265503","2.509892225265503","2.509892225265503"
"4642045952","1566","1566","1566","2.237895965576172","2.237895965576172","2.237895965576172"
"4643094528","1567","1567","1567","2.1699068546295166","2.1699068546295166","2.1699068546295166"
"4644143104","1568","1568","1568","2.191741466522217","2.191741466522217","2.191741466522217"
"4645191680","1569","1569","1569","2.382891893386841","2.382891893386841","2.382891893386841"
"4646240256","1570","1570","1570","2.20377254486084","2.20377254486084","2.20377254486084"
"4647288832","1571","1571","1571","2.317896604537964","2.317896604537964","2.317896604537964"
"4648337408","1572","1572","1572","2.1723036766052246","2.1723036766052246","2.1723036766052246"
"4649385984","1573","1573","1573","2.099194049835205","2.099194049835205","2.099194049835205"
"4650434560","1574","1574","1574","2.3078503608703613","2.3078503608703613","2.3078503608703613"
"4651483136","1575","1575","1575","2.2530643939971924","2.2530643939971924","2.2530643939971924"
"4652531712","1576","1576","1576","2.1828818321228027","2.1828818321228027","2.1828818321228027"
"4653580288","1577","1577","1577","2.332535743713379","2.332535743713379","2.332535743713379"
"4654628864","1578","1578","1578","2.217189311981201","2.217189311981201","2.217189311981201"
"4655677440","1579","1579","1579","2.100172996520996","2.100172996520996","2.100172996520996"
"4656726016","1580","1580","1580","2.0597174167633057","2.0597174167633057","2.0597174167633057"
"4657774592","1581","1581","1581","2.2499539852142334","2.2499539852142334","2.2499539852142334"
"4658823168","1582","1582","1582","2.193002700805664","2.193002700805664","2.193002700805664"
"4659871744","1583","1583","1583","2.174703598022461","2.174703598022461","2.174703598022461"
"4660920320","1584","1584","1584","2.2691564559936523","2.2691564559936523","2.2691564559936523"
"4661968896","1585","1585","1585","2.230952739715576","2.230952739715576","2.230952739715576"
"4663017472","1586","1586","1586","2.3153882026672363","2.3153882026672363","2.3153882026672363"
"4664066048","1587","1587","1587","2.1343398094177246","2.1343398094177246","2.1343398094177246"
"4665114624","1588","1588","1588","2.2175405025482178","2.2175405025482178","2.2175405025482178"
"4666163200","1589","1589","1589","2.3916847705841064","2.3916847705841064","2.3916847705841064"
"4667211776","1590","1590","1590","2.2650158405303955","2.2650158405303955","2.2650158405303955"
"4668260352","1591","1591","1591","2.11445689201355","2.11445689201355","2.11445689201355"
"4669308928","1592","1592","1592","2.2316741943359375","2.2316741943359375","2.2316741943359375"
"4670357504","1593","1593","1593","2.232391834259033","2.232391834259033","2.232391834259033"
"4671406080","1594","1594","1594","2.254598617553711","2.254598617553711","2.254598617553711"
"4672454656","1595","1595","1595","2.2236225605010986","2.2236225605010986","2.2236225605010986"
"4673503232","1596","1596","1596","2.2084317207336426","2.2084317207336426","2.2084317207336426"
"4674551808","1597","1597","1597","2.123724937438965","2.123724937438965","2.123724937438965"
"4675600384","1598","1598","1598","2.275937080383301","2.275937080383301","2.275937080383301"
"4676648960","1599","1599","1599","1.9793449640274048","1.9793449640274048","1.9793449640274048"
"4677697536","1600","1600","1600","2.373060464859009","2.373060464859009","2.373060464859009"
"4678746112","1601","1601","1601","2.0288314819335938","2.0288314819335938","2.0288314819335938"
"4679794688","1602","1602","1602","2.1188666820526123","2.1188666820526123","2.1188666820526123"
"4680843264","1603","1603","1603","1.9502196311950684","1.9502196311950684","1.9502196311950684"
"4681891840","1604","1604","1604","2.0146946907043457","2.0146946907043457","2.0146946907043457"
"4682940416","1605","1605","1605","2.092968225479126","2.092968225479126","2.092968225479126"
"4683988992","1606","1606","1606","2.1799492835998535","2.1799492835998535","2.1799492835998535"
"4685037568","1607","1607","1607","2.0573785305023193","2.0573785305023193","2.0573785305023193"
"4686086144","1608","1608","1608","2.107334613800049","2.107334613800049","2.107334613800049"
"4687134720","1609","1609","1609","1.9875593185424805","1.9875593185424805","1.9875593185424805"
"4688183296","1610","1610","1610","2.3181309700012207","2.3181309700012207","2.3181309700012207"
"4689231872","1611","1611","1611","1.891829252243042","1.891829252243042","1.891829252243042"
"4690280448","1612","1612","1612","2.2143023014068604","2.2143023014068604","2.2143023014068604"
"4691329024","1613","1613","1613","1.792428970336914","1.792428970336914","1.792428970336914"
"4692377600","1614","1614","1614","2.0965206623077393","2.0965206623077393","2.0965206623077393"
"4693426176","1615","1615","1615","1.7888729572296143","1.7888729572296143","1.7888729572296143"
"4694474752","1616","1616","1616","2.16072416305542","2.16072416305542","2.16072416305542"
"4695523328","1617","1617","1617","1.7628326416015625","1.7628326416015625","1.7628326416015625"
"4696571904","1618","1618","1618","2.250746488571167","2.250746488571167","2.250746488571167"
"4697620480","1619","1619","1619","2.088954448699951","2.088954448699951","2.088954448699951"
"4698669056","1620","1620","1620","2.3070530891418457","2.3070530891418457","2.3070530891418457"
"4699717632","1621","1621","1621","1.9009853601455688","1.9009853601455688","1.9009853601455688"
"4700766208","1622","1622","1622","2.133138656616211","2.133138656616211","2.133138656616211"
"4701814784","1623","1623","1623","1.648362398147583","1.648362398147583","1.648362398147583"
"4702863360","1624","1624","1624","2.039355993270874","2.039355993270874","2.039355993270874"
"4703911936","1625","1625","1625","1.7129976749420166","1.7129976749420166","1.7129976749420166"
"4704960512","1626","1626","1626","2.2366647720336914","2.2366647720336914","2.2366647720336914"
"4706009088","1627","1627","1627","1.7692309617996216","1.7692309617996216","1.7692309617996216"
"4707057664","1628","1628","1628","2.0189931392669678","2.0189931392669678","2.0189931392669678"
"4708106240","1629","1629","1629","1.564821481704712","1.564821481704712","1.564821481704712"
"4709154816","1630","1630","1630","2.1424124240875244","2.1424124240875244","2.1424124240875244"
"4710203392","1631","1631","1631","1.7448632717132568","1.7448632717132568","1.7448632717132568"
"4711251968","1632","1632","1632","2.2303202152252197","2.2303202152252197","2.2303202152252197"
"4712300544","1633","1633","1633","1.6452522277832031","1.6452522277832031","1.6452522277832031"
"4713349120","1634","1634","1634","2.033006429672241","2.033006429672241","2.033006429672241"
"4714397696","1635","1635","1635","1.6338891983032227","1.6338891983032227","1.6338891983032227"
"4715446272","1636","1636","1636","2.007152557373047","2.007152557373047","2.007152557373047"
"4716494848","1637","1637","1637","1.610587239265442","1.610587239265442","1.610587239265442"
"4717543424","1638","1638","1638","2.048062324523926","2.048062324523926","2.048062324523926"
"4718592000","1639","1639","1639","1.5728647708892822","1.5728647708892822","1.5728647708892822"
"4719640576","1640","1640","1640","2.1219890117645264","2.1219890117645264","2.1219890117645264"
"4720689152","1641","1641","1641","1.6240975856781006","1.6240975856781006","1.6240975856781006"
"4721737728","1642","1642","1642","2.281576633453369","2.281576633453369","2.281576633453369"
"4722786304","1643","1643","1643","1.6130975484848022","1.6130975484848022","1.6130975484848022"
"4723834880","1644","1644","1644","2.0363447666168213","2.0363447666168213","2.0363447666168213"
"4724883456","1645","1645","1645","1.340015172958374","1.340015172958374","1.340015172958374"
"4725932032","1646","1646","1646","1.9195116758346558","1.9195116758346558","1.9195116758346558"
"4726980608","1647","1647","1647","1.5534930229187012","1.5534930229187012","1.5534930229187012"
"4728029184","1648","1648","1648","2.049414873123169","2.049414873123169","2.049414873123169"
"4729077760","1649","1649","1649","1.5077667236328125","1.5077667236328125","1.5077667236328125"
"4730126336","1650","1650","1650","2.0799307823181152","2.0799307823181152","2.0799307823181152"
"4731174912","1651","1651","1651","1.5696319341659546","1.5696319341659546","1.5696319341659546"
"4732223488","1652","1652","1652","2.149381160736084","2.149381160736084","2.149381160736084"
"4733272064","1653","1653","1653","1.5220947265625","1.5220947265625","1.5220947265625"
"4734320640","1654","1654","1654","2.1296801567077637","2.1296801567077637","2.1296801567077637"
"4735369216","1655","1655","1655","1.4591362476348877","1.4591362476348877","1.4591362476348877"
"4736417792","1656","1656","1656","2.0820536613464355","2.0820536613464355","2.0820536613464355"
"4737466368","1657","1657","1657","1.4321154356002808","1.4321154356002808","1.4321154356002808"
"4738514944","1658","1658","1658","2.020141124725342","2.020141124725342","2.020141124725342"
"4739563520","1659","1659","1659","1.4966917037963867","1.4966917037963867","1.4966917037963867"
"4740612096","1660","1660","1660","2.1163320541381836","2.1163320541381836","2.1163320541381836"
"4741660672","1661","1661","1661","1.458666443824768","1.458666443824768","1.458666443824768"
"4742709248","1662","1662","1662","2.0077569484710693","2.0077569484710693","2.0077569484710693"
"4743757824","1663","1663","1663","1.4587724208831787","1.4587724208831787","1.4587724208831787"
"4744806400","1664","1664","1664","1.7243598699569702","1.7243598699569702","1.7243598699569702"
"4745854976","1665","1665","1665","1.3756470680236816","1.3756470680236816","1.3756470680236816"
"4746903552","1666","1666","1666","1.9146589040756226","1.9146589040756226","1.9146589040756226"
"4747952128","1667","1667","1667","1.3784353733062744","1.3784353733062744","1.3784353733062744"
"4749000704","1668","1668","1668","1.761932134628296","1.761932134628296","1.761932134628296"
"4750049280","1669","1669","1669","1.4539395570755005","1.4539395570755005","1.4539395570755005"
"4751097856","1670","1670","1670","1.8685221672058105","1.8685221672058105","1.8685221672058105"
"4752146432","1671","1671","1671","1.3746843338012695","1.3746843338012695","1.3746843338012695"
"4753195008","1672","1672","1672","1.801191806793213","1.801191806793213","1.801191806793213"
"4754243584","1673","1673","1673","1.5227360725402832","1.5227360725402832","1.5227360725402832"
"4755292160","1674","1674","1674","2.041632652282715","2.041632652282715","2.041632652282715"
"4756340736","1675","1675","1675","1.3578195571899414","1.3578195571899414","1.3578195571899414"
"4757389312","1676","1676","1676","1.7705835103988647","1.7705835103988647","1.7705835103988647"
"4758437888","1677","1677","1677","1.5461347103118896","1.5461347103118896","1.5461347103118896"
"4759486464","1678","1678","1678","1.902820348739624","1.902820348739624","1.902820348739624"
"4760535040","1679","1679","1679","1.4687248468399048","1.4687248468399048","1.4687248468399048"
"4761583616","1680","1680","1680","1.7476810216903687","1.7476810216903687","1.7476810216903687"
"4762632192","1681","1681","1681","1.3408012390136719","1.3408012390136719","1.3408012390136719"
"4763680768","1682","1682","1682","1.8557807207107544","1.8557807207107544","1.8557807207107544"
"4764729344","1683","1683","1683","1.380709171295166","1.380709171295166","1.380709171295166"
"4765777920","1684","1684","1684","1.80020272731781","1.80020272731781","1.80020272731781"
"4766826496","1685","1685","1685","1.3532140254974365","1.3532140254974365","1.3532140254974365"
"4767875072","1686","1686","1686","1.8610553741455078","1.8610553741455078","1.8610553741455078"
"4768923648","1687","1687","1687","1.3036377429962158","1.3036377429962158","1.3036377429962158"
"4769972224","1688","1688","1688","1.6456876993179321","1.6456876993179321","1.6456876993179321"
"4771020800","1689","1689","1689","1.3589709997177124","1.3589709997177124","1.3589709997177124"
"4772069376","1690","1690","1690","1.6181414127349854","1.6181414127349854","1.6181414127349854"
"4773117952","1691","1691","1691","1.3544702529907227","1.3544702529907227","1.3544702529907227"
"4774166528","1692","1692","1692","1.6361948251724243","1.6361948251724243","1.6361948251724243"
"4775215104","1693","1693","1693","1.347297191619873","1.347297191619873","1.347297191619873"
"4776263680","1694","1694","1694","1.7797939777374268","1.7797939777374268","1.7797939777374268"
"4777312256","1695","1695","1695","1.3093986511230469","1.3093986511230469","1.3093986511230469"
"4778360832","1696","1696","1696","1.4509127140045166","1.4509127140045166","1.4509127140045166"
"4779409408","1697","1697","1697","1.2769453525543213","1.2769453525543213","1.2769453525543213"
"4780457984","1698","1698","1698","1.6284708976745605","1.6284708976745605","1.6284708976745605"
"4781506560","1699","1699","1699","1.2620640993118286","1.2620640993118286","1.2620640993118286"
"4782555136","1700","1700","1700","1.590287208557129","1.590287208557129","1.590287208557129"
"4783603712","1701","1701","1701","1.2398948669433594","1.2398948669433594","1.2398948669433594"
"4784652288","1702","1702","1702","1.6163334846496582","1.6163334846496582","1.6163334846496582"
"4785700864","1703","1703","1703","1.2745912075042725","1.2745912075042725","1.2745912075042725"
"4786749440","1704","1704","1704","1.495711326599121","1.495711326599121","1.495711326599121"
"4787798016","1705","1705","1705","1.2863216400146484","1.2863216400146484","1.2863216400146484"
"4788846592","1706","1706","1706","1.4875622987747192","1.4875622987747192","1.4875622987747192"
"4789895168","1707","1707","1707","1.2666339874267578","1.2666339874267578","1.2666339874267578"
"4790943744","1708","1708","1708","1.5493793487548828","1.5493793487548828","1.5493793487548828"
"4791992320","1709","1709","1709","1.2776538133621216","1.2776538133621216","1.2776538133621216"
"4793040896","1710","1710","1710","1.3709328174591064","1.3709328174591064","1.3709328174591064"
"4794089472","1711","1711","1711","1.2364885807037354","1.2364885807037354","1.2364885807037354"
"4795138048","1712","1712","1712","1.3463722467422485","1.3463722467422485","1.3463722467422485"
"4796186624","1713","1713","1713","1.2476661205291748","1.2476661205291748","1.2476661205291748"
"4797235200","1714","1714","1714","1.3627605438232422","1.3627605438232422","1.3627605438232422"
"4798283776","1715","1715","1715","1.28597891330719","1.28597891330719","1.28597891330719"
"4799332352","1716","1716","1716","1.357813835144043","1.357813835144043","1.357813835144043"
"4800380928","1717","1717","1717","1.2439935207366943","1.2439935207366943","1.2439935207366943"
"4801429504","1718","1718","1718","1.3794682025909424","1.3794682025909424","1.3794682025909424"
"4802478080","1719","1719","1719","1.1775908470153809","1.1775908470153809","1.1775908470153809"
"4803526656","1720","1720","1720","1.358872890472412","1.358872890472412","1.358872890472412"
"4804575232","1721","1721","1721","1.2536301612854004","1.2536301612854004","1.2536301612854004"
"4805623808","1722","1722","1722","1.3951232433319092","1.3951232433319092","1.3951232433319092"
"4806672384","1723","1723","1723","1.2171010971069336","1.2171010971069336","1.2171010971069336"
"4807720960","1724","1724","1724","1.31663179397583","1.31663179397583","1.31663179397583"
"4808769536","1725","1725","1725","1.291666030883789","1.291666030883789","1.291666030883789"
"4809818112","1726","1726","1726","1.2947626113891602","1.2947626113891602","1.2947626113891602"
"4810866688","1727","1727","1727","1.2224781513214111","1.2224781513214111","1.2224781513214111"
"4811915264","1728","1728","1728","1.3098069429397583","1.3098069429397583","1.3098069429397583"
"4812963840","1729","1729","1729","1.233349323272705","1.233349323272705","1.233349323272705"
"4814012416","1730","1730","1730","1.385144591331482","1.385144591331482","1.385144591331482"
"4815060992","1731","1731","1731","1.1568925380706787","1.1568925380706787","1.1568925380706787"
"4816109568","1732","1732","1732","1.2891016006469727","1.2891016006469727","1.2891016006469727"
"4817158144","1733","1733","1733","1.2130244970321655","1.2130244970321655","1.2130244970321655"
"4818206720","1734","1734","1734","1.2739977836608887","1.2739977836608887","1.2739977836608887"
"4819255296","1735","1735","1735","1.2343709468841553","1.2343709468841553","1.2343709468841553"
"4820303872","1736","1736","1736","1.252589225769043","1.252589225769043","1.252589225769043"
"4821352448","1737","1737","1737","1.193495512008667","1.193495512008667","1.193495512008667"
"4822401024","1738","1738","1738","1.3081451654434204","1.3081451654434204","1.3081451654434204"
"4823449600","1739","1739","1739","1.1859171390533447","1.1859171390533447","1.1859171390533447"
"4824498176","1740","1740","1740","1.245451807975769","1.245451807975769","1.245451807975769"
"4825546752","1741","1741","1741","1.235318899154663","1.235318899154663","1.235318899154663"
"4826595328","1742","1742","1742","1.3386927843093872","1.3386927843093872","1.3386927843093872"
"4827643904","1743","1743","1743","1.1948903799057007","1.1948903799057007","1.1948903799057007"
"4828692480","1744","1744","1744","1.2817881107330322","1.2817881107330322","1.2817881107330322"
"4829741056","1745","1745","1745","1.2146673202514648","1.2146673202514648","1.2146673202514648"
"4830789632","1746","1746","1746","1.3164427280426025","1.3164427280426025","1.3164427280426025"
"4831838208","1747","1747","1747","1.1932135820388794","1.1932135820388794","1.1932135820388794"
"4832886784","1748","1748","1748","1.3247501850128174","1.3247501850128174","1.3247501850128174"
"4833935360","1749","1749","1749","1.1987941265106201","1.1987941265106201","1.1987941265106201"
"4834983936","1750","1750","1750","1.291835069656372","1.291835069656372","1.291835069656372"
"4836032512","1751","1751","1751","1.205650806427002","1.205650806427002","1.205650806427002"
"4837081088","1752","1752","1752","1.2038487195968628","1.2038487195968628","1.2038487195968628"
"4838129664","1753","1753","1753","1.200332522392273","1.200332522392273","1.200332522392273"
"4839178240","1754","1754","1754","1.27275550365448","1.27275550365448","1.27275550365448"
"4840226816","1755","1755","1755","1.2528101205825806","1.2528101205825806","1.2528101205825806"
"4841275392","1756","1756","1756","1.2498087882995605","1.2498087882995605","1.2498087882995605"
"4842323968","1757","1757","1757","1.2548362016677856","1.2548362016677856","1.2548362016677856"
"4843372544","1758","1758","1758","1.3290996551513672","1.3290996551513672","1.3290996551513672"
"4844421120","1759","1759","1759","1.2089135646820068","1.2089135646820068","1.2089135646820068"
"4845469696","1760","1760","1760","1.3069310188293457","1.3069310188293457","1.3069310188293457"
"4846518272","1761","1761","1761","1.1527725458145142","1.1527725458145142","1.1527725458145142"
"4847566848","1762","1762","1762","1.2493449449539185","1.2493449449539185","1.2493449449539185"
"4848615424","1763","1763","1763","1.2191334962844849","1.2191334962844849","1.2191334962844849"
"4849664000","1764","1764","1764","1.3356667757034302","1.3356667757034302","1.3356667757034302"
"4850712576","1765","1765","1765","1.1780810356140137","1.1780810356140137","1.1780810356140137"
"4851761152","1766","1766","1766","1.3819249868392944","1.3819249868392944","1.3819249868392944"
"4852809728","1767","1767","1767","1.1883032321929932","1.1883032321929932","1.1883032321929932"
"4853858304","1768","1768","1768","1.2192823886871338","1.2192823886871338","1.2192823886871338"
"4854906880","1769","1769","1769","1.1657603979110718","1.1657603979110718","1.1657603979110718"
"4855955456","1770","1770","1770","1.319131851196289","1.319131851196289","1.319131851196289"
"4857004032","1771","1771","1771","1.2036852836608887","1.2036852836608887","1.2036852836608887"
"4858052608","1772","1772","1772","1.1747357845306396","1.1747357845306396","1.1747357845306396"
"4859101184","1773","1773","1773","1.140629529953003","1.140629529953003","1.140629529953003"
"4860149760","1774","1774","1774","1.2539918422698975","1.2539918422698975","1.2539918422698975"
"4861198336","1775","1775","1775","1.2364698648452759","1.2364698648452759","1.2364698648452759"
"4862246912","1776","1776","1776","1.3382679224014282","1.3382679224014282","1.3382679224014282"
"4863295488","1777","1777","1777","1.166803240776062","1.166803240776062","1.166803240776062"
"4864344064","1778","1778","1778","1.213444709777832","1.213444709777832","1.213444709777832"
"4865392640","1779","1779","1779","1.1785666942596436","1.1785666942596436","1.1785666942596436"
"4866441216","1780","1780","1780","1.2255951166152954","1.2255951166152954","1.2255951166152954"
"4867489792","1781","1781","1781","1.1772211790084839","1.1772211790084839","1.1772211790084839"
"4868538368","1782","1782","1782","1.227980613708496","1.227980613708496","1.227980613708496"
"4869586944","1783","1783","1783","1.241603136062622","1.241603136062622","1.241603136062622"
"4870635520","1784","1784","1784","1.2715517282485962","1.2715517282485962","1.2715517282485962"
"4871684096","1785","1785","1785","1.1653189659118652","1.1653189659118652","1.1653189659118652"
"4872732672","1786","1786","1786","1.2618542909622192","1.2618542909622192","1.2618542909622192"
"4873781248","1787","1787","1787","1.0863149166107178","1.0863149166107178","1.0863149166107178"
"4874829824","1788","1788","1788","1.2772064208984375","1.2772064208984375","1.2772064208984375"
"4875878400","1789","1789","1789","1.1529268026351929","1.1529268026351929","1.1529268026351929"
"4876926976","1790","1790","1790","1.2723687887191772","1.2723687887191772","1.2723687887191772"
"4877975552","1791","1791","1791","1.1740970611572266","1.1740970611572266","1.1740970611572266"
"4879024128","1792","1792","1792","1.2535183429718018","1.2535183429718018","1.2535183429718018"
"4880072704","1793","1793","1793","1.1613799333572388","1.1613799333572388","1.1613799333572388"
"4881121280","1794","1794","1794","1.281874418258667","1.281874418258667","1.281874418258667"
"4882169856","1795","1795","1795","1.1581532955169678","1.1581532955169678","1.1581532955169678"
"4883218432","1796","1796","1796","1.2826731204986572","1.2826731204986572","1.2826731204986572"
"4884267008","1797","1797","1797","1.2714177370071411","1.2714177370071411","1.2714177370071411"
"4885315584","1798","1798","1798","1.2944152355194092","1.2944152355194092","1.2944152355194092"
"4886364160","1799","1799","1799","1.170276165008545","1.170276165008545","1.170276165008545"
"4887412736","1800","1800","1800","1.2155282497406006","1.2155282497406006","1.2155282497406006"
"4888461312","1801","1801","1801","1.1648046970367432","1.1648046970367432","1.1648046970367432"
"4889509888","1802","1802","1802","1.3199949264526367","1.3199949264526367","1.3199949264526367"
"4890558464","1803","1803","1803","1.1338998079299927","1.1338998079299927","1.1338998079299927"
"4891607040","1804","1804","1804","1.2126113176345825","1.2126113176345825","1.2126113176345825"
"4892655616","1805","1805","1805","1.1549633741378784","1.1549633741378784","1.1549633741378784"
"4893704192","1806","1806","1806","1.298582673072815","1.298582673072815","1.298582673072815"
"4894752768","1807","1807","1807","1.193587064743042","1.193587064743042","1.193587064743042"
"4895801344","1808","1808","1808","1.2691737413406372","1.2691737413406372","1.2691737413406372"
"4896849920","1809","1809","1809","1.2017242908477783","1.2017242908477783","1.2017242908477783"
"4897898496","1810","1810","1810","1.224489450454712","1.224489450454712","1.224489450454712"
"4898947072","1811","1811","1811","1.124586820602417","1.124586820602417","1.124586820602417"
"4899995648","1812","1812","1812","1.212068796157837","1.212068796157837","1.212068796157837"
"4901044224","1813","1813","1813","1.143235445022583","1.143235445022583","1.143235445022583"
"4902092800","1814","1814","1814","1.2182356119155884","1.2182356119155884","1.2182356119155884"
"4903141376","1815","1815","1815","1.1749614477157593","1.1749614477157593","1.1749614477157593"
"4904189952","1816","1816","1816","1.198256254196167","1.198256254196167","1.198256254196167"
"4905238528","1817","1817","1817","1.10642671585083","1.10642671585083","1.10642671585083"
"4906287104","1818","1818","1818","1.2061291933059692","1.2061291933059692","1.2061291933059692"
"4907335680","1819","1819","1819","1.1379880905151367","1.1379880905151367","1.1379880905151367"
"4908384256","1820","1820","1820","1.2208247184753418","1.2208247184753418","1.2208247184753418"
"4909432832","1821","1821","1821","1.1521486043930054","1.1521486043930054","1.1521486043930054"
"4910481408","1822","1822","1822","1.2881128787994385","1.2881128787994385","1.2881128787994385"
"4911529984","1823","1823","1823","1.1019247770309448","1.1019247770309448","1.1019247770309448"
"4912578560","1824","1824","1824","1.2480180263519287","1.2480180263519287","1.2480180263519287"
"4913627136","1825","1825","1825","1.1868834495544434","1.1868834495544434","1.1868834495544434"
"4914675712","1826","1826","1826","1.3059511184692383","1.3059511184692383","1.3059511184692383"
"4915724288","1827","1827","1827","1.1863683462142944","1.1863683462142944","1.1863683462142944"
"4916772864","1828","1828","1828","1.30909264087677","1.30909264087677","1.30909264087677"
"4917821440","1829","1829","1829","1.1025689840316772","1.1025689840316772","1.1025689840316772"
"4918870016","1830","1830","1830","1.1283841133117676","1.1283841133117676","1.1283841133117676"
"4919918592","1831","1831","1831","1.208413004875183","1.208413004875183","1.208413004875183"
"4920967168","1832","1832","1832","1.2387492656707764","1.2387492656707764","1.2387492656707764"
"4922015744","1833","1833","1833","1.169256329536438","1.169256329536438","1.169256329536438"
"4923064320","1834","1834","1834","1.334715485572815","1.334715485572815","1.334715485572815"
"4924112896","1835","1835","1835","1.119484782218933","1.119484782218933","1.119484782218933"
"4925161472","1836","1836","1836","1.2407442331314087","1.2407442331314087","1.2407442331314087"
"4926210048","1837","1837","1837","1.1118433475494385","1.1118433475494385","1.1118433475494385"
"4927258624","1838","1838","1838","1.2613284587860107","1.2613284587860107","1.2613284587860107"
"4928307200","1839","1839","1839","1.138542890548706","1.138542890548706","1.138542890548706"
"4929355776","1840","1840","1840","1.1505271196365356","1.1505271196365356","1.1505271196365356"
"4930404352","1841","1841","1841","1.1172230243682861","1.1172230243682861","1.1172230243682861"
"4931452928","1842","1842","1842","1.2108584642410278","1.2108584642410278","1.2108584642410278"
"4932501504","1843","1843","1843","1.1847020387649536","1.1847020387649536","1.1847020387649536"
"4933550080","1844","1844","1844","1.2642064094543457","1.2642064094543457","1.2642064094543457"
"4934598656","1845","1845","1845","1.1916182041168213","1.1916182041168213","1.1916182041168213"
"4935647232","1846","1846","1846","1.1849582195281982","1.1849582195281982","1.1849582195281982"
"4936695808","1847","1847","1847","1.1785602569580078","1.1785602569580078","1.1785602569580078"
"4937744384","1848","1848","1848","1.188241720199585","1.188241720199585","1.188241720199585"
"4938792960","1849","1849","1849","1.1753499507904053","1.1753499507904053","1.1753499507904053"
"4939841536","1850","1850","1850","1.2390244007110596","1.2390244007110596","1.2390244007110596"
"4940890112","1851","1851","1851","1.1021696329116821","1.1021696329116821","1.1021696329116821"
"4941938688","1852","1852","1852","1.2814100980758667","1.2814100980758667","1.2814100980758667"
"4942987264","1853","1853","1853","1.1846429109573364","1.1846429109573364","1.1846429109573364"
"4944035840","1854","1854","1854","1.2772318124771118","1.2772318124771118","1.2772318124771118"
"4945084416","1855","1855","1855","1.1284968852996826","1.1284968852996826","1.1284968852996826"
"4946132992","1856","1856","1856","1.237544298171997","1.237544298171997","1.237544298171997"
"4947181568","1857","1857","1857","1.2230926752090454","1.2230926752090454","1.2230926752090454"
"4948230144","1858","1858","1858","1.237673282623291","1.237673282623291","1.237673282623291"
"4949278720","1859","1859","1859","1.137209177017212","1.137209177017212","1.137209177017212"