"optimizer_step","recur1b-mig-212 - _step","recur1b-mig-212 - _step__MIN","recur1b-mig-212 - _step__MAX","recur1b-mig-212 - global_loss","recur1b-mig-212 - global_loss__MIN","recur1b-mig-212 - global_loss__MAX"
"0","0","0","0","10.562803268432617","10.562803268432617","10.562803268432617"
"1","1.5","1","2","10.553615093231201","10.552842140197754","10.554388046264648"
"2","3.5","3","4","10.295128345489502","10.043323516845703","10.5469331741333"
"3","5.5","5","6","9.853687286376953","9.841070175170898","9.866304397583008"
"4","7.5","7","8","9.656232833862305","9.640254974365234","9.672210693359375"
"5","9.5","9","10","9.395325660705566","9.350658416748047","9.439992904663086"
"6","11.5","11","12","9.305742263793945","9.246076583862305","9.365407943725586"
"7","13.5","13","14","9.19299030303955","9.182737350463867","9.203243255615234"
"8","15.5","15","16","9.11129093170166","9.111103057861328","9.111478805541992"
"9","17.5","17","18","8.976521968841553","8.951224327087402","9.001819610595703"
"10","19.5","19","20","8.915345668792725","8.859358787536621","8.971332550048828"
"11","21.5","21","22","8.906410694122314","8.853647232055664","8.959174156188965"
"12","23.5","23","24","8.786791324615479","8.779092788696289","8.794489860534668"
"13","25.5","25","26","8.711300373077393","8.650482177734375","8.77211856842041"
"14","27.5","27","28","8.685706615447998","8.631611824035645","8.739801406860352"
"15","29.5","29","30","8.543009281158447","8.526021003723145","8.55999755859375"
"16","31.5","31","32","8.883586883544922","8.451701164245605","9.315472602844238"
"17","33.5","33","34","8.939687728881836","8.664642333984375","9.214733123779297"
"18","35.5","35","36","8.508788108825684","8.495624542236328","8.521951675415039"
"19","37.5","37","38","8.410112380981445","8.359258651733398","8.460966110229492"
"20","39.5","39","40","8.397087574005127","8.335286140441895","8.45888900756836"
"21","41.5","41","42","8.316616535186768","8.250897407531738","8.382335662841797"
"22","43.5","43","44","8.166792392730713","8.132518768310547","8.201066017150879"
"23","45.5","45","46","8.165592193603516","8.164310455322266","8.166873931884766"
"24","47.5","47","48","8.131258964538574","8.126762390136719","8.13575553894043"
"25","49.5","49","50","7.945408821105957","7.875978469848633","8.014839172363281"
"26","51.5","51","52","7.971405744552612","7.912753582000732","8.030057907104492"
"27","53.5","53","54","7.842161655426025","7.802294731140137","7.882028579711914"
"28","55.5","55","56","7.7980637550354","7.787957191467285","7.808170318603516"
"29","57.5","57","58","7.783150911331177","7.774409770965576","7.791892051696777"
"30","59.5","59","60","7.660337209701538","7.634532928466797","7.686141490936279"
"31","61.5","61","62","7.546998500823975","7.545506477355957","7.548490524291992"
"32","63.5","63","64","7.566534519195557","7.554221153259277","7.578847885131836"
"33","65.5","65","66","7.485934734344482","7.433292388916016","7.538577079772949"
"34","67.5","67","68","7.349460124969482","7.338033199310303","7.360887050628662"
"35","69.5","69","70","7.3559629917144775","7.31018590927124","7.401740074157715"
"36","71.5","71","72","7.15915322303772","7.144461154937744","7.173845291137695"
"37","73.5","73","74","7.228139638900757","7.187779903411865","7.268499374389648"
"38","75.5","75","76","7.155524969100952","7.128507614135742","7.182542324066162"
"39","77.5","77","78","7.128300905227661","7.081101894378662","7.17549991607666"
"40","79.5","79","80","7.081665277481079","7.05748176574707","7.105848789215088"
"41","81.5","81","82","6.912724494934082","6.799502372741699","7.025946617126465"
"42","83.5","83","84","6.941001892089844","6.910296440124512","6.971707344055176"
"43","85.5","85","86","6.899091482162476","6.807847023010254","6.990335941314697"
"44","87.5","87","88","6.940093994140625","6.845891952514648","7.034296035766602"
"45","89.5","89","90","6.860692739486694","6.798948764801025","6.922436714172363"
"46","91.5","91","92","6.825589895248413","6.8021650314331055","6.849014759063721"
"47","93.5","93","94","6.815497398376465","6.794779300689697","6.836215496063232"
"48","95.5","95","96","6.807878732681274","6.785912990570068","6.8298444747924805"
"49","97.5","97","98","6.7974748611450195","6.781559944152832","6.813389778137207"
"50","99.5","99","100","6.721748352050781","6.644280433654785","6.799216270446777"
"51","101.5","101","102","6.69620680809021","6.661122798919678","6.731290817260742"
"52","103.5","103","104","6.648242473602295","6.598516941070557","6.697968006134033"
"53","105.5","105","106","6.67825984954834","6.675363540649414","6.681156158447266"
"54","107.5","107","108","6.64259147644043","6.641724586486816","6.643458366394043"
"55","109.5","109","110","6.548904180526733","6.528120517730713","6.569687843322754"
"56","111.5","111","112","6.546220064163208","6.472724437713623","6.619715690612793"
"57","113.5","113","114","6.540565490722656","6.47597599029541","6.605154991149902"
"58","115.5","115","116","6.548544645309448","6.520247459411621","6.576841831207275"
"59","117.5","117","118","6.441352367401123","6.420821189880371","6.461883544921875"
"60","119.5","119","120","6.4140944480896","6.346127510070801","6.482061386108398"
"61","121.5","121","122","6.423975706100464","6.374685287475586","6.473266124725342"
"62","123.5","123","124","6.408554792404175","6.293209075927734","6.523900508880615"
"63","125.5","125","126","6.3533642292022705","6.338403224945068","6.368325233459473"
"64","127.5","127","128","6.381296634674072","6.344937801361084","6.4176554679870605"
"65","129.5","129","130","6.300215244293213","6.256407737731934","6.344022750854492"
"66","131.5","131","132","6.26984167098999","6.259488105773926","6.280195236206055"
"67","133.5","133","134","6.23677659034729","6.154711723327637","6.318841457366943"
"68","135.5","135","136","6.2631516456604","6.221722602844238","6.3045806884765625"
"69","137.5","137","138","6.187224388122559","6.125531196594238","6.248917579650879"
"70","139.5","139","140","6.208054304122925","6.196856498718262","6.219252109527588"
"71","141.5","141","142","6.069636344909668","6.0694379806518555","6.0698347091674805"
"72","143.5","143","144","6.054358243942261","5.937892436981201","6.17082405090332"
"73","145.5","145","146","6.099279403686523","6.031184196472168","6.167374610900879"
"74","147.5","147","148","6.177937269210815","6.1659040451049805","6.18997049331665"
"75","149.5","149","150","6.038989782333374","6.038025379180908","6.03995418548584"
"76","151.5","151","152","6.049135446548462","6.012279987335205","6.085990905761719"
"77","153.5","153","154","5.942450523376465","5.914980888366699","5.9699201583862305"
"78","155.5","155","156","6.002451419830322","5.938672065734863","6.066230773925781"
"79","157.5","157","158","5.944964408874512","5.896822452545166","5.993106365203857"
"80","159.5","159","160","5.983946323394775","5.981128215789795","5.986764430999756"
"81","161.5","161","162","5.912800312042236","5.880419731140137","5.945180892944336"
"82","163.5","163","164","5.916407585144043","5.8889923095703125","5.943822860717773"
"83","165.5","165","166","5.947200536727905","5.9315385818481445","5.962862491607666"
"84","167.5","167","168","5.889257431030273","5.843130111694336","5.935384750366211"
"85","169.5","169","170","5.83758807182312","5.789106369018555","5.8860697746276855"
"86","171.5","171","172","5.899866342544556","5.881503105163574","5.918229579925537"
"87","173.5","173","174","5.847477912902832","5.759890556335449","5.935065269470215"
"88","175.5","175","176","5.824894428253174","5.7958984375","5.853890419006348"
"89","177.5","177","178","5.825277328491211","5.781332492828369","5.869222164154053"
"90","179.5","179","180","5.7547619342803955","5.680439472198486","5.829084396362305"
"91","181.5","181","182","5.824851036071777","5.817286014556885","5.83241605758667"
"92","183.5","183","184","5.771483898162842","5.704216003417969","5.838751792907715"
"93","185.5","185","186","5.7409422397613525","5.725596904754639","5.756287574768066"
"94","187.5","187","188","5.783203125","5.7575483322143555","5.8088579177856445"
"95","189.5","189","190","5.752055644989014","5.74073600769043","5.763375282287598"
"96","191.5","191","192","5.726309299468994","5.724144458770752","5.728474140167236"
"97","193.5","193","194","5.780522108078003","5.751903057098389","5.809141159057617"
"98","195.5","195","196","5.69243860244751","5.675098896026611","5.709778308868408"
"99","197.5","197","198","5.640781879425049","5.566389083862305","5.715174674987793"
"100","199.5","199","200","5.722581624984741","5.676006317138672","5.7691569328308105"
"101","201.5","201","202","5.630921840667725","5.571895599365234","5.689948081970215"
"102","203.5","203","204","5.640361070632935","5.621803283691406","5.658918857574463"
"103","205.5","205","206","5.598191738128662","5.567859172821045","5.628524303436279"
"104","207.5","207","208","5.641391754150391","5.620542526245117","5.662240982055664"
"105","209.5","209","210","5.591128587722778","5.5519609451293945","5.630296230316162"
"106","211.5","211","212","5.578502893447876","5.557961940765381","5.599043846130371"
"107","213.5","213","214","5.619662761688232","5.591135025024414","5.648190498352051"
"108","215.5","215","216","5.5881781578063965","5.586381912231445","5.589974403381348"
"109","217.5","217","218","5.570412635803223","5.557135581970215","5.5836896896362305"
"110","219.5","219","220","5.517902612686157","5.516273498535156","5.519531726837158"
"111","221.5","221","222","5.528465509414673","5.520866870880127","5.536064147949219"
"112","223.5","223","224","5.481856107711792","5.460219860076904","5.50349235534668"
"113","225.5","225","226","5.519502639770508","5.4580254554748535","5.580979824066162"
"114","227.5","227","228","5.544269561767578","5.535369873046875","5.553169250488281"
"115","229.5","229","230","5.464622974395752","5.437715530395508","5.491530418395996"
"116","231.5","231","232","5.421130657196045","5.376288414001465","5.465972900390625"
"117","233.5","233","234","5.477079391479492","5.453241348266602","5.500917434692383"
"118","235.5","235","236","5.480966806411743","5.457526206970215","5.5044074058532715"
"119","237.5","237","238","5.486325025558472","5.468901634216309","5.503748416900635"
"120","239.5","239","240","5.408428430557251","5.364786624908447","5.452070236206055"
"121","241.5","241","242","5.45367169380188","5.396880149841309","5.510463237762451"
"122","243.5","243","244","5.439076900482178","5.438570022583008","5.439583778381348"
"123","245.5","245","246","5.390748977661133","5.358885765075684","5.422612190246582"
"124","247.5","247","248","5.4362781047821045","5.3973283767700195","5.4752278327941895"
"125","249.5","249","250","5.427537679672241","5.377645015716553","5.47743034362793"
"126","251.5","251","252","5.369839906692505","5.327399253845215","5.412280559539795"
"127","253.5","253","254","5.3724365234375","5.349010467529297","5.395862579345703"
"128","255.5","255","256","5.35797643661499","5.285867691040039","5.430085182189941"
"129","257.5","257","258","5.362640142440796","5.359968185424805","5.365312099456787"
"130","259.5","259","260","5.305999517440796","5.293247222900391","5.318751811981201"
"131","261.5","261","262","5.3349645137786865","5.31620454788208","5.353724479675293"
"132","263.5","263","264","5.365391492843628","5.361159801483154","5.369623184204102"
"133","265.5","265","266","5.355430364608765","5.354987144470215","5.3558735847473145"
"134","267.5","267","268","5.3752360343933105","5.364995002746582","5.385477066040039"
"135","269.5","269","270","5.3523828983306885","5.298158645629883","5.406607151031494"
"136","271.5","271","272","5.335115909576416","5.327956199645996","5.342275619506836"
"137","273.5","273","274","5.345895051956177","5.315441131591797","5.376348972320557"
"138","275.5","275","276","5.349570989608765","5.345747947692871","5.353394031524658"
"139","277.5","277","278","5.243410587310791","5.209009170532227","5.2778120040893555"
"140","279.5","279","280","5.296775579452515","5.287230491638184","5.306320667266846"
"141","281.5","281","282","5.254019737243652","5.249652862548828","5.258386611938477"
"142","283.5","283","284","5.229572534561157","5.198233604431152","5.260911464691162"
"143","285.5","285","286","5.276663541793823","5.2575531005859375","5.295773983001709"
"144","287.5","287","288","5.242077827453613","5.233384609222412","5.2507710456848145"
"145","289.5","289","290","5.251545190811157","5.236058712005615","5.267031669616699"
"146","291.5","291","292","5.270093202590942","5.221953392028809","5.318233013153076"
"147","293.5","293","294","5.197942018508911","5.147508144378662","5.24837589263916"
"148","295.5","295","296","5.20982027053833","5.166817665100098","5.2528228759765625"
"149","297.5","297","298","5.250019550323486","5.2368879318237305","5.263151168823242"
"150","299.5","299","300","5.265151262283325","5.242805480957031","5.287497043609619"
"151","301.5","301","302","5.224730968475342","5.149161338806152","5.300300598144531"
"152","303.5","303","304","5.221775054931641","5.1624436378479","5.281106472015381"
"153","305.5","305","306","5.171566963195801","5.144740581512451","5.19839334487915"
"154","307.5","307","308","5.182527542114258","5.175893783569336","5.18916130065918"
"155","309.5","309","310","5.194798946380615","5.155324935913086","5.2342729568481445"
"156","311.5","311","312","5.188229560852051","5.173270225524902","5.203188896179199"
"157","313.5","313","314","5.2227630615234375","5.1847968101501465","5.2607293128967285"
"158","315.5","315","316","5.1018407344818115","5.097843170166016","5.105838298797607"
"159","317.5","317","318","5.134266376495361","5.108320236206055","5.160212516784668"
"160","319.5","319","320","5.172187089920044","5.150589466094971","5.193784713745117"
"161","321.5","321","322","5.144342660903931","5.10945987701416","5.179225444793701"
"162","323.5","323","324","5.144257545471191","5.1165618896484375","5.171953201293945"
"163","325.5","325","326","5.158891677856445","5.153481483459473","5.164301872253418"
"164","327.5","327","328","5.085864543914795","5.075140476226807","5.096588611602783"
"165","329.5","329","330","5.143837928771973","5.1076483726501465","5.180027484893799"
"166","331.5","331","332","5.086556673049927","4.991997241973877","5.181116104125977"
"167","333.5","333","334","5.126012325286865","5.072471618652344","5.179553031921387"
"168","335.5","335","336","5.098083972930908","5.037400245666504","5.1587677001953125"
"169","337.5","337","338","5.065029621124268","5.023137092590332","5.106922149658203"
"170","339.5","339","340","5.059454679489136","5.023043155670166","5.0958662033081055"
"171","341.5","341","342","5.064412593841553","5.046992301940918","5.0818328857421875"
"172","343.5","343","344","5.111210107803345","5.085232257843018","5.137187957763672"
"173","345.5","345","346","5.105825424194336","5.082888603210449","5.128762245178223"
"174","347.5","347","348","5.015651702880859","4.908842086791992","5.122461318969727"
"175","349.5","349","350","5.089067697525024","5.083535194396973","5.094600200653076"
"176","351.5","351","352","5.054627180099487","5.032435417175293","5.076818943023682"
"177","353.5","353","354","5.075815439224243","5.05134391784668","5.100286960601807"
"178","355.5","355","356","5.021866798400879","4.992776870727539","5.050956726074219"
"179","357.5","357","358","5.039307117462158","5.031042098999023","5.047572135925293"
"180","359.5","359","360","5.001423358917236","4.960675239562988","5.042171478271484"
"181","361.5","361","362","5.019920110702515","4.9367146492004395","5.10312557220459"
"182","363.5","363","364","5.035444498062134","5.017156600952148","5.053732395172119"
"183","365.5","365","366","5.018448829650879","4.98764705657959","5.049250602722168"
"184","367.5","367","368","5.041959524154663","4.977337837219238","5.106581211090088"
"185","369.5","369","370","4.9996912479400635","4.961361885070801","5.038020610809326"
"186","371.5","371","372","5.024292230606079","4.958186149597168","5.09039831161499"
"187","373.5","373","374","4.944073915481567","4.892827987670898","4.995319843292236"
"188","375.5","375","376","4.960133075714111","4.926716327667236","4.993549823760986"
"189","377.5","377","378","4.8836510181427","4.857017517089844","4.910284519195557"
"190","379.5","379","380","4.890763521194458","4.828873157501221","4.952653884887695"
"191","381.5","381","382","4.914729595184326","4.858405113220215","4.9710540771484375"
"192","383.5","383","384","4.866737127304077","4.749851226806641","4.983623027801514"
"193","385.5","385","386","4.889028072357178","4.790101528167725","4.987954616546631"
"194","387.5","387","388","4.90287184715271","4.852351188659668","4.953392505645752"
"195","389.5","389","390","4.92060923576355","4.899418354034424","4.941800117492676"
"196","391.5","391","392","4.946061372756958","4.913227558135986","4.97889518737793"
"197","393.5","393","394","4.997981548309326","4.981081962585449","5.014881134033203"
"198","395.5","395","396","4.959365367889404","4.954435348510742","4.964295387268066"
"199","397.5","397","398","4.944332599639893","4.932116508483887","4.956548690795898"
"200","399.5","399","400","4.8746137619018555","4.860836505889893","4.888391017913818"
"201","401.5","401","402","4.956792116165161","4.931290149688721","4.982294082641602"
"202","403.5","403","404","4.9120893478393555","4.905381202697754","4.918797492980957"
"203","405.5","405","406","4.96577787399292","4.945777893066406","4.985777854919434"
"204","407.5","407","408","4.889209747314453","4.833950519561768","4.944468975067139"
"205","409.5","409","410","4.883901834487915","4.812350273132324","4.955453395843506"
"206","411.5","411","412","4.920823335647583","4.908199310302734","4.933447360992432"
"207","413.5","413","414","4.83986234664917","4.810894966125488","4.868829727172852"
"208","415.5","415","416","4.905575752258301","4.857097148895264","4.954054355621338"
"209","417.5","417","418","4.906943082809448","4.8731513023376465","4.94073486328125"
"210","419.5","419","420","4.886686086654663","4.858985424041748","4.914386749267578"
"211","421.5","421","422","4.855272054672241","4.7966203689575195","4.913923740386963"
"212","423.5","423","424","4.834874391555786","4.826696872711182","4.843051910400391"
"213","425.5","425","426","4.860195636749268","4.828566074371338","4.891825199127197"
"214","427.5","427","428","4.819413900375366","4.816802501678467","4.822025299072266"
"215","429.5","429","430","4.791871070861816","4.723237991333008","4.860504150390625"
"216","431.5","431","432","4.831623315811157","4.780733585357666","4.882513046264648"
"217","433.5","433","434","4.787328481674194","4.784179210662842","4.790477752685547"
"218","435.5","435","436","4.772583961486816","4.696208953857422","4.848958969116211"
"219","437.5","437","438","4.8111584186553955","4.776425838470459","4.845890998840332"
"220","439.5","439","440","4.8026511669158936","4.7444000244140625","4.860902309417725"
"221","441.5","441","442","4.775052547454834","4.740683078765869","4.809422016143799"
"222","443.5","443","444","4.795363426208496","4.7092485427856445","4.881478309631348"
"223","445.5","445","446","4.883268117904663","4.8811235427856445","4.885412693023682"
"224","447.5","447","448","4.800793170928955","4.78607177734375","4.81551456451416"
"225","449.5","449","450","4.770106554031372","4.762548446655273","4.777664661407471"
"226","451.5","451","452","4.810280084609985","4.794775485992432","4.825784683227539"
"227","453.5","453","454","4.758594989776611","4.673982620239258","4.843207359313965"
"228","455.5","455","456","4.75176477432251","4.737983703613281","4.765545845031738"
"229","457.5","457","458","4.7947471141815186","4.724922180175781","4.864572048187256"
"230","459.5","459","460","4.805124759674072","4.803040504455566","4.807209014892578"
"231","461.5","461","462","4.785682678222656","4.754113674163818","4.817251682281494"
"232","463.5","463","464","4.7619030475616455","4.714629650115967","4.809176445007324"
"233","465.5","465","466","4.717205286026001","4.663202285766602","4.7712082862854"
"234","467.5","467","468","4.752850294113159","4.716143608093262","4.789556980133057"
"235","469.5","469","470","4.706937074661255","4.700305938720703","4.713568210601807"
"236","471.5","471","472","4.712194442749023","4.7054033279418945","4.718985557556152"
"237","473.5","473","474","4.654114246368408","4.6100969314575195","4.698131561279297"
"238","475.5","475","476","4.732777833938599","4.674089431762695","4.791466236114502"
"239","477.5","477","478","4.710640907287598","4.683342456817627","4.737939357757568"
"240","479.5","479","480","4.732032299041748","4.6803412437438965","4.7837233543396"
"241","481.5","481","482","4.6972997188568115","4.695651054382324","4.698948383331299"
"242","483.5","483","484","4.757626533508301","4.731029033660889","4.784224033355713"
"243","485.5","485","486","4.7267069816589355","4.677475929260254","4.775938034057617"
"244","487.5","487","488","4.752264022827148","4.734841346740723","4.769686698913574"
"245","489.5","489","490","4.754640102386475","4.734386444091797","4.774893760681152"
"246","491.5","491","492","4.679984092712402","4.628030776977539","4.731937408447266"
"247","493.5","493","494","4.693557977676392","4.6639404296875","4.723175525665283"
"248","495.5","495","496","4.665493488311768","4.6575422286987305","4.673444747924805"
"249","497.5","497","498","4.682541608810425","4.663192272186279","4.70189094543457"
"250","499.5","499","500","4.640468597412109","4.600234031677246","4.680703163146973"
"251","501.5","501","502","4.724540710449219","4.70313835144043","4.745943069458008"
"252","503.5","503","504","4.620514869689941","4.619946479797363","4.6210832595825195"
"253","505.5","505","506","4.61720609664917","4.579834938049316","4.654577255249023"
"254","507.5","507","508","4.689136266708374","4.658740520477295","4.719532012939453"
"255","509.5","509","510","4.690305471420288","4.657517910003662","4.723093032836914"
"256","511.5","511","512","4.63563346862793","4.585392475128174","4.6858744621276855"
"257","513.5","513","514","4.662915229797363","4.6029229164123535","4.722907543182373"
"258","515.5","515","516","4.659561634063721","4.606934547424316","4.712188720703125"
"259","517.5","517","518","4.64201807975769","4.603785037994385","4.680251121520996"
"260","519.5","519","520","4.606266498565674","4.568200588226318","4.644332408905029"
"261","521.5","521","522","4.624539613723755","4.622815132141113","4.6262640953063965"
"262","523.5","523","524","4.604508399963379","4.512892723083496","4.696124076843262"
"263","525.5","525","526","4.6072938442230225","4.528928756713867","4.685658931732178"
"264","527.5","527","528","4.59012508392334","4.551436424255371","4.628813743591309"
"265","529.5","529","530","4.57542085647583","4.553798198699951","4.597043514251709"
"266","531.5","531","532","4.630685091018677","4.571271896362305","4.690098285675049"
"267","533.5","533","534","4.642175674438477","4.63504695892334","4.649304389953613"
"268","535.5","535","536","4.605377912521362","4.556359767913818","4.654396057128906"
"269","537.5","537","538","4.625095844268799","4.611640453338623","4.638551235198975"
"270","539.5","539","540","4.557080507278442","4.489384174346924","4.624776840209961"
"271","541.5","541","542","4.564850807189941","4.533398628234863","4.5963029861450195"
"272","543.5","543","544","4.6575822830200195","4.639767646789551","4.675396919250488"
"273","545.5","545","546","4.572861194610596","4.544961929321289","4.600760459899902"
"274","547.5","547","548","4.571335554122925","4.550663948059082","4.592007160186768"
"275","549.5","549","550","4.5472517013549805","4.501099109649658","4.593404293060303"
"276","551.5","551","552","4.583580017089844","4.524872779846191","4.642287254333496"
"277","553.5","553","554","4.535722255706787","4.501283168792725","4.57016134262085"
"278","555.5","555","556","4.536731481552124","4.5217604637146","4.551702499389648"
"279","557.5","557","558","4.4727702140808105","4.452309608459473","4.493230819702148"
"280","559.5","559","560","4.5075364112854","4.4805588722229","4.5345139503479"
"281","561.5","561","562","4.517139434814453","4.467924118041992","4.566354751586914"
"282","563.5","563","564","4.5747230052948","4.53721284866333","4.6122331619262695"
"283","565.5","565","566","4.5044472217559814","4.476912975311279","4.531981468200684"
"284","567.5","567","568","4.557427644729614","4.516002655029297","4.598852634429932"
"285","569.5","569","570","4.5035786628723145","4.49668025970459","4.510477066040039"
"286","571.5","571","572","4.569439649581909","4.543702125549316","4.595177173614502"
"287","573.5","573","574","4.536217212677002","4.500870704650879","4.571563720703125"
"288","575.5","575","576","4.461770534515381","4.4146223068237305","4.508918762207031"
"289","577.5","577","578","4.545016288757324","4.5309553146362305","4.559077262878418"
"290","579.5","579","580","4.5491392612457275","4.531668663024902","4.566609859466553"
"291","581.5","581","582","4.536405801773071","4.499079704284668","4.573731899261475"
"292","583.5","583","584","4.519519329071045","4.486806869506836","4.552231788635254"
"293","585.5","585","586","4.5338335037231445","4.528354167938232","4.539312839508057"
"294","587.5","587","588","4.464118242263794","4.382558822631836","4.545677661895752"
"295","589.5","589","590","4.516560316085815","4.5037760734558105","4.52934455871582"
"296","591.5","591","592","4.505680799484253","4.480189800262451","4.531171798706055"
"297","593.5","593","594","4.473712921142578","4.470046520233154","4.477379322052002"
"298","595.5","595","596","4.491539716720581","4.463416576385498","4.519662857055664"
"299","597.5","597","598","4.529419660568237","4.495482921600342","4.563356399536133"
"300","599.5","599","600","4.507411479949951","4.4726409912109375","4.542181968688965"
"301","601.5","601","602","4.496389150619507","4.448068618774414","4.5447096824646"
"302","603.5","603","604","4.493081569671631","4.454526901245117","4.5316362380981445"
"303","605.5","605","606","4.479735851287842","4.455254554748535","4.504217147827148"
"304","607.5","607","608","4.511467933654785","4.488701820373535","4.534234046936035"
"305","609.5","609","610","4.5361645221710205","4.507499694824219","4.564829349517822"
"306","611.5","611","612","4.463560342788696","4.450939655303955","4.4761810302734375"
"307","613.5","613","614","4.478647470474243","4.437845706939697","4.519449234008789"
"308","615.5","615","616","4.504024267196655","4.478773593902588","4.529274940490723"
"309","617.5","617","618","4.502869606018066","4.438206672668457","4.567532539367676"
"310","619.5","619","620","4.482879161834717","4.420053005218506","4.545705318450928"
"311","621.5","621","622","4.4864373207092285","4.463631629943848","4.509243011474609"
"312","623.5","623","624","4.458882808685303","4.449087142944336","4.4686784744262695"
"313","625.5","625","626","4.4318883419036865","4.40536642074585","4.458410263061523"
"314","627.5","627","628","4.4313836097717285","4.418018341064453","4.444748878479004"
"315","629.5","629","630","4.367132902145386","4.365569591522217","4.368696212768555"
"316","631.5","631","632","4.469486951828003","4.453656196594238","4.485317707061768"
"317","633.5","633","634","4.452705144882202","4.409745216369629","4.495665073394775"
"318","635.5","635","636","4.450894355773926","4.414580345153809","4.487208366394043"
"319","637.5","637","638","4.430040121078491","4.362570762634277","4.497509479522705"
"320","639.5","639","640","4.4503326416015625","4.4018096923828125","4.4988555908203125"
"321","641.5","641","642","4.401581525802612","4.380420684814453","4.4227423667907715"
"322","643.5","643","644","4.4501214027404785","4.439254283905029","4.460988521575928"
"323","645.5","645","646","4.4447033405303955","4.411893844604492","4.477512836456299"
"324","647.5","647","648","4.380116701126099","4.337212085723877","4.42302131652832"
"325","649.5","649","650","4.376737117767334","4.369809627532959","4.383664608001709"
"326","651.5","651","652","4.419480323791504","4.348620414733887","4.490340232849121"
"327","653.5","653","654","4.4270241260528564","4.391717910766602","4.462330341339111"
"328","655.5","655","656","4.3909547328948975","4.350379467010498","4.431529998779297"
"329","657.5","657","658","4.394605398178101","4.363816738128662","4.425394058227539"
"330","659.5","659","660","4.3469624519348145","4.324665546417236","4.369259357452393"
"331","661.5","661","662","4.393742322921753","4.37191915512085","4.415565490722656"
"332","663.5","663","664","4.424515247344971","4.415390968322754","4.4336395263671875"
"333","665.5","665","666","4.400327920913696","4.387484550476074","4.413171291351318"
"334","667.5","667","668","4.452122211456299","4.422234535217285","4.4820098876953125"
"335","669.5","669","670","4.394622087478638","4.385622978210449","4.403621196746826"
"336","671.5","671","672","4.388682126998901","4.368772029876709","4.408592224121094"
"337","673.5","673","674","4.341316223144531","4.304499626159668","4.3781328201293945"
"338","675.5","675","676","4.4157326221466064","4.3639984130859375","4.467466831207275"
"339","677.5","677","678","4.3625898361206055","4.324145793914795","4.401033878326416"
"340","679.5","679","680","4.404942989349365","4.381732940673828","4.428153038024902"
"341","681.5","681","682","4.330023288726807","4.310092449188232","4.349954128265381"
"342","683.5","683","684","4.355619668960571","4.320487976074219","4.390751361846924"
"343","685.5","685","686","4.415385484695435","4.411780834197998","4.418990135192871"
"344","687.5","687","688","4.354601860046387","4.313617706298828","4.395586013793945"
"345","689.5","689","690","4.353544235229492","4.304662704467773","4.402425765991211"
"346","691.5","691","692","4.385350704193115","4.355195045471191","4.415506362915039"
"347","693.5","693","694","4.343717813491821","4.337404727935791","4.350030899047852"
"348","695.5","695","696","4.328601598739624","4.298579216003418","4.35862398147583"
"349","697.5","697","698","4.379057168960571","4.375925540924072","4.38218879699707"
"350","699.5","699","700","4.379861354827881","4.327126502990723","4.432596206665039"
"351","701.5","701","702","4.370245695114136","4.354328155517578","4.386163234710693"
"352","703.5","703","704","4.336249589920044","4.32499361038208","4.347505569458008"
"353","705.5","705","706","4.255037307739258","4.249171733856201","4.2609028816223145"
"354","707.5","707","708","4.284876585006714","4.228867053985596","4.340886116027832"
"355","709.5","709","710","4.3184709548950195","4.284581184387207","4.352360725402832"
"356","711.5","711","712","4.340264797210693","4.340244293212891","4.340285301208496"
"357","713.5","713","714","4.29504919052124","4.221022605895996","4.369075775146484"
"358","715.5","715","716","4.320056676864624","4.2652058601379395","4.374907493591309"
"359","717.5","717","718","4.338898181915283","4.311572074890137","4.36622428894043"
"360","719.5","719","720","4.329099893569946","4.302685737609863","4.355514049530029"
"361","721.5","721","722","4.324972152709961","4.303059101104736","4.3468852043151855"
"362","723.5","723","724","4.369306564331055","4.368727207183838","4.3698859214782715"
"363","725.5","725","726","4.290039777755737","4.242426872253418","4.337652683258057"
"364","727.5","727","728","4.321614980697632","4.314249515533447","4.328980445861816"
"365","729.5","729","730","4.262762069702148","4.182126998901367","4.34339714050293"
"366","731.5","731","732","4.336995601654053","4.3178324699401855","4.35615873336792"
"367","733.5","733","734","4.303974628448486","4.256750106811523","4.351199150085449"
"368","735.5","735","736","4.30863881111145","4.270821571350098","4.346456050872803"
"369","737.5","737","738","4.247612237930298","4.234410762786865","4.2608137130737305"
"370","739.5","739","740","4.300919771194458","4.240970611572266","4.36086893081665"
"371","741.5","741","742","4.245529413223267","4.220196723937988","4.270862102508545"
"372","743.5","743","744","4.2308690547943115","4.200873851776123","4.2608642578125"
"373","745.5","745","746","4.249614000320435","4.197619438171387","4.301608562469482"
"374","747.5","747","748","4.248791217803955","4.236519813537598","4.2610626220703125"
"375","749.5","749","750","4.267000198364258","4.251097202301025","4.28290319442749"
"376","751.5","751","752","4.26193904876709","4.238604545593262","4.285273551940918"
"377","753.5","753","754","4.262292861938477","4.241250991821289","4.283334732055664"
"378","755.5","755","756","4.176405668258667","4.145025730133057","4.207785606384277"
"379","757.5","757","758","4.2777791023254395","4.197228908538818","4.3583292961120605"
"380","759.5","759","760","4.192417860031128","4.191018581390381","4.193817138671875"
"381","761.5","761","762","4.265819311141968","4.234700679779053","4.296937942504883"
"382","763.5","763","764","4.256954193115234","4.179838180541992","4.334070205688477"
"383","765.5","765","766","4.3046228885650635","4.267127513885498","4.342118263244629"
"384","767.5","767","768","4.230641841888428","4.169164657592773","4.292119026184082"
"385","769.5","769","770","4.239431381225586","4.219918251037598","4.258944511413574"
"386","771.5","771","772","4.257742404937744","4.207274913787842","4.3082098960876465"
"387","773.5","773","774","4.222393989562988","4.149625301361084","4.295162677764893"
"388","775.5","775","776","4.237824440002441","4.224729061126709","4.250919818878174"
"389","777.5","777","778","4.192508220672607","4.124774932861328","4.260241508483887"
"390","779.5","779","780","4.178215026855469","4.174643516540527","4.18178653717041"
"391","781.5","781","782","4.19654655456543","4.143066883087158","4.250026226043701"
"392","783.5","783","784","4.219891548156738","4.178513526916504","4.261269569396973"
"393","785.5","785","786","4.255443096160889","4.245785713195801","4.265100479125977"
"394","787.5","787","788","4.193498134613037","4.189563274383545","4.197432994842529"
"395","789.5","789","790","4.191318035125732","4.184584617614746","4.198051452636719"
"396","791.5","791","792","4.210301876068115","4.199629783630371","4.220973968505859"
"397","793.5","793","794","4.23166561126709","4.219684600830078","4.243646621704102"
"398","795.5","795","796","4.201594352722168","4.18097448348999","4.222214221954346"
"399","797.5","797","798","4.183833599090576","4.156422138214111","4.211245059967041"
"400","799.5","799","800","4.178224325180054","4.117937088012695","4.238511562347412"
"401","801.5","801","802","4.185270547866821","4.161642074584961","4.208899021148682"
"402","803.5","803","804","4.18539571762085","4.090890407562256","4.279901027679443"
"403","805.5","805","806","4.200476884841919","4.171396732330322","4.229557037353516"
"404","807.5","807","808","4.1394031047821045","4.126900672912598","4.151905536651611"
"405","809.5","809","810","4.1608710289001465","4.111385345458984","4.210356712341309"
"406","811.5","811","812","4.109374284744263","4.103108882904053","4.115639686584473"
"407","813.5","813","814","4.141226053237915","4.140784740447998","4.141667366027832"
"408","815.5","815","816","4.137776851654053","4.107316017150879","4.168237686157227"
"409","817.5","817","818","4.144743919372559","4.115024566650391","4.174463272094727"
"410","819.5","819","820","4.173869609832764","4.150276184082031","4.197463035583496"
"411","821.5","821","822","4.184535980224609","4.122661590576172","4.246410369873047"
"412","823.5","823","824","4.143970251083374","4.125818252563477","4.1621222496032715"
"413","825.5","825","826","4.1438210010528564","4.076656341552734","4.2109856605529785"
"414","827.5","827","828","4.171053409576416","4.148841857910156","4.193264961242676"
"415","829.5","829","830","4.159771680831909","4.149300575256348","4.170242786407471"
"416","831.5","831","832","4.138152599334717","4.129138946533203","4.1471662521362305"
"417","833.5","833","834","4.163506984710693","4.128566741943359","4.198447227478027"
"418","835.5","835","836","4.08143162727356","4.059213161468506","4.103650093078613"
"419","837.5","837","838","4.143088102340698","4.106913089752197","4.179263114929199"
"420","839.5","839","840","4.1179304122924805","4.110771179199219","4.125089645385742"
"421","841.5","841","842","4.058978796005249","4.028260231018066","4.089697360992432"
"422","843.5","843","844","4.100598335266113","4.08432149887085","4.116875171661377"
"423","845.5","845","846","4.139800786972046","4.103375434875488","4.1762261390686035"
"424","847.5","847","848","4.110957860946655","4.108640670776367","4.113275051116943"
"425","849.5","849","850","4.127213716506958","4.094982624053955","4.159444808959961"
"426","851.5","851","852","4.155092716217041","4.145839214324951","4.164346218109131"
"427","853.5","853","854","4.130664348602295","4.1248674392700195","4.13646125793457"
"428","855.5","855","856","4.085292339324951","4.0572123527526855","4.113372325897217"
"429","857.5","857","858","4.139850378036499","4.132529258728027","4.147171497344971"
"430","859.5","859","860","4.143202066421509","4.08919620513916","4.197207927703857"
"431","861.5","861","862","4.107388019561768","4.105082988739014","4.1096930503845215"
"432","863.5","863","864","4.1196982860565186","4.086336612701416","4.153059959411621"
"433","865.5","865","866","4.049736261367798","3.981419563293457","4.118052959442139"
"434","867.5","867","868","4.054800510406494","4.039008140563965","4.070592880249023"
"435","869.5","869","870","4.0500898361206055","3.972553253173828","4.127626419067383"
"436","871.5","871","872","4.067914247512817","4.066276550292969","4.069551944732666"
"437","873.5","873","874","4.066592454910278","4.051138401031494","4.0820465087890625"
"438","875.5","875","876","4.117013692855835","4.099637508392334","4.134389877319336"
"439","877.5","877","878","4.059268951416016","4.038530349731445","4.080007553100586"
"440","879.5","879","880","4.138528108596802","4.111202239990234","4.165853977203369"
"441","881.5","881","882","4.0560691356658936","4.029547691345215","4.082590579986572"
"442","883.5","883","884","4.022573351860046","3.9492008686065674","4.095945835113525"
"443","885.5","885","886","4.077095985412598","4.070743560791016","4.08344841003418"
"444","887.5","887","888","4.110156774520874","4.047791004180908","4.17252254486084"
"445","889.5","889","890","4.120154142379761","4.080931186676025","4.159377098083496"
"446","891.5","891","892","4.100571155548096","4.066230773925781","4.13491153717041"
"447","893.5","893","894","4.075119256973267","4.050718307495117","4.099520206451416"
"448","895.5","895","896","4.033980369567871","4.025908470153809","4.042052268981934"
"449","897.5","897","898","4.052971601486206","4.0364274978637695","4.069515705108643"
"450","899.5","899","900","4.063165187835693","4.000622749328613","4.125707626342773"
"451","901.5","901","902","4.01635205745697","3.9947359561920166","4.037968158721924"
"452","903.5","903","904","4.060906887054443","4.057112693786621","4.064701080322266"
"453","905.5","905","906","4.028926610946655","3.966677188873291","4.0911760330200195"
"454","907.5","907","908","4.010218501091003","3.9719016551971436","4.048535346984863"
"455","909.5","909","910","3.9681196212768555","3.9307003021240234","4.0055389404296875"
"456","911.5","911","912","4.107930660247803","4.078446388244629","4.137414932250977"
"457","913.5","913","914","4.0430216789245605","3.9596848487854004","4.126358509063721"
"458","915.5","915","916","4.024216175079346","4.018417835235596","4.030014514923096"
"459","917.5","917","918","3.948007583618164","3.947307586669922","3.9487075805664062"
"460","919.5","919","920","3.9311448335647583","3.8680500984191895","3.994239568710327"
"461","921.5","921","922","3.889863610267639","3.8769924640655518","3.9027347564697266"
"462","923.5","923","924","3.870763421058655","3.7738845348358154","3.967642307281494"
"463","925.5","925","926","3.895838499069214","3.860917091369629","3.930759906768799"
"464","927.5","927","928","3.7992604970932007","3.7201950550079346","3.878325939178467"
"465","929.5","929","930","3.921248197555542","3.893794536590576","3.948701858520508"
"466","931.5","931","932","3.807985544204712","3.7851009368896484","3.8308701515197754"
"467","933.5","933","934","3.9193694591522217","3.8783769607543945","3.960361957550049"
"468","935.5","935","936","3.9004589319229126","3.88301157951355","3.9179062843322754"
"469","937.5","937","938","3.8257334232330322","3.742129325866699","3.9093375205993652"
"470","939.5","939","940","3.785683035850525","3.7562756538391113","3.8150904178619385"
"471","941.5","941","942","3.7910001277923584","3.742063522338867","3.8399367332458496"
"472","943.5","943","944","3.9806450605392456","3.873972177505493","4.087317943572998"
"473","945.5","945","946","3.9433997869491577","3.937110424041748","3.9496891498565674"
"474","947.5","947","948","3.9061152935028076","3.8727803230285645","3.939450263977051"
"475","949.5","949","950","3.9614838361740112","3.93756365776062","3.9854040145874023"
"476","951.5","951","952","3.97558057308197","3.929466485977173","4.021694660186768"
"477","953.5","953","954","3.809011936187744","3.681863307952881","3.9361605644226074"
"478","955.5","955","956","3.770411729812622","3.7499265670776367","3.7908968925476074"
"479","957.5","957","958","3.7523610591888428","3.682188034057617","3.8225340843200684"
"480","959.5","959","960","3.8223347663879395","3.7874350547790527","3.857234477996826"
"481","961.5","961","962","3.9129751920700073","3.8892970085144043","3.9366533756256104"
"482","963.5","963","964","3.923732876777649","3.8736331462860107","3.973832607269287"
"483","965.5","965","966","3.8896119594573975","3.8380300998687744","3.9411938190460205"
"484","967.5","967","968","3.9152520895004272","3.9070885181427","3.9234156608581543"
"485","969.5","969","970","3.713098168373108","3.673884630203247","3.7523117065429688"
"486","971.5","971","972","3.6845462322235107","3.6674041748046875","3.701688289642334"
"487","973.5","973","974","3.7629321813583374","3.6692049503326416","3.856659412384033"
"488","975.5","975","976","3.77138352394104","3.6971707344055176","3.8455963134765625"
"489","977.5","977","978","3.839448094367981","3.8347370624542236","3.8441591262817383"
"490","979.5","979","980","3.8048189878463745","3.7761740684509277","3.8334639072418213"
"491","981.5","981","982","3.7869951725006104","3.683650016784668","3.8903403282165527"
"492","983.5","983","984","3.8986759185791016","3.8558247089385986","3.9415271282196045"
"493","985.5","985","986","3.7672516107559204","3.711374044418335","3.823129177093506"
"494","987.5","987","988","3.779702067375183","3.705687999725342","3.8537161350250244"
"495","989.5","989","990","3.795883536338806","3.7593307495117188","3.8324363231658936"
"496","991.5","991","992","3.6550164222717285","3.615828275680542","3.694204568862915"
"497","993.5","993","994","3.7606626749038696","3.6064772605895996","3.9148480892181396"
"498","995.5","995","996","3.856756329536438","3.8385536670684814","3.8749589920043945"
"499","997.5","997","998","3.8770686388015747","3.8544201850891113","3.899717092514038"
"500","999.5","999","1000","3.7396775484085083","3.620326042175293","3.8590290546417236"
"501","1001.5","1001","1002","3.7492833137512207","3.655362367630005","3.8432042598724365"
"502","1003.5","1003","1004","3.8433332443237305","3.7763512134552","3.9103152751922607"
"503","1005.5","1005","1006","3.8503304719924927","3.783156156539917","3.9175047874450684"
"504","1007.5","1007","1008","3.839312791824341","3.8178908824920654","3.860734701156616"
"505","1009.5","1009","1010","3.8549246788024902","3.8436179161071777","3.8662314414978027"
"506","1011.5","1011","1012","3.859871506690979","3.854210376739502","3.865532636642456"
"507","1013.5","1013","1014","3.8339375257492065","3.7890117168426514","3.8788633346557617"
"508","1015.5","1015","1016","3.9060254096984863","3.8407106399536133","3.9713401794433594"
"509","1017.5","1017","1018","3.837218165397644","3.764944076538086","3.909492254257202"
"510","1019.5","1019","1020","3.8632705211639404","3.837149143218994","3.8893918991088867"
"511","1021.5","1021","1022","3.924383282661438","3.8719825744628906","3.9767839908599854"
"512","1023.5","1023","1024","3.872177004814148","3.839176654815674","3.905177354812622"
"513","1025.5","1025","1026","3.9333730936050415","3.924440383911133","3.94230580329895"
"514","1027.5","1027","1028","3.889284372329712","3.822437286376953","3.9561314582824707"
"515","1029.5","1029","1030","3.8675557374954224","3.8136024475097656","3.921509027481079"
"516","1031.5","1031","1032","3.9099438190460205","3.8292078971862793","3.9906797409057617"
"517","1033.5","1033","1034","3.882021427154541","3.8651275634765625","3.8989152908325195"
"518","1035.5","1035","1036","3.9360954761505127","3.913801670074463","3.9583892822265625"
"519","1037.5","1037","1038","3.8273857831954956","3.786400318145752","3.8683712482452393"
"520","1039.5","1039","1040","3.83974552154541","3.829648017883301","3.8498430252075195"
"521","1041.5","1041","1042","3.884890556335449","3.740690231323242","4.029090881347656"
"522","1043.5","1043","1044","3.875421643257141","3.8663322925567627","3.8845109939575195"
"523","1045.5","1045","1046","3.879107117652893","3.7799925804138184","3.9782216548919678"
"524","1047.5","1047","1048","3.8121304512023926","3.7411115169525146","3.8831493854522705"
"525","1049.5","1049","1050","3.8152828216552734","3.7955243587493896","3.8350412845611572"
"526","1051.5","1051","1052","3.829599618911743","3.828087329864502","3.8311119079589844"
"527","1053.5","1053","1054","3.7770068645477295","3.7751665115356445","3.7788472175598145"
"528","1055.5","1055","1056","3.775049924850464","3.680119037628174","3.869980812072754"
"529","1057.5","1057","1058","3.8099138736724854","3.786386013031006","3.833441734313965"
"530","1059.5","1059","1060","3.813365340232849","3.7876229286193848","3.8391077518463135"
"531","1061.5","1061","1062","3.8240431547164917","3.783203601837158","3.864882707595825"
"532","1063.5","1063","1064","3.7729612588882446","3.691498279571533","3.854424238204956"
"533","1065.5","1065","1066","3.7740107774734497","3.7209110260009766","3.827110528945923"
"534","1067.5","1067","1068","3.674960732460022","3.6615164279937744","3.6884050369262695"
"535","1069.5","1069","1070","3.7049375772476196","3.6647191047668457","3.7451560497283936"
"536","1071.5","1071","1072","3.7558659315109253","3.7292892932891846","3.782442569732666"
"537","1073.5","1073","1074","3.7476173639297485","3.742349863052368","3.752884864807129"
"538","1075.5","1075","1076","3.6199638843536377","3.5340795516967773","3.705848217010498"
"539","1077.5","1077","1078","3.633855938911438","3.6059117317199707","3.6618001461029053"
"540","1079.5","1079","1080","3.6041529178619385","3.597715377807617","3.6105904579162598"
"541","1081.5","1081","1082","3.663180708885193","3.6194801330566406","3.706881284713745"
"542","1083.5","1083","1084","3.692489504814148","3.6392273902893066","3.7457516193389893"
"543","1085.5","1085","1086","3.6875115633010864","3.627642869949341","3.747380256652832"
"544","1087.5","1087","1088","3.686416983604431","3.6739397048950195","3.6988942623138428"
"545","1089.5","1089","1090","3.681396484375","3.6428866386413574","3.7199063301086426"
"546","1091.5","1091","1092","3.607422351837158","3.5708563327789307","3.6439883708953857"
"547","1093.5","1093","1094","3.664268374443054","3.6469337940216064","3.681602954864502"
"548","1095.5","1095","1096","3.6183806657791138","3.606423854827881","3.6303374767303467"
"549","1097.5","1097","1098","3.6087106466293335","3.5642812252044678","3.653140068054199"
"550","1099.5","1099","1100","3.673849105834961","3.6574525833129883","3.6902456283569336"
"551","1101.5","1101","1102","3.659066677093506","3.6552305221557617","3.66290283203125"
"552","1103.5","1103","1104","3.6806524991989136","3.6421995162963867","3.7191054821014404"
"553","1105.5","1105","1106","3.5282145738601685","3.5208921432495117","3.535537004470825"
"554","1107.5","1107","1108","3.570821523666382","3.5293617248535156","3.612281322479248"
"555","1109.5","1109","1110","3.51996111869812","3.4506125450134277","3.5893096923828125"
"556","1111.5","1111","1112","3.623235583305359","3.6194651126861572","3.6270060539245605"
"557","1113.5","1113","1114","3.546867609024048","3.522599935531616","3.5711352825164795"
"558","1115.5","1115","1116","3.5642188787460327","3.515977621078491","3.612460136413574"
"559","1117.5","1117","1118","3.5490872859954834","3.450082302093506","3.648092269897461"
"560","1119.5","1119","1120","3.468654990196228","3.457548141479492","3.479761838912964"
"561","1121.5","1121","1122","3.3564120531082153","3.2974162101745605","3.41540789604187"
"562","1123.5","1123","1124","3.4553959369659424","3.401411294937134","3.509380578994751"
"563","1125.5","1125","1126","3.524203062057495","3.4819722175598145","3.566433906555176"
"564","1127.5","1127","1128","3.533278703689575","3.490896224975586","3.5756611824035645"
"565","1129.5","1129","1130","3.5443670749664307","3.5275375843048096","3.5611965656280518"
"566","1131.5","1131","1132","3.6341956853866577","3.627708673477173","3.6406826972961426"
"567","1133.5","1133","1134","3.400829792022705","3.396751880645752","3.404907703399658"
"568","1135.5","1135","1136","3.537264585494995","3.4634671211242676","3.6110620498657227"
"569","1137.5","1137","1138","3.558771848678589","3.4846179485321045","3.6329257488250732"
"570","1139.5","1139","1140","3.612339973449707","3.5660507678985596","3.6586291790008545"
"571","1141.5","1141","1142","3.4590688943862915","3.4053077697753906","3.5128300189971924"
"572","1143.5","1143","1144","3.5316301584243774","3.487217426300049","3.576042890548706"
"573","1145.5","1145","1146","3.632553815841675","3.6108176708221436","3.654289960861206"
"574","1147.5","1147","1148","3.601749897003174","3.5605287551879883","3.6429710388183594"
"575","1149.5","1149","1150","3.5249792337417603","3.5193445682525635","3.530613899230957"
"576","1151.5","1151","1152","3.3653382062911987","3.301708698272705","3.4289677143096924"
"577","1153.5","1153","1154","3.4512943029403687","3.375613212585449","3.526975393295288"
"578","1155.5","1155","1156","3.5335716009140015","3.5059571266174316","3.5611860752105713"
"579","1157.5","1157","1158","3.4431068897247314","3.4388279914855957","3.447385787963867"
"580","1159.5","1159","1160","3.5441064834594727","3.5029587745666504","3.585254192352295"
"581","1161.5","1161","1162","3.485046148300171","3.462663173675537","3.5074291229248047"
"582","1163.5","1163","1164","3.3433996438980103","3.3282175064086914","3.358581781387329"
"583","1165.5","1165","1166","3.4242738485336304","3.3634557723999023","3.4850919246673584"
"584","1167.5","1167","1168","3.521375298500061","3.493917226791382","3.5488333702087402"
"585","1169.5","1169","1170","3.429361939430237","3.30893611907959","3.549787759780884"
"586","1171.5","1171","1172","3.479889750480652","3.4584150314331055","3.5013644695281982"
"587","1173.5","1173","1174","3.4173210859298706","3.3818066120147705","3.4528355598449707"
"588","1175.5","1175","1176","3.519498109817505","3.3869712352752686","3.652024984359741"
"589","1177.5","1177","1178","3.4697097539901733","3.3765106201171875","3.562908887863159"
"590","1179.5","1179","1180","3.5545846223831177","3.4264163970947266","3.682752847671509"
"591","1181.5","1181","1182","3.4362205266952515","3.3633508682250977","3.5090901851654053"
"592","1183.5","1183","1184","3.4817934036254883","3.393953800201416","3.5696330070495605"
"593","1185.5","1185","1186","3.36069655418396","3.287001132965088","3.434391975402832"
"594","1187.5","1187","1188","3.442343592643738","3.3656275272369385","3.519059658050537"
"595","1189.5","1189","1190","3.4143292903900146","3.3417818546295166","3.4868767261505127"
"596","1191.5","1191","1192","3.4508975744247437","3.439152240753174","3.4626429080963135"
"597","1193.5","1193","1194","3.3065781593322754","3.297835350036621","3.3153209686279297"
"598","1195.5","1195","1196","3.3724550008773804","3.327362537384033","3.4175474643707275"
"599","1197.5","1197","1198","3.3899762630462646","3.337214946746826","3.442737579345703"
"600","1199.5","1199","1200","3.4281997680664062","3.4244043827056885","3.431995153427124"
"601","1201.5","1201","1202","3.3769959211349487","3.3337016105651855","3.420290231704712"
"602","1203.5","1203","1204","3.4649832248687744","3.451895236968994","3.4780712127685547"
"603","1205.5","1205","1206","3.4929351806640625","3.4830832481384277","3.5027871131896973"
"604","1207.5","1207","1208","3.407523989677429","3.366368532180786","3.4486794471740723"
"605","1209.5","1209","1210","3.260772705078125","3.205899953842163","3.315645456314087"
"606","1211.5","1211","1212","3.326447010040283","3.3043179512023926","3.348576068878174"
"607","1213.5","1213","1214","3.2654528617858887","3.104015827178955","3.4268898963928223"
"608","1215.5","1215","1216","3.381071090698242","3.2605066299438477","3.5016355514526367"
"609","1217.5","1217","1218","3.469663619995117","3.4438092708587646","3.4955179691314697"
"610","1219.5","1219","1220","3.4118599891662598","3.3280091285705566","3.495710849761963"
"611","1221.5","1221","1222","3.253870129585266","3.2495110034942627","3.2582292556762695"
"612","1223.5","1223","1224","3.421035647392273","3.3564393520355225","3.4856319427490234"
"613","1225.5","1225","1226","3.5219783782958984","3.468567371368408","3.5753893852233887"
"614","1227.5","1227","1228","3.5461456775665283","3.4524717330932617","3.639819622039795"
"615","1229.5","1229","1230","3.293628454208374","3.221745729446411","3.365511178970337"
"616","1231.5","1231","1232","3.2610433101654053","3.21181583404541","3.3102707862854004"
"617","1233.5","1233","1234","3.250386357307434","3.2057902812957764","3.294982433319092"
"618","1235.5","1235","1236","3.3468782901763916","3.251744508743286","3.442012071609497"
"619","1237.5","1237","1238","3.4115042686462402","3.315570116043091","3.5074384212493896"
"620","1239.5","1239","1240","3.211653470993042","3.182568073272705","3.240738868713379"
"621","1241.5","1241","1242","3.2086141109466553","3.121718406677246","3.2955098152160645"
"622","1243.5","1243","1244","3.451797842979431","3.448655128479004","3.4549405574798584"
"623","1245.5","1245","1246","3.186151146888733","3.0690720081329346","3.3032302856445312"
"624","1247.5","1247","1248","3.319114327430725","3.291930675506592","3.3462979793548584"
"625","1249.5","1249","1250","3.4819579124450684","3.4370996952056885","3.5268161296844482"
"626","1251.5","1251","1252","3.4298834800720215","3.3746776580810547","3.4850893020629883"
"627","1253.5","1253","1254","3.313010334968567","3.2746925354003906","3.351328134536743"
"628","1255.5","1255","1256","3.47199547290802","3.428136110305786","3.515854835510254"
"629","1257.5","1257","1258","3.2867534160614014","3.214657783508301","3.358849048614502"
"630","1259.5","1259","1260","3.1892025470733643","3.1409270763397217","3.237478017807007"
"631","1261.5","1261","1262","3.272611141204834","3.142627716064453","3.402594566345215"
"632","1263.5","1263","1264","3.2795045375823975","3.2090511322021484","3.3499579429626465"
"633","1265.5","1265","1266","3.425769567489624","3.383906364440918","3.46763277053833"
"634","1267.5","1267","1268","3.3599597215652466","3.3422582149505615","3.3776612281799316"
"635","1269.5","1269","1270","3.3954046964645386","3.3065531253814697","3.4842562675476074"
"636","1271.5","1271","1272","3.3811469078063965","3.301330804824829","3.460963010787964"
"637","1273.5","1273","1274","3.3662272691726685","3.3327059745788574","3.3997485637664795"
"638","1275.5","1275","1276","3.255925416946411","3.2266736030578613","3.285177230834961"
"639","1277.5","1277","1278","3.3819680213928223","3.3288402557373047","3.43509578704834"
"640","1279.5","1279","1280","3.359367251396179","3.3342204093933105","3.384514093399048"
"641","1281.5","1281","1282","3.4092272520065308","3.34744930267334","3.4710052013397217"
"642","1283.5","1283","1284","3.3378262519836426","3.255511999130249","3.420140504837036"
"643","1285.5","1285","1286","3.420573592185974","3.3288652896881104","3.512281894683838"
"644","1287.5","1287","1288","3.402573585510254","3.3224754333496094","3.4826717376708984"
"645","1289.5","1289","1290","3.4302135705947876","3.355621814727783","3.504805326461792"
"646","1291.5","1291","1292","3.342101812362671","3.289802312850952","3.3944013118743896"
"647","1293.5","1293","1294","3.241782546043396","3.1503660678863525","3.3331990242004395"
"648","1295.5","1295","1296","3.3061028718948364","3.2365946769714355","3.3756110668182373"
"649","1297.5","1297","1298","3.3411035537719727","3.3019604682922363","3.380246639251709"
"650","1299.5","1299","1300","3.5107229948043823","3.4558966159820557","3.565549373626709"
"651","1301.5","1301","1302","3.4459102153778076","3.416337251663208","3.4754831790924072"
"652","1303.5","1303","1304","3.3206838369369507","3.300295352935791","3.3410723209381104"
"653","1305.5","1305","1306","3.384190559387207","3.334934711456299","3.4334464073181152"
"654","1307.5","1307","1308","3.3078505992889404","3.2551169395446777","3.360584259033203"
"655","1309.5","1309","1310","3.265507936477661","3.2506396770477295","3.2803761959075928"
"656","1311.5","1311","1312","3.1236099004745483","3.0192012786865234","3.2280185222625732"
"657","1313.5","1313","1314","3.32559335231781","3.141951322555542","3.509235382080078"
"658","1315.5","1315","1316","3.3119940757751465","3.285208225250244","3.338779926300049"
"659","1317.5","1317","1318","3.362645745277405","3.2460548877716064","3.479236602783203"
"660","1319.5","1319","1320","3.2731881141662598","3.1059694290161133","3.4404067993164062"
"661","1321.5","1321","1322","3.2594218254089355","3.1246275901794434","3.3942160606384277"
"662","1323.5","1323","1324","3.4666131734848022","3.3770670890808105","3.556159257888794"
"663","1325.5","1325","1326","3.4452064037323","3.336554527282715","3.5538582801818848"
"664","1327.5","1327","1328","3.353041648864746","3.300093650817871","3.405989646911621"
"665","1329.5","1329","1330","3.3475584983825684","3.2708072662353516","3.424309730529785"
"666","1331.5","1331","1332","3.4224995374679565","3.4176371097564697","3.4273619651794434"
"667","1333.5","1333","1334","3.3997071981430054","3.322359561920166","3.4770548343658447"
"668","1335.5","1335","1336","3.2178293466567993","2.990339756011963","3.4453189373016357"
"669","1337.5","1337","1338","3.271393299102783","3.242560625076294","3.3002259731292725"
"670","1339.5","1339","1340","3.2759270668029785","3.1695590019226074","3.3822951316833496"
"671","1341.5","1341","1342","3.3579156398773193","3.3441553115844727","3.371675968170166"
"672","1343.5","1343","1344","3.131887435913086","3.0198774337768555","3.2438974380493164"
"673","1345.5","1345","1346","3.2445907592773438","3.237288475036621","3.2518930435180664"
"674","1347.5","1347","1348","3.3345751762390137","3.296299457550049","3.3728508949279785"
"675","1349.5","1349","1350","3.1893470287323","3.139392614364624","3.2393014430999756"
"676","1351.5","1351","1352","3.2908995151519775","3.277414321899414","3.304384708404541"
"677","1353.5","1353","1354","3.2762638330459595","3.2557132244110107","3.296814441680908"
"678","1355.5","1355","1356","3.2586920261383057","3.207552909851074","3.309831142425537"
"679","1357.5","1357","1358","3.297169804573059","3.1731326580047607","3.4212069511413574"
"680","1359.5","1359","1360","3.2946009635925293","3.276397228240967","3.312804698944092"
"681","1361.5","1361","1362","3.3954243659973145","3.3651671409606934","3.4256815910339355"
"682","1363.5","1363","1364","3.2524503469467163","3.22570538520813","3.2791953086853027"
"683","1365.5","1365","1366","3.24276340007782","3.2425312995910645","3.242995500564575"
"684","1367.5","1367","1368","3.1752952337265015","3.0399279594421387","3.3106625080108643"
"685","1369.5","1369","1370","3.188983917236328","3.179257869720459","3.1987099647521973"
"686","1371.5","1371","1372","3.2557427883148193","3.2221570014953613","3.2893285751342773"
"687","1373.5","1373","1374","3.252007484436035","3.146827220916748","3.3571877479553223"
"688","1375.5","1375","1376","3.3116177320480347","3.2981390953063965","3.325096368789673"
"689","1377.5","1377","1378","3.361365795135498","3.3401947021484375","3.3825368881225586"
"690","1379.5","1379","1380","3.3114227056503296","3.2366294860839844","3.386215925216675"
"691","1381.5","1381","1382","3.351107120513916","3.2577080726623535","3.4445061683654785"
"692","1383.5","1383","1384","3.168237328529358","3.1021976470947266","3.2342770099639893"
"693","1385.5","1385","1386","3.227743625640869","3.1927285194396973","3.262758731842041"
"694","1387.5","1387","1388","3.244720458984375","3.212930679321289","3.276510238647461"
"695","1389.5","1389","1390","3.2861779928207397","3.2176690101623535","3.354686975479126"
"696","1391.5","1391","1392","3.249810576438904","3.146369218826294","3.3532519340515137"
"697","1393.5","1393","1394","3.3771883249282837","3.2323758602142334","3.522000789642334"
"698","1395.5","1395","1396","3.1488282680511475","3.026008367538452","3.2716481685638428"
"699","1397.5","1397","1398","3.0733046531677246","2.9297447204589844","3.216864585876465"
"700","1399.5","1399","1400","3.2196537256240845","3.213318347930908","3.2259891033172607"
"701","1401.5","1401","1402","3.2448772192001343","3.200101137161255","3.2896533012390137"
"702","1403.5","1403","1404","3.1595101356506348","2.983450412750244","3.3355698585510254"
"703","1405.5","1405","1406","3.321616768836975","3.283505439758301","3.3597280979156494"
"704","1407.5","1407","1408","3.306496024131775","3.2141659259796143","3.3988261222839355"
"705","1409.5","1409","1410","3.128371834754944","3.044132947921753","3.2126107215881348"
"706","1411.5","1411","1412","3.229384660720825","3.1533102989196777","3.3054590225219727"
"707","1413.5","1413","1414","3.307194948196411","3.291599988937378","3.3227899074554443"
"708","1415.5","1415","1416","3.1042104959487915","3.0619406700134277","3.1464803218841553"
"709","1417.5","1417","1418","3.317969799041748","3.258765697479248","3.377173900604248"
"710","1419.5","1419","1420","3.246148705482483","3.1869189739227295","3.3053784370422363"
"711","1421.5","1421","1422","3.171099901199341","3.1482656002044678","3.193934202194214"
"712","1423.5","1423","1424","3.307569742202759","3.1542015075683594","3.460937976837158"
"713","1425.5","1425","1426","3.3620370626449585","3.3316996097564697","3.3923745155334473"
"714","1427.5","1427","1428","3.167967438697815","3.1460397243499756","3.1898951530456543"
"715","1429.5","1429","1430","3.1226779222488403","3.0415258407592773","3.2038300037384033"
"716","1431.5","1431","1432","3.1842193603515625","3.136068820953369","3.232369899749756"
"717","1433.5","1433","1434","3.1579341888427734","3.133885383605957","3.18198299407959"
"718","1435.5","1435","1436","3.2537364959716797","3.134594440460205","3.3728785514831543"
"719","1437.5","1437","1438","3.2207285165786743","3.0873565673828125","3.354100465774536"
"720","1439.5","1439","1440","3.2912752628326416","3.2157859802246094","3.366764545440674"
"721","1441.5","1441","1442","3.260160803794861","3.2503678798675537","3.269953727722168"
"722","1443.5","1443","1444","3.1680408716201782","3.142608642578125","3.1934731006622314"
"723","1445.5","1445","1446","3.214922308921814","3.1435272693634033","3.2863173484802246"
"724","1447.5","1447","1448","3.163541793823242","3.0401694774627686","3.286914110183716"
"725","1449.5","1449","1450","3.1129544973373413","3.0938966274261475","3.132012367248535"
"726","1451.5","1451","1452","3.1956371068954468","3.181661605834961","3.2096126079559326"
"727","1453.5","1453","1454","3.162859559059143","3.092926263809204","3.232792854309082"
"728","1455.5","1455","1456","3.182953357696533","3.172969102859497","3.1929376125335693"
"729","1457.5","1457","1458","3.102270245552063","3.041731834411621","3.162808656692505"
"730","1459.5","1459","1460","3.289690613746643","3.215162754058838","3.3642184734344482"
"731","1461.5","1461","1462","3.389608144760132","3.3739423751831055","3.405273914337158"
"732","1463.5","1463","1464","3.230096697807312","3.2042908668518066","3.2559025287628174"
"733","1465.5","1465","1466","3.289779305458069","3.261777400970459","3.3177812099456787"
"734","1467.5","1467","1468","3.2481343746185303","3.217552900314331","3.2787158489227295"
"735","1469.5","1469","1470","3.184339761734009","3.1427688598632812","3.2259106636047363"
"736","1471.5","1471","1472","3.2051271200180054","3.1181535720825195","3.292100667953491"
"737","1473.5","1473","1474","3.2763103246688843","3.1865620613098145","3.366058588027954"
"738","1475.5","1475","1476","3.2360262870788574","3.1770129203796387","3.295039653778076"
"739","1477.5","1477","1478","3.2777727842330933","3.147890090942383","3.4076554775238037"
"740","1479.5","1479","1480","3.3632407188415527","3.3323636054992676","3.394117832183838"
"741","1481.5","1481","1482","3.173801898956299","3.1467947959899902","3.2008090019226074"
"742","1483.5","1483","1484","3.2322651147842407","3.153416156768799","3.3111140727996826"
"743","1485.5","1485","1486","3.2276346683502197","3.1601972579956055","3.295072078704834"
"744","1487.5","1487","1488","3.1482956409454346","3.1304163932800293","3.16617488861084"
"745","1489.5","1489","1490","3.3013572692871094","3.228156805038452","3.3745577335357666"
"746","1491.5","1491","1492","3.278397798538208","3.2523622512817383","3.3044333457946777"
"747","1493.5","1493","1494","3.2400476932525635","3.137321949005127","3.3427734375"
"748","1495.5","1495","1496","3.3085508346557617","3.2919485569000244","3.325153112411499"
"749","1497.5","1497","1498","3.2014282941818237","3.16096830368042","3.2418882846832275"
"750","1499.5","1499","1500","3.069888472557068","3.044703960418701","3.0950729846954346"
"751","1501.5","1501","1502","3.099695086479187","2.985978126525879","3.213412046432495"
"752","1503.5","1503","1504","3.2369335889816284","3.1098344326019287","3.364032745361328"
"753","1505.5","1505","1506","3.269877076148987","3.2234342098236084","3.3163199424743652"
"754","1507.5","1507","1508","3.2178733348846436","3.1922953128814697","3.2434513568878174"
"755","1509.5","1509","1510","3.188127279281616","3.1592369079589844","3.217017650604248"
"756","1511.5","1511","1512","3.161505341529846","3.1410181522369385","3.181992530822754"
"757","1513.5","1513","1514","3.2150219678878784","3.1740596294403076","3.255984306335449"
"758","1515.5","1515","1516","3.230063319206238","3.172668933868408","3.2874577045440674"
"759","1517.5","1517","1518","3.225529193878174","3.221421241760254","3.2296371459960938"
"760","1519.5","1519","1520","3.2889535427093506","3.2373452186584473","3.340561866760254"
"761","1521.5","1521","1522","3.3406282663345337","3.1906657218933105","3.490590810775757"
"762","1523.5","1523","1524","3.2089937925338745","3.138427257537842","3.2795603275299072"
"763","1525.5","1525","1526","3.1846256256103516","3.166372299194336","3.202878952026367"
"764","1527.5","1527","1528","3.1435996294021606","3.0821590423583984","3.205040216445923"
"765","1529.5","1529","1530","3.0468599796295166","2.94490122795105","3.1488187313079834"
"766","1531.5","1531","1532","3.152694344520569","3.1450934410095215","3.160295248031616"
"767","1533.5","1533","1534","3.1761603355407715","3.117063522338867","3.235257148742676"
"768","1535.5","1535","1536","3.2809406518936157","3.1865506172180176","3.375330686569214"
"769","1537.5","1537","1538","3.201546311378479","3.1041359901428223","3.2989566326141357"
"770","1539.5","1539","1540","3.0579922199249268","3.032257556915283","3.0837268829345703"
"771","1541.5","1541","1542","3.235607624053955","3.2192232608795166","3.2519919872283936"
"772","1543.5","1543","1544","3.1729259490966797","3.1543614864349365","3.191490411758423"
"773","1545.5","1545","1546","3.1964271068573","3.144402027130127","3.2484521865844727"
"774","1547.5","1547","1548","3.1389360427856445","3.0763192176818848","3.2015528678894043"
"775","1549.5","1549","1550","3.2614128589630127","3.2138023376464844","3.309023380279541"
"776","1551.5","1551","1552","3.2140761613845825","3.207144260406494","3.221008062362671"
"777","1553.5","1553","1554","3.1119468212127686","3.089358329772949","3.134535312652588"
"778","1555.5","1555","1556","3.1883766651153564","3.025709867477417","3.351043462753296"
"779","1557.5","1557","1558","3.2443060874938965","3.212587356567383","3.27602481842041"
"780","1559.5","1559","1560","3.2029374837875366","3.1680095195770264","3.237865447998047"
"781","1561.5","1561","1562","3.0840556621551514","3.0663743019104004","3.1017370223999023"
"782","1563.5","1563","1564","3.1228567361831665","3.031151056289673","3.21456241607666"
"783","1565.5","1565","1566","3.266620397567749","3.254438877105713","3.278801918029785"
"784","1567.5","1567","1568","3.153532028198242","3.140444278717041","3.1666197776794434"
"785","1569.5","1569","1570","3.131789207458496","3.126251697540283","3.137326717376709"
"786","1571.5","1571","1572","3.159622311592102","3.073247194290161","3.245997428894043"
"787","1573.5","1573","1574","3.1776280403137207","3.1101021766662598","3.2451539039611816"
"788","1575.5","1575","1576","3.2121975421905518","3.0484180450439453","3.375977039337158"
"789","1577.5","1577","1578","3.2315605878829956","3.1764988899230957","3.2866222858428955"
"790","1579.5","1579","1580","3.119627833366394","3.0790178775787354","3.1602377891540527"
"791","1581.5","1581","1582","3.1623722314834595","3.088808536529541","3.235935926437378"
"792","1583.5","1583","1584","3.1914305686950684","3.178006410598755","3.204854726791382"
"793","1585.5","1585","1586","3.1812288761138916","3.069204807281494","3.293252944946289"
"794","1587.5","1587","1588","3.09257435798645","3.0661089420318604","3.11903977394104"
"795","1589.5","1589","1590","3.025848388671875","2.932191848754883","3.119504928588867"
"796","1591.5","1591","1592","3.167745351791382","3.0718271732330322","3.2636635303497314"
"797","1593.5","1593","1594","3.1557058095932007","3.1023809909820557","3.2090306282043457"
"798","1595.5","1595","1596","3.0560970306396484","2.9938101768493652","3.1183838844299316"
"799","1597.5","1597","1598","2.9578590393066406","2.939678907394409","2.976039171218872"
"800","1599.5","1599","1600","3.12624454498291","3.117403030395508","3.1350860595703125"
"801","1601.5","1601","1602","3.150816798210144","3.040926694869995","3.260706901550293"
"802","1603.5","1603","1604","3.2070356607437134","3.149618625640869","3.2644526958465576"
"803","1605.5","1605","1606","3.1586440801620483","3.1282501220703125","3.189038038253784"
"804","1607.5","1607","1608","3.1890869140625","3.1578922271728516","3.2202816009521484"
"805","1609.5","1609","1610","3.26923406124115","3.2287917137145996","3.3096764087677"
"806","1611.5","1611","1612","3.1880418062210083","3.139333963394165","3.2367496490478516"
"807","1613.5","1613","1614","3.1813617944717407","3.172119140625","3.1906044483184814"
"808","1615.5","1615","1616","3.189121723175049","3.1827330589294434","3.1955103874206543"
"809","1617.5","1617","1618","3.2354735136032104","3.234619140625","3.236327886581421"
"810","1619.5","1619","1620","3.2248271703720093","3.1954753398895264","3.254179000854492"
"811","1621.5","1621","1622","3.179633140563965","3.142096519470215","3.217169761657715"
"812","1623.5","1623","1624","3.1546376943588257","3.067864418029785","3.241410970687866"
"813","1625.5","1625","1626","3.190548539161682","3.1192023754119873","3.261894702911377"
"814","1627.5","1627","1628","3.1589003801345825","3.154634475708008","3.1631662845611572"
"815","1629.5","1629","1630","3.185778498649597","3.1747066974639893","3.196850299835205"
"816","1631.5","1631","1632","3.0592349767684937","2.9955263137817383","3.122943639755249"
"817","1633.5","1633","1634","3.1364452838897705","3.090639591217041","3.1822509765625"
"818","1635.5","1635","1636","3.2608163356781006","3.177175283432007","3.3444573879241943"
"819","1637.5","1637","1638","3.1757805347442627","3.149331569671631","3.2022294998168945"
"820","1639.5","1639","1640","3.1872849464416504","3.1368861198425293","3.2376837730407715"
"821","1641.5","1641","1642","3.053085446357727","3.0529897212982178","3.0531811714172363"
"822","1643.5","1643","1644","3.0497243404388428","3.0405149459838867","3.058933734893799"
"823","1645.5","1645","1646","2.9984525442123413","2.943256378173828","3.0536487102508545"
"824","1647.5","1647","1648","3.1306843757629395","3.1051979064941406","3.1561708450317383"
"825","1649.5","1649","1650","3.164095401763916","3.0536882877349854","3.2745025157928467"
"826","1651.5","1651","1652","3.1267088651657104","3.115874767303467","3.137542963027954"
"827","1653.5","1653","1654","3.121221899986267","3.084890604019165","3.157553195953369"
"828","1655.5","1655","1656","3.101229429244995","3.05019211769104","3.15226674079895"
"829","1657.5","1657","1658","3.0774943828582764","2.994509220123291","3.1604795455932617"
"830","1659.5","1659","1660","3.0004281997680664","2.974179267883301","3.026677131652832"
"831","1661.5","1661","1662","2.966229557991028","2.9472906589508057","2.98516845703125"
"832","1663.5","1663","1664","3.053831100463867","3.0131723880767822","3.094489812850952"
"833","1665.5","1665","1666","3.0719308853149414","3.0622472763061523","3.0816144943237305"
"834","1667.5","1667","1668","3.07143771648407","2.920092821121216","3.222782611846924"
"835","1669.5","1669","1670","3.141523003578186","3.125763177871704","3.157282829284668"
"836","1671.5","1671","1672","3.0841739177703857","3.0730137825012207","3.095334053039551"
"837","1673.5","1673","1674","3.055450916290283","3.0095572471618652","3.101344585418701"
"838","1675.5","1675","1676","3.0400230884552","3.023902416229248","3.0561437606811523"
"839","1677.5","1677","1678","3.078232169151306","3.036406993865967","3.1200573444366455"
"840","1679.5","1679","1680","3.132810115814209","3.057046890258789","3.208573341369629"
"841","1681.5","1681","1682","3.133760452270508","3.104456901550293","3.1630640029907227"
"842","1683.5","1683","1684","3.0953876972198486","3.061042308807373","3.129733085632324"
"843","1685.5","1685","1686","3.1474422216415405","3.061187744140625","3.233696699142456"
"844","1687.5","1687","1688","3.1117199659347534","3.0849952697753906","3.138444662094116"
"845","1689.5","1689","1690","3.085407018661499","3.035550117492676","3.1352639198303223"
"846","1691.5","1691","1692","3.1185134649276733","3.0744943618774414","3.1625325679779053"
"847","1693.5","1693","1694","3.0062973499298096","2.9439711570739746","3.0686235427856445"
"848","1695.5","1695","1696","3.10134756565094","3.0609071254730225","3.1417880058288574"
"849","1697.5","1697","1698","3.070455551147461","3.047682762145996","3.093228340148926"
"850","1699.5","1699","1700","3.0305367708206177","2.998624324798584","3.0624492168426514"
"851","1701.5","1701","1702","3.105212688446045","3.1016595363616943","3.1087658405303955"
"852","1703.5","1703","1704","3.0629444122314453","3.036284923553467","3.089603900909424"
"853","1705.5","1705","1706","3.1339304447174072","3.1020970344543457","3.1657638549804688"
"854","1707.5","1707","1708","2.9907939434051514","2.9648122787475586","3.016775608062744"
"855","1709.5","1709","1710","3.051244378089905","3.0027177333831787","3.099771022796631"
"856","1711.5","1711","1712","3.109347939491272","3.0483827590942383","3.1703131198883057"
"857","1713.5","1713","1714","3.105290651321411","3.0495877265930176","3.1609935760498047"
"858","1715.5","1715","1716","3.1993963718414307","3.1775851249694824","3.221207618713379"
"859","1717.5","1717","1718","3.1306779384613037","3.1298019886016846","3.131553888320923"
"860","1719.5","1719","1720","3.1246986389160156","3.0523180961608887","3.1970791816711426"
"861","1721.5","1721","1722","3.1293067932128906","3.110471725463867","3.148141860961914"
"862","1723.5","1723","1724","2.995628833770752","2.8515608310699463","3.1396968364715576"
"863","1725.5","1725","1726","2.9780161380767822","2.9067795276641846","3.04925274848938"
"864","1727.5","1727","1728","3.1629700660705566","3.144223690032959","3.1817164421081543"
"865","1729.5","1729","1730","3.0596446990966797","2.9415807723999023","3.177708625793457"
"866","1731.5","1731","1732","2.954020857810974","2.8518574237823486","3.0561842918395996"
"867","1733.5","1733","1734","2.91632080078125","2.8348450660705566","2.9977965354919434"
"868","1735.5","1735","1736","3.109128475189209","3.0842790603637695","3.1339778900146484"
"869","1737.5","1737","1738","3.1200042963027954","3.042363405227661","3.1976451873779297"
"870","1739.5","1739","1740","3.0290586948394775","2.9947924613952637","3.0633249282836914"
"871","1741.5","1741","1742","3.091950535774231","3.0765607357025146","3.1073403358459473"
"872","1743.5","1743","1744","3.0761282444000244","2.990473747253418","3.161782741546631"
"873","1745.5","1745","1746","3.0865843296051025","3.031886577606201","3.141282081604004"
"874","1747.5","1747","1748","3.0562233924865723","3.0202207565307617","3.092226028442383"
"875","1749.5","1749","1750","3.059038281440735","3.0309319496154785","3.087144613265991"
"876","1751.5","1751","1752","3.069689631462097","3.0598771572113037","3.0795021057128906"
"877","1753.5","1753","1754","3.0667335987091064","3.0375614166259766","3.0959057807922363"
"878","1755.5","1755","1756","3.1994162797927856","3.170168161392212","3.2286643981933594"
"879","1757.5","1757","1758","3.1296920776367188","3.103956937789917","3.1554272174835205"
"880","1759.5","1759","1760","3.2055240869522095","3.1082704067230225","3.3027777671813965"
"881","1761.5","1761","1762","3.217939019203186","3.143592357635498","3.292285680770874"
"882","1763.5","1763","1764","3.1820783615112305","3.1711394786834717","3.1930172443389893"
"883","1765.5","1765","1766","3.102381944656372","3.048430919647217","3.1563329696655273"
"884","1767.5","1767","1768","3.1488659381866455","3.1292896270751953","3.1684422492980957"
"885","1769.5","1769","1770","3.1550416946411133","3.051494598388672","3.2585887908935547"
"886","1771.5","1771","1772","3.2641091346740723","3.20603346824646","3.3221848011016846"
"887","1773.5","1773","1774","3.224363684654236","3.182342052459717","3.266385316848755"
"888","1775.5","1775","1776","3.1980698108673096","3.1804566383361816","3.2156829833984375"
"889","1777.5","1777","1778","3.102574348449707","3.044659376144409","3.160489320755005"
"890","1779.5","1779","1780","3.208733081817627","3.199068307876587","3.218397855758667"
"891","1781.5","1781","1782","3.256699323654175","3.224921226501465","3.2884774208068848"
"892","1783.5","1783","1784","3.3322596549987793","3.284074068069458","3.3804452419281006"
"893","1785.5","1785","1786","3.2458999156951904","3.1785221099853516","3.3132777214050293"
"894","1787.5","1787","1788","3.2619789838790894","3.2390780448913574","3.2848799228668213"
"895","1789.5","1789","1790","3.2876365184783936","3.278010368347168","3.297262668609619"
"896","1791.5","1791","1792","3.2940438985824585","3.2647228240966797","3.3233649730682373"
"897","1793.5","1793","1794","3.3403546810150146","3.314833164215088","3.3658761978149414"
"898","1795.5","1795","1796","3.236661672592163","3.225630283355713","3.2476930618286133"
"899","1797.5","1797","1798","3.2513601779937744","3.1442155838012695","3.3585047721862793"
"900","1799.5","1799","1800","3.323477029800415","3.310526132583618","3.336427927017212"
"901","1801.5","1801","1802","3.303195595741272","3.287264585494995","3.319126605987549"
"902","1803.5","1803","1804","3.2504818439483643","3.2115859985351562","3.2893776893615723"
"903","1805.5","1805","1806","3.255709648132324","3.1631760597229004","3.348243236541748"
"904","1807.5","1807","1808","3.3276432752609253","3.3176944255828857","3.337592124938965"
"905","1809.5","1809","1810","3.23361599445343","3.177433490753174","3.2897984981536865"
"906","1811.5","1811","1812","3.2709845304489136","3.1705496311187744","3.3714194297790527"
"907","1813.5","1813","1814","3.2287492752075195","3.2002222537994385","3.2572762966156006"
"908","1815.5","1815","1816","3.2431472539901733","3.2360427379608154","3.2502517700195312"
"909","1817.5","1817","1818","3.215665578842163","3.1156206130981445","3.3157105445861816"
"910","1819.5","1819","1820","3.24416720867157","3.2422642707824707","3.246070146560669"
"911","1821.5","1821","1822","3.200721859931946","3.183668375015259","3.217775344848633"
"912","1823.5","1823","1824","3.2914761304855347","3.244385242462158","3.338567018508911"
"913","1825.5","1825","1826","3.171543002128601","3.1474878787994385","3.1955981254577637"
"914","1827.5","1827","1828","3.233551025390625","3.172215461730957","3.294886589050293"
"915","1829.5","1829","1830","3.218683362007141","3.1835715770721436","3.2537951469421387"
"916","1831.5","1831","1832","3.2841594219207764","3.2406344413757324","3.3276844024658203"
"917","1833.5","1833","1834","3.1918113231658936","3.0670323371887207","3.3165903091430664"
"918","1835.5","1835","1836","3.295515298843384","3.222620964050293","3.3684096336364746"
"919","1837.5","1837","1838","3.310324192047119","3.2611565589904785","3.3594918251037598"
"920","1839.5","1839","1840","3.257731318473816","3.1537272930145264","3.3617353439331055"
"921","1841.5","1841","1842","3.2400872707366943","3.2185420989990234","3.2616324424743652"
"922","1843.5","1843","1844","3.3285770416259766","3.2889232635498047","3.3682308197021484"
"923","1845.5","1845","1846","3.321584463119507","3.285712718963623","3.3574562072753906"
"924","1847.5","1847","1848","3.201044201850891","3.171888589859009","3.2301998138427734"
"925","1849.5","1849","1850","3.1656012535095215","3.158489227294922","3.172713279724121"
"926","1851.5","1851","1852","3.1773433685302734","3.1450672149658203","3.2096195220947266"
"927","1853.5","1853","1854","3.156693935394287","3.155582904815674","3.1578049659729004"
"928","1855.5","1855","1856","3.1643519401550293","3.152350902557373","3.1763529777526855"
"929","1857.5","1857","1858","3.2325481176376343","3.109259843826294","3.3558363914489746"
"930","1859.5","1859","1860","3.2268635034561157","3.152951240539551","3.3007757663726807"
"931","1861.5","1861","1862","3.2006354331970215","3.177077293395996","3.224193572998047"
"932","1863.5","1863","1864","3.2082040309906006","3.1917686462402344","3.224639415740967"
"933","1865.5","1865","1866","3.1416856050491333","3.1254804134368896","3.157890796661377"
"934","1867.5","1867","1868","3.2520350217819214","3.232855796813965","3.271214246749878"
"935","1869.5","1869","1870","3.2633661031723022","3.2615275382995605","3.265204668045044"
"936","1871.5","1871","1872","3.0988028049468994","2.975374698638916","3.222230911254883"
"937","1873.5","1873","1874","3.0882210731506348","3.010016441345215","3.1664257049560547"
"938","1875.5","1875","1876","3.08282470703125","3.0300583839416504","3.1355910301208496"
"939","1877.5","1877","1878","3.117795467376709","3.0864250659942627","3.1491658687591553"
"940","1879.5","1879","1880","3.226155996322632","3.1665091514587402","3.2858028411865234"
"941","1881.5","1881","1882","3.204216480255127","3.1727659702301025","3.2356669902801514"
"942","1883.5","1883","1884","3.1588993072509766","3.146965503692627","3.170833110809326"
"943","1885.5","1885","1886","3.033956527709961","2.9546525478363037","3.113260507583618"
"944","1887.5","1887","1888","3.0388623476028442","3.0364813804626465","3.041243314743042"
"945","1889.5","1889","1890","3.1950290203094482","3.1384692192077637","3.251588821411133"
"946","1891.5","1891","1892","3.1584720611572266","3.1300275325775146","3.1869165897369385"
"947","1893.5","1893","1894","3.194311499595642","3.087829828262329","3.300793170928955"
"948","1895.5","1895","1896","3.2021502256393433","3.1765732765197754","3.227727174758911"
"949","1897.5","1897","1898","3.2907521724700928","3.28916597366333","3.2923383712768555"
"950","1899.5","1899","1900","3.264374613761902","3.22064208984375","3.3081071376800537"
"951","1901.5","1901","1902","3.212048292160034","3.1747353076934814","3.249361276626587"
"952","1903.5","1903","1904","3.1786364316940308","3.1659514904022217","3.19132137298584"
"953","1905.5","1905","1906","3.1951946020126343","3.063084125518799","3.3273050785064697"
"954","1907.5","1907","1908","3.224052309989929","3.15080189704895","3.297302722930908"
"955","1909.5","1909","1910","3.1974384784698486","3.1122307777404785","3.2826461791992188"
"956","1911.5","1911","1912","3.2016639709472656","3.19766902923584","3.2056589126586914"
"957","1913.5","1913","1914","3.2432578802108765","3.2323451042175293","3.2541706562042236"
"958","1915.5","1915","1916","3.2135461568832397","3.1792256832122803","3.247866630554199"
"959","1917.5","1917","1918","3.279891014099121","3.1848015785217285","3.3749804496765137"
"960","1919.5","1919","1920","3.18935227394104","3.102818489074707","3.275886058807373"
"961","1921.5","1921","1922","3.25652813911438","3.2008275985717773","3.3122286796569824"
"962","1923.5","1923","1924","3.2045904397964478","3.1966514587402344","3.212529420852661"
"963","1925.5","1925","1926","3.2351152896881104","3.211392879486084","3.2588376998901367"
"964","1927.5","1927","1928","3.2212265729904175","3.1963560581207275","3.2460970878601074"
"965","1929.5","1929","1930","3.167022228240967","3.164956569671631","3.1690878868103027"
"966","1931.5","1931","1932","3.1861441135406494","3.1243138313293457","3.247974395751953"
"967","1933.5","1933","1934","3.213278889656067","3.2090117931365967","3.217545986175537"
"968","1935.5","1935","1936","3.1823463439941406","3.1681761741638184","3.196516513824463"
"969","1937.5","1937","1938","3.2426981925964355","3.1977732181549072","3.287623167037964"
"970","1939.5","1939","1940","3.2273322343826294","3.1773135662078857","3.277350902557373"
"971","1941.5","1941","1942","3.1555652618408203","3.0823583602905273","3.2287721633911133"
"972","1943.5","1943","1944","3.293252110481262","3.2829010486602783","3.303603172302246"
"973","1945.5","1945","1946","3.224413514137268","3.2149384021759033","3.233888626098633"
"974","1947.5","1947","1948","3.2498066425323486","3.169243812561035","3.330369472503662"
"975","1949.5","1949","1950","3.1944137811660767","3.190814971923828","3.198012590408325"
"976","1951.5","1951","1952","3.2156296968460083","3.113144874572754","3.3181145191192627"
"977","1953.5","1953","1954","3.2634257078170776","3.2256414890289307","3.3012099266052246"
"978","1955.5","1955","1956","3.2466360330581665","3.2062840461730957","3.2869880199432373"
"979","1957.5","1957","1958","3.2531386613845825","3.2187507152557373","3.2875266075134277"
"980","1959.5","1959","1960","3.2725943326950073","3.250108003616333","3.2950806617736816"
"981","1961.5","1961","1962","3.178238034248352","3.127703905105591","3.2287721633911133"
"982","1963.5","1963","1964","3.2042490243911743","3.1804122924804688","3.22808575630188"
"983","1965.5","1965","1966","3.1834256649017334","3.105252265930176","3.261599063873291"
"984","1967.5","1967","1968","3.2855920791625977","3.2620184421539307","3.3091657161712646"
"985","1969.5","1969","1970","3.2484817504882812","3.243173122406006","3.2537903785705566"
"986","1971.5","1971","1972","3.221410036087036","3.2018704414367676","3.2409496307373047"
"987","1973.5","1973","1974","3.2548454999923706","3.2430336475372314","3.2666573524475098"
"988","1975.5","1975","1976","3.1987634897232056","3.1334269046783447","3.2641000747680664"
"989","1977.5","1977","1978","3.288284420967102","3.256640672683716","3.3199281692504883"
"990","1979.5","1979","1980","3.187545895576477","3.1683576107025146","3.2067341804504395"
"991","1981.5","1981","1982","3.1132222414016724","3.0551328659057617","3.171311616897583"
"992","1983.5","1983","1984","3.206854224205017","3.1176793575286865","3.2960290908813477"
"993","1985.5","1985","1986","3.251288056373596","3.1735892295837402","3.328986883163452"
"994","1987.5","1987","1988","3.2427533864974976","3.2122116088867188","3.2732951641082764"
"995","1989.5","1989","1990","3.2141430377960205","3.211069107055664","3.217216968536377"
"996","1991.5","1991","1992","3.1784530878067017","3.116959571838379","3.2399466037750244"
"997","1993.5","1993","1994","3.2558047771453857","3.195847511291504","3.3157620429992676"
"998","1995.5","1995","1996","3.290303587913513","3.2747929096221924","3.305814266204834"
"999","1997.5","1997","1998","3.2798537015914917","3.2320163249969482","3.327691078186035"
"1000","1999.5","1999","2000","3.159372329711914","3.153251886367798","3.1654927730560303"
"1001","2001.5","2001","2002","3.1352791786193848","3.078057289123535","3.1925010681152344"
"1002","2003.5","2003","2004","3.180712938308716","3.177481174468994","3.1839447021484375"
"1003","2005.5","2005","2006","3.1937912702560425","3.1583597660064697","3.2292227745056152"
"1004","2007.5","2007","2008","3.139361023902893","3.070667028427124","3.208055019378662"
"1005","2009.5","2009","2010","3.1810718774795532","3.069594383239746","3.2925493717193604"
"1006","2011.5","2011","2012","3.210028290748596","3.1822545528411865","3.237802028656006"
"1007","2013.5","2013","2014","3.2121946811676025","3.1966404914855957","3.2277488708496094"
"1008","2015.5","2015","2016","3.1514233350753784","3.1410257816314697","3.161820888519287"
"1009","2017.5","2017","2018","3.1822293996810913","3.1433801651000977","3.221078634262085"
"1010","2019.5","2019","2020","3.2393158674240112","3.1986985206604004","3.279933214187622"
"1011","2021.5","2021","2022","3.2408196926116943","3.210573196411133","3.271066188812256"
"1012","2023.5","2023","2024","3.2311185598373413","3.2089626789093018","3.253274440765381"
"1013","2025.5","2025","2026","3.2037686109542847","3.1609833240509033","3.246553897857666"
"1014","2027.5","2027","2028","3.184585452079773","3.1679511070251465","3.2012197971343994"
"1015","2029.5","2029","2030","3.2421205043792725","3.1545608043670654","3.3296802043914795"
"1016","2031.5","2031","2032","3.300987720489502","3.2780284881591797","3.323946952819824"
"1017","2033.5","2033","2034","3.1608669757843018","3.085540294647217","3.2361936569213867"
"1018","2035.5","2035","2036","3.18980610370636","3.109954833984375","3.2696573734283447"
"1019","2037.5","2037","2038","3.227447748184204","3.19498610496521","3.2599093914031982"
"1020","2039.5","2039","2040","3.2791589498519897","3.2637228965759277","3.2945950031280518"
"1021","2041.5","2041","2042","3.2656995058059692","3.2007064819335938","3.3306925296783447"
"1022","2043.5","2043","2044","3.216497302055359","3.1884825229644775","3.2445120811462402"
"1023","2045.5","2045","2046","3.234772205352783","3.225649118423462","3.2438952922821045"
"1024","2047.5","2047","2048","3.2243919372558594","3.144413948059082","3.3043699264526367"
"1025","2049.5","2049","2050","3.1979857683181763","3.1658284664154053","3.2301430702209473"
"1026","2051.5","2051","2052","3.2598092555999756","3.2225441932678223","3.297074317932129"
"1027","2053.5","2053","2054","3.2391669750213623","3.221320152282715","3.2570137977600098"
"1028","2055.5","2055","2056","3.217376470565796","3.199425220489502","3.23532772064209"
"1029","2057.5","2057","2058","3.1684452295303345","3.1412792205810547","3.1956112384796143"
"1030","2059.5","2059","2060","3.1463953256607056","3.087406873703003","3.205383777618408"
"1031","2061.5","2061","2062","3.2575775384902954","3.1987974643707275","3.3163576126098633"
"1032","2063.5","2063","2064","3.1731667518615723","3.144306182861328","3.2020273208618164"
"1033","2065.5","2065","2066","3.193754196166992","3.1541833877563477","3.2333250045776367"
"1034","2067.5","2067","2068","3.238212823867798","3.2102279663085938","3.266197681427002"
"1035","2069.5","2069","2070","3.1204298734664917","3.117192268371582","3.1236674785614014"
"1036","2071.5","2071","2072","3.1730458736419678","3.0973620414733887","3.248729705810547"
"1037","2073.5","2073","2074","3.1325340270996094","3.017660617828369","3.2474074363708496"
"1038","2075.5","2075","2076","3.1694775819778442","3.094402551651001","3.2445526123046875"
"1039","2077.5","2077","2078","3.1710124015808105","3.148052930831909","3.193971872329712"
"1040","2079.5","2079","2080","3.2556716203689575","3.2374656200408936","3.2738776206970215"
"1041","2081.5","2081","2082","3.1928635835647583","3.164476156234741","3.2212510108947754"
"1042","2083.5","2083","2084","3.14444637298584","3.1177947521209717","3.171097993850708"
"1043","2085.5","2085","2086","3.163572669029236","3.0760953426361084","3.2510499954223633"
"1044","2087.5","2087","2088","3.1833808422088623","3.1561248302459717","3.210636854171753"
"1045","2089.5","2089","2090","3.236813545227051","3.1990177631378174","3.274609327316284"
"1046","2091.5","2091","2092","3.2488882541656494","3.244349479675293","3.253427028656006"
"1047","2093.5","2093","2094","3.18152916431427","3.1706836223602295","3.1923747062683105"
"1048","2095.5","2095","2096","3.1805895566940308","3.132131814956665","3.2290472984313965"
"1049","2097.5","2097","2098","3.2539594173431396","3.2048799991607666","3.3030388355255127"
"1050","2099.5","2099","2100","3.15179443359375","3.076749801635742","3.226839065551758"
"1051","2101.5","2101","2102","3.195857882499695","3.1776583194732666","3.214057445526123"
"1052","2103.5","2103","2104","3.1424179077148438","3.0644021034240723","3.2204337120056152"
"1053","2105.5","2105","2106","3.175214171409607","3.1001532077789307","3.250275135040283"
"1054","2107.5","2107","2108","3.2346057891845703","3.166515350341797","3.3026962280273438"
"1055","2109.5","2109","2110","3.183750033378601","3.1611404418945312","3.206359624862671"
"1056","2111.5","2111","2112","3.1764965057373047","3.1635489463806152","3.189444065093994"
"1057","2113.5","2113","2114","3.1473270654678345","3.1135647296905518","3.181089401245117"
"1058","2115.5","2115","2116","3.219833731651306","3.1843819618225098","3.2552855014801025"
"1059","2117.5","2117","2118","3.139406204223633","3.0382003784179688","3.240612030029297"
"1060","2119.5","2119","2120","3.1251730918884277","3.0733766555786133","3.176969528198242"
"1061","2121.5","2121","2122","3.05952250957489","3.052724599838257","3.0663204193115234"
"1062","2123.5","2123","2124","3.0867934226989746","3.0077481269836426","3.1658387184143066"
"1063","2125.5","2125","2126","3.1861236095428467","3.1609292030334473","3.211318016052246"
"1064","2127.5","2127","2128","3.159265160560608","3.1440484523773193","3.1744818687438965"
"1065","2129.5","2129","2130","3.1122082471847534","3.0885653495788574","3.1358511447906494"
"1066","2131.5","2131","2132","3.1825238466262817","3.048105478286743","3.3169422149658203"
"1067","2133.5","2133","2134","3.208737373352051","3.185148000717163","3.2323267459869385"
"1068","2135.5","2135","2136","3.1235578060150146","3.1134283542633057","3.1336872577667236"
"1069","2137.5","2137","2138","3.1274744272232056","3.101980686187744","3.152968168258667"
"1070","2139.5","2139","2140","3.0701154470443726","3.0048844814300537","3.1353464126586914"
"1071","2141.5","2141","2142","3.040801167488098","2.997465133666992","3.084137201309204"
"1072","2143.5","2143","2144","3.131842017173767","3.04947829246521","3.214205741882324"
"1073","2145.5","2145","2146","3.1428613662719727","3.008072853088379","3.2776498794555664"
"1074","2147.5","2147","2148","3.2210376262664795","3.1678481101989746","3.2742271423339844"
"1075","2149.5","2149","2150","3.163825750350952","3.161878824234009","3.1657726764678955"
"1076","2151.5","2151","2152","3.073345899581909","2.9691309928894043","3.177560806274414"
"1077","2153.5","2153","2154","3.08212673664093","3.0385258197784424","3.125727653503418"
"1078","2155.5","2155","2156","3.1992281675338745","3.175678253173828","3.222778081893921"
"1079","2157.5","2157","2158","3.1959569454193115","3.1598613262176514","3.2320525646209717"
"1080","2159.5","2159","2160","3.1437363624572754","3.1357898712158203","3.1516828536987305"
"1081","2161.5","2161","2162","3.098507523536682","3.040454626083374","3.1565604209899902"
"1082","2163.5","2163","2164","3.166257619857788","3.0908098220825195","3.2417054176330566"
"1083","2165.5","2165","2166","3.1294524669647217","3.1216702461242676","3.137234687805176"
"1084","2167.5","2167","2168","3.1245838403701782","3.0934126377105713","3.155755043029785"
"1085","2169.5","2169","2170","3.1259515285491943","3.1002283096313477","3.151674747467041"
"1086","2171.5","2171","2172","3.1720619201660156","3.1630804538726807","3.1810433864593506"
"1087","2173.5","2173","2174","3.0866811275482178","3.069680690765381","3.1036815643310547"
"1088","2175.5","2175","2176","3.127447724342346","3.0760409832000732","3.178854465484619"
"1089","2177.5","2177","2178","3.11814022064209","3.084928035736084","3.1513524055480957"
"1090","2179.5","2179","2180","3.199915289878845","3.1767117977142334","3.223118782043457"
"1091","2181.5","2181","2182","3.1316065788269043","3.017885208129883","3.245327949523926"
"1092","2183.5","2183","2184","3.2355295419692993","3.154998779296875","3.3160603046417236"
"1093","2185.5","2185","2186","3.1563737392425537","3.1514947414398193","3.161252737045288"
"1094","2187.5","2187","2188","3.1711809635162354","3.1072189807891846","3.235142946243286"
"1095","2189.5","2189","2190","3.125959277153015","3.0777790546417236","3.1741394996643066"
"1096","2191.5","2191","2192","3.158561110496521","3.1289937496185303","3.1881284713745117"
"1097","2193.5","2193","2194","3.1344504356384277","3.1247169971466064","3.144183874130249"
"1098","2195.5","2195","2196","3.1137959957122803","3.0502724647521973","3.1773195266723633"
"1099","2197.5","2197","2198","3.1638604402542114","3.136772871017456","3.190948009490967"
"1100","2199.5","2199","2200","3.1666561365127563","3.1621346473693848","3.171177625656128"
"1101","2201.5","2201","2202","3.1518962383270264","3.1093697547912598","3.194422721862793"
"1102","2203.5","2203","2204","3.1438692808151245","3.079601764678955","3.208136796951294"
"1103","2205.5","2205","2206","3.1748530864715576","3.1590323448181152","3.190673828125"
"1104","2207.5","2207","2208","3.056573510169983","3.0275256633758545","3.0856213569641113"
"1105","2209.5","2209","2210","3.0913957357406616","3.0860605239868164","3.096730947494507"
"1106","2211.5","2211","2212","3.188783645629883","3.1096129417419434","3.2679543495178223"
"1107","2213.5","2213","2214","3.0998066663742065","3.0888595581054688","3.1107537746429443"
"1108","2215.5","2215","2216","3.1454774141311646","3.122847318649292","3.168107509613037"
"1109","2217.5","2217","2218","3.209233522415161","3.1967573165893555","3.221709728240967"
"1110","2219.5","2219","2220","3.1697014570236206","3.126397132873535","3.213005781173706"
"1111","2221.5","2221","2222","3.175703525543213","3.173521041870117","3.1778860092163086"
"1112","2223.5","2223","2224","3.20164155960083","3.0968637466430664","3.3064193725585938"
"1113","2225.5","2225","2226","3.2018375396728516","3.1623334884643555","3.2413415908813477"
"1114","2227.5","2227","2228","3.1207903623580933","3.053670644760132","3.1879100799560547"
"1115","2229.5","2229","2230","3.0993244647979736","3.0604195594787598","3.1382293701171875"
"1116","2231.5","2231","2232","3.0700260400772095","3.0220775604248047","3.1179745197296143"
"1117","2233.5","2233","2234","3.1277050971984863","3.063539743423462","3.1918704509735107"
"1118","2235.5","2235","2236","3.1419085264205933","3.114175796508789","3.1696412563323975"
"1119","2237.5","2237","2238","3.0920580625534058","3.075404167175293","3.1087119579315186"
"1120","2239.5","2239","2240","3.170624256134033","3.1070704460144043","3.234178066253662"
"1121","2241.5","2241","2242","3.1753029823303223","3.130685567855835","3.2199203968048096"
"1122","2243.5","2243","2244","3.1486297845840454","3.0966122150421143","3.2006473541259766"
"1123","2245.5","2245","2246","3.1852387189865112","3.159790515899658","3.2106869220733643"
"1124","2247.5","2247","2248","3.1516047716140747","3.144334554672241","3.158874988555908"
"1125","2249.5","2249","2250","3.1579142808914185","3.1087868213653564","3.2070417404174805"
"1126","2251.5","2251","2252","3.0841760635375977","2.9805097579956055","3.18784236907959"
"1127","2253.5","2253","2254","3.22101891040802","3.1591169834136963","3.2829208374023438"
"1128","2255.5","2255","2256","3.095198392868042","3.0101165771484375","3.1802802085876465"
"1129","2257.5","2257","2258","3.092275381088257","3.058736801147461","3.1258139610290527"
"1130","2259.5","2259","2260","3.038058042526245","3.0194411277770996","3.0566749572753906"
"1131","2261.5","2261","2262","3.104163408279419","3.034064292907715","3.174262523651123"
"1132","2263.5","2263","2264","3.126620650291443","3.076915979385376","3.1763253211975098"
"1133","2265.5","2265","2266","3.174467086791992","3.05875301361084","3.2901811599731445"
"1134","2267.5","2267","2268","3.141487956047058","3.091468095779419","3.1915078163146973"
"1135","2269.5","2269","2270","3.0845415592193604","2.9839112758636475","3.1851718425750732"
"1136","2271.5","2271","2272","3.1100467443466187","3.0621323585510254","3.157961130142212"
"1137","2273.5","2273","2274","3.1105782985687256","3.1001744270324707","3.1209821701049805"
"1138","2275.5","2275","2276","3.181290626525879","3.12772798538208","3.2348532676696777"
"1139","2277.5","2277","2278","3.2642651796340942","3.252284049987793","3.2762463092803955"
"1140","2279.5","2279","2280","3.1056461334228516","3.0720109939575195","3.1392812728881836"
"1141","2281.5","2281","2282","3.1669009923934937","3.0818629264831543","3.251939058303833"
"1142","2283.5","2283","2284","3.1262651681900024","3.1054723262786865","3.1470580101013184"
"1143","2285.5","2285","2286","3.0889627933502197","3.058204174041748","3.1197214126586914"
"1144","2287.5","2287","2288","3.255900502204895","3.2401881217956543","3.2716128826141357"
"1145","2289.5","2289","2290","3.0863043069839478","3.067349910736084","3.1052587032318115"
"1146","2291.5","2291","2292","3.124139189720154","3.049640655517578","3.1986377239227295"
"1147","2293.5","2293","2294","3.093600630760193","2.9760565757751465","3.2111446857452393"
"1148","2295.5","2295","2296","3.1114941835403442","3.077718734741211","3.1452696323394775"
"1149","2297.5","2297","2298","3.1088188886642456","3.0746989250183105","3.1429388523101807"
"1150","2299.5","2299","2300","3.0362097024917603","2.925701856613159","3.1467175483703613"
"1151","2301.5","2301","2302","3.060227394104004","3.026083469390869","3.0943713188171387"
"1152","2303.5","2303","2304","3.114227294921875","3.0220870971679688","3.2063674926757812"
"1153","2305.5","2305","2306","3.1284267902374268","3.126403570175171","3.1304500102996826"
"1154","2307.5","2307","2308","3.0875158309936523","3.008554458618164","3.1664772033691406"
"1155","2309.5","2309","2310","3.103610634803772","3.038625717163086","3.168595552444458"
"1156","2311.5","2311","2312","3.093255400657654","3.0664331912994385","3.120077610015869"
"1157","2313.5","2313","2314","3.109098792076111","3.0544838905334473","3.1637136936187744"
"1158","2315.5","2315","2316","3.1478657722473145","3.145143508911133","3.150588035583496"
"1159","2317.5","2317","2318","3.0847443342208862","3.046895980834961","3.1225926876068115"
"1160","2319.5","2319","2320","3.1721997261047363","3.120798110961914","3.2236013412475586"
"1161","2321.5","2321","2322","3.1547441482543945","3.0479350090026855","3.2615532875061035"
"1162","2323.5","2323","2324","3.1100622415542603","3.101818799972534","3.1183056831359863"
"1163","2325.5","2325","2326","3.117812156677246","3.0364439487457275","3.1991803646087646"
"1164","2327.5","2327","2328","3.1696038246154785","3.1622226238250732","3.176985025405884"
"1165","2329.5","2329","2330","3.042531967163086","2.927011251449585","3.158052682876587"
"1166","2331.5","2331","2332","3.125651478767395","3.017385244369507","3.233917713165283"
"1167","2333.5","2333","2334","3.105367660522461","3.0852856636047363","3.1254496574401855"
"1168","2335.5","2335","2336","3.0484081506729126","2.9655468463897705","3.1312694549560547"
"1169","2337.5","2337","2338","3.143378734588623","3.0631728172302246","3.2235846519470215"
"1170","2339.5","2339","2340","3.140577793121338","3.0723447799682617","3.208810806274414"
"1171","2341.5","2341","2342","3.033597946166992","3.0065085887908936","3.060687303543091"
"1172","2343.5","2343","2344","3.097827434539795","3.060013771057129","3.135641098022461"
"1173","2345.5","2345","2346","3.168831944465637","3.144252300262451","3.1934115886688232"
"1174","2347.5","2347","2348","3.1563135385513306","3.060486078262329","3.252140998840332"
"1175","2349.5","2349","2350","3.1767555475234985","3.1560556888580322","3.197455406188965"
"1176","2351.5","2351","2352","3.093426823616028","3.0535807609558105","3.133272886276245"
"1177","2353.5","2353","2354","3.126399874687195","3.1085517406463623","3.1442480087280273"
"1178","2355.5","2355","2356","3.0876970291137695","3.0556468963623047","3.1197471618652344"
"1179","2357.5","2357","2358","3.0434470176696777","2.955122709274292","3.1317713260650635"
"1180","2359.5","2359","2360","3.0500117540359497","3.0475189685821533","3.052504539489746"
"1181","2361.5","2361","2362","3.018099784851074","3.0007262229919434","3.035473346710205"
"1182","2363.5","2363","2364","3.1201969385147095","3.046722650527954","3.193671226501465"
"1183","2365.5","2365","2366","3.141958475112915","3.1146678924560547","3.1692490577697754"
"1184","2367.5","2367","2368","3.1308690309524536","3.099867343902588","3.1618707180023193"
"1185","2369.5","2369","2370","3.147542715072632","3.092690944671631","3.202394485473633"
"1186","2371.5","2371","2372","3.081587553024292","3.023604393005371","3.139570713043213"
"1187","2373.5","2373","2374","3.1560161113739014","3.0474228858947754","3.2646093368530273"
"1188","2375.5","2375","2376","3.139437675476074","3.0689995288848877","3.2098758220672607"
"1189","2377.5","2377","2378","3.165658473968506","3.139543294906616","3.1917736530303955"
"1190","2379.5","2379","2380","3.120305061340332","3.09455943107605","3.1460506916046143"
"1191","2381.5","2381","2382","3.0289406776428223","2.920734405517578","3.1371469497680664"
"1192","2383.5","2383","2384","3.083688735961914","2.9834108352661133","3.183966636657715"
"1193","2385.5","2385","2386","3.044639468193054","3.028373956680298","3.0609049797058105"
"1194","2387.5","2387","2388","3.167885422706604","3.0802910327911377","3.2554798126220703"
"1195","2389.5","2389","2390","3.0811657905578613","3.0603480339050293","3.1019835472106934"
"1196","2391.5","2391","2392","3.0716500282287598","3.0600314140319824","3.083268642425537"
"1197","2393.5","2393","2394","3.053578734397888","3.0039732456207275","3.103184223175049"
"1198","2395.5","2395","2396","3.0537190437316895","3.0500710010528564","3.0573670864105225"
"1199","2397.5","2397","2398","3.0906929969787598","3.06589412689209","3.1154918670654297"
"1200","2399.5","2399","2400","3.0912539958953857","3.065676689147949","3.1168313026428223"
"1201","2401.5","2401","2402","3.0279812812805176","3.001270294189453","3.054692268371582"
"1202","2403.5","2403","2404","2.953886032104492","2.9120993614196777","2.9956727027893066"
"1203","2405.5","2405","2406","3.083048105239868","3.050901412963867","3.115194797515869"
"1204","2407.5","2407","2408","3.1396820545196533","3.1109766960144043","3.1683874130249023"
"1205","2409.5","2409","2410","3.0845803022384644","2.991999387741089","3.17716121673584"
"1206","2411.5","2411","2412","3.084402918815613","3.072073459625244","3.0967323780059814"
"1207","2413.5","2413","2414","3.0513733625411987","3.0475056171417236","3.055241107940674"
"1208","2415.5","2415","2416","3.0137676000595093","3.012918472290039","3.0146167278289795"
"1209","2417.5","2417","2418","3.0683722496032715","3.0131702423095703","3.1235742568969727"
"1210","2419.5","2419","2420","3.0297040939331055","3.0214030742645264","3.0380051136016846"
"1211","2421.5","2421","2422","3.079880475997925","3.0341744422912598","3.12558650970459"
"1212","2423.5","2423","2424","3.0263160467147827","2.9445295333862305","3.108102560043335"
"1213","2425.5","2425","2426","3.0693365335464478","3.0152359008789062","3.1234371662139893"
"1214","2427.5","2427","2428","3.0731290578842163","2.9751086235046387","3.171149492263794"
"1215","2429.5","2429","2430","3.1169391870498657","3.0954742431640625","3.138404130935669"
"1216","2431.5","2431","2432","3.132670760154724","3.126227617263794","3.1391139030456543"
"1217","2433.5","2433","2434","3.0334999561309814","2.960315227508545","3.106684684753418"
"1218","2435.5","2435","2436","3.057262420654297","3.0126900672912598","3.101834774017334"
"1219","2437.5","2437","2438","3.067259669303894","2.98475980758667","3.149759531021118"
"1220","2439.5","2439","2440","3.092099189758301","3.055600166320801","3.128598213195801"
"1221","2441.5","2441","2442","3.0803074836730957","3.0143837928771973","3.146231174468994"
"1222","2443.5","2443","2444","3.076065182685852","3.0684163570404053","3.083714008331299"
"1223","2445.5","2445","2446","3.0416626930236816","3.0060036182403564","3.077321767807007"
"1224","2447.5","2447","2448","3.0833593606948853","3.0100016593933105","3.15671706199646"
"1225","2449.5","2449","2450","3.06024706363678","3.0161030292510986","3.104391098022461"
"1226","2451.5","2451","2452","3.1096861362457275","3.0216903686523438","3.1976819038391113"
"1227","2453.5","2453","2454","3.079512596130371","3.063333749771118","3.095691442489624"
"1228","2455.5","2455","2456","3.085824489593506","3.0854616165161133","3.0861873626708984"
"1229","2457.5","2457","2458","3.067281723022461","2.9667840003967285","3.1677794456481934"
"1230","2459.5","2459","2460","3.057730555534363","3.0359647274017334","3.079496383666992"
"1231","2461.5","2461","2462","3.0886343717575073","3.066053628921509","3.111215114593506"
"1232","2463.5","2463","2464","3.046664834022522","3.0328431129455566","3.0604865550994873"
"1233","2465.5","2465","2466","3.0965194702148438","3.052767038345337","3.1402719020843506"
"1234","2467.5","2467","2468","3.142820954322815","3.1368162631988525","3.1488256454467773"
"1235","2469.5","2469","2470","3.0141772031784058","2.9206502437591553","3.1077041625976562"
"1236","2471.5","2471","2472","3.1296077966690063","3.1075503826141357","3.151665210723877"
"1237","2473.5","2473","2474","3.0666040182113647","3.0425705909729004","3.090637445449829"
"1238","2475.5","2475","2476","2.987516760826111","2.9239084720611572","3.0511250495910645"
"1239","2477.5","2477","2478","3.125039219856262","3.02917742729187","3.2209010124206543"
"1240","2479.5","2479","2480","3.058980345726013","3.023308277130127","3.0946524143218994"
"1241","2481.5","2481","2482","3.0514907836914062","3.033839702606201","3.0691418647766113"
"1242","2483.5","2483","2484","2.985063314437866","2.9677157402038574","3.002410888671875"
"1243","2485.5","2485","2486","2.9757152795791626","2.9435930252075195","3.0078375339508057"
"1244","2487.5","2487","2488","3.1026597023010254","3.102240562438965","3.103078842163086"
"1245","2489.5","2489","2490","3.0839896202087402","3.0283374786376953","3.139641761779785"
"1246","2491.5","2491","2492","3.066049098968506","3.01755690574646","3.1145412921905518"
"1247","2493.5","2493","2494","3.128322958946228","3.0580077171325684","3.1986382007598877"
"1248","2495.5","2495","2496","3.0582460165023804","3.056190252304077","3.0603017807006836"
"1249","2497.5","2497","2498","3.0920016765594482","3.0718398094177246","3.112163543701172"
"1250","2499.5","2499","2500","3.03177809715271","3.0186619758605957","3.044894218444824"
"1251","2501.5","2501","2502","3.0235742330551147","2.9729461669921875","3.074202299118042"
"1252","2503.5","2503","2504","3.069920063018799","3.0247814655303955","3.115058660507202"
"1253","2505.5","2505","2506","3.0079922676086426","2.964919090270996","3.051065444946289"
"1254","2507.5","2507","2508","2.9941887855529785","2.9661951065063477","3.0221824645996094"
"1255","2509.5","2509","2510","3.1272125244140625","3.056540012359619","3.197885036468506"
"1256","2511.5","2511","2512","3.0400800704956055","3.031954526901245","3.048205614089966"
"1257","2513.5","2513","2514","2.9497774839401245","2.897369861602783","3.002185106277466"
"1258","2515.5","2515","2516","3.031224250793457","2.9112191200256348","3.1512293815612793"
"1259","2517.5","2517","2518","3.0564409494400024","3.0320472717285156","3.0808346271514893"
"1260","2519.5","2519","2520","3.067977786064148","3.0491912364959717","3.086764335632324"
"1261","2521.5","2521","2522","3.0364789962768555","2.976593017578125","3.096364974975586"
"1262","2523.5","2523","2524","3.0800440311431885","3.0386462211608887","3.1214418411254883"
"1263","2525.5","2525","2526","3.0145500898361206","2.9306623935699463","3.098437786102295"
"1264","2527.5","2527","2528","2.9860562086105347","2.9798920154571533","2.992220401763916"
"1265","2529.5","2529","2530","3.059494972229004","3.042041301727295","3.076948642730713"
"1266","2531.5","2531","2532","3.0348379611968994","2.96333384513855","3.106342077255249"
"1267","2533.5","2533","2534","3.034088611602783","2.9874935150146484","3.080683708190918"
"1268","2535.5","2535","2536","3.051133632659912","3.0181221961975098","3.0841450691223145"
"1269","2537.5","2537","2538","3.044502377510071","2.9707815647125244","3.118223190307617"
"1270","2539.5","2539","2540","3.0028443336486816","2.973611354827881","3.0320773124694824"
"1271","2541.5","2541","2542","3.0587077140808105","2.9540529251098633","3.163362503051758"
"1272","2543.5","2543","2544","3.0910918712615967","3.0658841133117676","3.116299629211426"
"1273","2545.5","2545","2546","3.077033281326294","3.0641465187072754","3.0899200439453125"
"1274","2547.5","2547","2548","3.0389000177383423","3.006347417831421","3.0714526176452637"
"1275","2549.5","2549","2550","3.0284030437469482","3.013015031814575","3.0437910556793213"
"1276","2551.5","2551","2552","3.0391608476638794","2.985980272293091","3.092341423034668"
"1277","2553.5","2553","2554","3.1060593128204346","3.072413444519043","3.139705181121826"
"1278","2555.5","2555","2556","3.0370975732803345","3.0243611335754395","3.0498340129852295"
"1279","2557.5","2557","2558","3.043070077896118","3.0132246017456055","3.072915554046631"
"1280","2559.5","2559","2560","3.1462327241897583","3.1233010292053223","3.1691644191741943"
"1281","2561.5","2561","2562","3.000645160675049","2.91447114944458","3.0868191719055176"
"1282","2563.5","2563","2564","3.074128270149231","2.955913543701172","3.19234299659729"
"1283","2565.5","2565","2566","2.965187191963196","2.9362151622772217","2.99415922164917"
"1284","2567.5","2567","2568","2.9427212476730347","2.863447666168213","3.0219948291778564"
"1285","2569.5","2569","2570","3.107096314430237","3.071521520614624","3.1426711082458496"
"1286","2571.5","2571","2572","3.034403681755066","2.9667325019836426","3.1020748615264893"
"1287","2573.5","2573","2574","3.0699872970581055","3.058880090713501","3.08109450340271"
"1288","2575.5","2575","2576","3.0929936170578003","3.0847971439361572","3.1011900901794434"
"1289","2577.5","2577","2578","3.0041147470474243","2.916865825653076","3.0913636684417725"
"1290","2579.5","2579","2580","2.9748483896255493","2.952329397201538","2.9973673820495605"
"1291","2581.5","2581","2582","3.035781741142273","3.0153205394744873","3.0562429428100586"
"1292","2583.5","2583","2584","3.038106322288513","2.968817949295044","3.1073946952819824"
"1293","2585.5","2585","2586","3.116857886314392","3.065852403640747","3.167863368988037"
"1294","2587.5","2587","2588","3.006405830383301","2.979811668395996","3.0329999923706055"
"1295","2589.5","2589","2590","3.0401581525802612","2.901160955429077","3.1791553497314453"
"1296","2591.5","2591","2592","3.027393341064453","2.9868812561035156","3.0679054260253906"
"1297","2593.5","2593","2594","3.0440715551376343","3.042982339859009","3.0451607704162598"
"1298","2595.5","2595","2596","3.0324947834014893","2.908118724822998","3.1568708419799805"
"1299","2597.5","2597","2598","3.055946469306946","3.023771286010742","3.0881216526031494"
"1300","2599.5","2599","2600","3.0525598526000977","2.938593864440918","3.1665258407592773"
"1301","2601.5","2601","2602","3.032255530357361","3.00826096534729","3.0562500953674316"
"1302","2603.5","2603","2604","2.9775309562683105","2.9399211406707764","3.0151407718658447"
"1303","2605.5","2605","2606","3.059476137161255","2.956643581390381","3.162308692932129"
"1304","2607.5","2607","2608","3.0448555946350098","3.0281543731689453","3.061556816101074"
"1305","2609.5","2609","2610","3.026217222213745","2.9751853942871094","3.077249050140381"
"1306","2611.5","2611","2612","3.0366708040237427","3.0068702697753906","3.0664713382720947"
"1307","2613.5","2613","2614","3.055439591407776","3.0342705249786377","3.076608657836914"
"1308","2615.5","2615","2616","3.069828152656555","3.0461206436157227","3.0935356616973877"
"1309","2617.5","2617","2618","3.083523988723755","3.0425376892089844","3.1245102882385254"
"1310","2619.5","2619","2620","3.0116156339645386","2.988577365875244","3.034653902053833"
"1311","2621.5","2621","2622","3.0492388010025024","2.995555877685547","3.102921724319458"
"1312","2623.5","2623","2624","3.0888476371765137","3.017603874206543","3.1600914001464844"
"1313","2625.5","2625","2626","3.0438661575317383","2.989116668701172","3.0986156463623047"
"1314","2627.5","2627","2628","3.0688244104385376","3.0105793476104736","3.1270694732666016"
"1315","2629.5","2629","2630","3.029282569885254","2.990009307861328","3.0685558319091797"
"1316","2631.5","2631","2632","2.994429349899292","2.952012538909912","3.036846160888672"
"1317","2633.5","2633","2634","3.0203222036361694","2.9530398845672607","3.087604522705078"
"1318","2635.5","2635","2636","2.9860475063323975","2.9043519496917725","3.0677430629730225"
"1319","2637.5","2637","2638","2.997764229774475","2.929900646209717","3.0656278133392334"
"1320","2639.5","2639","2640","3.0721850395202637","3.0220682621002197","3.1223018169403076"
"1321","2641.5","2641","2642","2.9801820516586304","2.929476499557495","3.0308876037597656"
"1322","2643.5","2643","2644","3.003243088722229","2.9282257556915283","3.0782604217529297"
"1323","2645.5","2645","2646","2.983075261116028","2.952740430831909","3.0134100914001465"
"1324","2647.5","2647","2648","3.1169153451919556","3.042677164077759","3.1911535263061523"
"1325","2649.5","2649","2650","3.0179903507232666","2.963636636734009","3.0723440647125244"
"1326","2651.5","2651","2652","3.028336763381958","2.9762492179870605","3.0804243087768555"
"1327","2653.5","2653","2654","2.994112253189087","2.959721326828003","3.028503179550171"
"1328","2655.5","2655","2656","2.9709211587905884","2.8670201301574707","3.074822187423706"
"1329","2657.5","2657","2658","3.0693256855010986","3.033458709716797","3.1051926612854004"
"1330","2659.5","2659","2660","2.986559271812439","2.9528207778930664","3.0202977657318115"
"1331","2661.5","2661","2662","2.984160542488098","2.964874505996704","3.003446578979492"
"1332","2663.5","2663","2664","2.9494165182113647","2.91084361076355","2.9879894256591797"
"1333","2665.5","2665","2666","3.0618613958358765","3.020111322402954","3.103611469268799"
"1334","2667.5","2667","2668","3.1096296310424805","3.0232067108154297","3.1960525512695312"
"1335","2669.5","2669","2670","3.0270798206329346","2.98663592338562","3.067523717880249"
"1336","2671.5","2671","2672","3.0537291765213013","3.036933183670044","3.0705251693725586"
"1337","2673.5","2673","2674","3.0296404361724854","2.9493699073791504","3.1099109649658203"
"1338","2675.5","2675","2676","3.064646005630493","3.007143020629883","3.1221489906311035"
"1339","2677.5","2677","2678","3.0162298679351807","2.9739925861358643","3.058467149734497"
"1340","2679.5","2679","2680","2.9733484983444214","2.9157495498657227","3.03094744682312"
"1341","2681.5","2681","2682","2.99860942363739","2.9594218730926514","3.037796974182129"
"1342","2683.5","2683","2684","2.998345136642456","2.9126243591308594","3.0840659141540527"
"1343","2685.5","2685","2686","3.008747696876526","2.978027582168579","3.0394678115844727"
"1344","2687.5","2687","2688","3.0248727798461914","3.002389669418335","3.047355890274048"
"1345","2689.5","2689","2690","2.9012207984924316","2.8547658920288086","2.9476757049560547"
"1346","2691.5","2691","2692","2.990082621574402","2.900585889816284","3.0795793533325195"
"1347","2693.5","2693","2694","2.9751096963882446","2.9716949462890625","2.9785244464874268"
"1348","2695.5","2695","2696","3.0514084100723267","3.039053201675415","3.0637636184692383"
"1349","2697.5","2697","2698","2.9815256595611572","2.96555233001709","2.9974989891052246"
"1350","2699.5","2699","2700","3.033509612083435","2.98041033744812","3.08660888671875"
"1351","2701.5","2701","2702","3.1009877920150757","3.0448241233825684","3.157151460647583"
"1352","2703.5","2703","2704","2.9713077545166016","2.947477102279663","2.99513840675354"
"1353","2705.5","2705","2706","2.876836061477661","2.851276397705078","2.902395725250244"
"1354","2707.5","2707","2708","2.9493088722229004","2.903567314147949","2.9950504302978516"
"1355","2709.5","2709","2710","2.9617373943328857","2.8804540634155273","3.043020725250244"
"1356","2711.5","2711","2712","2.9167799949645996","2.8845252990722656","2.9490346908569336"
"1357","2713.5","2713","2714","2.882620334625244","2.857668399810791","2.9075722694396973"
"1358","2715.5","2715","2716","2.8846912384033203","2.8406715393066406","2.9287109375"
"1359","2717.5","2717","2718","2.9008877277374268","2.874338150024414","2.9274373054504395"
"1360","2719.5","2719","2720","2.9046696424484253","2.870887517929077","2.9384517669677734"
"1361","2721.5","2721","2722","2.92844295501709","2.799373149871826","3.0575127601623535"
"1362","2723.5","2723","2724","2.8772614002227783","2.82578182220459","2.928740978240967"
"1363","2725.5","2725","2726","2.83717942237854","2.7377097606658936","2.9366490840911865"
"1364","2727.5","2727","2728","2.9262360334396362","2.8979878425598145","2.954484224319458"
"1365","2729.5","2729","2730","2.9502787590026855","2.8715460300445557","3.0290114879608154"
"1366","2731.5","2731","2732","2.876896023750305","2.8263816833496094","2.927410364151001"
"1367","2733.5","2733","2734","2.8341736793518066","2.823611259460449","2.844736099243164"
"1368","2735.5","2735","2736","2.8701027631759644","2.8650286197662354","2.8751769065856934"
"1369","2737.5","2737","2738","2.9702478647232056","2.9080586433410645","3.0324370861053467"
"1370","2739.5","2739","2740","2.9000072479248047","2.861684560775757","2.9383299350738525"
"1371","2741.5","2741","2742","2.8492602109909058","2.832526683807373","2.8659937381744385"
"1372","2743.5","2743","2744","2.8473246097564697","2.7863099575042725","2.908339262008667"
"1373","2745.5","2745","2746","2.9149017333984375","2.897960662841797","2.931842803955078"
"1374","2747.5","2747","2748","2.884169816970825","2.8085057735443115","2.959833860397339"
"1375","2749.5","2749","2750","3.0348610877990723","2.976250410079956","3.0934717655181885"
"1376","2751.5","2751","2752","3.076364040374756","3.0740456581115723","3.0786824226379395"
"1377","2753.5","2753","2754","2.9989211559295654","2.9326086044311523","3.0652337074279785"
"1378","2755.5","2755","2756","2.9380979537963867","2.8363447189331055","3.039851188659668"
"1379","2757.5","2757","2758","2.98073410987854","2.918839931488037","3.042628288269043"
"1380","2759.5","2759","2760","2.9613770246505737","2.951594352722168","2.9711596965789795"
"1381","2761.5","2761","2762","2.965832233428955","2.964665651321411","2.966998815536499"
"1382","2763.5","2763","2764","2.9428257942199707","2.9341959953308105","2.951455593109131"
"1383","2765.5","2765","2766","2.955480933189392","2.9311671257019043","2.97979474067688"
"1384","2767.5","2767","2768","3.031775712966919","3.0309104919433594","3.0326409339904785"
"1385","2769.5","2769","2770","2.9510778188705444","2.94293212890625","2.959223508834839"
"1386","2771.5","2771","2772","2.89353084564209","2.8831894397735596","2.90387225151062"
"1387","2773.5","2773","2774","2.886656641960144","2.796250104904175","2.9770631790161133"
"1388","2775.5","2775","2776","3.0674192905426025","2.977386951446533","3.157451629638672"
"1389","2777.5","2777","2778","2.9248011112213135","2.8407702445983887","3.0088319778442383"
"1390","2779.5","2779","2780","2.83694589138031","2.76599383354187","2.90789794921875"
"1391","2781.5","2781","2782","2.9025379419326782","2.8827145099639893","2.922361373901367"
"1392","2783.5","2783","2784","2.876471996307373","2.7932138442993164","2.9597301483154297"
"1393","2785.5","2785","2786","3.008544445037842","2.964545249938965","3.0525436401367188"
"1394","2787.5","2787","2788","3.0579371452331543","3.0149173736572266","3.100956916809082"
"1395","2789.5","2789","2790","3.027641177177429","3.0248959064483643","3.030386447906494"
"1396","2791.5","2791","2792","2.9880588054656982","2.944758653640747","3.0313589572906494"
"1397","2793.5","2793","2794","2.9966267347335815","2.959150791168213","3.03410267829895"
"1398","2795.5","2795","2796","3.0327720642089844","2.995701313018799","3.06984281539917"
"1399","2797.5","2797","2798","3.0537867546081543","3.0286710262298584","3.07890248298645"
"1400","2799.5","2799","2800","2.982563614845276","2.932053565979004","3.033073663711548"
"1401","2801.5","2801","2802","3.002123475074768","2.9508326053619385","3.0534143447875977"
"1402","2803.5","2803","2804","2.9329075813293457","2.858403205871582","3.0074119567871094"
"1403","2805.5","2805","2806","2.997413158416748","2.9935965538024902","3.001229763031006"
"1404","2807.5","2807","2808","3.020360231399536","3.0033721923828125","3.0373482704162598"
"1405","2809.5","2809","2810","3.0596749782562256","3.034252166748047","3.0850977897644043"
"1406","2811.5","2811","2812","2.962927222251892","2.954821825027466","2.9710326194763184"
"1407","2813.5","2813","2814","2.9372023344039917","2.9154529571533203","2.958951711654663"
"1408","2815.5","2815","2816","3.0285321474075317","2.971442699432373","3.0856215953826904"
"1409","2817.5","2817","2818","2.981562376022339","2.907517910003662","3.0556068420410156"
"1410","2819.5","2819","2820","3.0444308519363403","3.026059865951538","3.0628018379211426"
"1411","2821.5","2821","2822","2.9111613035202026","2.8757057189941406","2.9466168880462646"
"1412","2823.5","2823","2824","2.957064628601074","2.8965864181518555","3.017542839050293"
"1413","2825.5","2825","2826","2.984091639518738","2.9808785915374756","2.9873046875"
"1414","2827.5","2827","2828","2.9523844718933105","2.902287006378174","3.0024819374084473"
"1415","2829.5","2829","2830","2.9812854528427124","2.9333224296569824","3.0292484760284424"
"1416","2831.5","2831","2832","3.0094168186187744","2.9465246200561523","3.0723090171813965"
"1417","2833.5","2833","2834","3.039755344390869","2.9813590049743652","3.098151683807373"
"1418","2835.5","2835","2836","3.0378611087799072","3.0089406967163086","3.066781520843506"
"1419","2837.5","2837","2838","2.987414002418518","2.9250705242156982","3.049757480621338"
"1420","2839.5","2839","2840","2.974871039390564","2.920633316040039","3.029108762741089"
"1421","2841.5","2841","2842","2.962719202041626","2.945345401763916","2.980093002319336"
"1422","2843.5","2843","2844","2.9141063690185547","2.8591110706329346","2.969101667404175"
"1423","2845.5","2845","2846","2.9814069271087646","2.955752372741699","3.00706148147583"
"1424","2847.5","2847","2848","2.94225013256073","2.933530569076538","2.950969696044922"
"1425","2849.5","2849","2850","2.9991278648376465","2.943857192993164","3.054398536682129"
"1426","2851.5","2851","2852","3.0004156827926636","2.938444137573242","3.062387228012085"
"1427","2853.5","2853","2854","2.9399231672286987","2.910439968109131","2.9694063663482666"
"1428","2855.5","2855","2856","2.931365966796875","2.9045841693878174","2.9581477642059326"
"1429","2857.5","2857","2858","3.007829427719116","2.9529402256011963","3.062718629837036"
"1430","2859.5","2859","2860","3.000380277633667","3.0001425743103027","3.0006179809570312"
"1431","2861.5","2861","2862","2.979082465171814","2.92580509185791","3.0323598384857178"
"1432","2863.5","2863","2864","2.955072045326233","2.9509453773498535","2.9591987133026123"
"1433","2865.5","2865","2866","2.9465984106063843","2.927548408508301","2.9656484127044678"
"1434","2867.5","2867","2868","2.99550724029541","2.939513683319092","3.0515007972717285"
"1435","2869.5","2869","2870","2.8984057903289795","2.8572683334350586","2.9395432472229004"
"1436","2871.5","2871","2872","2.9556483030319214","2.8913567066192627","3.01993989944458"
"1437","2873.5","2873","2874","3.046542167663574","3.0067691802978516","3.086315155029297"
"1438","2875.5","2875","2876","2.951731324195862","2.940288782119751","2.9631738662719727"
"1439","2877.5","2877","2878","3.0442841053009033","2.9381072521209717","3.150460958480835"
"1440","2879.5","2879","2880","2.9752506017684937","2.971212148666382","2.9792890548706055"
"1441","2881.5","2881","2882","2.978218913078308","2.9152779579162598","3.0411598682403564"
"1442","2883.5","2883","2884","2.986076593399048","2.9661612510681152","3.0059919357299805"
"1443","2885.5","2885","2886","2.941130518913269","2.9142584800720215","2.9680025577545166"
"1444","2887.5","2887","2888","3.0113134384155273","2.9317846298217773","3.0908422470092773"
"1445","2889.5","2889","2890","2.991603970527649","2.923226833343506","3.059981107711792"
"1446","2891.5","2891","2892","2.9428197145462036","2.9193224906921387","2.9663169384002686"
"1447","2893.5","2893","2894","2.8567875623703003","2.8140392303466797","2.899535894393921"
"1448","2895.5","2895","2896","2.8997892141342163","2.8338863849639893","2.9656920433044434"
"1449","2897.5","2897","2898","2.964563012123108","2.927424907684326","3.0017011165618896"
"1450","2899.5","2899","2900","2.9324947595596313","2.852161169052124","3.0128283500671387"
"1451","2901.5","2901","2902","3.013734459877014","2.86572265625","3.1617462635040283"
"1452","2903.5","2903","2904","2.9991694688796997","2.9967079162597656","3.001631021499634"
"1453","2905.5","2905","2906","2.9764578342437744","2.869208335876465","3.083707332611084"
"1454","2907.5","2907","2908","3.0064282417297363","2.9576711654663086","3.055185317993164"
"1455","2909.5","2909","2910","2.948819637298584","2.9106690883636475","2.9869701862335205"
"1456","2911.5","2911","2912","2.906982898712158","2.822283983230591","2.9916818141937256"
"1457","2913.5","2913","2914","2.959259867668152","2.9328067302703857","2.985713005065918"
"1458","2915.5","2915","2916","2.9971691370010376","2.9782135486602783","3.016124725341797"
"1459","2917.5","2917","2918","2.9558030366897583","2.88871169090271","3.0228943824768066"
"1460","2919.5","2919","2920","2.977326512336731","2.967411994934082","2.98724102973938"
"1461","2921.5","2921","2922","3.051271438598633","2.993835210800171","3.1087076663970947"
"1462","2923.5","2923","2924","3.0392508506774902","3.0328714847564697","3.0456302165985107"
"1463","2925.5","2925","2926","2.958174705505371","2.9535958766937256","2.9627535343170166"
"1464","2927.5","2927","2928","2.9297832250595093","2.8400700092315674","3.019496440887451"
"1465","2929.5","2929","2930","2.97847843170166","2.9213128089904785","3.035644054412842"
"1466","2931.5","2931","2932","2.929528832435608","2.833296537399292","3.025761127471924"
"1467","2933","2933","2933","2.8913373947143555","2.8913373947143555","2.8913373947143555"