"total_tokens","recur1b-mig-212 - _step","recur1b-mig-212 - _step__MIN","recur1b-mig-212 - _step__MAX","recur1b-mig-212 - global_loss","recur1b-mig-212 - global_loss__MIN","recur1b-mig-212 - global_loss__MAX"
"1048576","0","0","0","10.562803268432617","10.562803268432617","10.562803268432617"
"2097152","1","1","1","10.554388046264648","10.554388046264648","10.554388046264648"
"3145728","2","2","2","10.552842140197754","10.552842140197754","10.552842140197754"
"4194304","3","3","3","10.5469331741333","10.5469331741333","10.5469331741333"
"5242880","4","4","4","10.043323516845703","10.043323516845703","10.043323516845703"
"6291456","5","5","5","9.841070175170898","9.841070175170898","9.841070175170898"
"7340032","6","6","6","9.866304397583008","9.866304397583008","9.866304397583008"
"8388608","7","7","7","9.640254974365234","9.640254974365234","9.640254974365234"
"9437184","8","8","8","9.672210693359375","9.672210693359375","9.672210693359375"
"10485760","9","9","9","9.439992904663086","9.439992904663086","9.439992904663086"
"11534336","10","10","10","9.350658416748047","9.350658416748047","9.350658416748047"
"12582912","11","11","11","9.246076583862305","9.246076583862305","9.246076583862305"
"13631488","12","12","12","9.365407943725586","9.365407943725586","9.365407943725586"
"14680064","13","13","13","9.182737350463867","9.182737350463867","9.182737350463867"
"15728640","14","14","14","9.203243255615234","9.203243255615234","9.203243255615234"
"16777216","15","15","15","9.111103057861328","9.111103057861328","9.111103057861328"
"17825792","16","16","16","9.111478805541992","9.111478805541992","9.111478805541992"
"18874368","17","17","17","8.951224327087402","8.951224327087402","8.951224327087402"
"19922944","18","18","18","9.001819610595703","9.001819610595703","9.001819610595703"
"20971520","19","19","19","8.859358787536621","8.859358787536621","8.859358787536621"
"22020096","20","20","20","8.971332550048828","8.971332550048828","8.971332550048828"
"23068672","21","21","21","8.959174156188965","8.959174156188965","8.959174156188965"
"24117248","22","22","22","8.853647232055664","8.853647232055664","8.853647232055664"
"25165824","23","23","23","8.779092788696289","8.779092788696289","8.779092788696289"
"26214400","24","24","24","8.794489860534668","8.794489860534668","8.794489860534668"
"27262976","25","25","25","8.650482177734375","8.650482177734375","8.650482177734375"
"28311552","26","26","26","8.77211856842041","8.77211856842041","8.77211856842041"
"29360128","27","27","27","8.631611824035645","8.631611824035645","8.631611824035645"
"30408704","28","28","28","8.739801406860352","8.739801406860352","8.739801406860352"
"31457280","29","29","29","8.55999755859375","8.55999755859375","8.55999755859375"
"32505856","30","30","30","8.526021003723145","8.526021003723145","8.526021003723145"
"33554432","31","31","31","8.451701164245605","8.451701164245605","8.451701164245605"
"34603008","32","32","32","9.315472602844238","9.315472602844238","9.315472602844238"
"35651584","33","33","33","9.214733123779297","9.214733123779297","9.214733123779297"
"36700160","34","34","34","8.664642333984375","8.664642333984375","8.664642333984375"
"37748736","35","35","35","8.495624542236328","8.495624542236328","8.495624542236328"
"38797312","36","36","36","8.521951675415039","8.521951675415039","8.521951675415039"
"39845888","37","37","37","8.359258651733398","8.359258651733398","8.359258651733398"
"40894464","38","38","38","8.460966110229492","8.460966110229492","8.460966110229492"
"41943040","39","39","39","8.335286140441895","8.335286140441895","8.335286140441895"
"42991616","40","40","40","8.45888900756836","8.45888900756836","8.45888900756836"
"44040192","41","41","41","8.382335662841797","8.382335662841797","8.382335662841797"
"45088768","42","42","42","8.250897407531738","8.250897407531738","8.250897407531738"
"46137344","43","43","43","8.132518768310547","8.132518768310547","8.132518768310547"
"47185920","44","44","44","8.201066017150879","8.201066017150879","8.201066017150879"
"48234496","45","45","45","8.166873931884766","8.166873931884766","8.166873931884766"
"49283072","46","46","46","8.164310455322266","8.164310455322266","8.164310455322266"
"50331648","47","47","47","8.13575553894043","8.13575553894043","8.13575553894043"
"51380224","48","48","48","8.126762390136719","8.126762390136719","8.126762390136719"
"52428800","49","49","49","7.875978469848633","7.875978469848633","7.875978469848633"
"53477376","50","50","50","8.014839172363281","8.014839172363281","8.014839172363281"
"54525952","51","51","51","7.912753582000732","7.912753582000732","7.912753582000732"
"55574528","52","52","52","8.030057907104492","8.030057907104492","8.030057907104492"
"56623104","53","53","53","7.802294731140137","7.802294731140137","7.802294731140137"
"57671680","54","54","54","7.882028579711914","7.882028579711914","7.882028579711914"
"58720256","55","55","55","7.808170318603516","7.808170318603516","7.808170318603516"
"59768832","56","56","56","7.787957191467285","7.787957191467285","7.787957191467285"
"60817408","57","57","57","7.774409770965576","7.774409770965576","7.774409770965576"
"61865984","58","58","58","7.791892051696777","7.791892051696777","7.791892051696777"
"62914560","59","59","59","7.686141490936279","7.686141490936279","7.686141490936279"
"63963136","60","60","60","7.634532928466797","7.634532928466797","7.634532928466797"
"65011712","61","61","61","7.548490524291992","7.548490524291992","7.548490524291992"
"66060288","62","62","62","7.545506477355957","7.545506477355957","7.545506477355957"
"67108864","63","63","63","7.554221153259277","7.554221153259277","7.554221153259277"
"68157440","64","64","64","7.578847885131836","7.578847885131836","7.578847885131836"
"69206016","65","65","65","7.433292388916016","7.433292388916016","7.433292388916016"
"70254592","66","66","66","7.538577079772949","7.538577079772949","7.538577079772949"
"71303168","67","67","67","7.360887050628662","7.360887050628662","7.360887050628662"
"72351744","68","68","68","7.338033199310303","7.338033199310303","7.338033199310303"
"73400320","69","69","69","7.31018590927124","7.31018590927124","7.31018590927124"
"74448896","70","70","70","7.401740074157715","7.401740074157715","7.401740074157715"
"75497472","71","71","71","7.144461154937744","7.144461154937744","7.144461154937744"
"76546048","72","72","72","7.173845291137695","7.173845291137695","7.173845291137695"
"77594624","73","73","73","7.187779903411865","7.187779903411865","7.187779903411865"
"78643200","74","74","74","7.268499374389648","7.268499374389648","7.268499374389648"
"79691776","75","75","75","7.128507614135742","7.128507614135742","7.128507614135742"
"80740352","76","76","76","7.182542324066162","7.182542324066162","7.182542324066162"
"81788928","77","77","77","7.081101894378662","7.081101894378662","7.081101894378662"
"82837504","78","78","78","7.17549991607666","7.17549991607666","7.17549991607666"
"83886080","79","79","79","7.05748176574707","7.05748176574707","7.05748176574707"
"84934656","80","80","80","7.105848789215088","7.105848789215088","7.105848789215088"
"85983232","81","81","81","6.799502372741699","6.799502372741699","6.799502372741699"
"87031808","82","82","82","7.025946617126465","7.025946617126465","7.025946617126465"
"88080384","83","83","83","6.910296440124512","6.910296440124512","6.910296440124512"
"89128960","84","84","84","6.971707344055176","6.971707344055176","6.971707344055176"
"90177536","85","85","85","6.807847023010254","6.807847023010254","6.807847023010254"
"91226112","86","86","86","6.990335941314697","6.990335941314697","6.990335941314697"
"92274688","87","87","87","6.845891952514648","6.845891952514648","6.845891952514648"
"93323264","88","88","88","7.034296035766602","7.034296035766602","7.034296035766602"
"94371840","89","89","89","6.798948764801025","6.798948764801025","6.798948764801025"
"95420416","90","90","90","6.922436714172363","6.922436714172363","6.922436714172363"
"96468992","91","91","91","6.8021650314331055","6.8021650314331055","6.8021650314331055"
"97517568","92","92","92","6.849014759063721","6.849014759063721","6.849014759063721"
"98566144","93","93","93","6.794779300689697","6.794779300689697","6.794779300689697"
"99614720","94","94","94","6.836215496063232","6.836215496063232","6.836215496063232"
"100663296","95","95","95","6.785912990570068","6.785912990570068","6.785912990570068"
"101711872","96","96","96","6.8298444747924805","6.8298444747924805","6.8298444747924805"
"102760448","97","97","97","6.813389778137207","6.813389778137207","6.813389778137207"
"103809024","98","98","98","6.781559944152832","6.781559944152832","6.781559944152832"
"104857600","99","99","99","6.644280433654785","6.644280433654785","6.644280433654785"
"105906176","100","100","100","6.799216270446777","6.799216270446777","6.799216270446777"
"106954752","101","101","101","6.661122798919678","6.661122798919678","6.661122798919678"
"108003328","102","102","102","6.731290817260742","6.731290817260742","6.731290817260742"
"109051904","103","103","103","6.598516941070557","6.598516941070557","6.598516941070557"
"110100480","104","104","104","6.697968006134033","6.697968006134033","6.697968006134033"
"111149056","105","105","105","6.681156158447266","6.681156158447266","6.681156158447266"
"112197632","106","106","106","6.675363540649414","6.675363540649414","6.675363540649414"
"113246208","107","107","107","6.643458366394043","6.643458366394043","6.643458366394043"
"114294784","108","108","108","6.641724586486816","6.641724586486816","6.641724586486816"
"115343360","109","109","109","6.528120517730713","6.528120517730713","6.528120517730713"
"116391936","110","110","110","6.569687843322754","6.569687843322754","6.569687843322754"
"117440512","111","111","111","6.472724437713623","6.472724437713623","6.472724437713623"
"118489088","112","112","112","6.619715690612793","6.619715690612793","6.619715690612793"
"119537664","113","113","113","6.47597599029541","6.47597599029541","6.47597599029541"
"120586240","114","114","114","6.605154991149902","6.605154991149902","6.605154991149902"
"121634816","115","115","115","6.520247459411621","6.520247459411621","6.520247459411621"
"122683392","116","116","116","6.576841831207275","6.576841831207275","6.576841831207275"
"123731968","117","117","117","6.420821189880371","6.420821189880371","6.420821189880371"
"124780544","118","118","118","6.461883544921875","6.461883544921875","6.461883544921875"
"125829120","119","119","119","6.346127510070801","6.346127510070801","6.346127510070801"
"126877696","120","120","120","6.482061386108398","6.482061386108398","6.482061386108398"
"127926272","121","121","121","6.374685287475586","6.374685287475586","6.374685287475586"
"128974848","122","122","122","6.473266124725342","6.473266124725342","6.473266124725342"
"130023424","123","123","123","6.293209075927734","6.293209075927734","6.293209075927734"
"131072000","124","124","124","6.523900508880615","6.523900508880615","6.523900508880615"
"132120576","125","125","125","6.368325233459473","6.368325233459473","6.368325233459473"
"133169152","126","126","126","6.338403224945068","6.338403224945068","6.338403224945068"
"134217728","127","127","127","6.344937801361084","6.344937801361084","6.344937801361084"
"135266304","128","128","128","6.4176554679870605","6.4176554679870605","6.4176554679870605"
"136314880","129","129","129","6.256407737731934","6.256407737731934","6.256407737731934"
"137363456","130","130","130","6.344022750854492","6.344022750854492","6.344022750854492"
"138412032","131","131","131","6.259488105773926","6.259488105773926","6.259488105773926"
"139460608","132","132","132","6.280195236206055","6.280195236206055","6.280195236206055"
"140509184","133","133","133","6.154711723327637","6.154711723327637","6.154711723327637"
"141557760","134","134","134","6.318841457366943","6.318841457366943","6.318841457366943"
"142606336","135","135","135","6.221722602844238","6.221722602844238","6.221722602844238"
"143654912","136","136","136","6.3045806884765625","6.3045806884765625","6.3045806884765625"
"144703488","137","137","137","6.125531196594238","6.125531196594238","6.125531196594238"
"145752064","138","138","138","6.248917579650879","6.248917579650879","6.248917579650879"
"146800640","139","139","139","6.219252109527588","6.219252109527588","6.219252109527588"
"147849216","140","140","140","6.196856498718262","6.196856498718262","6.196856498718262"
"148897792","141","141","141","6.0694379806518555","6.0694379806518555","6.0694379806518555"
"149946368","142","142","142","6.0698347091674805","6.0698347091674805","6.0698347091674805"
"150994944","143","143","143","5.937892436981201","5.937892436981201","5.937892436981201"
"152043520","144","144","144","6.17082405090332","6.17082405090332","6.17082405090332"
"153092096","145","145","145","6.031184196472168","6.031184196472168","6.031184196472168"
"154140672","146","146","146","6.167374610900879","6.167374610900879","6.167374610900879"
"155189248","147","147","147","6.18997049331665","6.18997049331665","6.18997049331665"
"156237824","148","148","148","6.1659040451049805","6.1659040451049805","6.1659040451049805"
"157286400","149","149","149","6.03995418548584","6.03995418548584","6.03995418548584"
"158334976","150","150","150","6.038025379180908","6.038025379180908","6.038025379180908"
"159383552","151","151","151","6.012279987335205","6.012279987335205","6.012279987335205"
"160432128","152","152","152","6.085990905761719","6.085990905761719","6.085990905761719"
"161480704","153","153","153","5.914980888366699","5.914980888366699","5.914980888366699"
"162529280","154","154","154","5.9699201583862305","5.9699201583862305","5.9699201583862305"
"163577856","155","155","155","5.938672065734863","5.938672065734863","5.938672065734863"
"164626432","156","156","156","6.066230773925781","6.066230773925781","6.066230773925781"
"165675008","157","157","157","5.896822452545166","5.896822452545166","5.896822452545166"
"166723584","158","158","158","5.993106365203857","5.993106365203857","5.993106365203857"
"167772160","159","159","159","5.986764430999756","5.986764430999756","5.986764430999756"
"168820736","160","160","160","5.981128215789795","5.981128215789795","5.981128215789795"
"169869312","161","161","161","5.880419731140137","5.880419731140137","5.880419731140137"
"170917888","162","162","162","5.945180892944336","5.945180892944336","5.945180892944336"
"171966464","163","163","163","5.943822860717773","5.943822860717773","5.943822860717773"
"173015040","164","164","164","5.8889923095703125","5.8889923095703125","5.8889923095703125"
"174063616","165","165","165","5.9315385818481445","5.9315385818481445","5.9315385818481445"
"175112192","166","166","166","5.962862491607666","5.962862491607666","5.962862491607666"
"176160768","167","167","167","5.935384750366211","5.935384750366211","5.935384750366211"
"177209344","168","168","168","5.843130111694336","5.843130111694336","5.843130111694336"
"178257920","169","169","169","5.789106369018555","5.789106369018555","5.789106369018555"
"179306496","170","170","170","5.8860697746276855","5.8860697746276855","5.8860697746276855"
"180355072","171","171","171","5.918229579925537","5.918229579925537","5.918229579925537"
"181403648","172","172","172","5.881503105163574","5.881503105163574","5.881503105163574"
"182452224","173","173","173","5.759890556335449","5.759890556335449","5.759890556335449"
"183500800","174","174","174","5.935065269470215","5.935065269470215","5.935065269470215"
"184549376","175","175","175","5.853890419006348","5.853890419006348","5.853890419006348"
"185597952","176","176","176","5.7958984375","5.7958984375","5.7958984375"
"186646528","177","177","177","5.781332492828369","5.781332492828369","5.781332492828369"
"187695104","178","178","178","5.869222164154053","5.869222164154053","5.869222164154053"
"188743680","179","179","179","5.680439472198486","5.680439472198486","5.680439472198486"
"189792256","180","180","180","5.829084396362305","5.829084396362305","5.829084396362305"
"190840832","181","181","181","5.817286014556885","5.817286014556885","5.817286014556885"
"191889408","182","182","182","5.83241605758667","5.83241605758667","5.83241605758667"
"192937984","183","183","183","5.704216003417969","5.704216003417969","5.704216003417969"
"193986560","184","184","184","5.838751792907715","5.838751792907715","5.838751792907715"
"195035136","185","185","185","5.756287574768066","5.756287574768066","5.756287574768066"
"196083712","186","186","186","5.725596904754639","5.725596904754639","5.725596904754639"
"197132288","187","187","187","5.7575483322143555","5.7575483322143555","5.7575483322143555"
"198180864","188","188","188","5.8088579177856445","5.8088579177856445","5.8088579177856445"
"199229440","189","189","189","5.74073600769043","5.74073600769043","5.74073600769043"
"200278016","190","190","190","5.763375282287598","5.763375282287598","5.763375282287598"
"201326592","191","191","191","5.728474140167236","5.728474140167236","5.728474140167236"
"202375168","192","192","192","5.724144458770752","5.724144458770752","5.724144458770752"
"203423744","193","193","193","5.751903057098389","5.751903057098389","5.751903057098389"
"204472320","194","194","194","5.809141159057617","5.809141159057617","5.809141159057617"
"205520896","195","195","195","5.675098896026611","5.675098896026611","5.675098896026611"
"206569472","196","196","196","5.709778308868408","5.709778308868408","5.709778308868408"
"207618048","197","197","197","5.566389083862305","5.566389083862305","5.566389083862305"
"208666624","198","198","198","5.715174674987793","5.715174674987793","5.715174674987793"
"209715200","199","199","199","5.676006317138672","5.676006317138672","5.676006317138672"
"210763776","200","200","200","5.7691569328308105","5.7691569328308105","5.7691569328308105"
"211812352","201","201","201","5.571895599365234","5.571895599365234","5.571895599365234"
"212860928","202","202","202","5.689948081970215","5.689948081970215","5.689948081970215"
"213909504","203","203","203","5.621803283691406","5.621803283691406","5.621803283691406"
"214958080","204","204","204","5.658918857574463","5.658918857574463","5.658918857574463"
"216006656","205","205","205","5.628524303436279","5.628524303436279","5.628524303436279"
"217055232","206","206","206","5.567859172821045","5.567859172821045","5.567859172821045"
"218103808","207","207","207","5.620542526245117","5.620542526245117","5.620542526245117"
"219152384","208","208","208","5.662240982055664","5.662240982055664","5.662240982055664"
"220200960","209","209","209","5.5519609451293945","5.5519609451293945","5.5519609451293945"
"221249536","210","210","210","5.630296230316162","5.630296230316162","5.630296230316162"
"222298112","211","211","211","5.557961940765381","5.557961940765381","5.557961940765381"
"223346688","212","212","212","5.599043846130371","5.599043846130371","5.599043846130371"
"224395264","213","213","213","5.591135025024414","5.591135025024414","5.591135025024414"
"225443840","214","214","214","5.648190498352051","5.648190498352051","5.648190498352051"
"226492416","215","215","215","5.586381912231445","5.586381912231445","5.586381912231445"
"227540992","216","216","216","5.589974403381348","5.589974403381348","5.589974403381348"
"228589568","217","217","217","5.5836896896362305","5.5836896896362305","5.5836896896362305"
"229638144","218","218","218","5.557135581970215","5.557135581970215","5.557135581970215"
"230686720","219","219","219","5.519531726837158","5.519531726837158","5.519531726837158"
"231735296","220","220","220","5.516273498535156","5.516273498535156","5.516273498535156"
"232783872","221","221","221","5.536064147949219","5.536064147949219","5.536064147949219"
"233832448","222","222","222","5.520866870880127","5.520866870880127","5.520866870880127"
"234881024","223","223","223","5.460219860076904","5.460219860076904","5.460219860076904"
"235929600","224","224","224","5.50349235534668","5.50349235534668","5.50349235534668"
"236978176","225","225","225","5.4580254554748535","5.4580254554748535","5.4580254554748535"
"238026752","226","226","226","5.580979824066162","5.580979824066162","5.580979824066162"
"239075328","227","227","227","5.535369873046875","5.535369873046875","5.535369873046875"
"240123904","228","228","228","5.553169250488281","5.553169250488281","5.553169250488281"
"241172480","229","229","229","5.437715530395508","5.437715530395508","5.437715530395508"
"242221056","230","230","230","5.491530418395996","5.491530418395996","5.491530418395996"
"243269632","231","231","231","5.376288414001465","5.376288414001465","5.376288414001465"
"244318208","232","232","232","5.465972900390625","5.465972900390625","5.465972900390625"
"245366784","233","233","233","5.453241348266602","5.453241348266602","5.453241348266602"
"246415360","234","234","234","5.500917434692383","5.500917434692383","5.500917434692383"
"247463936","235","235","235","5.457526206970215","5.457526206970215","5.457526206970215"
"248512512","236","236","236","5.5044074058532715","5.5044074058532715","5.5044074058532715"
"249561088","237","237","237","5.468901634216309","5.468901634216309","5.468901634216309"
"250609664","238","238","238","5.503748416900635","5.503748416900635","5.503748416900635"
"251658240","239","239","239","5.364786624908447","5.364786624908447","5.364786624908447"
"252706816","240","240","240","5.452070236206055","5.452070236206055","5.452070236206055"
"253755392","241","241","241","5.396880149841309","5.396880149841309","5.396880149841309"
"254803968","242","242","242","5.510463237762451","5.510463237762451","5.510463237762451"
"255852544","243","243","243","5.438570022583008","5.438570022583008","5.438570022583008"
"256901120","244","244","244","5.439583778381348","5.439583778381348","5.439583778381348"
"257949696","245","245","245","5.358885765075684","5.358885765075684","5.358885765075684"
"258998272","246","246","246","5.422612190246582","5.422612190246582","5.422612190246582"
"260046848","247","247","247","5.3973283767700195","5.3973283767700195","5.3973283767700195"
"261095424","248","248","248","5.4752278327941895","5.4752278327941895","5.4752278327941895"
"262144000","249","249","249","5.377645015716553","5.377645015716553","5.377645015716553"
"263192576","250","250","250","5.47743034362793","5.47743034362793","5.47743034362793"
"264241152","251","251","251","5.327399253845215","5.327399253845215","5.327399253845215"
"265289728","252","252","252","5.412280559539795","5.412280559539795","5.412280559539795"
"266338304","253","253","253","5.395862579345703","5.395862579345703","5.395862579345703"
"267386880","254","254","254","5.349010467529297","5.349010467529297","5.349010467529297"
"268435456","255","255","255","5.285867691040039","5.285867691040039","5.285867691040039"
"269484032","256","256","256","5.430085182189941","5.430085182189941","5.430085182189941"
"270532608","257","257","257","5.359968185424805","5.359968185424805","5.359968185424805"
"271581184","258","258","258","5.365312099456787","5.365312099456787","5.365312099456787"
"272629760","259","259","259","5.293247222900391","5.293247222900391","5.293247222900391"
"273678336","260","260","260","5.318751811981201","5.318751811981201","5.318751811981201"
"274726912","261","261","261","5.31620454788208","5.31620454788208","5.31620454788208"
"275775488","262","262","262","5.353724479675293","5.353724479675293","5.353724479675293"
"276824064","263","263","263","5.361159801483154","5.361159801483154","5.361159801483154"
"277872640","264","264","264","5.369623184204102","5.369623184204102","5.369623184204102"
"278921216","265","265","265","5.354987144470215","5.354987144470215","5.354987144470215"
"279969792","266","266","266","5.3558735847473145","5.3558735847473145","5.3558735847473145"
"281018368","267","267","267","5.364995002746582","5.364995002746582","5.364995002746582"
"282066944","268","268","268","5.385477066040039","5.385477066040039","5.385477066040039"
"283115520","269","269","269","5.298158645629883","5.298158645629883","5.298158645629883"
"284164096","270","270","270","5.406607151031494","5.406607151031494","5.406607151031494"
"285212672","271","271","271","5.342275619506836","5.342275619506836","5.342275619506836"
"286261248","272","272","272","5.327956199645996","5.327956199645996","5.327956199645996"
"287309824","273","273","273","5.315441131591797","5.315441131591797","5.315441131591797"
"288358400","274","274","274","5.376348972320557","5.376348972320557","5.376348972320557"
"289406976","275","275","275","5.345747947692871","5.345747947692871","5.345747947692871"
"290455552","276","276","276","5.353394031524658","5.353394031524658","5.353394031524658"
"291504128","277","277","277","5.209009170532227","5.209009170532227","5.209009170532227"
"292552704","278","278","278","5.2778120040893555","5.2778120040893555","5.2778120040893555"
"293601280","279","279","279","5.287230491638184","5.287230491638184","5.287230491638184"
"294649856","280","280","280","5.306320667266846","5.306320667266846","5.306320667266846"
"295698432","281","281","281","5.258386611938477","5.258386611938477","5.258386611938477"
"296747008","282","282","282","5.249652862548828","5.249652862548828","5.249652862548828"
"297795584","283","283","283","5.198233604431152","5.198233604431152","5.198233604431152"
"298844160","284","284","284","5.260911464691162","5.260911464691162","5.260911464691162"
"299892736","285","285","285","5.2575531005859375","5.2575531005859375","5.2575531005859375"
"300941312","286","286","286","5.295773983001709","5.295773983001709","5.295773983001709"
"301989888","287","287","287","5.233384609222412","5.233384609222412","5.233384609222412"
"303038464","288","288","288","5.2507710456848145","5.2507710456848145","5.2507710456848145"
"304087040","289","289","289","5.267031669616699","5.267031669616699","5.267031669616699"
"305135616","290","290","290","5.236058712005615","5.236058712005615","5.236058712005615"
"306184192","291","291","291","5.221953392028809","5.221953392028809","5.221953392028809"
"307232768","292","292","292","5.318233013153076","5.318233013153076","5.318233013153076"
"308281344","293","293","293","5.24837589263916","5.24837589263916","5.24837589263916"
"309329920","294","294","294","5.147508144378662","5.147508144378662","5.147508144378662"
"310378496","295","295","295","5.166817665100098","5.166817665100098","5.166817665100098"
"311427072","296","296","296","5.2528228759765625","5.2528228759765625","5.2528228759765625"
"312475648","297","297","297","5.2368879318237305","5.2368879318237305","5.2368879318237305"
"313524224","298","298","298","5.263151168823242","5.263151168823242","5.263151168823242"
"314572800","299","299","299","5.287497043609619","5.287497043609619","5.287497043609619"
"315621376","300","300","300","5.242805480957031","5.242805480957031","5.242805480957031"
"316669952","301","301","301","5.149161338806152","5.149161338806152","5.149161338806152"
"317718528","302","302","302","5.300300598144531","5.300300598144531","5.300300598144531"
"318767104","303","303","303","5.1624436378479","5.1624436378479","5.1624436378479"
"319815680","304","304","304","5.281106472015381","5.281106472015381","5.281106472015381"
"320864256","305","305","305","5.144740581512451","5.144740581512451","5.144740581512451"
"321912832","306","306","306","5.19839334487915","5.19839334487915","5.19839334487915"
"322961408","307","307","307","5.175893783569336","5.175893783569336","5.175893783569336"
"324009984","308","308","308","5.18916130065918","5.18916130065918","5.18916130065918"
"325058560","309","309","309","5.155324935913086","5.155324935913086","5.155324935913086"
"326107136","310","310","310","5.2342729568481445","5.2342729568481445","5.2342729568481445"
"327155712","311","311","311","5.203188896179199","5.203188896179199","5.203188896179199"
"328204288","312","312","312","5.173270225524902","5.173270225524902","5.173270225524902"
"329252864","313","313","313","5.1847968101501465","5.1847968101501465","5.1847968101501465"
"330301440","314","314","314","5.2607293128967285","5.2607293128967285","5.2607293128967285"
"331350016","315","315","315","5.105838298797607","5.105838298797607","5.105838298797607"
"332398592","316","316","316","5.097843170166016","5.097843170166016","5.097843170166016"
"333447168","317","317","317","5.108320236206055","5.108320236206055","5.108320236206055"
"334495744","318","318","318","5.160212516784668","5.160212516784668","5.160212516784668"
"335544320","319","319","319","5.150589466094971","5.150589466094971","5.150589466094971"
"336592896","320","320","320","5.193784713745117","5.193784713745117","5.193784713745117"
"337641472","321","321","321","5.10945987701416","5.10945987701416","5.10945987701416"
"338690048","322","322","322","5.179225444793701","5.179225444793701","5.179225444793701"
"339738624","323","323","323","5.1165618896484375","5.1165618896484375","5.1165618896484375"
"340787200","324","324","324","5.171953201293945","5.171953201293945","5.171953201293945"
"341835776","325","325","325","5.164301872253418","5.164301872253418","5.164301872253418"
"342884352","326","326","326","5.153481483459473","5.153481483459473","5.153481483459473"
"343932928","327","327","327","5.075140476226807","5.075140476226807","5.075140476226807"
"344981504","328","328","328","5.096588611602783","5.096588611602783","5.096588611602783"
"346030080","329","329","329","5.180027484893799","5.180027484893799","5.180027484893799"
"347078656","330","330","330","5.1076483726501465","5.1076483726501465","5.1076483726501465"
"348127232","331","331","331","4.991997241973877","4.991997241973877","4.991997241973877"
"349175808","332","332","332","5.181116104125977","5.181116104125977","5.181116104125977"
"350224384","333","333","333","5.072471618652344","5.072471618652344","5.072471618652344"
"351272960","334","334","334","5.179553031921387","5.179553031921387","5.179553031921387"
"352321536","335","335","335","5.1587677001953125","5.1587677001953125","5.1587677001953125"
"353370112","336","336","336","5.037400245666504","5.037400245666504","5.037400245666504"
"354418688","337","337","337","5.023137092590332","5.023137092590332","5.023137092590332"
"355467264","338","338","338","5.106922149658203","5.106922149658203","5.106922149658203"
"356515840","339","339","339","5.023043155670166","5.023043155670166","5.023043155670166"
"357564416","340","340","340","5.0958662033081055","5.0958662033081055","5.0958662033081055"
"358612992","341","341","341","5.0818328857421875","5.0818328857421875","5.0818328857421875"
"359661568","342","342","342","5.046992301940918","5.046992301940918","5.046992301940918"
"360710144","343","343","343","5.085232257843018","5.085232257843018","5.085232257843018"
"361758720","344","344","344","5.137187957763672","5.137187957763672","5.137187957763672"
"362807296","345","345","345","5.082888603210449","5.082888603210449","5.082888603210449"
"363855872","346","346","346","5.128762245178223","5.128762245178223","5.128762245178223"
"364904448","347","347","347","4.908842086791992","4.908842086791992","4.908842086791992"
"365953024","348","348","348","5.122461318969727","5.122461318969727","5.122461318969727"
"367001600","349","349","349","5.094600200653076","5.094600200653076","5.094600200653076"
"368050176","350","350","350","5.083535194396973","5.083535194396973","5.083535194396973"
"369098752","351","351","351","5.032435417175293","5.032435417175293","5.032435417175293"
"370147328","352","352","352","5.076818943023682","5.076818943023682","5.076818943023682"
"371195904","353","353","353","5.05134391784668","5.05134391784668","5.05134391784668"
"372244480","354","354","354","5.100286960601807","5.100286960601807","5.100286960601807"
"373293056","355","355","355","4.992776870727539","4.992776870727539","4.992776870727539"
"374341632","356","356","356","5.050956726074219","5.050956726074219","5.050956726074219"
"375390208","357","357","357","5.031042098999023","5.031042098999023","5.031042098999023"
"376438784","358","358","358","5.047572135925293","5.047572135925293","5.047572135925293"
"377487360","359","359","359","4.960675239562988","4.960675239562988","4.960675239562988"
"378535936","360","360","360","5.042171478271484","5.042171478271484","5.042171478271484"
"379584512","361","361","361","4.9367146492004395","4.9367146492004395","4.9367146492004395"
"380633088","362","362","362","5.10312557220459","5.10312557220459","5.10312557220459"
"381681664","363","363","363","5.017156600952148","5.017156600952148","5.017156600952148"
"382730240","364","364","364","5.053732395172119","5.053732395172119","5.053732395172119"
"383778816","365","365","365","4.98764705657959","4.98764705657959","4.98764705657959"
"384827392","366","366","366","5.049250602722168","5.049250602722168","5.049250602722168"
"385875968","367","367","367","4.977337837219238","4.977337837219238","4.977337837219238"
"386924544","368","368","368","5.106581211090088","5.106581211090088","5.106581211090088"
"387973120","369","369","369","5.038020610809326","5.038020610809326","5.038020610809326"
"389021696","370","370","370","4.961361885070801","4.961361885070801","4.961361885070801"
"390070272","371","371","371","4.958186149597168","4.958186149597168","4.958186149597168"
"391118848","372","372","372","5.09039831161499","5.09039831161499","5.09039831161499"
"392167424","373","373","373","4.892827987670898","4.892827987670898","4.892827987670898"
"393216000","374","374","374","4.995319843292236","4.995319843292236","4.995319843292236"
"394264576","375","375","375","4.926716327667236","4.926716327667236","4.926716327667236"
"395313152","376","376","376","4.993549823760986","4.993549823760986","4.993549823760986"
"396361728","377","377","377","4.857017517089844","4.857017517089844","4.857017517089844"
"397410304","378","378","378","4.910284519195557","4.910284519195557","4.910284519195557"
"398458880","379","379","379","4.828873157501221","4.828873157501221","4.828873157501221"
"399507456","380","380","380","4.952653884887695","4.952653884887695","4.952653884887695"
"400556032","381","381","381","4.858405113220215","4.858405113220215","4.858405113220215"
"401604608","382","382","382","4.9710540771484375","4.9710540771484375","4.9710540771484375"
"402653184","383","383","383","4.749851226806641","4.749851226806641","4.749851226806641"
"403701760","384","384","384","4.983623027801514","4.983623027801514","4.983623027801514"
"404750336","385","385","385","4.790101528167725","4.790101528167725","4.790101528167725"
"405798912","386","386","386","4.987954616546631","4.987954616546631","4.987954616546631"
"406847488","387","387","387","4.852351188659668","4.852351188659668","4.852351188659668"
"407896064","388","388","388","4.953392505645752","4.953392505645752","4.953392505645752"
"408944640","389","389","389","4.899418354034424","4.899418354034424","4.899418354034424"
"409993216","390","390","390","4.941800117492676","4.941800117492676","4.941800117492676"
"411041792","391","391","391","4.913227558135986","4.913227558135986","4.913227558135986"
"412090368","392","392","392","4.97889518737793","4.97889518737793","4.97889518737793"
"413138944","393","393","393","5.014881134033203","5.014881134033203","5.014881134033203"
"414187520","394","394","394","4.981081962585449","4.981081962585449","4.981081962585449"
"415236096","395","395","395","4.954435348510742","4.954435348510742","4.954435348510742"
"416284672","396","396","396","4.964295387268066","4.964295387268066","4.964295387268066"
"417333248","397","397","397","4.932116508483887","4.932116508483887","4.932116508483887"
"418381824","398","398","398","4.956548690795898","4.956548690795898","4.956548690795898"
"419430400","399","399","399","4.860836505889893","4.860836505889893","4.860836505889893"
"420478976","400","400","400","4.888391017913818","4.888391017913818","4.888391017913818"
"421527552","401","401","401","4.931290149688721","4.931290149688721","4.931290149688721"
"422576128","402","402","402","4.982294082641602","4.982294082641602","4.982294082641602"
"423624704","403","403","403","4.905381202697754","4.905381202697754","4.905381202697754"
"424673280","404","404","404","4.918797492980957","4.918797492980957","4.918797492980957"
"425721856","405","405","405","4.985777854919434","4.985777854919434","4.985777854919434"
"426770432","406","406","406","4.945777893066406","4.945777893066406","4.945777893066406"
"427819008","407","407","407","4.833950519561768","4.833950519561768","4.833950519561768"
"428867584","408","408","408","4.944468975067139","4.944468975067139","4.944468975067139"
"429916160","409","409","409","4.812350273132324","4.812350273132324","4.812350273132324"
"430964736","410","410","410","4.955453395843506","4.955453395843506","4.955453395843506"
"432013312","411","411","411","4.933447360992432","4.933447360992432","4.933447360992432"
"433061888","412","412","412","4.908199310302734","4.908199310302734","4.908199310302734"
"434110464","413","413","413","4.868829727172852","4.868829727172852","4.868829727172852"
"435159040","414","414","414","4.810894966125488","4.810894966125488","4.810894966125488"
"436207616","415","415","415","4.857097148895264","4.857097148895264","4.857097148895264"
"437256192","416","416","416","4.954054355621338","4.954054355621338","4.954054355621338"
"438304768","417","417","417","4.8731513023376465","4.8731513023376465","4.8731513023376465"
"439353344","418","418","418","4.94073486328125","4.94073486328125","4.94073486328125"
"440401920","419","419","419","4.858985424041748","4.858985424041748","4.858985424041748"
"441450496","420","420","420","4.914386749267578","4.914386749267578","4.914386749267578"
"442499072","421","421","421","4.7966203689575195","4.7966203689575195","4.7966203689575195"
"443547648","422","422","422","4.913923740386963","4.913923740386963","4.913923740386963"
"444596224","423","423","423","4.843051910400391","4.843051910400391","4.843051910400391"
"445644800","424","424","424","4.826696872711182","4.826696872711182","4.826696872711182"
"446693376","425","425","425","4.828566074371338","4.828566074371338","4.828566074371338"
"447741952","426","426","426","4.891825199127197","4.891825199127197","4.891825199127197"
"448790528","427","427","427","4.822025299072266","4.822025299072266","4.822025299072266"
"449839104","428","428","428","4.816802501678467","4.816802501678467","4.816802501678467"
"450887680","429","429","429","4.723237991333008","4.723237991333008","4.723237991333008"
"451936256","430","430","430","4.860504150390625","4.860504150390625","4.860504150390625"
"452984832","431","431","431","4.780733585357666","4.780733585357666","4.780733585357666"
"454033408","432","432","432","4.882513046264648","4.882513046264648","4.882513046264648"
"455081984","433","433","433","4.790477752685547","4.790477752685547","4.790477752685547"
"456130560","434","434","434","4.784179210662842","4.784179210662842","4.784179210662842"
"457179136","435","435","435","4.696208953857422","4.696208953857422","4.696208953857422"
"458227712","436","436","436","4.848958969116211","4.848958969116211","4.848958969116211"
"459276288","437","437","437","4.776425838470459","4.776425838470459","4.776425838470459"
"460324864","438","438","438","4.845890998840332","4.845890998840332","4.845890998840332"
"461373440","439","439","439","4.7444000244140625","4.7444000244140625","4.7444000244140625"
"462422016","440","440","440","4.860902309417725","4.860902309417725","4.860902309417725"
"463470592","441","441","441","4.740683078765869","4.740683078765869","4.740683078765869"
"464519168","442","442","442","4.809422016143799","4.809422016143799","4.809422016143799"
"465567744","443","443","443","4.7092485427856445","4.7092485427856445","4.7092485427856445"
"466616320","444","444","444","4.881478309631348","4.881478309631348","4.881478309631348"
"467664896","445","445","445","4.885412693023682","4.885412693023682","4.885412693023682"
"468713472","446","446","446","4.8811235427856445","4.8811235427856445","4.8811235427856445"
"469762048","447","447","447","4.78607177734375","4.78607177734375","4.78607177734375"
"470810624","448","448","448","4.81551456451416","4.81551456451416","4.81551456451416"
"471859200","449","449","449","4.777664661407471","4.777664661407471","4.777664661407471"
"472907776","450","450","450","4.762548446655273","4.762548446655273","4.762548446655273"
"473956352","451","451","451","4.825784683227539","4.825784683227539","4.825784683227539"
"475004928","452","452","452","4.794775485992432","4.794775485992432","4.794775485992432"
"476053504","453","453","453","4.673982620239258","4.673982620239258","4.673982620239258"
"477102080","454","454","454","4.843207359313965","4.843207359313965","4.843207359313965"
"478150656","455","455","455","4.737983703613281","4.737983703613281","4.737983703613281"
"479199232","456","456","456","4.765545845031738","4.765545845031738","4.765545845031738"
"480247808","457","457","457","4.724922180175781","4.724922180175781","4.724922180175781"
"481296384","458","458","458","4.864572048187256","4.864572048187256","4.864572048187256"
"482344960","459","459","459","4.803040504455566","4.803040504455566","4.803040504455566"
"483393536","460","460","460","4.807209014892578","4.807209014892578","4.807209014892578"
"484442112","461","461","461","4.754113674163818","4.754113674163818","4.754113674163818"
"485490688","462","462","462","4.817251682281494","4.817251682281494","4.817251682281494"
"486539264","463","463","463","4.714629650115967","4.714629650115967","4.714629650115967"
"487587840","464","464","464","4.809176445007324","4.809176445007324","4.809176445007324"
"488636416","465","465","465","4.663202285766602","4.663202285766602","4.663202285766602"
"489684992","466","466","466","4.7712082862854","4.7712082862854","4.7712082862854"
"490733568","467","467","467","4.716143608093262","4.716143608093262","4.716143608093262"
"491782144","468","468","468","4.789556980133057","4.789556980133057","4.789556980133057"
"492830720","469","469","469","4.700305938720703","4.700305938720703","4.700305938720703"
"493879296","470","470","470","4.713568210601807","4.713568210601807","4.713568210601807"
"494927872","471","471","471","4.718985557556152","4.718985557556152","4.718985557556152"
"495976448","472","472","472","4.7054033279418945","4.7054033279418945","4.7054033279418945"
"497025024","473","473","473","4.6100969314575195","4.6100969314575195","4.6100969314575195"
"498073600","474","474","474","4.698131561279297","4.698131561279297","4.698131561279297"
"499122176","475","475","475","4.674089431762695","4.674089431762695","4.674089431762695"
"500170752","476","476","476","4.791466236114502","4.791466236114502","4.791466236114502"
"501219328","477","477","477","4.683342456817627","4.683342456817627","4.683342456817627"
"502267904","478","478","478","4.737939357757568","4.737939357757568","4.737939357757568"
"503316480","479","479","479","4.6803412437438965","4.6803412437438965","4.6803412437438965"
"504365056","480","480","480","4.7837233543396","4.7837233543396","4.7837233543396"
"505413632","481","481","481","4.698948383331299","4.698948383331299","4.698948383331299"
"506462208","482","482","482","4.695651054382324","4.695651054382324","4.695651054382324"
"507510784","483","483","483","4.784224033355713","4.784224033355713","4.784224033355713"
"508559360","484","484","484","4.731029033660889","4.731029033660889","4.731029033660889"
"509607936","485","485","485","4.677475929260254","4.677475929260254","4.677475929260254"
"510656512","486","486","486","4.775938034057617","4.775938034057617","4.775938034057617"
"511705088","487","487","487","4.734841346740723","4.734841346740723","4.734841346740723"
"512753664","488","488","488","4.769686698913574","4.769686698913574","4.769686698913574"
"513802240","489","489","489","4.734386444091797","4.734386444091797","4.734386444091797"
"514850816","490","490","490","4.774893760681152","4.774893760681152","4.774893760681152"
"515899392","491","491","491","4.628030776977539","4.628030776977539","4.628030776977539"
"516947968","492","492","492","4.731937408447266","4.731937408447266","4.731937408447266"
"517996544","493","493","493","4.6639404296875","4.6639404296875","4.6639404296875"
"519045120","494","494","494","4.723175525665283","4.723175525665283","4.723175525665283"
"520093696","495","495","495","4.6575422286987305","4.6575422286987305","4.6575422286987305"
"521142272","496","496","496","4.673444747924805","4.673444747924805","4.673444747924805"
"522190848","497","497","497","4.663192272186279","4.663192272186279","4.663192272186279"
"523239424","498","498","498","4.70189094543457","4.70189094543457","4.70189094543457"
"524288000","499","499","499","4.600234031677246","4.600234031677246","4.600234031677246"
"525336576","500","500","500","4.680703163146973","4.680703163146973","4.680703163146973"
"526385152","501","501","501","4.70313835144043","4.70313835144043","4.70313835144043"
"527433728","502","502","502","4.745943069458008","4.745943069458008","4.745943069458008"
"528482304","503","503","503","4.6210832595825195","4.6210832595825195","4.6210832595825195"
"529530880","504","504","504","4.619946479797363","4.619946479797363","4.619946479797363"
"530579456","505","505","505","4.579834938049316","4.579834938049316","4.579834938049316"
"531628032","506","506","506","4.654577255249023","4.654577255249023","4.654577255249023"
"532676608","507","507","507","4.658740520477295","4.658740520477295","4.658740520477295"
"533725184","508","508","508","4.719532012939453","4.719532012939453","4.719532012939453"
"534773760","509","509","509","4.657517910003662","4.657517910003662","4.657517910003662"
"535822336","510","510","510","4.723093032836914","4.723093032836914","4.723093032836914"
"536870912","511","511","511","4.585392475128174","4.585392475128174","4.585392475128174"
"537919488","512","512","512","4.6858744621276855","4.6858744621276855","4.6858744621276855"
"538968064","513","513","513","4.6029229164123535","4.6029229164123535","4.6029229164123535"
"540016640","514","514","514","4.722907543182373","4.722907543182373","4.722907543182373"
"541065216","515","515","515","4.606934547424316","4.606934547424316","4.606934547424316"
"542113792","516","516","516","4.712188720703125","4.712188720703125","4.712188720703125"
"543162368","517","517","517","4.603785037994385","4.603785037994385","4.603785037994385"
"544210944","518","518","518","4.680251121520996","4.680251121520996","4.680251121520996"
"545259520","519","519","519","4.568200588226318","4.568200588226318","4.568200588226318"
"546308096","520","520","520","4.644332408905029","4.644332408905029","4.644332408905029"
"547356672","521","521","521","4.6262640953063965","4.6262640953063965","4.6262640953063965"
"548405248","522","522","522","4.622815132141113","4.622815132141113","4.622815132141113"
"549453824","523","523","523","4.512892723083496","4.512892723083496","4.512892723083496"
"550502400","524","524","524","4.696124076843262","4.696124076843262","4.696124076843262"
"551550976","525","525","525","4.528928756713867","4.528928756713867","4.528928756713867"
"552599552","526","526","526","4.685658931732178","4.685658931732178","4.685658931732178"
"553648128","527","527","527","4.551436424255371","4.551436424255371","4.551436424255371"
"554696704","528","528","528","4.628813743591309","4.628813743591309","4.628813743591309"
"555745280","529","529","529","4.553798198699951","4.553798198699951","4.553798198699951"
"556793856","530","530","530","4.597043514251709","4.597043514251709","4.597043514251709"
"557842432","531","531","531","4.571271896362305","4.571271896362305","4.571271896362305"
"558891008","532","532","532","4.690098285675049","4.690098285675049","4.690098285675049"
"559939584","533","533","533","4.649304389953613","4.649304389953613","4.649304389953613"
"560988160","534","534","534","4.63504695892334","4.63504695892334","4.63504695892334"
"562036736","535","535","535","4.556359767913818","4.556359767913818","4.556359767913818"
"563085312","536","536","536","4.654396057128906","4.654396057128906","4.654396057128906"
"564133888","537","537","537","4.611640453338623","4.611640453338623","4.611640453338623"
"565182464","538","538","538","4.638551235198975","4.638551235198975","4.638551235198975"
"566231040","539","539","539","4.489384174346924","4.489384174346924","4.489384174346924"
"567279616","540","540","540","4.624776840209961","4.624776840209961","4.624776840209961"
"568328192","541","541","541","4.533398628234863","4.533398628234863","4.533398628234863"
"569376768","542","542","542","4.5963029861450195","4.5963029861450195","4.5963029861450195"
"570425344","543","543","543","4.639767646789551","4.639767646789551","4.639767646789551"
"571473920","544","544","544","4.675396919250488","4.675396919250488","4.675396919250488"
"572522496","545","545","545","4.600760459899902","4.600760459899902","4.600760459899902"
"573571072","546","546","546","4.544961929321289","4.544961929321289","4.544961929321289"
"574619648","547","547","547","4.592007160186768","4.592007160186768","4.592007160186768"
"575668224","548","548","548","4.550663948059082","4.550663948059082","4.550663948059082"
"576716800","549","549","549","4.501099109649658","4.501099109649658","4.501099109649658"
"577765376","550","550","550","4.593404293060303","4.593404293060303","4.593404293060303"
"578813952","551","551","551","4.524872779846191","4.524872779846191","4.524872779846191"
"579862528","552","552","552","4.642287254333496","4.642287254333496","4.642287254333496"
"580911104","553","553","553","4.57016134262085","4.57016134262085","4.57016134262085"
"581959680","554","554","554","4.501283168792725","4.501283168792725","4.501283168792725"
"583008256","555","555","555","4.551702499389648","4.551702499389648","4.551702499389648"
"584056832","556","556","556","4.5217604637146","4.5217604637146","4.5217604637146"
"585105408","557","557","557","4.452309608459473","4.452309608459473","4.452309608459473"
"586153984","558","558","558","4.493230819702148","4.493230819702148","4.493230819702148"
"587202560","559","559","559","4.4805588722229","4.4805588722229","4.4805588722229"
"588251136","560","560","560","4.5345139503479","4.5345139503479","4.5345139503479"
"589299712","561","561","561","4.467924118041992","4.467924118041992","4.467924118041992"
"590348288","562","562","562","4.566354751586914","4.566354751586914","4.566354751586914"
"591396864","563","563","563","4.53721284866333","4.53721284866333","4.53721284866333"
"592445440","564","564","564","4.6122331619262695","4.6122331619262695","4.6122331619262695"
"593494016","565","565","565","4.531981468200684","4.531981468200684","4.531981468200684"
"594542592","566","566","566","4.476912975311279","4.476912975311279","4.476912975311279"
"595591168","567","567","567","4.516002655029297","4.516002655029297","4.516002655029297"
"596639744","568","568","568","4.598852634429932","4.598852634429932","4.598852634429932"
"597688320","569","569","569","4.49668025970459","4.49668025970459","4.49668025970459"
"598736896","570","570","570","4.510477066040039","4.510477066040039","4.510477066040039"
"599785472","571","571","571","4.543702125549316","4.543702125549316","4.543702125549316"
"600834048","572","572","572","4.595177173614502","4.595177173614502","4.595177173614502"
"601882624","573","573","573","4.500870704650879","4.500870704650879","4.500870704650879"
"602931200","574","574","574","4.571563720703125","4.571563720703125","4.571563720703125"
"603979776","575","575","575","4.4146223068237305","4.4146223068237305","4.4146223068237305"
"605028352","576","576","576","4.508918762207031","4.508918762207031","4.508918762207031"
"606076928","577","577","577","4.5309553146362305","4.5309553146362305","4.5309553146362305"
"607125504","578","578","578","4.559077262878418","4.559077262878418","4.559077262878418"
"608174080","579","579","579","4.531668663024902","4.531668663024902","4.531668663024902"
"609222656","580","580","580","4.566609859466553","4.566609859466553","4.566609859466553"
"610271232","581","581","581","4.499079704284668","4.499079704284668","4.499079704284668"
"611319808","582","582","582","4.573731899261475","4.573731899261475","4.573731899261475"
"612368384","583","583","583","4.486806869506836","4.486806869506836","4.486806869506836"
"613416960","584","584","584","4.552231788635254","4.552231788635254","4.552231788635254"
"614465536","585","585","585","4.528354167938232","4.528354167938232","4.528354167938232"
"615514112","586","586","586","4.539312839508057","4.539312839508057","4.539312839508057"
"616562688","587","587","587","4.382558822631836","4.382558822631836","4.382558822631836"
"617611264","588","588","588","4.545677661895752","4.545677661895752","4.545677661895752"
"618659840","589","589","589","4.52934455871582","4.52934455871582","4.52934455871582"
"619708416","590","590","590","4.5037760734558105","4.5037760734558105","4.5037760734558105"
"620756992","591","591","591","4.480189800262451","4.480189800262451","4.480189800262451"
"621805568","592","592","592","4.531171798706055","4.531171798706055","4.531171798706055"
"622854144","593","593","593","4.477379322052002","4.477379322052002","4.477379322052002"
"623902720","594","594","594","4.470046520233154","4.470046520233154","4.470046520233154"
"624951296","595","595","595","4.463416576385498","4.463416576385498","4.463416576385498"
"625999872","596","596","596","4.519662857055664","4.519662857055664","4.519662857055664"
"627048448","597","597","597","4.495482921600342","4.495482921600342","4.495482921600342"
"628097024","598","598","598","4.563356399536133","4.563356399536133","4.563356399536133"
"629145600","599","599","599","4.4726409912109375","4.4726409912109375","4.4726409912109375"
"630194176","600","600","600","4.542181968688965","4.542181968688965","4.542181968688965"
"631242752","601","601","601","4.448068618774414","4.448068618774414","4.448068618774414"
"632291328","602","602","602","4.5447096824646","4.5447096824646","4.5447096824646"
"633339904","603","603","603","4.454526901245117","4.454526901245117","4.454526901245117"
"634388480","604","604","604","4.5316362380981445","4.5316362380981445","4.5316362380981445"
"635437056","605","605","605","4.455254554748535","4.455254554748535","4.455254554748535"
"636485632","606","606","606","4.504217147827148","4.504217147827148","4.504217147827148"
"637534208","607","607","607","4.488701820373535","4.488701820373535","4.488701820373535"
"638582784","608","608","608","4.534234046936035","4.534234046936035","4.534234046936035"
"639631360","609","609","609","4.507499694824219","4.507499694824219","4.507499694824219"
"640679936","610","610","610","4.564829349517822","4.564829349517822","4.564829349517822"
"641728512","611","611","611","4.450939655303955","4.450939655303955","4.450939655303955"
"642777088","612","612","612","4.4761810302734375","4.4761810302734375","4.4761810302734375"
"643825664","613","613","613","4.437845706939697","4.437845706939697","4.437845706939697"
"644874240","614","614","614","4.519449234008789","4.519449234008789","4.519449234008789"
"645922816","615","615","615","4.478773593902588","4.478773593902588","4.478773593902588"
"646971392","616","616","616","4.529274940490723","4.529274940490723","4.529274940490723"
"648019968","617","617","617","4.438206672668457","4.438206672668457","4.438206672668457"
"649068544","618","618","618","4.567532539367676","4.567532539367676","4.567532539367676"
"650117120","619","619","619","4.420053005218506","4.420053005218506","4.420053005218506"
"651165696","620","620","620","4.545705318450928","4.545705318450928","4.545705318450928"
"652214272","621","621","621","4.463631629943848","4.463631629943848","4.463631629943848"
"653262848","622","622","622","4.509243011474609","4.509243011474609","4.509243011474609"
"654311424","623","623","623","4.4686784744262695","4.4686784744262695","4.4686784744262695"
"655360000","624","624","624","4.449087142944336","4.449087142944336","4.449087142944336"
"656408576","625","625","625","4.40536642074585","4.40536642074585","4.40536642074585"
"657457152","626","626","626","4.458410263061523","4.458410263061523","4.458410263061523"
"658505728","627","627","627","4.418018341064453","4.418018341064453","4.418018341064453"
"659554304","628","628","628","4.444748878479004","4.444748878479004","4.444748878479004"
"660602880","629","629","629","4.368696212768555","4.368696212768555","4.368696212768555"
"661651456","630","630","630","4.365569591522217","4.365569591522217","4.365569591522217"
"662700032","631","631","631","4.453656196594238","4.453656196594238","4.453656196594238"
"663748608","632","632","632","4.485317707061768","4.485317707061768","4.485317707061768"
"664797184","633","633","633","4.409745216369629","4.409745216369629","4.409745216369629"
"665845760","634","634","634","4.495665073394775","4.495665073394775","4.495665073394775"
"666894336","635","635","635","4.414580345153809","4.414580345153809","4.414580345153809"
"667942912","636","636","636","4.487208366394043","4.487208366394043","4.487208366394043"
"668991488","637","637","637","4.362570762634277","4.362570762634277","4.362570762634277"
"670040064","638","638","638","4.497509479522705","4.497509479522705","4.497509479522705"
"671088640","639","639","639","4.4988555908203125","4.4988555908203125","4.4988555908203125"
"672137216","640","640","640","4.4018096923828125","4.4018096923828125","4.4018096923828125"
"673185792","641","641","641","4.380420684814453","4.380420684814453","4.380420684814453"
"674234368","642","642","642","4.4227423667907715","4.4227423667907715","4.4227423667907715"
"675282944","643","643","643","4.439254283905029","4.439254283905029","4.439254283905029"
"676331520","644","644","644","4.460988521575928","4.460988521575928","4.460988521575928"
"677380096","645","645","645","4.411893844604492","4.411893844604492","4.411893844604492"
"678428672","646","646","646","4.477512836456299","4.477512836456299","4.477512836456299"
"679477248","647","647","647","4.337212085723877","4.337212085723877","4.337212085723877"
"680525824","648","648","648","4.42302131652832","4.42302131652832","4.42302131652832"
"681574400","649","649","649","4.369809627532959","4.369809627532959","4.369809627532959"
"682622976","650","650","650","4.383664608001709","4.383664608001709","4.383664608001709"
"683671552","651","651","651","4.348620414733887","4.348620414733887","4.348620414733887"
"684720128","652","652","652","4.490340232849121","4.490340232849121","4.490340232849121"
"685768704","653","653","653","4.391717910766602","4.391717910766602","4.391717910766602"
"686817280","654","654","654","4.462330341339111","4.462330341339111","4.462330341339111"
"687865856","655","655","655","4.350379467010498","4.350379467010498","4.350379467010498"
"688914432","656","656","656","4.431529998779297","4.431529998779297","4.431529998779297"
"689963008","657","657","657","4.425394058227539","4.425394058227539","4.425394058227539"
"691011584","658","658","658","4.363816738128662","4.363816738128662","4.363816738128662"
"692060160","659","659","659","4.324665546417236","4.324665546417236","4.324665546417236"
"693108736","660","660","660","4.369259357452393","4.369259357452393","4.369259357452393"
"694157312","661","661","661","4.37191915512085","4.37191915512085","4.37191915512085"
"695205888","662","662","662","4.415565490722656","4.415565490722656","4.415565490722656"
"696254464","663","663","663","4.4336395263671875","4.4336395263671875","4.4336395263671875"
"697303040","664","664","664","4.415390968322754","4.415390968322754","4.415390968322754"
"698351616","665","665","665","4.387484550476074","4.387484550476074","4.387484550476074"
"699400192","666","666","666","4.413171291351318","4.413171291351318","4.413171291351318"
"700448768","667","667","667","4.422234535217285","4.422234535217285","4.422234535217285"
"701497344","668","668","668","4.4820098876953125","4.4820098876953125","4.4820098876953125"
"702545920","669","669","669","4.403621196746826","4.403621196746826","4.403621196746826"
"703594496","670","670","670","4.385622978210449","4.385622978210449","4.385622978210449"
"704643072","671","671","671","4.368772029876709","4.368772029876709","4.368772029876709"
"705691648","672","672","672","4.408592224121094","4.408592224121094","4.408592224121094"
"706740224","673","673","673","4.304499626159668","4.304499626159668","4.304499626159668"
"707788800","674","674","674","4.3781328201293945","4.3781328201293945","4.3781328201293945"
"708837376","675","675","675","4.3639984130859375","4.3639984130859375","4.3639984130859375"
"709885952","676","676","676","4.467466831207275","4.467466831207275","4.467466831207275"
"710934528","677","677","677","4.324145793914795","4.324145793914795","4.324145793914795"
"711983104","678","678","678","4.401033878326416","4.401033878326416","4.401033878326416"
"713031680","679","679","679","4.381732940673828","4.381732940673828","4.381732940673828"
"714080256","680","680","680","4.428153038024902","4.428153038024902","4.428153038024902"
"715128832","681","681","681","4.310092449188232","4.310092449188232","4.310092449188232"
"716177408","682","682","682","4.349954128265381","4.349954128265381","4.349954128265381"
"717225984","683","683","683","4.320487976074219","4.320487976074219","4.320487976074219"
"718274560","684","684","684","4.390751361846924","4.390751361846924","4.390751361846924"
"719323136","685","685","685","4.411780834197998","4.411780834197998","4.411780834197998"
"720371712","686","686","686","4.418990135192871","4.418990135192871","4.418990135192871"
"721420288","687","687","687","4.313617706298828","4.313617706298828","4.313617706298828"
"722468864","688","688","688","4.395586013793945","4.395586013793945","4.395586013793945"
"723517440","689","689","689","4.304662704467773","4.304662704467773","4.304662704467773"
"724566016","690","690","690","4.402425765991211","4.402425765991211","4.402425765991211"
"725614592","691","691","691","4.355195045471191","4.355195045471191","4.355195045471191"
"726663168","692","692","692","4.415506362915039","4.415506362915039","4.415506362915039"
"727711744","693","693","693","4.350030899047852","4.350030899047852","4.350030899047852"
"728760320","694","694","694","4.337404727935791","4.337404727935791","4.337404727935791"
"729808896","695","695","695","4.298579216003418","4.298579216003418","4.298579216003418"
"730857472","696","696","696","4.35862398147583","4.35862398147583","4.35862398147583"
"731906048","697","697","697","4.375925540924072","4.375925540924072","4.375925540924072"
"732954624","698","698","698","4.38218879699707","4.38218879699707","4.38218879699707"
"734003200","699","699","699","4.327126502990723","4.327126502990723","4.327126502990723"
"735051776","700","700","700","4.432596206665039","4.432596206665039","4.432596206665039"
"736100352","701","701","701","4.354328155517578","4.354328155517578","4.354328155517578"
"737148928","702","702","702","4.386163234710693","4.386163234710693","4.386163234710693"
"738197504","703","703","703","4.32499361038208","4.32499361038208","4.32499361038208"
"739246080","704","704","704","4.347505569458008","4.347505569458008","4.347505569458008"
"740294656","705","705","705","4.2609028816223145","4.2609028816223145","4.2609028816223145"
"741343232","706","706","706","4.249171733856201","4.249171733856201","4.249171733856201"
"742391808","707","707","707","4.228867053985596","4.228867053985596","4.228867053985596"
"743440384","708","708","708","4.340886116027832","4.340886116027832","4.340886116027832"
"744488960","709","709","709","4.284581184387207","4.284581184387207","4.284581184387207"
"745537536","710","710","710","4.352360725402832","4.352360725402832","4.352360725402832"
"746586112","711","711","711","4.340285301208496","4.340285301208496","4.340285301208496"
"747634688","712","712","712","4.340244293212891","4.340244293212891","4.340244293212891"
"748683264","713","713","713","4.369075775146484","4.369075775146484","4.369075775146484"
"749731840","714","714","714","4.221022605895996","4.221022605895996","4.221022605895996"
"750780416","715","715","715","4.2652058601379395","4.2652058601379395","4.2652058601379395"
"751828992","716","716","716","4.374907493591309","4.374907493591309","4.374907493591309"
"752877568","717","717","717","4.36622428894043","4.36622428894043","4.36622428894043"
"753926144","718","718","718","4.311572074890137","4.311572074890137","4.311572074890137"
"754974720","719","719","719","4.355514049530029","4.355514049530029","4.355514049530029"
"756023296","720","720","720","4.302685737609863","4.302685737609863","4.302685737609863"
"757071872","721","721","721","4.303059101104736","4.303059101104736","4.303059101104736"
"758120448","722","722","722","4.3468852043151855","4.3468852043151855","4.3468852043151855"
"759169024","723","723","723","4.3698859214782715","4.3698859214782715","4.3698859214782715"
"760217600","724","724","724","4.368727207183838","4.368727207183838","4.368727207183838"
"761266176","725","725","725","4.242426872253418","4.242426872253418","4.242426872253418"
"762314752","726","726","726","4.337652683258057","4.337652683258057","4.337652683258057"
"763363328","727","727","727","4.314249515533447","4.314249515533447","4.314249515533447"
"764411904","728","728","728","4.328980445861816","4.328980445861816","4.328980445861816"
"765460480","729","729","729","4.182126998901367","4.182126998901367","4.182126998901367"
"766509056","730","730","730","4.34339714050293","4.34339714050293","4.34339714050293"
"767557632","731","731","731","4.3178324699401855","4.3178324699401855","4.3178324699401855"
"768606208","732","732","732","4.35615873336792","4.35615873336792","4.35615873336792"
"769654784","733","733","733","4.256750106811523","4.256750106811523","4.256750106811523"
"770703360","734","734","734","4.351199150085449","4.351199150085449","4.351199150085449"
"771751936","735","735","735","4.270821571350098","4.270821571350098","4.270821571350098"
"772800512","736","736","736","4.346456050872803","4.346456050872803","4.346456050872803"
"773849088","737","737","737","4.2608137130737305","4.2608137130737305","4.2608137130737305"
"774897664","738","738","738","4.234410762786865","4.234410762786865","4.234410762786865"
"775946240","739","739","739","4.240970611572266","4.240970611572266","4.240970611572266"
"776994816","740","740","740","4.36086893081665","4.36086893081665","4.36086893081665"
"778043392","741","741","741","4.270862102508545","4.270862102508545","4.270862102508545"
"779091968","742","742","742","4.220196723937988","4.220196723937988","4.220196723937988"
"780140544","743","743","743","4.200873851776123","4.200873851776123","4.200873851776123"
"781189120","744","744","744","4.2608642578125","4.2608642578125","4.2608642578125"
"782237696","745","745","745","4.197619438171387","4.197619438171387","4.197619438171387"
"783286272","746","746","746","4.301608562469482","4.301608562469482","4.301608562469482"
"784334848","747","747","747","4.2610626220703125","4.2610626220703125","4.2610626220703125"
"785383424","748","748","748","4.236519813537598","4.236519813537598","4.236519813537598"
"786432000","749","749","749","4.251097202301025","4.251097202301025","4.251097202301025"
"787480576","750","750","750","4.28290319442749","4.28290319442749","4.28290319442749"
"788529152","751","751","751","4.238604545593262","4.238604545593262","4.238604545593262"
"789577728","752","752","752","4.285273551940918","4.285273551940918","4.285273551940918"
"790626304","753","753","753","4.283334732055664","4.283334732055664","4.283334732055664"
"791674880","754","754","754","4.241250991821289","4.241250991821289","4.241250991821289"
"792723456","755","755","755","4.145025730133057","4.145025730133057","4.145025730133057"
"793772032","756","756","756","4.207785606384277","4.207785606384277","4.207785606384277"
"794820608","757","757","757","4.197228908538818","4.197228908538818","4.197228908538818"
"795869184","758","758","758","4.3583292961120605","4.3583292961120605","4.3583292961120605"
"796917760","759","759","759","4.193817138671875","4.193817138671875","4.193817138671875"
"797966336","760","760","760","4.191018581390381","4.191018581390381","4.191018581390381"
"799014912","761","761","761","4.234700679779053","4.234700679779053","4.234700679779053"
"800063488","762","762","762","4.296937942504883","4.296937942504883","4.296937942504883"
"801112064","763","763","763","4.179838180541992","4.179838180541992","4.179838180541992"
"802160640","764","764","764","4.334070205688477","4.334070205688477","4.334070205688477"
"803209216","765","765","765","4.267127513885498","4.267127513885498","4.267127513885498"
"804257792","766","766","766","4.342118263244629","4.342118263244629","4.342118263244629"
"805306368","767","767","767","4.169164657592773","4.169164657592773","4.169164657592773"
"806354944","768","768","768","4.292119026184082","4.292119026184082","4.292119026184082"
"807403520","769","769","769","4.258944511413574","4.258944511413574","4.258944511413574"
"808452096","770","770","770","4.219918251037598","4.219918251037598","4.219918251037598"
"809500672","771","771","771","4.207274913787842","4.207274913787842","4.207274913787842"
"810549248","772","772","772","4.3082098960876465","4.3082098960876465","4.3082098960876465"
"811597824","773","773","773","4.149625301361084","4.149625301361084","4.149625301361084"
"812646400","774","774","774","4.295162677764893","4.295162677764893","4.295162677764893"
"813694976","775","775","775","4.250919818878174","4.250919818878174","4.250919818878174"
"814743552","776","776","776","4.224729061126709","4.224729061126709","4.224729061126709"
"815792128","777","777","777","4.124774932861328","4.124774932861328","4.124774932861328"
"816840704","778","778","778","4.260241508483887","4.260241508483887","4.260241508483887"
"817889280","779","779","779","4.174643516540527","4.174643516540527","4.174643516540527"
"818937856","780","780","780","4.18178653717041","4.18178653717041","4.18178653717041"
"819986432","781","781","781","4.143066883087158","4.143066883087158","4.143066883087158"
"821035008","782","782","782","4.250026226043701","4.250026226043701","4.250026226043701"
"822083584","783","783","783","4.178513526916504","4.178513526916504","4.178513526916504"
"823132160","784","784","784","4.261269569396973","4.261269569396973","4.261269569396973"
"824180736","785","785","785","4.265100479125977","4.265100479125977","4.265100479125977"
"825229312","786","786","786","4.245785713195801","4.245785713195801","4.245785713195801"
"826277888","787","787","787","4.197432994842529","4.197432994842529","4.197432994842529"
"827326464","788","788","788","4.189563274383545","4.189563274383545","4.189563274383545"
"828375040","789","789","789","4.184584617614746","4.184584617614746","4.184584617614746"
"829423616","790","790","790","4.198051452636719","4.198051452636719","4.198051452636719"
"830472192","791","791","791","4.199629783630371","4.199629783630371","4.199629783630371"
"831520768","792","792","792","4.220973968505859","4.220973968505859","4.220973968505859"
"832569344","793","793","793","4.243646621704102","4.243646621704102","4.243646621704102"
"833617920","794","794","794","4.219684600830078","4.219684600830078","4.219684600830078"
"834666496","795","795","795","4.18097448348999","4.18097448348999","4.18097448348999"
"835715072","796","796","796","4.222214221954346","4.222214221954346","4.222214221954346"
"836763648","797","797","797","4.156422138214111","4.156422138214111","4.156422138214111"
"837812224","798","798","798","4.211245059967041","4.211245059967041","4.211245059967041"
"838860800","799","799","799","4.117937088012695","4.117937088012695","4.117937088012695"
"839909376","800","800","800","4.238511562347412","4.238511562347412","4.238511562347412"
"840957952","801","801","801","4.208899021148682","4.208899021148682","4.208899021148682"
"842006528","802","802","802","4.161642074584961","4.161642074584961","4.161642074584961"
"843055104","803","803","803","4.090890407562256","4.090890407562256","4.090890407562256"
"844103680","804","804","804","4.279901027679443","4.279901027679443","4.279901027679443"
"845152256","805","805","805","4.171396732330322","4.171396732330322","4.171396732330322"
"846200832","806","806","806","4.229557037353516","4.229557037353516","4.229557037353516"
"847249408","807","807","807","4.151905536651611","4.151905536651611","4.151905536651611"
"848297984","808","808","808","4.126900672912598","4.126900672912598","4.126900672912598"
"849346560","809","809","809","4.111385345458984","4.111385345458984","4.111385345458984"
"850395136","810","810","810","4.210356712341309","4.210356712341309","4.210356712341309"
"851443712","811","811","811","4.103108882904053","4.103108882904053","4.103108882904053"
"852492288","812","812","812","4.115639686584473","4.115639686584473","4.115639686584473"
"853540864","813","813","813","4.140784740447998","4.140784740447998","4.140784740447998"
"854589440","814","814","814","4.141667366027832","4.141667366027832","4.141667366027832"
"855638016","815","815","815","4.168237686157227","4.168237686157227","4.168237686157227"
"856686592","816","816","816","4.107316017150879","4.107316017150879","4.107316017150879"
"857735168","817","817","817","4.115024566650391","4.115024566650391","4.115024566650391"
"858783744","818","818","818","4.174463272094727","4.174463272094727","4.174463272094727"
"859832320","819","819","819","4.150276184082031","4.150276184082031","4.150276184082031"
"860880896","820","820","820","4.197463035583496","4.197463035583496","4.197463035583496"
"861929472","821","821","821","4.122661590576172","4.122661590576172","4.122661590576172"
"862978048","822","822","822","4.246410369873047","4.246410369873047","4.246410369873047"
"864026624","823","823","823","4.125818252563477","4.125818252563477","4.125818252563477"
"865075200","824","824","824","4.1621222496032715","4.1621222496032715","4.1621222496032715"
"866123776","825","825","825","4.076656341552734","4.076656341552734","4.076656341552734"
"867172352","826","826","826","4.2109856605529785","4.2109856605529785","4.2109856605529785"
"868220928","827","827","827","4.193264961242676","4.193264961242676","4.193264961242676"
"869269504","828","828","828","4.148841857910156","4.148841857910156","4.148841857910156"
"870318080","829","829","829","4.149300575256348","4.149300575256348","4.149300575256348"
"871366656","830","830","830","4.170242786407471","4.170242786407471","4.170242786407471"
"872415232","831","831","831","4.1471662521362305","4.1471662521362305","4.1471662521362305"
"873463808","832","832","832","4.129138946533203","4.129138946533203","4.129138946533203"
"874512384","833","833","833","4.128566741943359","4.128566741943359","4.128566741943359"
"875560960","834","834","834","4.198447227478027","4.198447227478027","4.198447227478027"
"876609536","835","835","835","4.059213161468506","4.059213161468506","4.059213161468506"
"877658112","836","836","836","4.103650093078613","4.103650093078613","4.103650093078613"
"878706688","837","837","837","4.106913089752197","4.106913089752197","4.106913089752197"
"879755264","838","838","838","4.179263114929199","4.179263114929199","4.179263114929199"
"880803840","839","839","839","4.125089645385742","4.125089645385742","4.125089645385742"
"881852416","840","840","840","4.110771179199219","4.110771179199219","4.110771179199219"
"882900992","841","841","841","4.028260231018066","4.028260231018066","4.028260231018066"
"883949568","842","842","842","4.089697360992432","4.089697360992432","4.089697360992432"
"884998144","843","843","843","4.08432149887085","4.08432149887085","4.08432149887085"
"886046720","844","844","844","4.116875171661377","4.116875171661377","4.116875171661377"
"887095296","845","845","845","4.103375434875488","4.103375434875488","4.103375434875488"
"888143872","846","846","846","4.1762261390686035","4.1762261390686035","4.1762261390686035"
"889192448","847","847","847","4.108640670776367","4.108640670776367","4.108640670776367"
"890241024","848","848","848","4.113275051116943","4.113275051116943","4.113275051116943"
"891289600","849","849","849","4.094982624053955","4.094982624053955","4.094982624053955"
"892338176","850","850","850","4.159444808959961","4.159444808959961","4.159444808959961"
"893386752","851","851","851","4.164346218109131","4.164346218109131","4.164346218109131"
"894435328","852","852","852","4.145839214324951","4.145839214324951","4.145839214324951"
"895483904","853","853","853","4.1248674392700195","4.1248674392700195","4.1248674392700195"
"896532480","854","854","854","4.13646125793457","4.13646125793457","4.13646125793457"
"897581056","855","855","855","4.0572123527526855","4.0572123527526855","4.0572123527526855"
"898629632","856","856","856","4.113372325897217","4.113372325897217","4.113372325897217"
"899678208","857","857","857","4.147171497344971","4.147171497344971","4.147171497344971"
"900726784","858","858","858","4.132529258728027","4.132529258728027","4.132529258728027"
"901775360","859","859","859","4.08919620513916","4.08919620513916","4.08919620513916"
"902823936","860","860","860","4.197207927703857","4.197207927703857","4.197207927703857"
"903872512","861","861","861","4.105082988739014","4.105082988739014","4.105082988739014"
"904921088","862","862","862","4.1096930503845215","4.1096930503845215","4.1096930503845215"
"905969664","863","863","863","4.153059959411621","4.153059959411621","4.153059959411621"
"907018240","864","864","864","4.086336612701416","4.086336612701416","4.086336612701416"
"908066816","865","865","865","3.981419563293457","3.981419563293457","3.981419563293457"
"909115392","866","866","866","4.118052959442139","4.118052959442139","4.118052959442139"
"910163968","867","867","867","4.039008140563965","4.039008140563965","4.039008140563965"
"911212544","868","868","868","4.070592880249023","4.070592880249023","4.070592880249023"
"912261120","869","869","869","3.972553253173828","3.972553253173828","3.972553253173828"
"913309696","870","870","870","4.127626419067383","4.127626419067383","4.127626419067383"
"914358272","871","871","871","4.066276550292969","4.066276550292969","4.066276550292969"
"915406848","872","872","872","4.069551944732666","4.069551944732666","4.069551944732666"
"916455424","873","873","873","4.051138401031494","4.051138401031494","4.051138401031494"
"917504000","874","874","874","4.0820465087890625","4.0820465087890625","4.0820465087890625"
"918552576","875","875","875","4.099637508392334","4.099637508392334","4.099637508392334"
"919601152","876","876","876","4.134389877319336","4.134389877319336","4.134389877319336"
"920649728","877","877","877","4.038530349731445","4.038530349731445","4.038530349731445"
"921698304","878","878","878","4.080007553100586","4.080007553100586","4.080007553100586"
"922746880","879","879","879","4.165853977203369","4.165853977203369","4.165853977203369"
"923795456","880","880","880","4.111202239990234","4.111202239990234","4.111202239990234"
"924844032","881","881","881","4.029547691345215","4.029547691345215","4.029547691345215"
"925892608","882","882","882","4.082590579986572","4.082590579986572","4.082590579986572"
"926941184","883","883","883","3.9492008686065674","3.9492008686065674","3.9492008686065674"
"927989760","884","884","884","4.095945835113525","4.095945835113525","4.095945835113525"
"929038336","885","885","885","4.08344841003418","4.08344841003418","4.08344841003418"
"930086912","886","886","886","4.070743560791016","4.070743560791016","4.070743560791016"
"931135488","887","887","887","4.047791004180908","4.047791004180908","4.047791004180908"
"932184064","888","888","888","4.17252254486084","4.17252254486084","4.17252254486084"
"933232640","889","889","889","4.080931186676025","4.080931186676025","4.080931186676025"
"934281216","890","890","890","4.159377098083496","4.159377098083496","4.159377098083496"
"935329792","891","891","891","4.066230773925781","4.066230773925781","4.066230773925781"
"936378368","892","892","892","4.13491153717041","4.13491153717041","4.13491153717041"
"937426944","893","893","893","4.050718307495117","4.050718307495117","4.050718307495117"
"938475520","894","894","894","4.099520206451416","4.099520206451416","4.099520206451416"
"939524096","895","895","895","4.042052268981934","4.042052268981934","4.042052268981934"
"940572672","896","896","896","4.025908470153809","4.025908470153809","4.025908470153809"
"941621248","897","897","897","4.0364274978637695","4.0364274978637695","4.0364274978637695"
"942669824","898","898","898","4.069515705108643","4.069515705108643","4.069515705108643"
"943718400","899","899","899","4.000622749328613","4.000622749328613","4.000622749328613"
"944766976","900","900","900","4.125707626342773","4.125707626342773","4.125707626342773"
"945815552","901","901","901","3.9947359561920166","3.9947359561920166","3.9947359561920166"
"946864128","902","902","902","4.037968158721924","4.037968158721924","4.037968158721924"
"947912704","903","903","903","4.057112693786621","4.057112693786621","4.057112693786621"
"948961280","904","904","904","4.064701080322266","4.064701080322266","4.064701080322266"
"950009856","905","905","905","3.966677188873291","3.966677188873291","3.966677188873291"
"951058432","906","906","906","4.0911760330200195","4.0911760330200195","4.0911760330200195"
"952107008","907","907","907","3.9719016551971436","3.9719016551971436","3.9719016551971436"
"953155584","908","908","908","4.048535346984863","4.048535346984863","4.048535346984863"
"954204160","909","909","909","3.9307003021240234","3.9307003021240234","3.9307003021240234"
"955252736","910","910","910","4.0055389404296875","4.0055389404296875","4.0055389404296875"
"956301312","911","911","911","4.078446388244629","4.078446388244629","4.078446388244629"
"957349888","912","912","912","4.137414932250977","4.137414932250977","4.137414932250977"
"958398464","913","913","913","3.9596848487854004","3.9596848487854004","3.9596848487854004"
"959447040","914","914","914","4.126358509063721","4.126358509063721","4.126358509063721"
"960495616","915","915","915","4.018417835235596","4.018417835235596","4.018417835235596"
"961544192","916","916","916","4.030014514923096","4.030014514923096","4.030014514923096"
"962592768","917","917","917","3.9487075805664062","3.9487075805664062","3.9487075805664062"
"963641344","918","918","918","3.947307586669922","3.947307586669922","3.947307586669922"
"964689920","919","919","919","3.8680500984191895","3.8680500984191895","3.8680500984191895"
"965738496","920","920","920","3.994239568710327","3.994239568710327","3.994239568710327"
"966787072","921","921","921","3.8769924640655518","3.8769924640655518","3.8769924640655518"
"967835648","922","922","922","3.9027347564697266","3.9027347564697266","3.9027347564697266"
"968884224","923","923","923","3.7738845348358154","3.7738845348358154","3.7738845348358154"
"969932800","924","924","924","3.967642307281494","3.967642307281494","3.967642307281494"
"970981376","925","925","925","3.930759906768799","3.930759906768799","3.930759906768799"
"972029952","926","926","926","3.860917091369629","3.860917091369629","3.860917091369629"
"973078528","927","927","927","3.7201950550079346","3.7201950550079346","3.7201950550079346"
"974127104","928","928","928","3.878325939178467","3.878325939178467","3.878325939178467"
"975175680","929","929","929","3.893794536590576","3.893794536590576","3.893794536590576"
"976224256","930","930","930","3.948701858520508","3.948701858520508","3.948701858520508"
"977272832","931","931","931","3.8308701515197754","3.8308701515197754","3.8308701515197754"
"978321408","932","932","932","3.7851009368896484","3.7851009368896484","3.7851009368896484"
"979369984","933","933","933","3.8783769607543945","3.8783769607543945","3.8783769607543945"
"980418560","934","934","934","3.960361957550049","3.960361957550049","3.960361957550049"
"981467136","935","935","935","3.9179062843322754","3.9179062843322754","3.9179062843322754"
"982515712","936","936","936","3.88301157951355","3.88301157951355","3.88301157951355"
"983564288","937","937","937","3.742129325866699","3.742129325866699","3.742129325866699"
"984612864","938","938","938","3.9093375205993652","3.9093375205993652","3.9093375205993652"
"985661440","939","939","939","3.8150904178619385","3.8150904178619385","3.8150904178619385"
"986710016","940","940","940","3.7562756538391113","3.7562756538391113","3.7562756538391113"
"987758592","941","941","941","3.742063522338867","3.742063522338867","3.742063522338867"
"988807168","942","942","942","3.8399367332458496","3.8399367332458496","3.8399367332458496"
"989855744","943","943","943","3.873972177505493","3.873972177505493","3.873972177505493"
"990904320","944","944","944","4.087317943572998","4.087317943572998","4.087317943572998"
"991952896","945","945","945","3.9496891498565674","3.9496891498565674","3.9496891498565674"
"993001472","946","946","946","3.937110424041748","3.937110424041748","3.937110424041748"
"994050048","947","947","947","3.8727803230285645","3.8727803230285645","3.8727803230285645"
"995098624","948","948","948","3.939450263977051","3.939450263977051","3.939450263977051"
"996147200","949","949","949","3.93756365776062","3.93756365776062","3.93756365776062"
"997195776","950","950","950","3.9854040145874023","3.9854040145874023","3.9854040145874023"
"998244352","951","951","951","3.929466485977173","3.929466485977173","3.929466485977173"
"999292928","952","952","952","4.021694660186768","4.021694660186768","4.021694660186768"
"1000341504","953","953","953","3.9361605644226074","3.9361605644226074","3.9361605644226074"
"1001390080","954","954","954","3.681863307952881","3.681863307952881","3.681863307952881"
"1002438656","955","955","955","3.7499265670776367","3.7499265670776367","3.7499265670776367"
"1003487232","956","956","956","3.7908968925476074","3.7908968925476074","3.7908968925476074"
"1004535808","957","957","957","3.682188034057617","3.682188034057617","3.682188034057617"
"1005584384","958","958","958","3.8225340843200684","3.8225340843200684","3.8225340843200684"
"1006632960","959","959","959","3.7874350547790527","3.7874350547790527","3.7874350547790527"
"1007681536","960","960","960","3.857234477996826","3.857234477996826","3.857234477996826"
"1008730112","961","961","961","3.8892970085144043","3.8892970085144043","3.8892970085144043"
"1009778688","962","962","962","3.9366533756256104","3.9366533756256104","3.9366533756256104"
"1010827264","963","963","963","3.8736331462860107","3.8736331462860107","3.8736331462860107"
"1011875840","964","964","964","3.973832607269287","3.973832607269287","3.973832607269287"
"1012924416","965","965","965","3.8380300998687744","3.8380300998687744","3.8380300998687744"
"1013972992","966","966","966","3.9411938190460205","3.9411938190460205","3.9411938190460205"
"1015021568","967","967","967","3.9234156608581543","3.9234156608581543","3.9234156608581543"
"1016070144","968","968","968","3.9070885181427","3.9070885181427","3.9070885181427"
"1017118720","969","969","969","3.673884630203247","3.673884630203247","3.673884630203247"
"1018167296","970","970","970","3.7523117065429688","3.7523117065429688","3.7523117065429688"
"1019215872","971","971","971","3.701688289642334","3.701688289642334","3.701688289642334"
"1020264448","972","972","972","3.6674041748046875","3.6674041748046875","3.6674041748046875"
"1021313024","973","973","973","3.6692049503326416","3.6692049503326416","3.6692049503326416"
"1022361600","974","974","974","3.856659412384033","3.856659412384033","3.856659412384033"
"1023410176","975","975","975","3.6971707344055176","3.6971707344055176","3.6971707344055176"
"1024458752","976","976","976","3.8455963134765625","3.8455963134765625","3.8455963134765625"
"1025507328","977","977","977","3.8347370624542236","3.8347370624542236","3.8347370624542236"
"1026555904","978","978","978","3.8441591262817383","3.8441591262817383","3.8441591262817383"
"1027604480","979","979","979","3.7761740684509277","3.7761740684509277","3.7761740684509277"
"1028653056","980","980","980","3.8334639072418213","3.8334639072418213","3.8334639072418213"
"1029701632","981","981","981","3.683650016784668","3.683650016784668","3.683650016784668"
"1030750208","982","982","982","3.8903403282165527","3.8903403282165527","3.8903403282165527"
"1031798784","983","983","983","3.8558247089385986","3.8558247089385986","3.8558247089385986"
"1032847360","984","984","984","3.9415271282196045","3.9415271282196045","3.9415271282196045"
"1033895936","985","985","985","3.823129177093506","3.823129177093506","3.823129177093506"
"1034944512","986","986","986","3.711374044418335","3.711374044418335","3.711374044418335"
"1035993088","987","987","987","3.705687999725342","3.705687999725342","3.705687999725342"
"1037041664","988","988","988","3.8537161350250244","3.8537161350250244","3.8537161350250244"
"1038090240","989","989","989","3.8324363231658936","3.8324363231658936","3.8324363231658936"
"1039138816","990","990","990","3.7593307495117188","3.7593307495117188","3.7593307495117188"
"1040187392","991","991","991","3.615828275680542","3.615828275680542","3.615828275680542"
"1041235968","992","992","992","3.694204568862915","3.694204568862915","3.694204568862915"
"1042284544","993","993","993","3.6064772605895996","3.6064772605895996","3.6064772605895996"
"1043333120","994","994","994","3.9148480892181396","3.9148480892181396","3.9148480892181396"
"1044381696","995","995","995","3.8385536670684814","3.8385536670684814","3.8385536670684814"
"1045430272","996","996","996","3.8749589920043945","3.8749589920043945","3.8749589920043945"
"1046478848","997","997","997","3.8544201850891113","3.8544201850891113","3.8544201850891113"
"1047527424","998","998","998","3.899717092514038","3.899717092514038","3.899717092514038"
"1048576000","999","999","999","3.620326042175293","3.620326042175293","3.620326042175293"
"1049624576","1000","1000","1000","3.8590290546417236","3.8590290546417236","3.8590290546417236"
"1050673152","1001","1001","1001","3.655362367630005","3.655362367630005","3.655362367630005"
"1051721728","1002","1002","1002","3.8432042598724365","3.8432042598724365","3.8432042598724365"
"1052770304","1003","1003","1003","3.7763512134552","3.7763512134552","3.7763512134552"
"1053818880","1004","1004","1004","3.9103152751922607","3.9103152751922607","3.9103152751922607"
"1054867456","1005","1005","1005","3.783156156539917","3.783156156539917","3.783156156539917"
"1055916032","1006","1006","1006","3.9175047874450684","3.9175047874450684","3.9175047874450684"
"1056964608","1007","1007","1007","3.860734701156616","3.860734701156616","3.860734701156616"
"1058013184","1008","1008","1008","3.8178908824920654","3.8178908824920654","3.8178908824920654"
"1059061760","1009","1009","1009","3.8436179161071777","3.8436179161071777","3.8436179161071777"
"1060110336","1010","1010","1010","3.8662314414978027","3.8662314414978027","3.8662314414978027"
"1061158912","1011","1011","1011","3.865532636642456","3.865532636642456","3.865532636642456"
"1062207488","1012","1012","1012","3.854210376739502","3.854210376739502","3.854210376739502"
"1063256064","1013","1013","1013","3.7890117168426514","3.7890117168426514","3.7890117168426514"
"1064304640","1014","1014","1014","3.8788633346557617","3.8788633346557617","3.8788633346557617"
"1065353216","1015","1015","1015","3.8407106399536133","3.8407106399536133","3.8407106399536133"
"1066401792","1016","1016","1016","3.9713401794433594","3.9713401794433594","3.9713401794433594"
"1067450368","1017","1017","1017","3.764944076538086","3.764944076538086","3.764944076538086"
"1068498944","1018","1018","1018","3.909492254257202","3.909492254257202","3.909492254257202"
"1069547520","1019","1019","1019","3.837149143218994","3.837149143218994","3.837149143218994"
"1070596096","1020","1020","1020","3.8893918991088867","3.8893918991088867","3.8893918991088867"
"1071644672","1021","1021","1021","3.8719825744628906","3.8719825744628906","3.8719825744628906"
"1072693248","1022","1022","1022","3.9767839908599854","3.9767839908599854","3.9767839908599854"
"1073741824","1023","1023","1023","3.839176654815674","3.839176654815674","3.839176654815674"
"1074790400","1024","1024","1024","3.905177354812622","3.905177354812622","3.905177354812622"
"1075838976","1025","1025","1025","3.924440383911133","3.924440383911133","3.924440383911133"
"1076887552","1026","1026","1026","3.94230580329895","3.94230580329895","3.94230580329895"
"1077936128","1027","1027","1027","3.822437286376953","3.822437286376953","3.822437286376953"
"1078984704","1028","1028","1028","3.9561314582824707","3.9561314582824707","3.9561314582824707"
"1080033280","1029","1029","1029","3.8136024475097656","3.8136024475097656","3.8136024475097656"
"1081081856","1030","1030","1030","3.921509027481079","3.921509027481079","3.921509027481079"
"1082130432","1031","1031","1031","3.8292078971862793","3.8292078971862793","3.8292078971862793"
"1083179008","1032","1032","1032","3.9906797409057617","3.9906797409057617","3.9906797409057617"
"1084227584","1033","1033","1033","3.8651275634765625","3.8651275634765625","3.8651275634765625"
"1085276160","1034","1034","1034","3.8989152908325195","3.8989152908325195","3.8989152908325195"
"1086324736","1035","1035","1035","3.913801670074463","3.913801670074463","3.913801670074463"
"1087373312","1036","1036","1036","3.9583892822265625","3.9583892822265625","3.9583892822265625"
"1088421888","1037","1037","1037","3.786400318145752","3.786400318145752","3.786400318145752"
"1089470464","1038","1038","1038","3.8683712482452393","3.8683712482452393","3.8683712482452393"
"1090519040","1039","1039","1039","3.829648017883301","3.829648017883301","3.829648017883301"
"1091567616","1040","1040","1040","3.8498430252075195","3.8498430252075195","3.8498430252075195"
"1092616192","1041","1041","1041","3.740690231323242","3.740690231323242","3.740690231323242"
"1093664768","1042","1042","1042","4.029090881347656","4.029090881347656","4.029090881347656"
"1094713344","1043","1043","1043","3.8663322925567627","3.8663322925567627","3.8663322925567627"
"1095761920","1044","1044","1044","3.8845109939575195","3.8845109939575195","3.8845109939575195"
"1096810496","1045","1045","1045","3.7799925804138184","3.7799925804138184","3.7799925804138184"
"1097859072","1046","1046","1046","3.9782216548919678","3.9782216548919678","3.9782216548919678"
"1098907648","1047","1047","1047","3.7411115169525146","3.7411115169525146","3.7411115169525146"
"1099956224","1048","1048","1048","3.8831493854522705","3.8831493854522705","3.8831493854522705"
"1101004800","1049","1049","1049","3.7955243587493896","3.7955243587493896","3.7955243587493896"
"1102053376","1050","1050","1050","3.8350412845611572","3.8350412845611572","3.8350412845611572"
"1103101952","1051","1051","1051","3.8311119079589844","3.8311119079589844","3.8311119079589844"
"1104150528","1052","1052","1052","3.828087329864502","3.828087329864502","3.828087329864502"
"1105199104","1053","1053","1053","3.7788472175598145","3.7788472175598145","3.7788472175598145"
"1106247680","1054","1054","1054","3.7751665115356445","3.7751665115356445","3.7751665115356445"
"1107296256","1055","1055","1055","3.680119037628174","3.680119037628174","3.680119037628174"
"1108344832","1056","1056","1056","3.869980812072754","3.869980812072754","3.869980812072754"
"1109393408","1057","1057","1057","3.786386013031006","3.786386013031006","3.786386013031006"
"1110441984","1058","1058","1058","3.833441734313965","3.833441734313965","3.833441734313965"
"1111490560","1059","1059","1059","3.8391077518463135","3.8391077518463135","3.8391077518463135"
"1112539136","1060","1060","1060","3.7876229286193848","3.7876229286193848","3.7876229286193848"
"1113587712","1061","1061","1061","3.783203601837158","3.783203601837158","3.783203601837158"
"1114636288","1062","1062","1062","3.864882707595825","3.864882707595825","3.864882707595825"
"1115684864","1063","1063","1063","3.691498279571533","3.691498279571533","3.691498279571533"
"1116733440","1064","1064","1064","3.854424238204956","3.854424238204956","3.854424238204956"
"1117782016","1065","1065","1065","3.827110528945923","3.827110528945923","3.827110528945923"
"1118830592","1066","1066","1066","3.7209110260009766","3.7209110260009766","3.7209110260009766"
"1119879168","1067","1067","1067","3.6615164279937744","3.6615164279937744","3.6615164279937744"
"1120927744","1068","1068","1068","3.6884050369262695","3.6884050369262695","3.6884050369262695"
"1121976320","1069","1069","1069","3.6647191047668457","3.6647191047668457","3.6647191047668457"
"1123024896","1070","1070","1070","3.7451560497283936","3.7451560497283936","3.7451560497283936"
"1124073472","1071","1071","1071","3.782442569732666","3.782442569732666","3.782442569732666"
"1125122048","1072","1072","1072","3.7292892932891846","3.7292892932891846","3.7292892932891846"
"1126170624","1073","1073","1073","3.752884864807129","3.752884864807129","3.752884864807129"
"1127219200","1074","1074","1074","3.742349863052368","3.742349863052368","3.742349863052368"
"1128267776","1075","1075","1075","3.705848217010498","3.705848217010498","3.705848217010498"
"1129316352","1076","1076","1076","3.5340795516967773","3.5340795516967773","3.5340795516967773"
"1130364928","1077","1077","1077","3.6059117317199707","3.6059117317199707","3.6059117317199707"
"1131413504","1078","1078","1078","3.6618001461029053","3.6618001461029053","3.6618001461029053"
"1132462080","1079","1079","1079","3.597715377807617","3.597715377807617","3.597715377807617"
"1133510656","1080","1080","1080","3.6105904579162598","3.6105904579162598","3.6105904579162598"
"1134559232","1081","1081","1081","3.6194801330566406","3.6194801330566406","3.6194801330566406"
"1135607808","1082","1082","1082","3.706881284713745","3.706881284713745","3.706881284713745"
"1136656384","1083","1083","1083","3.7457516193389893","3.7457516193389893","3.7457516193389893"
"1137704960","1084","1084","1084","3.6392273902893066","3.6392273902893066","3.6392273902893066"
"1138753536","1085","1085","1085","3.627642869949341","3.627642869949341","3.627642869949341"
"1139802112","1086","1086","1086","3.747380256652832","3.747380256652832","3.747380256652832"
"1140850688","1087","1087","1087","3.6988942623138428","3.6988942623138428","3.6988942623138428"
"1141899264","1088","1088","1088","3.6739397048950195","3.6739397048950195","3.6739397048950195"
"1142947840","1089","1089","1089","3.7199063301086426","3.7199063301086426","3.7199063301086426"
"1143996416","1090","1090","1090","3.6428866386413574","3.6428866386413574","3.6428866386413574"
"1145044992","1091","1091","1091","3.6439883708953857","3.6439883708953857","3.6439883708953857"
"1146093568","1092","1092","1092","3.5708563327789307","3.5708563327789307","3.5708563327789307"
"1147142144","1093","1093","1093","3.6469337940216064","3.6469337940216064","3.6469337940216064"
"1148190720","1094","1094","1094","3.681602954864502","3.681602954864502","3.681602954864502"
"1149239296","1095","1095","1095","3.6303374767303467","3.6303374767303467","3.6303374767303467"
"1150287872","1096","1096","1096","3.606423854827881","3.606423854827881","3.606423854827881"
"1151336448","1097","1097","1097","3.5642812252044678","3.5642812252044678","3.5642812252044678"
"1152385024","1098","1098","1098","3.653140068054199","3.653140068054199","3.653140068054199"
"1153433600","1099","1099","1099","3.6574525833129883","3.6574525833129883","3.6574525833129883"
"1154482176","1100","1100","1100","3.6902456283569336","3.6902456283569336","3.6902456283569336"
"1155530752","1101","1101","1101","3.66290283203125","3.66290283203125","3.66290283203125"
"1156579328","1102","1102","1102","3.6552305221557617","3.6552305221557617","3.6552305221557617"
"1157627904","1103","1103","1103","3.7191054821014404","3.7191054821014404","3.7191054821014404"
"1158676480","1104","1104","1104","3.6421995162963867","3.6421995162963867","3.6421995162963867"
"1159725056","1105","1105","1105","3.535537004470825","3.535537004470825","3.535537004470825"
"1160773632","1106","1106","1106","3.5208921432495117","3.5208921432495117","3.5208921432495117"
"1161822208","1107","1107","1107","3.612281322479248","3.612281322479248","3.612281322479248"
"1162870784","1108","1108","1108","3.5293617248535156","3.5293617248535156","3.5293617248535156"
"1163919360","1109","1109","1109","3.4506125450134277","3.4506125450134277","3.4506125450134277"
"1164967936","1110","1110","1110","3.5893096923828125","3.5893096923828125","3.5893096923828125"
"1166016512","1111","1111","1111","3.6194651126861572","3.6194651126861572","3.6194651126861572"
"1167065088","1112","1112","1112","3.6270060539245605","3.6270060539245605","3.6270060539245605"
"1168113664","1113","1113","1113","3.5711352825164795","3.5711352825164795","3.5711352825164795"
"1169162240","1114","1114","1114","3.522599935531616","3.522599935531616","3.522599935531616"
"1170210816","1115","1115","1115","3.515977621078491","3.515977621078491","3.515977621078491"
"1171259392","1116","1116","1116","3.612460136413574","3.612460136413574","3.612460136413574"
"1172307968","1117","1117","1117","3.450082302093506","3.450082302093506","3.450082302093506"
"1173356544","1118","1118","1118","3.648092269897461","3.648092269897461","3.648092269897461"
"1174405120","1119","1119","1119","3.479761838912964","3.479761838912964","3.479761838912964"
"1175453696","1120","1120","1120","3.457548141479492","3.457548141479492","3.457548141479492"
"1176502272","1121","1121","1121","3.2974162101745605","3.2974162101745605","3.2974162101745605"
"1177550848","1122","1122","1122","3.41540789604187","3.41540789604187","3.41540789604187"
"1178599424","1123","1123","1123","3.401411294937134","3.401411294937134","3.401411294937134"
"1179648000","1124","1124","1124","3.509380578994751","3.509380578994751","3.509380578994751"
"1180696576","1125","1125","1125","3.4819722175598145","3.4819722175598145","3.4819722175598145"
"1181745152","1126","1126","1126","3.566433906555176","3.566433906555176","3.566433906555176"
"1182793728","1127","1127","1127","3.490896224975586","3.490896224975586","3.490896224975586"
"1183842304","1128","1128","1128","3.5756611824035645","3.5756611824035645","3.5756611824035645"
"1184890880","1129","1129","1129","3.5275375843048096","3.5275375843048096","3.5275375843048096"
"1185939456","1130","1130","1130","3.5611965656280518","3.5611965656280518","3.5611965656280518"
"1186988032","1131","1131","1131","3.627708673477173","3.627708673477173","3.627708673477173"
"1188036608","1132","1132","1132","3.6406826972961426","3.6406826972961426","3.6406826972961426"
"1189085184","1133","1133","1133","3.396751880645752","3.396751880645752","3.396751880645752"
"1190133760","1134","1134","1134","3.404907703399658","3.404907703399658","3.404907703399658"
"1191182336","1135","1135","1135","3.4634671211242676","3.4634671211242676","3.4634671211242676"
"1192230912","1136","1136","1136","3.6110620498657227","3.6110620498657227","3.6110620498657227"
"1193279488","1137","1137","1137","3.4846179485321045","3.4846179485321045","3.4846179485321045"
"1194328064","1138","1138","1138","3.6329257488250732","3.6329257488250732","3.6329257488250732"
"1195376640","1139","1139","1139","3.6586291790008545","3.6586291790008545","3.6586291790008545"
"1196425216","1140","1140","1140","3.5660507678985596","3.5660507678985596","3.5660507678985596"
"1197473792","1141","1141","1141","3.5128300189971924","3.5128300189971924","3.5128300189971924"
"1198522368","1142","1142","1142","3.4053077697753906","3.4053077697753906","3.4053077697753906"
"1199570944","1143","1143","1143","3.487217426300049","3.487217426300049","3.487217426300049"
"1200619520","1144","1144","1144","3.576042890548706","3.576042890548706","3.576042890548706"
"1201668096","1145","1145","1145","3.6108176708221436","3.6108176708221436","3.6108176708221436"
"1202716672","1146","1146","1146","3.654289960861206","3.654289960861206","3.654289960861206"
"1203765248","1147","1147","1147","3.5605287551879883","3.5605287551879883","3.5605287551879883"
"1204813824","1148","1148","1148","3.6429710388183594","3.6429710388183594","3.6429710388183594"
"1205862400","1149","1149","1149","3.5193445682525635","3.5193445682525635","3.5193445682525635"
"1206910976","1150","1150","1150","3.530613899230957","3.530613899230957","3.530613899230957"
"1207959552","1151","1151","1151","3.4289677143096924","3.4289677143096924","3.4289677143096924"
"1209008128","1152","1152","1152","3.301708698272705","3.301708698272705","3.301708698272705"
"1210056704","1153","1153","1153","3.375613212585449","3.375613212585449","3.375613212585449"
"1211105280","1154","1154","1154","3.526975393295288","3.526975393295288","3.526975393295288"
"1212153856","1155","1155","1155","3.5059571266174316","3.5059571266174316","3.5059571266174316"
"1213202432","1156","1156","1156","3.5611860752105713","3.5611860752105713","3.5611860752105713"
"1214251008","1157","1157","1157","3.447385787963867","3.447385787963867","3.447385787963867"
"1215299584","1158","1158","1158","3.4388279914855957","3.4388279914855957","3.4388279914855957"
"1216348160","1159","1159","1159","3.585254192352295","3.585254192352295","3.585254192352295"
"1217396736","1160","1160","1160","3.5029587745666504","3.5029587745666504","3.5029587745666504"
"1218445312","1161","1161","1161","3.5074291229248047","3.5074291229248047","3.5074291229248047"
"1219493888","1162","1162","1162","3.462663173675537","3.462663173675537","3.462663173675537"
"1220542464","1163","1163","1163","3.358581781387329","3.358581781387329","3.358581781387329"
"1221591040","1164","1164","1164","3.3282175064086914","3.3282175064086914","3.3282175064086914"
"1222639616","1165","1165","1165","3.3634557723999023","3.3634557723999023","3.3634557723999023"
"1223688192","1166","1166","1166","3.4850919246673584","3.4850919246673584","3.4850919246673584"
"1224736768","1167","1167","1167","3.5488333702087402","3.5488333702087402","3.5488333702087402"
"1225785344","1168","1168","1168","3.493917226791382","3.493917226791382","3.493917226791382"
"1226833920","1169","1169","1169","3.30893611907959","3.30893611907959","3.30893611907959"
"1227882496","1170","1170","1170","3.549787759780884","3.549787759780884","3.549787759780884"
"1228931072","1171","1171","1171","3.5013644695281982","3.5013644695281982","3.5013644695281982"
"1229979648","1172","1172","1172","3.4584150314331055","3.4584150314331055","3.4584150314331055"
"1231028224","1173","1173","1173","3.3818066120147705","3.3818066120147705","3.3818066120147705"
"1232076800","1174","1174","1174","3.4528355598449707","3.4528355598449707","3.4528355598449707"
"1233125376","1175","1175","1175","3.3869712352752686","3.3869712352752686","3.3869712352752686"
"1234173952","1176","1176","1176","3.652024984359741","3.652024984359741","3.652024984359741"
"1235222528","1177","1177","1177","3.562908887863159","3.562908887863159","3.562908887863159"
"1236271104","1178","1178","1178","3.3765106201171875","3.3765106201171875","3.3765106201171875"
"1237319680","1179","1179","1179","3.4264163970947266","3.4264163970947266","3.4264163970947266"
"1238368256","1180","1180","1180","3.682752847671509","3.682752847671509","3.682752847671509"
"1239416832","1181","1181","1181","3.5090901851654053","3.5090901851654053","3.5090901851654053"
"1240465408","1182","1182","1182","3.3633508682250977","3.3633508682250977","3.3633508682250977"
"1241513984","1183","1183","1183","3.393953800201416","3.393953800201416","3.393953800201416"
"1242562560","1184","1184","1184","3.5696330070495605","3.5696330070495605","3.5696330070495605"
"1243611136","1185","1185","1185","3.434391975402832","3.434391975402832","3.434391975402832"
"1244659712","1186","1186","1186","3.287001132965088","3.287001132965088","3.287001132965088"
"1245708288","1187","1187","1187","3.3656275272369385","3.3656275272369385","3.3656275272369385"
"1246756864","1188","1188","1188","3.519059658050537","3.519059658050537","3.519059658050537"
"1247805440","1189","1189","1189","3.4868767261505127","3.4868767261505127","3.4868767261505127"
"1248854016","1190","1190","1190","3.3417818546295166","3.3417818546295166","3.3417818546295166"
"1249902592","1191","1191","1191","3.4626429080963135","3.4626429080963135","3.4626429080963135"
"1250951168","1192","1192","1192","3.439152240753174","3.439152240753174","3.439152240753174"
"1251999744","1193","1193","1193","3.297835350036621","3.297835350036621","3.297835350036621"
"1253048320","1194","1194","1194","3.3153209686279297","3.3153209686279297","3.3153209686279297"
"1254096896","1195","1195","1195","3.4175474643707275","3.4175474643707275","3.4175474643707275"
"1255145472","1196","1196","1196","3.327362537384033","3.327362537384033","3.327362537384033"
"1256194048","1197","1197","1197","3.337214946746826","3.337214946746826","3.337214946746826"
"1257242624","1198","1198","1198","3.442737579345703","3.442737579345703","3.442737579345703"
"1258291200","1199","1199","1199","3.431995153427124","3.431995153427124","3.431995153427124"
"1259339776","1200","1200","1200","3.4244043827056885","3.4244043827056885","3.4244043827056885"
"1260388352","1201","1201","1201","3.420290231704712","3.420290231704712","3.420290231704712"
"1261436928","1202","1202","1202","3.3337016105651855","3.3337016105651855","3.3337016105651855"
"1262485504","1203","1203","1203","3.451895236968994","3.451895236968994","3.451895236968994"
"1263534080","1204","1204","1204","3.4780712127685547","3.4780712127685547","3.4780712127685547"
"1264582656","1205","1205","1205","3.4830832481384277","3.4830832481384277","3.4830832481384277"
"1265631232","1206","1206","1206","3.5027871131896973","3.5027871131896973","3.5027871131896973"
"1266679808","1207","1207","1207","3.366368532180786","3.366368532180786","3.366368532180786"
"1267728384","1208","1208","1208","3.4486794471740723","3.4486794471740723","3.4486794471740723"
"1268776960","1209","1209","1209","3.315645456314087","3.315645456314087","3.315645456314087"
"1269825536","1210","1210","1210","3.205899953842163","3.205899953842163","3.205899953842163"
"1270874112","1211","1211","1211","3.348576068878174","3.348576068878174","3.348576068878174"
"1271922688","1212","1212","1212","3.3043179512023926","3.3043179512023926","3.3043179512023926"
"1272971264","1213","1213","1213","3.4268898963928223","3.4268898963928223","3.4268898963928223"
"1274019840","1214","1214","1214","3.104015827178955","3.104015827178955","3.104015827178955"
"1275068416","1215","1215","1215","3.2605066299438477","3.2605066299438477","3.2605066299438477"
"1276116992","1216","1216","1216","3.5016355514526367","3.5016355514526367","3.5016355514526367"
"1277165568","1217","1217","1217","3.4955179691314697","3.4955179691314697","3.4955179691314697"
"1278214144","1218","1218","1218","3.4438092708587646","3.4438092708587646","3.4438092708587646"
"1279262720","1219","1219","1219","3.495710849761963","3.495710849761963","3.495710849761963"
"1280311296","1220","1220","1220","3.3280091285705566","3.3280091285705566","3.3280091285705566"
"1281359872","1221","1221","1221","3.2582292556762695","3.2582292556762695","3.2582292556762695"
"1282408448","1222","1222","1222","3.2495110034942627","3.2495110034942627","3.2495110034942627"
"1283457024","1223","1223","1223","3.3564393520355225","3.3564393520355225","3.3564393520355225"
"1284505600","1224","1224","1224","3.4856319427490234","3.4856319427490234","3.4856319427490234"
"1285554176","1225","1225","1225","3.468567371368408","3.468567371368408","3.468567371368408"
"1286602752","1226","1226","1226","3.5753893852233887","3.5753893852233887","3.5753893852233887"
"1287651328","1227","1227","1227","3.639819622039795","3.639819622039795","3.639819622039795"
"1288699904","1228","1228","1228","3.4524717330932617","3.4524717330932617","3.4524717330932617"
"1289748480","1229","1229","1229","3.221745729446411","3.221745729446411","3.221745729446411"
"1290797056","1230","1230","1230","3.365511178970337","3.365511178970337","3.365511178970337"
"1291845632","1231","1231","1231","3.21181583404541","3.21181583404541","3.21181583404541"
"1292894208","1232","1232","1232","3.3102707862854004","3.3102707862854004","3.3102707862854004"
"1293942784","1233","1233","1233","3.294982433319092","3.294982433319092","3.294982433319092"
"1294991360","1234","1234","1234","3.2057902812957764","3.2057902812957764","3.2057902812957764"
"1296039936","1235","1235","1235","3.251744508743286","3.251744508743286","3.251744508743286"
"1297088512","1236","1236","1236","3.442012071609497","3.442012071609497","3.442012071609497"
"1298137088","1237","1237","1237","3.5074384212493896","3.5074384212493896","3.5074384212493896"
"1299185664","1238","1238","1238","3.315570116043091","3.315570116043091","3.315570116043091"
"1300234240","1239","1239","1239","3.240738868713379","3.240738868713379","3.240738868713379"
"1301282816","1240","1240","1240","3.182568073272705","3.182568073272705","3.182568073272705"
"1302331392","1241","1241","1241","3.121718406677246","3.121718406677246","3.121718406677246"
"1303379968","1242","1242","1242","3.2955098152160645","3.2955098152160645","3.2955098152160645"
"1304428544","1243","1243","1243","3.4549405574798584","3.4549405574798584","3.4549405574798584"
"1305477120","1244","1244","1244","3.448655128479004","3.448655128479004","3.448655128479004"
"1306525696","1245","1245","1245","3.3032302856445312","3.3032302856445312","3.3032302856445312"
"1307574272","1246","1246","1246","3.0690720081329346","3.0690720081329346","3.0690720081329346"
"1308622848","1247","1247","1247","3.291930675506592","3.291930675506592","3.291930675506592"
"1309671424","1248","1248","1248","3.3462979793548584","3.3462979793548584","3.3462979793548584"
"1310720000","1249","1249","1249","3.5268161296844482","3.5268161296844482","3.5268161296844482"
"1311768576","1250","1250","1250","3.4370996952056885","3.4370996952056885","3.4370996952056885"
"1312817152","1251","1251","1251","3.4850893020629883","3.4850893020629883","3.4850893020629883"
"1313865728","1252","1252","1252","3.3746776580810547","3.3746776580810547","3.3746776580810547"
"1314914304","1253","1253","1253","3.2746925354003906","3.2746925354003906","3.2746925354003906"
"1315962880","1254","1254","1254","3.351328134536743","3.351328134536743","3.351328134536743"
"1317011456","1255","1255","1255","3.428136110305786","3.428136110305786","3.428136110305786"
"1318060032","1256","1256","1256","3.515854835510254","3.515854835510254","3.515854835510254"
"1319108608","1257","1257","1257","3.358849048614502","3.358849048614502","3.358849048614502"
"1320157184","1258","1258","1258","3.214657783508301","3.214657783508301","3.214657783508301"
"1321205760","1259","1259","1259","3.1409270763397217","3.1409270763397217","3.1409270763397217"
"1322254336","1260","1260","1260","3.237478017807007","3.237478017807007","3.237478017807007"
"1323302912","1261","1261","1261","3.402594566345215","3.402594566345215","3.402594566345215"
"1324351488","1262","1262","1262","3.142627716064453","3.142627716064453","3.142627716064453"
"1325400064","1263","1263","1263","3.2090511322021484","3.2090511322021484","3.2090511322021484"
"1326448640","1264","1264","1264","3.3499579429626465","3.3499579429626465","3.3499579429626465"
"1327497216","1265","1265","1265","3.383906364440918","3.383906364440918","3.383906364440918"
"1328545792","1266","1266","1266","3.46763277053833","3.46763277053833","3.46763277053833"
"1329594368","1267","1267","1267","3.3422582149505615","3.3422582149505615","3.3422582149505615"
"1330642944","1268","1268","1268","3.3776612281799316","3.3776612281799316","3.3776612281799316"
"1331691520","1269","1269","1269","3.3065531253814697","3.3065531253814697","3.3065531253814697"
"1332740096","1270","1270","1270","3.4842562675476074","3.4842562675476074","3.4842562675476074"
"1333788672","1271","1271","1271","3.460963010787964","3.460963010787964","3.460963010787964"
"1334837248","1272","1272","1272","3.301330804824829","3.301330804824829","3.301330804824829"
"1335885824","1273","1273","1273","3.3327059745788574","3.3327059745788574","3.3327059745788574"
"1336934400","1274","1274","1274","3.3997485637664795","3.3997485637664795","3.3997485637664795"
"1337982976","1275","1275","1275","3.2266736030578613","3.2266736030578613","3.2266736030578613"
"1339031552","1276","1276","1276","3.285177230834961","3.285177230834961","3.285177230834961"
"1340080128","1277","1277","1277","3.3288402557373047","3.3288402557373047","3.3288402557373047"
"1341128704","1278","1278","1278","3.43509578704834","3.43509578704834","3.43509578704834"
"1342177280","1279","1279","1279","3.384514093399048","3.384514093399048","3.384514093399048"
"1343225856","1280","1280","1280","3.3342204093933105","3.3342204093933105","3.3342204093933105"
"1344274432","1281","1281","1281","3.34744930267334","3.34744930267334","3.34744930267334"
"1345323008","1282","1282","1282","3.4710052013397217","3.4710052013397217","3.4710052013397217"
"1346371584","1283","1283","1283","3.255511999130249","3.255511999130249","3.255511999130249"
"1347420160","1284","1284","1284","3.420140504837036","3.420140504837036","3.420140504837036"
"1348468736","1285","1285","1285","3.3288652896881104","3.3288652896881104","3.3288652896881104"
"1349517312","1286","1286","1286","3.512281894683838","3.512281894683838","3.512281894683838"
"1350565888","1287","1287","1287","3.3224754333496094","3.3224754333496094","3.3224754333496094"
"1351614464","1288","1288","1288","3.4826717376708984","3.4826717376708984","3.4826717376708984"
"1352663040","1289","1289","1289","3.504805326461792","3.504805326461792","3.504805326461792"
"1353711616","1290","1290","1290","3.355621814727783","3.355621814727783","3.355621814727783"
"1354760192","1291","1291","1291","3.3944013118743896","3.3944013118743896","3.3944013118743896"
"1355808768","1292","1292","1292","3.289802312850952","3.289802312850952","3.289802312850952"
"1356857344","1293","1293","1293","3.3331990242004395","3.3331990242004395","3.3331990242004395"
"1357905920","1294","1294","1294","3.1503660678863525","3.1503660678863525","3.1503660678863525"
"1358954496","1295","1295","1295","3.3756110668182373","3.3756110668182373","3.3756110668182373"
"1360003072","1296","1296","1296","3.2365946769714355","3.2365946769714355","3.2365946769714355"
"1361051648","1297","1297","1297","3.3019604682922363","3.3019604682922363","3.3019604682922363"
"1362100224","1298","1298","1298","3.380246639251709","3.380246639251709","3.380246639251709"
"1363148800","1299","1299","1299","3.4558966159820557","3.4558966159820557","3.4558966159820557"
"1364197376","1300","1300","1300","3.565549373626709","3.565549373626709","3.565549373626709"
"1365245952","1301","1301","1301","3.416337251663208","3.416337251663208","3.416337251663208"
"1366294528","1302","1302","1302","3.4754831790924072","3.4754831790924072","3.4754831790924072"
"1367343104","1303","1303","1303","3.300295352935791","3.300295352935791","3.300295352935791"
"1368391680","1304","1304","1304","3.3410723209381104","3.3410723209381104","3.3410723209381104"
"1369440256","1305","1305","1305","3.4334464073181152","3.4334464073181152","3.4334464073181152"
"1370488832","1306","1306","1306","3.334934711456299","3.334934711456299","3.334934711456299"
"1371537408","1307","1307","1307","3.360584259033203","3.360584259033203","3.360584259033203"
"1372585984","1308","1308","1308","3.2551169395446777","3.2551169395446777","3.2551169395446777"
"1373634560","1309","1309","1309","3.2506396770477295","3.2506396770477295","3.2506396770477295"
"1374683136","1310","1310","1310","3.2803761959075928","3.2803761959075928","3.2803761959075928"
"1375731712","1311","1311","1311","3.2280185222625732","3.2280185222625732","3.2280185222625732"
"1376780288","1312","1312","1312","3.0192012786865234","3.0192012786865234","3.0192012786865234"
"1377828864","1313","1313","1313","3.141951322555542","3.141951322555542","3.141951322555542"
"1378877440","1314","1314","1314","3.509235382080078","3.509235382080078","3.509235382080078"
"1379926016","1315","1315","1315","3.338779926300049","3.338779926300049","3.338779926300049"
"1380974592","1316","1316","1316","3.285208225250244","3.285208225250244","3.285208225250244"
"1382023168","1317","1317","1317","3.2460548877716064","3.2460548877716064","3.2460548877716064"
"1383071744","1318","1318","1318","3.479236602783203","3.479236602783203","3.479236602783203"
"1384120320","1319","1319","1319","3.4404067993164062","3.4404067993164062","3.4404067993164062"
"1385168896","1320","1320","1320","3.1059694290161133","3.1059694290161133","3.1059694290161133"
"1386217472","1321","1321","1321","3.1246275901794434","3.1246275901794434","3.1246275901794434"
"1387266048","1322","1322","1322","3.3942160606384277","3.3942160606384277","3.3942160606384277"
"1388314624","1323","1323","1323","3.3770670890808105","3.3770670890808105","3.3770670890808105"
"1389363200","1324","1324","1324","3.556159257888794","3.556159257888794","3.556159257888794"
"1390411776","1325","1325","1325","3.5538582801818848","3.5538582801818848","3.5538582801818848"
"1391460352","1326","1326","1326","3.336554527282715","3.336554527282715","3.336554527282715"
"1392508928","1327","1327","1327","3.405989646911621","3.405989646911621","3.405989646911621"
"1393557504","1328","1328","1328","3.300093650817871","3.300093650817871","3.300093650817871"
"1394606080","1329","1329","1329","3.2708072662353516","3.2708072662353516","3.2708072662353516"
"1395654656","1330","1330","1330","3.424309730529785","3.424309730529785","3.424309730529785"
"1396703232","1331","1331","1331","3.4273619651794434","3.4273619651794434","3.4273619651794434"
"1397751808","1332","1332","1332","3.4176371097564697","3.4176371097564697","3.4176371097564697"
"1398800384","1333","1333","1333","3.322359561920166","3.322359561920166","3.322359561920166"
"1399848960","1334","1334","1334","3.4770548343658447","3.4770548343658447","3.4770548343658447"
"1400897536","1335","1335","1335","3.4453189373016357","3.4453189373016357","3.4453189373016357"
"1401946112","1336","1336","1336","2.990339756011963","2.990339756011963","2.990339756011963"
"1402994688","1337","1337","1337","3.242560625076294","3.242560625076294","3.242560625076294"
"1404043264","1338","1338","1338","3.3002259731292725","3.3002259731292725","3.3002259731292725"
"1405091840","1339","1339","1339","3.3822951316833496","3.3822951316833496","3.3822951316833496"
"1406140416","1340","1340","1340","3.1695590019226074","3.1695590019226074","3.1695590019226074"
"1407188992","1341","1341","1341","3.3441553115844727","3.3441553115844727","3.3441553115844727"
"1408237568","1342","1342","1342","3.371675968170166","3.371675968170166","3.371675968170166"
"1409286144","1343","1343","1343","3.2438974380493164","3.2438974380493164","3.2438974380493164"
"1410334720","1344","1344","1344","3.0198774337768555","3.0198774337768555","3.0198774337768555"
"1411383296","1345","1345","1345","3.2518930435180664","3.2518930435180664","3.2518930435180664"
"1412431872","1346","1346","1346","3.237288475036621","3.237288475036621","3.237288475036621"
"1413480448","1347","1347","1347","3.296299457550049","3.296299457550049","3.296299457550049"
"1414529024","1348","1348","1348","3.3728508949279785","3.3728508949279785","3.3728508949279785"
"1415577600","1349","1349","1349","3.2393014430999756","3.2393014430999756","3.2393014430999756"
"1416626176","1350","1350","1350","3.139392614364624","3.139392614364624","3.139392614364624"
"1417674752","1351","1351","1351","3.277414321899414","3.277414321899414","3.277414321899414"
"1418723328","1352","1352","1352","3.304384708404541","3.304384708404541","3.304384708404541"
"1419771904","1353","1353","1353","3.2557132244110107","3.2557132244110107","3.2557132244110107"
"1420820480","1354","1354","1354","3.296814441680908","3.296814441680908","3.296814441680908"
"1421869056","1355","1355","1355","3.309831142425537","3.309831142425537","3.309831142425537"
"1422917632","1356","1356","1356","3.207552909851074","3.207552909851074","3.207552909851074"
"1423966208","1357","1357","1357","3.1731326580047607","3.1731326580047607","3.1731326580047607"
"1425014784","1358","1358","1358","3.4212069511413574","3.4212069511413574","3.4212069511413574"
"1426063360","1359","1359","1359","3.312804698944092","3.312804698944092","3.312804698944092"
"1427111936","1360","1360","1360","3.276397228240967","3.276397228240967","3.276397228240967"
"1428160512","1361","1361","1361","3.3651671409606934","3.3651671409606934","3.3651671409606934"
"1429209088","1362","1362","1362","3.4256815910339355","3.4256815910339355","3.4256815910339355"
"1430257664","1363","1363","1363","3.2791953086853027","3.2791953086853027","3.2791953086853027"
"1431306240","1364","1364","1364","3.22570538520813","3.22570538520813","3.22570538520813"
"1432354816","1365","1365","1365","3.2425312995910645","3.2425312995910645","3.2425312995910645"
"1433403392","1366","1366","1366","3.242995500564575","3.242995500564575","3.242995500564575"
"1434451968","1367","1367","1367","3.3106625080108643","3.3106625080108643","3.3106625080108643"
"1435500544","1368","1368","1368","3.0399279594421387","3.0399279594421387","3.0399279594421387"
"1436549120","1369","1369","1369","3.1987099647521973","3.1987099647521973","3.1987099647521973"
"1437597696","1370","1370","1370","3.179257869720459","3.179257869720459","3.179257869720459"
"1438646272","1371","1371","1371","3.2893285751342773","3.2893285751342773","3.2893285751342773"
"1439694848","1372","1372","1372","3.2221570014953613","3.2221570014953613","3.2221570014953613"
"1440743424","1373","1373","1373","3.146827220916748","3.146827220916748","3.146827220916748"
"1441792000","1374","1374","1374","3.3571877479553223","3.3571877479553223","3.3571877479553223"
"1442840576","1375","1375","1375","3.325096368789673","3.325096368789673","3.325096368789673"
"1443889152","1376","1376","1376","3.2981390953063965","3.2981390953063965","3.2981390953063965"
"1444937728","1377","1377","1377","3.3825368881225586","3.3825368881225586","3.3825368881225586"
"1445986304","1378","1378","1378","3.3401947021484375","3.3401947021484375","3.3401947021484375"
"1447034880","1379","1379","1379","3.386215925216675","3.386215925216675","3.386215925216675"
"1448083456","1380","1380","1380","3.2366294860839844","3.2366294860839844","3.2366294860839844"
"1449132032","1381","1381","1381","3.4445061683654785","3.4445061683654785","3.4445061683654785"
"1450180608","1382","1382","1382","3.2577080726623535","3.2577080726623535","3.2577080726623535"
"1451229184","1383","1383","1383","3.2342770099639893","3.2342770099639893","3.2342770099639893"
"1452277760","1384","1384","1384","3.1021976470947266","3.1021976470947266","3.1021976470947266"
"1453326336","1385","1385","1385","3.1927285194396973","3.1927285194396973","3.1927285194396973"
"1454374912","1386","1386","1386","3.262758731842041","3.262758731842041","3.262758731842041"
"1455423488","1387","1387","1387","3.212930679321289","3.212930679321289","3.212930679321289"
"1456472064","1388","1388","1388","3.276510238647461","3.276510238647461","3.276510238647461"
"1457520640","1389","1389","1389","3.2176690101623535","3.2176690101623535","3.2176690101623535"
"1458569216","1390","1390","1390","3.354686975479126","3.354686975479126","3.354686975479126"
"1459617792","1391","1391","1391","3.3532519340515137","3.3532519340515137","3.3532519340515137"
"1460666368","1392","1392","1392","3.146369218826294","3.146369218826294","3.146369218826294"
"1461714944","1393","1393","1393","3.2323758602142334","3.2323758602142334","3.2323758602142334"
"1462763520","1394","1394","1394","3.522000789642334","3.522000789642334","3.522000789642334"
"1463812096","1395","1395","1395","3.2716481685638428","3.2716481685638428","3.2716481685638428"
"1464860672","1396","1396","1396","3.026008367538452","3.026008367538452","3.026008367538452"
"1465909248","1397","1397","1397","3.216864585876465","3.216864585876465","3.216864585876465"
"1466957824","1398","1398","1398","2.9297447204589844","2.9297447204589844","2.9297447204589844"
"1468006400","1399","1399","1399","3.2259891033172607","3.2259891033172607","3.2259891033172607"
"1469054976","1400","1400","1400","3.213318347930908","3.213318347930908","3.213318347930908"
"1470103552","1401","1401","1401","3.200101137161255","3.200101137161255","3.200101137161255"
"1471152128","1402","1402","1402","3.2896533012390137","3.2896533012390137","3.2896533012390137"
"1472200704","1403","1403","1403","3.3355698585510254","3.3355698585510254","3.3355698585510254"
"1473249280","1404","1404","1404","2.983450412750244","2.983450412750244","2.983450412750244"
"1474297856","1405","1405","1405","3.283505439758301","3.283505439758301","3.283505439758301"
"1475346432","1406","1406","1406","3.3597280979156494","3.3597280979156494","3.3597280979156494"
"1476395008","1407","1407","1407","3.3988261222839355","3.3988261222839355","3.3988261222839355"
"1477443584","1408","1408","1408","3.2141659259796143","3.2141659259796143","3.2141659259796143"
"1478492160","1409","1409","1409","3.2126107215881348","3.2126107215881348","3.2126107215881348"
"1479540736","1410","1410","1410","3.044132947921753","3.044132947921753","3.044132947921753"
"1480589312","1411","1411","1411","3.3054590225219727","3.3054590225219727","3.3054590225219727"
"1481637888","1412","1412","1412","3.1533102989196777","3.1533102989196777","3.1533102989196777"
"1482686464","1413","1413","1413","3.3227899074554443","3.3227899074554443","3.3227899074554443"
"1483735040","1414","1414","1414","3.291599988937378","3.291599988937378","3.291599988937378"
"1484783616","1415","1415","1415","3.1464803218841553","3.1464803218841553","3.1464803218841553"
"1485832192","1416","1416","1416","3.0619406700134277","3.0619406700134277","3.0619406700134277"
"1486880768","1417","1417","1417","3.258765697479248","3.258765697479248","3.258765697479248"
"1487929344","1418","1418","1418","3.377173900604248","3.377173900604248","3.377173900604248"
"1488977920","1419","1419","1419","3.3053784370422363","3.3053784370422363","3.3053784370422363"
"1490026496","1420","1420","1420","3.1869189739227295","3.1869189739227295","3.1869189739227295"
"1491075072","1421","1421","1421","3.193934202194214","3.193934202194214","3.193934202194214"
"1492123648","1422","1422","1422","3.1482656002044678","3.1482656002044678","3.1482656002044678"
"1493172224","1423","1423","1423","3.1542015075683594","3.1542015075683594","3.1542015075683594"
"1494220800","1424","1424","1424","3.460937976837158","3.460937976837158","3.460937976837158"
"1495269376","1425","1425","1425","3.3923745155334473","3.3923745155334473","3.3923745155334473"
"1496317952","1426","1426","1426","3.3316996097564697","3.3316996097564697","3.3316996097564697"
"1497366528","1427","1427","1427","3.1898951530456543","3.1898951530456543","3.1898951530456543"
"1498415104","1428","1428","1428","3.1460397243499756","3.1460397243499756","3.1460397243499756"
"1499463680","1429","1429","1429","3.0415258407592773","3.0415258407592773","3.0415258407592773"
"1500512256","1430","1430","1430","3.2038300037384033","3.2038300037384033","3.2038300037384033"
"1501560832","1431","1431","1431","3.232369899749756","3.232369899749756","3.232369899749756"
"1502609408","1432","1432","1432","3.136068820953369","3.136068820953369","3.136068820953369"
"1503657984","1433","1433","1433","3.133885383605957","3.133885383605957","3.133885383605957"
"1504706560","1434","1434","1434","3.18198299407959","3.18198299407959","3.18198299407959"
"1505755136","1435","1435","1435","3.3728785514831543","3.3728785514831543","3.3728785514831543"
"1506803712","1436","1436","1436","3.134594440460205","3.134594440460205","3.134594440460205"
"1507852288","1437","1437","1437","3.354100465774536","3.354100465774536","3.354100465774536"
"1508900864","1438","1438","1438","3.0873565673828125","3.0873565673828125","3.0873565673828125"
"1509949440","1439","1439","1439","3.2157859802246094","3.2157859802246094","3.2157859802246094"
"1510998016","1440","1440","1440","3.366764545440674","3.366764545440674","3.366764545440674"
"1512046592","1441","1441","1441","3.2503678798675537","3.2503678798675537","3.2503678798675537"
"1513095168","1442","1442","1442","3.269953727722168","3.269953727722168","3.269953727722168"
"1514143744","1443","1443","1443","3.1934731006622314","3.1934731006622314","3.1934731006622314"
"1515192320","1444","1444","1444","3.142608642578125","3.142608642578125","3.142608642578125"
"1516240896","1445","1445","1445","3.1435272693634033","3.1435272693634033","3.1435272693634033"
"1517289472","1446","1446","1446","3.2863173484802246","3.2863173484802246","3.2863173484802246"
"1518338048","1447","1447","1447","3.0401694774627686","3.0401694774627686","3.0401694774627686"
"1519386624","1448","1448","1448","3.286914110183716","3.286914110183716","3.286914110183716"
"1520435200","1449","1449","1449","3.0938966274261475","3.0938966274261475","3.0938966274261475"
"1521483776","1450","1450","1450","3.132012367248535","3.132012367248535","3.132012367248535"
"1522532352","1451","1451","1451","3.2096126079559326","3.2096126079559326","3.2096126079559326"
"1523580928","1452","1452","1452","3.181661605834961","3.181661605834961","3.181661605834961"
"1524629504","1453","1453","1453","3.232792854309082","3.232792854309082","3.232792854309082"
"1525678080","1454","1454","1454","3.092926263809204","3.092926263809204","3.092926263809204"
"1526726656","1455","1455","1455","3.1929376125335693","3.1929376125335693","3.1929376125335693"
"1527775232","1456","1456","1456","3.172969102859497","3.172969102859497","3.172969102859497"
"1528823808","1457","1457","1457","3.041731834411621","3.041731834411621","3.041731834411621"
"1529872384","1458","1458","1458","3.162808656692505","3.162808656692505","3.162808656692505"
"1530920960","1459","1459","1459","3.215162754058838","3.215162754058838","3.215162754058838"
"1531969536","1460","1460","1460","3.3642184734344482","3.3642184734344482","3.3642184734344482"
"1533018112","1461","1461","1461","3.405273914337158","3.405273914337158","3.405273914337158"
"1534066688","1462","1462","1462","3.3739423751831055","3.3739423751831055","3.3739423751831055"
"1535115264","1463","1463","1463","3.2042908668518066","3.2042908668518066","3.2042908668518066"
"1536163840","1464","1464","1464","3.2559025287628174","3.2559025287628174","3.2559025287628174"
"1537212416","1465","1465","1465","3.261777400970459","3.261777400970459","3.261777400970459"
"1538260992","1466","1466","1466","3.3177812099456787","3.3177812099456787","3.3177812099456787"
"1539309568","1467","1467","1467","3.217552900314331","3.217552900314331","3.217552900314331"
"1540358144","1468","1468","1468","3.2787158489227295","3.2787158489227295","3.2787158489227295"
"1541406720","1469","1469","1469","3.1427688598632812","3.1427688598632812","3.1427688598632812"
"1542455296","1470","1470","1470","3.2259106636047363","3.2259106636047363","3.2259106636047363"
"1543503872","1471","1471","1471","3.1181535720825195","3.1181535720825195","3.1181535720825195"
"1544552448","1472","1472","1472","3.292100667953491","3.292100667953491","3.292100667953491"
"1545601024","1473","1473","1473","3.1865620613098145","3.1865620613098145","3.1865620613098145"
"1546649600","1474","1474","1474","3.366058588027954","3.366058588027954","3.366058588027954"
"1547698176","1475","1475","1475","3.295039653778076","3.295039653778076","3.295039653778076"
"1548746752","1476","1476","1476","3.1770129203796387","3.1770129203796387","3.1770129203796387"
"1549795328","1477","1477","1477","3.147890090942383","3.147890090942383","3.147890090942383"
"1550843904","1478","1478","1478","3.4076554775238037","3.4076554775238037","3.4076554775238037"
"1551892480","1479","1479","1479","3.3323636054992676","3.3323636054992676","3.3323636054992676"
"1552941056","1480","1480","1480","3.394117832183838","3.394117832183838","3.394117832183838"
"1553989632","1481","1481","1481","3.2008090019226074","3.2008090019226074","3.2008090019226074"
"1555038208","1482","1482","1482","3.1467947959899902","3.1467947959899902","3.1467947959899902"
"1556086784","1483","1483","1483","3.153416156768799","3.153416156768799","3.153416156768799"
"1557135360","1484","1484","1484","3.3111140727996826","3.3111140727996826","3.3111140727996826"
"1558183936","1485","1485","1485","3.1601972579956055","3.1601972579956055","3.1601972579956055"
"1559232512","1486","1486","1486","3.295072078704834","3.295072078704834","3.295072078704834"
"1560281088","1487","1487","1487","3.1304163932800293","3.1304163932800293","3.1304163932800293"
"1561329664","1488","1488","1488","3.16617488861084","3.16617488861084","3.16617488861084"
"1562378240","1489","1489","1489","3.228156805038452","3.228156805038452","3.228156805038452"
"1563426816","1490","1490","1490","3.3745577335357666","3.3745577335357666","3.3745577335357666"
"1564475392","1491","1491","1491","3.3044333457946777","3.3044333457946777","3.3044333457946777"
"1565523968","1492","1492","1492","3.2523622512817383","3.2523622512817383","3.2523622512817383"
"1566572544","1493","1493","1493","3.137321949005127","3.137321949005127","3.137321949005127"
"1567621120","1494","1494","1494","3.3427734375","3.3427734375","3.3427734375"
"1568669696","1495","1495","1495","3.325153112411499","3.325153112411499","3.325153112411499"
"1569718272","1496","1496","1496","3.2919485569000244","3.2919485569000244","3.2919485569000244"
"1570766848","1497","1497","1497","3.16096830368042","3.16096830368042","3.16096830368042"
"1571815424","1498","1498","1498","3.2418882846832275","3.2418882846832275","3.2418882846832275"
"1572864000","1499","1499","1499","3.0950729846954346","3.0950729846954346","3.0950729846954346"
"1573912576","1500","1500","1500","3.044703960418701","3.044703960418701","3.044703960418701"
"1574961152","1501","1501","1501","3.213412046432495","3.213412046432495","3.213412046432495"
"1576009728","1502","1502","1502","2.985978126525879","2.985978126525879","2.985978126525879"
"1577058304","1503","1503","1503","3.1098344326019287","3.1098344326019287","3.1098344326019287"
"1578106880","1504","1504","1504","3.364032745361328","3.364032745361328","3.364032745361328"
"1579155456","1505","1505","1505","3.3163199424743652","3.3163199424743652","3.3163199424743652"
"1580204032","1506","1506","1506","3.2234342098236084","3.2234342098236084","3.2234342098236084"
"1581252608","1507","1507","1507","3.2434513568878174","3.2434513568878174","3.2434513568878174"
"1582301184","1508","1508","1508","3.1922953128814697","3.1922953128814697","3.1922953128814697"
"1583349760","1509","1509","1509","3.1592369079589844","3.1592369079589844","3.1592369079589844"
"1584398336","1510","1510","1510","3.217017650604248","3.217017650604248","3.217017650604248"
"1585446912","1511","1511","1511","3.181992530822754","3.181992530822754","3.181992530822754"
"1586495488","1512","1512","1512","3.1410181522369385","3.1410181522369385","3.1410181522369385"
"1587544064","1513","1513","1513","3.255984306335449","3.255984306335449","3.255984306335449"
"1588592640","1514","1514","1514","3.1740596294403076","3.1740596294403076","3.1740596294403076"
"1589641216","1515","1515","1515","3.172668933868408","3.172668933868408","3.172668933868408"
"1590689792","1516","1516","1516","3.2874577045440674","3.2874577045440674","3.2874577045440674"
"1591738368","1517","1517","1517","3.221421241760254","3.221421241760254","3.221421241760254"
"1592786944","1518","1518","1518","3.2296371459960938","3.2296371459960938","3.2296371459960938"
"1593835520","1519","1519","1519","3.2373452186584473","3.2373452186584473","3.2373452186584473"
"1594884096","1520","1520","1520","3.340561866760254","3.340561866760254","3.340561866760254"
"1595932672","1521","1521","1521","3.1906657218933105","3.1906657218933105","3.1906657218933105"
"1596981248","1522","1522","1522","3.490590810775757","3.490590810775757","3.490590810775757"
"1598029824","1523","1523","1523","3.2795603275299072","3.2795603275299072","3.2795603275299072"
"1599078400","1524","1524","1524","3.138427257537842","3.138427257537842","3.138427257537842"
"1600126976","1525","1525","1525","3.166372299194336","3.166372299194336","3.166372299194336"
"1601175552","1526","1526","1526","3.202878952026367","3.202878952026367","3.202878952026367"
"1602224128","1527","1527","1527","3.205040216445923","3.205040216445923","3.205040216445923"
"1603272704","1528","1528","1528","3.0821590423583984","3.0821590423583984","3.0821590423583984"
"1604321280","1529","1529","1529","3.1488187313079834","3.1488187313079834","3.1488187313079834"
"1605369856","1530","1530","1530","2.94490122795105","2.94490122795105","2.94490122795105"
"1606418432","1531","1531","1531","3.1450934410095215","3.1450934410095215","3.1450934410095215"
"1607467008","1532","1532","1532","3.160295248031616","3.160295248031616","3.160295248031616"
"1608515584","1533","1533","1533","3.117063522338867","3.117063522338867","3.117063522338867"
"1609564160","1534","1534","1534","3.235257148742676","3.235257148742676","3.235257148742676"
"1610612736","1535","1535","1535","3.375330686569214","3.375330686569214","3.375330686569214"
"1611661312","1536","1536","1536","3.1865506172180176","3.1865506172180176","3.1865506172180176"
"1612709888","1537","1537","1537","3.2989566326141357","3.2989566326141357","3.2989566326141357"
"1613758464","1538","1538","1538","3.1041359901428223","3.1041359901428223","3.1041359901428223"
"1614807040","1539","1539","1539","3.032257556915283","3.032257556915283","3.032257556915283"
"1615855616","1540","1540","1540","3.0837268829345703","3.0837268829345703","3.0837268829345703"
"1616904192","1541","1541","1541","3.2192232608795166","3.2192232608795166","3.2192232608795166"
"1617952768","1542","1542","1542","3.2519919872283936","3.2519919872283936","3.2519919872283936"
"1619001344","1543","1543","1543","3.191490411758423","3.191490411758423","3.191490411758423"
"1620049920","1544","1544","1544","3.1543614864349365","3.1543614864349365","3.1543614864349365"
"1621098496","1545","1545","1545","3.144402027130127","3.144402027130127","3.144402027130127"
"1622147072","1546","1546","1546","3.2484521865844727","3.2484521865844727","3.2484521865844727"
"1623195648","1547","1547","1547","3.2015528678894043","3.2015528678894043","3.2015528678894043"
"1624244224","1548","1548","1548","3.0763192176818848","3.0763192176818848","3.0763192176818848"
"1625292800","1549","1549","1549","3.2138023376464844","3.2138023376464844","3.2138023376464844"
"1626341376","1550","1550","1550","3.309023380279541","3.309023380279541","3.309023380279541"
"1627389952","1551","1551","1551","3.207144260406494","3.207144260406494","3.207144260406494"
"1628438528","1552","1552","1552","3.221008062362671","3.221008062362671","3.221008062362671"
"1629487104","1553","1553","1553","3.089358329772949","3.089358329772949","3.089358329772949"
"1630535680","1554","1554","1554","3.134535312652588","3.134535312652588","3.134535312652588"
"1631584256","1555","1555","1555","3.025709867477417","3.025709867477417","3.025709867477417"
"1632632832","1556","1556","1556","3.351043462753296","3.351043462753296","3.351043462753296"
"1633681408","1557","1557","1557","3.27602481842041","3.27602481842041","3.27602481842041"
"1634729984","1558","1558","1558","3.212587356567383","3.212587356567383","3.212587356567383"
"1635778560","1559","1559","1559","3.1680095195770264","3.1680095195770264","3.1680095195770264"
"1636827136","1560","1560","1560","3.237865447998047","3.237865447998047","3.237865447998047"
"1637875712","1561","1561","1561","3.1017370223999023","3.1017370223999023","3.1017370223999023"
"1638924288","1562","1562","1562","3.0663743019104004","3.0663743019104004","3.0663743019104004"
"1639972864","1563","1563","1563","3.031151056289673","3.031151056289673","3.031151056289673"
"1641021440","1564","1564","1564","3.21456241607666","3.21456241607666","3.21456241607666"
"1642070016","1565","1565","1565","3.254438877105713","3.254438877105713","3.254438877105713"
"1643118592","1566","1566","1566","3.278801918029785","3.278801918029785","3.278801918029785"
"1644167168","1567","1567","1567","3.140444278717041","3.140444278717041","3.140444278717041"
"1645215744","1568","1568","1568","3.1666197776794434","3.1666197776794434","3.1666197776794434"
"1646264320","1569","1569","1569","3.126251697540283","3.126251697540283","3.126251697540283"
"1647312896","1570","1570","1570","3.137326717376709","3.137326717376709","3.137326717376709"
"1648361472","1571","1571","1571","3.073247194290161","3.073247194290161","3.073247194290161"
"1649410048","1572","1572","1572","3.245997428894043","3.245997428894043","3.245997428894043"
"1650458624","1573","1573","1573","3.1101021766662598","3.1101021766662598","3.1101021766662598"
"1651507200","1574","1574","1574","3.2451539039611816","3.2451539039611816","3.2451539039611816"
"1652555776","1575","1575","1575","3.0484180450439453","3.0484180450439453","3.0484180450439453"
"1653604352","1576","1576","1576","3.375977039337158","3.375977039337158","3.375977039337158"
"1654652928","1577","1577","1577","3.2866222858428955","3.2866222858428955","3.2866222858428955"
"1655701504","1578","1578","1578","3.1764988899230957","3.1764988899230957","3.1764988899230957"
"1656750080","1579","1579","1579","3.0790178775787354","3.0790178775787354","3.0790178775787354"
"1657798656","1580","1580","1580","3.1602377891540527","3.1602377891540527","3.1602377891540527"
"1658847232","1581","1581","1581","3.088808536529541","3.088808536529541","3.088808536529541"
"1659895808","1582","1582","1582","3.235935926437378","3.235935926437378","3.235935926437378"
"1660944384","1583","1583","1583","3.178006410598755","3.178006410598755","3.178006410598755"
"1661992960","1584","1584","1584","3.204854726791382","3.204854726791382","3.204854726791382"
"1663041536","1585","1585","1585","3.069204807281494","3.069204807281494","3.069204807281494"
"1664090112","1586","1586","1586","3.293252944946289","3.293252944946289","3.293252944946289"
"1665138688","1587","1587","1587","3.11903977394104","3.11903977394104","3.11903977394104"
"1666187264","1588","1588","1588","3.0661089420318604","3.0661089420318604","3.0661089420318604"
"1667235840","1589","1589","1589","2.932191848754883","2.932191848754883","2.932191848754883"
"1668284416","1590","1590","1590","3.119504928588867","3.119504928588867","3.119504928588867"
"1669332992","1591","1591","1591","3.0718271732330322","3.0718271732330322","3.0718271732330322"
"1670381568","1592","1592","1592","3.2636635303497314","3.2636635303497314","3.2636635303497314"
"1671430144","1593","1593","1593","3.2090306282043457","3.2090306282043457","3.2090306282043457"
"1672478720","1594","1594","1594","3.1023809909820557","3.1023809909820557","3.1023809909820557"
"1673527296","1595","1595","1595","3.1183838844299316","3.1183838844299316","3.1183838844299316"
"1674575872","1596","1596","1596","2.9938101768493652","2.9938101768493652","2.9938101768493652"
"1675624448","1597","1597","1597","2.976039171218872","2.976039171218872","2.976039171218872"
"1676673024","1598","1598","1598","2.939678907394409","2.939678907394409","2.939678907394409"
"1677721600","1599","1599","1599","3.117403030395508","3.117403030395508","3.117403030395508"
"1678770176","1600","1600","1600","3.1350860595703125","3.1350860595703125","3.1350860595703125"
"1679818752","1601","1601","1601","3.040926694869995","3.040926694869995","3.040926694869995"
"1680867328","1602","1602","1602","3.260706901550293","3.260706901550293","3.260706901550293"
"1681915904","1603","1603","1603","3.149618625640869","3.149618625640869","3.149618625640869"
"1682964480","1604","1604","1604","3.2644526958465576","3.2644526958465576","3.2644526958465576"
"1684013056","1605","1605","1605","3.189038038253784","3.189038038253784","3.189038038253784"
"1685061632","1606","1606","1606","3.1282501220703125","3.1282501220703125","3.1282501220703125"
"1686110208","1607","1607","1607","3.2202816009521484","3.2202816009521484","3.2202816009521484"
"1687158784","1608","1608","1608","3.1578922271728516","3.1578922271728516","3.1578922271728516"
"1688207360","1609","1609","1609","3.2287917137145996","3.2287917137145996","3.2287917137145996"
"1689255936","1610","1610","1610","3.3096764087677","3.3096764087677","3.3096764087677"
"1690304512","1611","1611","1611","3.139333963394165","3.139333963394165","3.139333963394165"
"1691353088","1612","1612","1612","3.2367496490478516","3.2367496490478516","3.2367496490478516"
"1692401664","1613","1613","1613","3.172119140625","3.172119140625","3.172119140625"
"1693450240","1614","1614","1614","3.1906044483184814","3.1906044483184814","3.1906044483184814"
"1694498816","1615","1615","1615","3.1955103874206543","3.1955103874206543","3.1955103874206543"
"1695547392","1616","1616","1616","3.1827330589294434","3.1827330589294434","3.1827330589294434"
"1696595968","1617","1617","1617","3.236327886581421","3.236327886581421","3.236327886581421"
"1697644544","1618","1618","1618","3.234619140625","3.234619140625","3.234619140625"
"1698693120","1619","1619","1619","3.1954753398895264","3.1954753398895264","3.1954753398895264"
"1699741696","1620","1620","1620","3.254179000854492","3.254179000854492","3.254179000854492"
"1700790272","1621","1621","1621","3.142096519470215","3.142096519470215","3.142096519470215"
"1701838848","1622","1622","1622","3.217169761657715","3.217169761657715","3.217169761657715"
"1702887424","1623","1623","1623","3.067864418029785","3.067864418029785","3.067864418029785"
"1703936000","1624","1624","1624","3.241410970687866","3.241410970687866","3.241410970687866"
"1704984576","1625","1625","1625","3.1192023754119873","3.1192023754119873","3.1192023754119873"
"1706033152","1626","1626","1626","3.261894702911377","3.261894702911377","3.261894702911377"
"1707081728","1627","1627","1627","3.154634475708008","3.154634475708008","3.154634475708008"
"1708130304","1628","1628","1628","3.1631662845611572","3.1631662845611572","3.1631662845611572"
"1709178880","1629","1629","1629","3.196850299835205","3.196850299835205","3.196850299835205"
"1710227456","1630","1630","1630","3.1747066974639893","3.1747066974639893","3.1747066974639893"
"1711276032","1631","1631","1631","3.122943639755249","3.122943639755249","3.122943639755249"
"1712324608","1632","1632","1632","2.9955263137817383","2.9955263137817383","2.9955263137817383"
"1713373184","1633","1633","1633","3.1822509765625","3.1822509765625","3.1822509765625"
"1714421760","1634","1634","1634","3.090639591217041","3.090639591217041","3.090639591217041"
"1715470336","1635","1635","1635","3.177175283432007","3.177175283432007","3.177175283432007"
"1716518912","1636","1636","1636","3.3444573879241943","3.3444573879241943","3.3444573879241943"
"1717567488","1637","1637","1637","3.2022294998168945","3.2022294998168945","3.2022294998168945"
"1718616064","1638","1638","1638","3.149331569671631","3.149331569671631","3.149331569671631"
"1719664640","1639","1639","1639","3.1368861198425293","3.1368861198425293","3.1368861198425293"
"1720713216","1640","1640","1640","3.2376837730407715","3.2376837730407715","3.2376837730407715"
"1721761792","1641","1641","1641","3.0531811714172363","3.0531811714172363","3.0531811714172363"
"1722810368","1642","1642","1642","3.0529897212982178","3.0529897212982178","3.0529897212982178"
"1723858944","1643","1643","1643","3.0405149459838867","3.0405149459838867","3.0405149459838867"
"1724907520","1644","1644","1644","3.058933734893799","3.058933734893799","3.058933734893799"
"1725956096","1645","1645","1645","3.0536487102508545","3.0536487102508545","3.0536487102508545"
"1727004672","1646","1646","1646","2.943256378173828","2.943256378173828","2.943256378173828"
"1728053248","1647","1647","1647","3.1051979064941406","3.1051979064941406","3.1051979064941406"
"1729101824","1648","1648","1648","3.1561708450317383","3.1561708450317383","3.1561708450317383"
"1730150400","1649","1649","1649","3.0536882877349854","3.0536882877349854","3.0536882877349854"
"1731198976","1650","1650","1650","3.2745025157928467","3.2745025157928467","3.2745025157928467"
"1732247552","1651","1651","1651","3.137542963027954","3.137542963027954","3.137542963027954"
"1733296128","1652","1652","1652","3.115874767303467","3.115874767303467","3.115874767303467"
"1734344704","1653","1653","1653","3.084890604019165","3.084890604019165","3.084890604019165"
"1735393280","1654","1654","1654","3.157553195953369","3.157553195953369","3.157553195953369"
"1736441856","1655","1655","1655","3.15226674079895","3.15226674079895","3.15226674079895"
"1737490432","1656","1656","1656","3.05019211769104","3.05019211769104","3.05019211769104"
"1738539008","1657","1657","1657","3.1604795455932617","3.1604795455932617","3.1604795455932617"
"1739587584","1658","1658","1658","2.994509220123291","2.994509220123291","2.994509220123291"
"1740636160","1659","1659","1659","3.026677131652832","3.026677131652832","3.026677131652832"
"1741684736","1660","1660","1660","2.974179267883301","2.974179267883301","2.974179267883301"
"1742733312","1661","1661","1661","2.98516845703125","2.98516845703125","2.98516845703125"
"1743781888","1662","1662","1662","2.9472906589508057","2.9472906589508057","2.9472906589508057"
"1744830464","1663","1663","1663","3.0131723880767822","3.0131723880767822","3.0131723880767822"
"1745879040","1664","1664","1664","3.094489812850952","3.094489812850952","3.094489812850952"
"1746927616","1665","1665","1665","3.0816144943237305","3.0816144943237305","3.0816144943237305"
"1747976192","1666","1666","1666","3.0622472763061523","3.0622472763061523","3.0622472763061523"
"1749024768","1667","1667","1667","2.920092821121216","2.920092821121216","2.920092821121216"
"1750073344","1668","1668","1668","3.222782611846924","3.222782611846924","3.222782611846924"
"1751121920","1669","1669","1669","3.125763177871704","3.125763177871704","3.125763177871704"
"1752170496","1670","1670","1670","3.157282829284668","3.157282829284668","3.157282829284668"
"1753219072","1671","1671","1671","3.095334053039551","3.095334053039551","3.095334053039551"
"1754267648","1672","1672","1672","3.0730137825012207","3.0730137825012207","3.0730137825012207"
"1755316224","1673","1673","1673","3.0095572471618652","3.0095572471618652","3.0095572471618652"
"1756364800","1674","1674","1674","3.101344585418701","3.101344585418701","3.101344585418701"
"1757413376","1675","1675","1675","3.0561437606811523","3.0561437606811523","3.0561437606811523"
"1758461952","1676","1676","1676","3.023902416229248","3.023902416229248","3.023902416229248"
"1759510528","1677","1677","1677","3.1200573444366455","3.1200573444366455","3.1200573444366455"
"1760559104","1678","1678","1678","3.036406993865967","3.036406993865967","3.036406993865967"
"1761607680","1679","1679","1679","3.057046890258789","3.057046890258789","3.057046890258789"
"1762656256","1680","1680","1680","3.208573341369629","3.208573341369629","3.208573341369629"
"1763704832","1681","1681","1681","3.104456901550293","3.104456901550293","3.104456901550293"
"1764753408","1682","1682","1682","3.1630640029907227","3.1630640029907227","3.1630640029907227"
"1765801984","1683","1683","1683","3.061042308807373","3.061042308807373","3.061042308807373"
"1766850560","1684","1684","1684","3.129733085632324","3.129733085632324","3.129733085632324"
"1767899136","1685","1685","1685","3.233696699142456","3.233696699142456","3.233696699142456"
"1768947712","1686","1686","1686","3.061187744140625","3.061187744140625","3.061187744140625"
"1769996288","1687","1687","1687","3.138444662094116","3.138444662094116","3.138444662094116"
"1771044864","1688","1688","1688","3.0849952697753906","3.0849952697753906","3.0849952697753906"
"1772093440","1689","1689","1689","3.035550117492676","3.035550117492676","3.035550117492676"
"1773142016","1690","1690","1690","3.1352639198303223","3.1352639198303223","3.1352639198303223"
"1774190592","1691","1691","1691","3.1625325679779053","3.1625325679779053","3.1625325679779053"
"1775239168","1692","1692","1692","3.0744943618774414","3.0744943618774414","3.0744943618774414"
"1776287744","1693","1693","1693","2.9439711570739746","2.9439711570739746","2.9439711570739746"
"1777336320","1694","1694","1694","3.0686235427856445","3.0686235427856445","3.0686235427856445"
"1778384896","1695","1695","1695","3.0609071254730225","3.0609071254730225","3.0609071254730225"
"1779433472","1696","1696","1696","3.1417880058288574","3.1417880058288574","3.1417880058288574"
"1780482048","1697","1697","1697","3.047682762145996","3.047682762145996","3.047682762145996"
"1781530624","1698","1698","1698","3.093228340148926","3.093228340148926","3.093228340148926"
"1782579200","1699","1699","1699","3.0624492168426514","3.0624492168426514","3.0624492168426514"
"1783627776","1700","1700","1700","2.998624324798584","2.998624324798584","2.998624324798584"
"1784676352","1701","1701","1701","3.1087658405303955","3.1087658405303955","3.1087658405303955"
"1785724928","1702","1702","1702","3.1016595363616943","3.1016595363616943","3.1016595363616943"
"1786773504","1703","1703","1703","3.036284923553467","3.036284923553467","3.036284923553467"
"1787822080","1704","1704","1704","3.089603900909424","3.089603900909424","3.089603900909424"
"1788870656","1705","1705","1705","3.1657638549804688","3.1657638549804688","3.1657638549804688"
"1789919232","1706","1706","1706","3.1020970344543457","3.1020970344543457","3.1020970344543457"
"1790967808","1707","1707","1707","3.016775608062744","3.016775608062744","3.016775608062744"
"1792016384","1708","1708","1708","2.9648122787475586","2.9648122787475586","2.9648122787475586"
"1793064960","1709","1709","1709","3.099771022796631","3.099771022796631","3.099771022796631"
"1794113536","1710","1710","1710","3.0027177333831787","3.0027177333831787","3.0027177333831787"
"1795162112","1711","1711","1711","3.0483827590942383","3.0483827590942383","3.0483827590942383"
"1796210688","1712","1712","1712","3.1703131198883057","3.1703131198883057","3.1703131198883057"
"1797259264","1713","1713","1713","3.1609935760498047","3.1609935760498047","3.1609935760498047"
"1798307840","1714","1714","1714","3.0495877265930176","3.0495877265930176","3.0495877265930176"
"1799356416","1715","1715","1715","3.1775851249694824","3.1775851249694824","3.1775851249694824"
"1800404992","1716","1716","1716","3.221207618713379","3.221207618713379","3.221207618713379"
"1801453568","1717","1717","1717","3.1298019886016846","3.1298019886016846","3.1298019886016846"
"1802502144","1718","1718","1718","3.131553888320923","3.131553888320923","3.131553888320923"
"1803550720","1719","1719","1719","3.1970791816711426","3.1970791816711426","3.1970791816711426"
"1804599296","1720","1720","1720","3.0523180961608887","3.0523180961608887","3.0523180961608887"
"1805647872","1721","1721","1721","3.148141860961914","3.148141860961914","3.148141860961914"
"1806696448","1722","1722","1722","3.110471725463867","3.110471725463867","3.110471725463867"
"1807745024","1723","1723","1723","3.1396968364715576","3.1396968364715576","3.1396968364715576"
"1808793600","1724","1724","1724","2.8515608310699463","2.8515608310699463","2.8515608310699463"
"1809842176","1725","1725","1725","2.9067795276641846","2.9067795276641846","2.9067795276641846"
"1810890752","1726","1726","1726","3.04925274848938","3.04925274848938","3.04925274848938"
"1811939328","1727","1727","1727","3.144223690032959","3.144223690032959","3.144223690032959"
"1812987904","1728","1728","1728","3.1817164421081543","3.1817164421081543","3.1817164421081543"
"1814036480","1729","1729","1729","3.177708625793457","3.177708625793457","3.177708625793457"
"1815085056","1730","1730","1730","2.9415807723999023","2.9415807723999023","2.9415807723999023"
"1816133632","1731","1731","1731","3.0561842918395996","3.0561842918395996","3.0561842918395996"
"1817182208","1732","1732","1732","2.8518574237823486","2.8518574237823486","2.8518574237823486"
"1818230784","1733","1733","1733","2.8348450660705566","2.8348450660705566","2.8348450660705566"
"1819279360","1734","1734","1734","2.9977965354919434","2.9977965354919434","2.9977965354919434"
"1820327936","1735","1735","1735","3.1339778900146484","3.1339778900146484","3.1339778900146484"
"1821376512","1736","1736","1736","3.0842790603637695","3.0842790603637695","3.0842790603637695"
"1822425088","1737","1737","1737","3.1976451873779297","3.1976451873779297","3.1976451873779297"
"1823473664","1738","1738","1738","3.042363405227661","3.042363405227661","3.042363405227661"
"1824522240","1739","1739","1739","3.0633249282836914","3.0633249282836914","3.0633249282836914"
"1825570816","1740","1740","1740","2.9947924613952637","2.9947924613952637","2.9947924613952637"
"1826619392","1741","1741","1741","3.0765607357025146","3.0765607357025146","3.0765607357025146"
"1827667968","1742","1742","1742","3.1073403358459473","3.1073403358459473","3.1073403358459473"
"1828716544","1743","1743","1743","3.161782741546631","3.161782741546631","3.161782741546631"
"1829765120","1744","1744","1744","2.990473747253418","2.990473747253418","2.990473747253418"
"1830813696","1745","1745","1745","3.031886577606201","3.031886577606201","3.031886577606201"
"1831862272","1746","1746","1746","3.141282081604004","3.141282081604004","3.141282081604004"
"1832910848","1747","1747","1747","3.0202207565307617","3.0202207565307617","3.0202207565307617"
"1833959424","1748","1748","1748","3.092226028442383","3.092226028442383","3.092226028442383"
"1835008000","1749","1749","1749","3.0309319496154785","3.0309319496154785","3.0309319496154785"
"1836056576","1750","1750","1750","3.087144613265991","3.087144613265991","3.087144613265991"
"1837105152","1751","1751","1751","3.0598771572113037","3.0598771572113037","3.0598771572113037"
"1838153728","1752","1752","1752","3.0795021057128906","3.0795021057128906","3.0795021057128906"
"1839202304","1753","1753","1753","3.0375614166259766","3.0375614166259766","3.0375614166259766"
"1840250880","1754","1754","1754","3.0959057807922363","3.0959057807922363","3.0959057807922363"
"1841299456","1755","1755","1755","3.2286643981933594","3.2286643981933594","3.2286643981933594"
"1842348032","1756","1756","1756","3.170168161392212","3.170168161392212","3.170168161392212"
"1843396608","1757","1757","1757","3.1554272174835205","3.1554272174835205","3.1554272174835205"
"1844445184","1758","1758","1758","3.103956937789917","3.103956937789917","3.103956937789917"
"1845493760","1759","1759","1759","3.3027777671813965","3.3027777671813965","3.3027777671813965"
"1846542336","1760","1760","1760","3.1082704067230225","3.1082704067230225","3.1082704067230225"
"1847590912","1761","1761","1761","3.143592357635498","3.143592357635498","3.143592357635498"
"1848639488","1762","1762","1762","3.292285680770874","3.292285680770874","3.292285680770874"
"1849688064","1763","1763","1763","3.1711394786834717","3.1711394786834717","3.1711394786834717"
"1850736640","1764","1764","1764","3.1930172443389893","3.1930172443389893","3.1930172443389893"
"1851785216","1765","1765","1765","3.1563329696655273","3.1563329696655273","3.1563329696655273"
"1852833792","1766","1766","1766","3.048430919647217","3.048430919647217","3.048430919647217"
"1853882368","1767","1767","1767","3.1684422492980957","3.1684422492980957","3.1684422492980957"
"1854930944","1768","1768","1768","3.1292896270751953","3.1292896270751953","3.1292896270751953"
"1855979520","1769","1769","1769","3.051494598388672","3.051494598388672","3.051494598388672"
"1857028096","1770","1770","1770","3.2585887908935547","3.2585887908935547","3.2585887908935547"
"1858076672","1771","1771","1771","3.20603346824646","3.20603346824646","3.20603346824646"
"1859125248","1772","1772","1772","3.3221848011016846","3.3221848011016846","3.3221848011016846"
"1860173824","1773","1773","1773","3.266385316848755","3.266385316848755","3.266385316848755"
"1861222400","1774","1774","1774","3.182342052459717","3.182342052459717","3.182342052459717"
"1862270976","1775","1775","1775","3.2156829833984375","3.2156829833984375","3.2156829833984375"
"1863319552","1776","1776","1776","3.1804566383361816","3.1804566383361816","3.1804566383361816"
"1864368128","1777","1777","1777","3.044659376144409","3.044659376144409","3.044659376144409"
"1865416704","1778","1778","1778","3.160489320755005","3.160489320755005","3.160489320755005"
"1866465280","1779","1779","1779","3.199068307876587","3.199068307876587","3.199068307876587"
"1867513856","1780","1780","1780","3.218397855758667","3.218397855758667","3.218397855758667"
"1868562432","1781","1781","1781","3.224921226501465","3.224921226501465","3.224921226501465"
"1869611008","1782","1782","1782","3.2884774208068848","3.2884774208068848","3.2884774208068848"
"1870659584","1783","1783","1783","3.284074068069458","3.284074068069458","3.284074068069458"
"1871708160","1784","1784","1784","3.3804452419281006","3.3804452419281006","3.3804452419281006"
"1872756736","1785","1785","1785","3.1785221099853516","3.1785221099853516","3.1785221099853516"
"1873805312","1786","1786","1786","3.3132777214050293","3.3132777214050293","3.3132777214050293"
"1874853888","1787","1787","1787","3.2848799228668213","3.2848799228668213","3.2848799228668213"
"1875902464","1788","1788","1788","3.2390780448913574","3.2390780448913574","3.2390780448913574"
"1876951040","1789","1789","1789","3.297262668609619","3.297262668609619","3.297262668609619"
"1877999616","1790","1790","1790","3.278010368347168","3.278010368347168","3.278010368347168"
"1879048192","1791","1791","1791","3.3233649730682373","3.3233649730682373","3.3233649730682373"
"1880096768","1792","1792","1792","3.2647228240966797","3.2647228240966797","3.2647228240966797"
"1881145344","1793","1793","1793","3.3658761978149414","3.3658761978149414","3.3658761978149414"
"1882193920","1794","1794","1794","3.314833164215088","3.314833164215088","3.314833164215088"
"1883242496","1795","1795","1795","3.225630283355713","3.225630283355713","3.225630283355713"
"1884291072","1796","1796","1796","3.2476930618286133","3.2476930618286133","3.2476930618286133"
"1885339648","1797","1797","1797","3.1442155838012695","3.1442155838012695","3.1442155838012695"
"1886388224","1798","1798","1798","3.3585047721862793","3.3585047721862793","3.3585047721862793"
"1887436800","1799","1799","1799","3.310526132583618","3.310526132583618","3.310526132583618"
"1888485376","1800","1800","1800","3.336427927017212","3.336427927017212","3.336427927017212"
"1889533952","1801","1801","1801","3.287264585494995","3.287264585494995","3.287264585494995"
"1890582528","1802","1802","1802","3.319126605987549","3.319126605987549","3.319126605987549"
"1891631104","1803","1803","1803","3.2115859985351562","3.2115859985351562","3.2115859985351562"
"1892679680","1804","1804","1804","3.2893776893615723","3.2893776893615723","3.2893776893615723"
"1893728256","1805","1805","1805","3.1631760597229004","3.1631760597229004","3.1631760597229004"
"1894776832","1806","1806","1806","3.348243236541748","3.348243236541748","3.348243236541748"
"1895825408","1807","1807","1807","3.337592124938965","3.337592124938965","3.337592124938965"
"1896873984","1808","1808","1808","3.3176944255828857","3.3176944255828857","3.3176944255828857"
"1897922560","1809","1809","1809","3.177433490753174","3.177433490753174","3.177433490753174"
"1898971136","1810","1810","1810","3.2897984981536865","3.2897984981536865","3.2897984981536865"
"1900019712","1811","1811","1811","3.1705496311187744","3.1705496311187744","3.1705496311187744"
"1901068288","1812","1812","1812","3.3714194297790527","3.3714194297790527","3.3714194297790527"
"1902116864","1813","1813","1813","3.2002222537994385","3.2002222537994385","3.2002222537994385"
"1903165440","1814","1814","1814","3.2572762966156006","3.2572762966156006","3.2572762966156006"
"1904214016","1815","1815","1815","3.2360427379608154","3.2360427379608154","3.2360427379608154"
"1905262592","1816","1816","1816","3.2502517700195312","3.2502517700195312","3.2502517700195312"
"1906311168","1817","1817","1817","3.1156206130981445","3.1156206130981445","3.1156206130981445"
"1907359744","1818","1818","1818","3.3157105445861816","3.3157105445861816","3.3157105445861816"
"1908408320","1819","1819","1819","3.246070146560669","3.246070146560669","3.246070146560669"
"1909456896","1820","1820","1820","3.2422642707824707","3.2422642707824707","3.2422642707824707"
"1910505472","1821","1821","1821","3.217775344848633","3.217775344848633","3.217775344848633"
"1911554048","1822","1822","1822","3.183668375015259","3.183668375015259","3.183668375015259"
"1912602624","1823","1823","1823","3.244385242462158","3.244385242462158","3.244385242462158"
"1913651200","1824","1824","1824","3.338567018508911","3.338567018508911","3.338567018508911"
"1914699776","1825","1825","1825","3.1955981254577637","3.1955981254577637","3.1955981254577637"
"1915748352","1826","1826","1826","3.1474878787994385","3.1474878787994385","3.1474878787994385"
"1916796928","1827","1827","1827","3.172215461730957","3.172215461730957","3.172215461730957"
"1917845504","1828","1828","1828","3.294886589050293","3.294886589050293","3.294886589050293"
"1918894080","1829","1829","1829","3.2537951469421387","3.2537951469421387","3.2537951469421387"
"1919942656","1830","1830","1830","3.1835715770721436","3.1835715770721436","3.1835715770721436"
"1920991232","1831","1831","1831","3.3276844024658203","3.3276844024658203","3.3276844024658203"
"1922039808","1832","1832","1832","3.2406344413757324","3.2406344413757324","3.2406344413757324"
"1923088384","1833","1833","1833","3.0670323371887207","3.0670323371887207","3.0670323371887207"
"1924136960","1834","1834","1834","3.3165903091430664","3.3165903091430664","3.3165903091430664"
"1925185536","1835","1835","1835","3.222620964050293","3.222620964050293","3.222620964050293"
"1926234112","1836","1836","1836","3.3684096336364746","3.3684096336364746","3.3684096336364746"
"1927282688","1837","1837","1837","3.2611565589904785","3.2611565589904785","3.2611565589904785"
"1928331264","1838","1838","1838","3.3594918251037598","3.3594918251037598","3.3594918251037598"
"1929379840","1839","1839","1839","3.1537272930145264","3.1537272930145264","3.1537272930145264"
"1930428416","1840","1840","1840","3.3617353439331055","3.3617353439331055","3.3617353439331055"
"1931476992","1841","1841","1841","3.2185420989990234","3.2185420989990234","3.2185420989990234"
"1932525568","1842","1842","1842","3.2616324424743652","3.2616324424743652","3.2616324424743652"
"1933574144","1843","1843","1843","3.2889232635498047","3.2889232635498047","3.2889232635498047"
"1934622720","1844","1844","1844","3.3682308197021484","3.3682308197021484","3.3682308197021484"
"1935671296","1845","1845","1845","3.285712718963623","3.285712718963623","3.285712718963623"
"1936719872","1846","1846","1846","3.3574562072753906","3.3574562072753906","3.3574562072753906"
"1937768448","1847","1847","1847","3.2301998138427734","3.2301998138427734","3.2301998138427734"
"1938817024","1848","1848","1848","3.171888589859009","3.171888589859009","3.171888589859009"
"1939865600","1849","1849","1849","3.158489227294922","3.158489227294922","3.158489227294922"
"1940914176","1850","1850","1850","3.172713279724121","3.172713279724121","3.172713279724121"
"1941962752","1851","1851","1851","3.2096195220947266","3.2096195220947266","3.2096195220947266"
"1943011328","1852","1852","1852","3.1450672149658203","3.1450672149658203","3.1450672149658203"
"1944059904","1853","1853","1853","3.1578049659729004","3.1578049659729004","3.1578049659729004"
"1945108480","1854","1854","1854","3.155582904815674","3.155582904815674","3.155582904815674"
"1946157056","1855","1855","1855","3.152350902557373","3.152350902557373","3.152350902557373"
"1947205632","1856","1856","1856","3.1763529777526855","3.1763529777526855","3.1763529777526855"
"1948254208","1857","1857","1857","3.109259843826294","3.109259843826294","3.109259843826294"
"1949302784","1858","1858","1858","3.3558363914489746","3.3558363914489746","3.3558363914489746"
"1950351360","1859","1859","1859","3.3007757663726807","3.3007757663726807","3.3007757663726807"
"1951399936","1860","1860","1860","3.152951240539551","3.152951240539551","3.152951240539551"
"1952448512","1861","1861","1861","3.224193572998047","3.224193572998047","3.224193572998047"
"1953497088","1862","1862","1862","3.177077293395996","3.177077293395996","3.177077293395996"
"1954545664","1863","1863","1863","3.224639415740967","3.224639415740967","3.224639415740967"
"1955594240","1864","1864","1864","3.1917686462402344","3.1917686462402344","3.1917686462402344"
"1956642816","1865","1865","1865","3.1254804134368896","3.1254804134368896","3.1254804134368896"
"1957691392","1866","1866","1866","3.157890796661377","3.157890796661377","3.157890796661377"
"1958739968","1867","1867","1867","3.232855796813965","3.232855796813965","3.232855796813965"
"1959788544","1868","1868","1868","3.271214246749878","3.271214246749878","3.271214246749878"
"1960837120","1869","1869","1869","3.265204668045044","3.265204668045044","3.265204668045044"
"1961885696","1870","1870","1870","3.2615275382995605","3.2615275382995605","3.2615275382995605"
"1962934272","1871","1871","1871","2.975374698638916","2.975374698638916","2.975374698638916"
"1963982848","1872","1872","1872","3.222230911254883","3.222230911254883","3.222230911254883"
"1965031424","1873","1873","1873","3.010016441345215","3.010016441345215","3.010016441345215"
"1966080000","1874","1874","1874","3.1664257049560547","3.1664257049560547","3.1664257049560547"
"1967128576","1875","1875","1875","3.0300583839416504","3.0300583839416504","3.0300583839416504"
"1968177152","1876","1876","1876","3.1355910301208496","3.1355910301208496","3.1355910301208496"
"1969225728","1877","1877","1877","3.0864250659942627","3.0864250659942627","3.0864250659942627"
"1970274304","1878","1878","1878","3.1491658687591553","3.1491658687591553","3.1491658687591553"
"1971322880","1879","1879","1879","3.1665091514587402","3.1665091514587402","3.1665091514587402"
"1972371456","1880","1880","1880","3.2858028411865234","3.2858028411865234","3.2858028411865234"
"1973420032","1881","1881","1881","3.2356669902801514","3.2356669902801514","3.2356669902801514"
"1974468608","1882","1882","1882","3.1727659702301025","3.1727659702301025","3.1727659702301025"
"1975517184","1883","1883","1883","3.146965503692627","3.146965503692627","3.146965503692627"
"1976565760","1884","1884","1884","3.170833110809326","3.170833110809326","3.170833110809326"
"1977614336","1885","1885","1885","2.9546525478363037","2.9546525478363037","2.9546525478363037"
"1978662912","1886","1886","1886","3.113260507583618","3.113260507583618","3.113260507583618"
"1979711488","1887","1887","1887","3.041243314743042","3.041243314743042","3.041243314743042"
"1980760064","1888","1888","1888","3.0364813804626465","3.0364813804626465","3.0364813804626465"
"1981808640","1889","1889","1889","3.1384692192077637","3.1384692192077637","3.1384692192077637"
"1982857216","1890","1890","1890","3.251588821411133","3.251588821411133","3.251588821411133"
"1983905792","1891","1891","1891","3.1300275325775146","3.1300275325775146","3.1300275325775146"
"1984954368","1892","1892","1892","3.1869165897369385","3.1869165897369385","3.1869165897369385"
"1986002944","1893","1893","1893","3.087829828262329","3.087829828262329","3.087829828262329"
"1987051520","1894","1894","1894","3.300793170928955","3.300793170928955","3.300793170928955"
"1988100096","1895","1895","1895","3.1765732765197754","3.1765732765197754","3.1765732765197754"
"1989148672","1896","1896","1896","3.227727174758911","3.227727174758911","3.227727174758911"
"1990197248","1897","1897","1897","3.2923383712768555","3.2923383712768555","3.2923383712768555"
"1991245824","1898","1898","1898","3.28916597366333","3.28916597366333","3.28916597366333"
"1992294400","1899","1899","1899","3.22064208984375","3.22064208984375","3.22064208984375"
"1993342976","1900","1900","1900","3.3081071376800537","3.3081071376800537","3.3081071376800537"
"1994391552","1901","1901","1901","3.1747353076934814","3.1747353076934814","3.1747353076934814"
"1995440128","1902","1902","1902","3.249361276626587","3.249361276626587","3.249361276626587"
"1996488704","1903","1903","1903","3.1659514904022217","3.1659514904022217","3.1659514904022217"
"1997537280","1904","1904","1904","3.19132137298584","3.19132137298584","3.19132137298584"
"1998585856","1905","1905","1905","3.063084125518799","3.063084125518799","3.063084125518799"
"1999634432","1906","1906","1906","3.3273050785064697","3.3273050785064697","3.3273050785064697"
"2000683008","1907","1907","1907","3.15080189704895","3.15080189704895","3.15080189704895"
"2001731584","1908","1908","1908","3.297302722930908","3.297302722930908","3.297302722930908"
"2002780160","1909","1909","1909","3.1122307777404785","3.1122307777404785","3.1122307777404785"
"2003828736","1910","1910","1910","3.2826461791992188","3.2826461791992188","3.2826461791992188"
"2004877312","1911","1911","1911","3.2056589126586914","3.2056589126586914","3.2056589126586914"
"2005925888","1912","1912","1912","3.19766902923584","3.19766902923584","3.19766902923584"
"2006974464","1913","1913","1913","3.2323451042175293","3.2323451042175293","3.2323451042175293"
"2008023040","1914","1914","1914","3.2541706562042236","3.2541706562042236","3.2541706562042236"
"2009071616","1915","1915","1915","3.1792256832122803","3.1792256832122803","3.1792256832122803"
"2010120192","1916","1916","1916","3.247866630554199","3.247866630554199","3.247866630554199"
"2011168768","1917","1917","1917","3.1848015785217285","3.1848015785217285","3.1848015785217285"
"2012217344","1918","1918","1918","3.3749804496765137","3.3749804496765137","3.3749804496765137"
"2013265920","1919","1919","1919","3.102818489074707","3.102818489074707","3.102818489074707"
"2014314496","1920","1920","1920","3.275886058807373","3.275886058807373","3.275886058807373"
"2015363072","1921","1921","1921","3.2008275985717773","3.2008275985717773","3.2008275985717773"
"2016411648","1922","1922","1922","3.3122286796569824","3.3122286796569824","3.3122286796569824"
"2017460224","1923","1923","1923","3.1966514587402344","3.1966514587402344","3.1966514587402344"
"2018508800","1924","1924","1924","3.212529420852661","3.212529420852661","3.212529420852661"
"2019557376","1925","1925","1925","3.211392879486084","3.211392879486084","3.211392879486084"
"2020605952","1926","1926","1926","3.2588376998901367","3.2588376998901367","3.2588376998901367"
"2021654528","1927","1927","1927","3.1963560581207275","3.1963560581207275","3.1963560581207275"
"2022703104","1928","1928","1928","3.2460970878601074","3.2460970878601074","3.2460970878601074"
"2023751680","1929","1929","1929","3.1690878868103027","3.1690878868103027","3.1690878868103027"
"2024800256","1930","1930","1930","3.164956569671631","3.164956569671631","3.164956569671631"
"2025848832","1931","1931","1931","3.1243138313293457","3.1243138313293457","3.1243138313293457"
"2026897408","1932","1932","1932","3.247974395751953","3.247974395751953","3.247974395751953"
"2027945984","1933","1933","1933","3.2090117931365967","3.2090117931365967","3.2090117931365967"
"2028994560","1934","1934","1934","3.217545986175537","3.217545986175537","3.217545986175537"
"2030043136","1935","1935","1935","3.1681761741638184","3.1681761741638184","3.1681761741638184"
"2031091712","1936","1936","1936","3.196516513824463","3.196516513824463","3.196516513824463"
"2032140288","1937","1937","1937","3.1977732181549072","3.1977732181549072","3.1977732181549072"
"2033188864","1938","1938","1938","3.287623167037964","3.287623167037964","3.287623167037964"
"2034237440","1939","1939","1939","3.1773135662078857","3.1773135662078857","3.1773135662078857"
"2035286016","1940","1940","1940","3.277350902557373","3.277350902557373","3.277350902557373"
"2036334592","1941","1941","1941","3.0823583602905273","3.0823583602905273","3.0823583602905273"
"2037383168","1942","1942","1942","3.2287721633911133","3.2287721633911133","3.2287721633911133"
"2038431744","1943","1943","1943","3.303603172302246","3.303603172302246","3.303603172302246"
"2039480320","1944","1944","1944","3.2829010486602783","3.2829010486602783","3.2829010486602783"
"2040528896","1945","1945","1945","3.2149384021759033","3.2149384021759033","3.2149384021759033"
"2041577472","1946","1946","1946","3.233888626098633","3.233888626098633","3.233888626098633"
"2042626048","1947","1947","1947","3.169243812561035","3.169243812561035","3.169243812561035"
"2043674624","1948","1948","1948","3.330369472503662","3.330369472503662","3.330369472503662"
"2044723200","1949","1949","1949","3.198012590408325","3.198012590408325","3.198012590408325"
"2045771776","1950","1950","1950","3.190814971923828","3.190814971923828","3.190814971923828"
"2046820352","1951","1951","1951","3.113144874572754","3.113144874572754","3.113144874572754"
"2047868928","1952","1952","1952","3.3181145191192627","3.3181145191192627","3.3181145191192627"
"2048917504","1953","1953","1953","3.2256414890289307","3.2256414890289307","3.2256414890289307"
"2049966080","1954","1954","1954","3.3012099266052246","3.3012099266052246","3.3012099266052246"
"2051014656","1955","1955","1955","3.2062840461730957","3.2062840461730957","3.2062840461730957"
"2052063232","1956","1956","1956","3.2869880199432373","3.2869880199432373","3.2869880199432373"
"2053111808","1957","1957","1957","3.2187507152557373","3.2187507152557373","3.2187507152557373"
"2054160384","1958","1958","1958","3.2875266075134277","3.2875266075134277","3.2875266075134277"
"2055208960","1959","1959","1959","3.2950806617736816","3.2950806617736816","3.2950806617736816"
"2056257536","1960","1960","1960","3.250108003616333","3.250108003616333","3.250108003616333"
"2057306112","1961","1961","1961","3.127703905105591","3.127703905105591","3.127703905105591"
"2058354688","1962","1962","1962","3.2287721633911133","3.2287721633911133","3.2287721633911133"
"2059403264","1963","1963","1963","3.1804122924804688","3.1804122924804688","3.1804122924804688"
"2060451840","1964","1964","1964","3.22808575630188","3.22808575630188","3.22808575630188"
"2061500416","1965","1965","1965","3.105252265930176","3.105252265930176","3.105252265930176"
"2062548992","1966","1966","1966","3.261599063873291","3.261599063873291","3.261599063873291"
"2063597568","1967","1967","1967","3.2620184421539307","3.2620184421539307","3.2620184421539307"
"2064646144","1968","1968","1968","3.3091657161712646","3.3091657161712646","3.3091657161712646"
"2065694720","1969","1969","1969","3.243173122406006","3.243173122406006","3.243173122406006"
"2066743296","1970","1970","1970","3.2537903785705566","3.2537903785705566","3.2537903785705566"
"2067791872","1971","1971","1971","3.2409496307373047","3.2409496307373047","3.2409496307373047"
"2068840448","1972","1972","1972","3.2018704414367676","3.2018704414367676","3.2018704414367676"
"2069889024","1973","1973","1973","3.2666573524475098","3.2666573524475098","3.2666573524475098"
"2070937600","1974","1974","1974","3.2430336475372314","3.2430336475372314","3.2430336475372314"
"2071986176","1975","1975","1975","3.1334269046783447","3.1334269046783447","3.1334269046783447"
"2073034752","1976","1976","1976","3.2641000747680664","3.2641000747680664","3.2641000747680664"
"2074083328","1977","1977","1977","3.3199281692504883","3.3199281692504883","3.3199281692504883"
"2075131904","1978","1978","1978","3.256640672683716","3.256640672683716","3.256640672683716"
"2076180480","1979","1979","1979","3.2067341804504395","3.2067341804504395","3.2067341804504395"
"2077229056","1980","1980","1980","3.1683576107025146","3.1683576107025146","3.1683576107025146"
"2078277632","1981","1981","1981","3.0551328659057617","3.0551328659057617","3.0551328659057617"
"2079326208","1982","1982","1982","3.171311616897583","3.171311616897583","3.171311616897583"
"2080374784","1983","1983","1983","3.1176793575286865","3.1176793575286865","3.1176793575286865"
"2081423360","1984","1984","1984","3.2960290908813477","3.2960290908813477","3.2960290908813477"
"2082471936","1985","1985","1985","3.1735892295837402","3.1735892295837402","3.1735892295837402"
"2083520512","1986","1986","1986","3.328986883163452","3.328986883163452","3.328986883163452"
"2084569088","1987","1987","1987","3.2122116088867188","3.2122116088867188","3.2122116088867188"
"2085617664","1988","1988","1988","3.2732951641082764","3.2732951641082764","3.2732951641082764"
"2086666240","1989","1989","1989","3.217216968536377","3.217216968536377","3.217216968536377"
"2087714816","1990","1990","1990","3.211069107055664","3.211069107055664","3.211069107055664"
"2088763392","1991","1991","1991","3.2399466037750244","3.2399466037750244","3.2399466037750244"
"2089811968","1992","1992","1992","3.116959571838379","3.116959571838379","3.116959571838379"
"2090860544","1993","1993","1993","3.195847511291504","3.195847511291504","3.195847511291504"
"2091909120","1994","1994","1994","3.3157620429992676","3.3157620429992676","3.3157620429992676"
"2092957696","1995","1995","1995","3.2747929096221924","3.2747929096221924","3.2747929096221924"
"2094006272","1996","1996","1996","3.305814266204834","3.305814266204834","3.305814266204834"
"2095054848","1997","1997","1997","3.327691078186035","3.327691078186035","3.327691078186035"
"2096103424","1998","1998","1998","3.2320163249969482","3.2320163249969482","3.2320163249969482"
"2097152000","1999","1999","1999","3.153251886367798","3.153251886367798","3.153251886367798"
"2098200576","2000","2000","2000","3.1654927730560303","3.1654927730560303","3.1654927730560303"
"2099249152","2001","2001","2001","3.1925010681152344","3.1925010681152344","3.1925010681152344"
"2100297728","2002","2002","2002","3.078057289123535","3.078057289123535","3.078057289123535"
"2101346304","2003","2003","2003","3.1839447021484375","3.1839447021484375","3.1839447021484375"
"2102394880","2004","2004","2004","3.177481174468994","3.177481174468994","3.177481174468994"
"2103443456","2005","2005","2005","3.1583597660064697","3.1583597660064697","3.1583597660064697"
"2104492032","2006","2006","2006","3.2292227745056152","3.2292227745056152","3.2292227745056152"
"2105540608","2007","2007","2007","3.070667028427124","3.070667028427124","3.070667028427124"
"2106589184","2008","2008","2008","3.208055019378662","3.208055019378662","3.208055019378662"
"2107637760","2009","2009","2009","3.069594383239746","3.069594383239746","3.069594383239746"
"2108686336","2010","2010","2010","3.2925493717193604","3.2925493717193604","3.2925493717193604"
"2109734912","2011","2011","2011","3.1822545528411865","3.1822545528411865","3.1822545528411865"
"2110783488","2012","2012","2012","3.237802028656006","3.237802028656006","3.237802028656006"
"2111832064","2013","2013","2013","3.2277488708496094","3.2277488708496094","3.2277488708496094"
"2112880640","2014","2014","2014","3.1966404914855957","3.1966404914855957","3.1966404914855957"
"2113929216","2015","2015","2015","3.1410257816314697","3.1410257816314697","3.1410257816314697"
"2114977792","2016","2016","2016","3.161820888519287","3.161820888519287","3.161820888519287"
"2116026368","2017","2017","2017","3.1433801651000977","3.1433801651000977","3.1433801651000977"
"2117074944","2018","2018","2018","3.221078634262085","3.221078634262085","3.221078634262085"
"2118123520","2019","2019","2019","3.1986985206604004","3.1986985206604004","3.1986985206604004"
"2119172096","2020","2020","2020","3.279933214187622","3.279933214187622","3.279933214187622"
"2120220672","2021","2021","2021","3.271066188812256","3.271066188812256","3.271066188812256"
"2121269248","2022","2022","2022","3.210573196411133","3.210573196411133","3.210573196411133"
"2122317824","2023","2023","2023","3.253274440765381","3.253274440765381","3.253274440765381"
"2123366400","2024","2024","2024","3.2089626789093018","3.2089626789093018","3.2089626789093018"
"2124414976","2025","2025","2025","3.1609833240509033","3.1609833240509033","3.1609833240509033"
"2125463552","2026","2026","2026","3.246553897857666","3.246553897857666","3.246553897857666"
"2126512128","2027","2027","2027","3.1679511070251465","3.1679511070251465","3.1679511070251465"
"2127560704","2028","2028","2028","3.2012197971343994","3.2012197971343994","3.2012197971343994"
"2128609280","2029","2029","2029","3.1545608043670654","3.1545608043670654","3.1545608043670654"
"2129657856","2030","2030","2030","3.3296802043914795","3.3296802043914795","3.3296802043914795"
"2130706432","2031","2031","2031","3.2780284881591797","3.2780284881591797","3.2780284881591797"
"2131755008","2032","2032","2032","3.323946952819824","3.323946952819824","3.323946952819824"
"2132803584","2033","2033","2033","3.2361936569213867","3.2361936569213867","3.2361936569213867"
"2133852160","2034","2034","2034","3.085540294647217","3.085540294647217","3.085540294647217"
"2134900736","2035","2035","2035","3.109954833984375","3.109954833984375","3.109954833984375"
"2135949312","2036","2036","2036","3.2696573734283447","3.2696573734283447","3.2696573734283447"
"2136997888","2037","2037","2037","3.19498610496521","3.19498610496521","3.19498610496521"
"2138046464","2038","2038","2038","3.2599093914031982","3.2599093914031982","3.2599093914031982"
"2139095040","2039","2039","2039","3.2637228965759277","3.2637228965759277","3.2637228965759277"
"2140143616","2040","2040","2040","3.2945950031280518","3.2945950031280518","3.2945950031280518"
"2141192192","2041","2041","2041","3.2007064819335938","3.2007064819335938","3.2007064819335938"
"2142240768","2042","2042","2042","3.3306925296783447","3.3306925296783447","3.3306925296783447"
"2143289344","2043","2043","2043","3.2445120811462402","3.2445120811462402","3.2445120811462402"
"2144337920","2044","2044","2044","3.1884825229644775","3.1884825229644775","3.1884825229644775"
"2145386496","2045","2045","2045","3.2438952922821045","3.2438952922821045","3.2438952922821045"
"2146435072","2046","2046","2046","3.225649118423462","3.225649118423462","3.225649118423462"
"2147483648","2047","2047","2047","3.144413948059082","3.144413948059082","3.144413948059082"
"2148532224","2048","2048","2048","3.3043699264526367","3.3043699264526367","3.3043699264526367"
"2149580800","2049","2049","2049","3.1658284664154053","3.1658284664154053","3.1658284664154053"
"2150629376","2050","2050","2050","3.2301430702209473","3.2301430702209473","3.2301430702209473"
"2151677952","2051","2051","2051","3.2225441932678223","3.2225441932678223","3.2225441932678223"
"2152726528","2052","2052","2052","3.297074317932129","3.297074317932129","3.297074317932129"
"2153775104","2053","2053","2053","3.2570137977600098","3.2570137977600098","3.2570137977600098"
"2154823680","2054","2054","2054","3.221320152282715","3.221320152282715","3.221320152282715"
"2155872256","2055","2055","2055","3.199425220489502","3.199425220489502","3.199425220489502"
"2156920832","2056","2056","2056","3.23532772064209","3.23532772064209","3.23532772064209"
"2157969408","2057","2057","2057","3.1412792205810547","3.1412792205810547","3.1412792205810547"
"2159017984","2058","2058","2058","3.1956112384796143","3.1956112384796143","3.1956112384796143"
"2160066560","2059","2059","2059","3.087406873703003","3.087406873703003","3.087406873703003"
"2161115136","2060","2060","2060","3.205383777618408","3.205383777618408","3.205383777618408"
"2162163712","2061","2061","2061","3.1987974643707275","3.1987974643707275","3.1987974643707275"
"2163212288","2062","2062","2062","3.3163576126098633","3.3163576126098633","3.3163576126098633"
"2164260864","2063","2063","2063","3.2020273208618164","3.2020273208618164","3.2020273208618164"
"2165309440","2064","2064","2064","3.144306182861328","3.144306182861328","3.144306182861328"
"2166358016","2065","2065","2065","3.1541833877563477","3.1541833877563477","3.1541833877563477"
"2167406592","2066","2066","2066","3.2333250045776367","3.2333250045776367","3.2333250045776367"
"2168455168","2067","2067","2067","3.266197681427002","3.266197681427002","3.266197681427002"
"2169503744","2068","2068","2068","3.2102279663085938","3.2102279663085938","3.2102279663085938"
"2170552320","2069","2069","2069","3.117192268371582","3.117192268371582","3.117192268371582"
"2171600896","2070","2070","2070","3.1236674785614014","3.1236674785614014","3.1236674785614014"
"2172649472","2071","2071","2071","3.0973620414733887","3.0973620414733887","3.0973620414733887"
"2173698048","2072","2072","2072","3.248729705810547","3.248729705810547","3.248729705810547"
"2174746624","2073","2073","2073","3.017660617828369","3.017660617828369","3.017660617828369"
"2175795200","2074","2074","2074","3.2474074363708496","3.2474074363708496","3.2474074363708496"
"2176843776","2075","2075","2075","3.094402551651001","3.094402551651001","3.094402551651001"
"2177892352","2076","2076","2076","3.2445526123046875","3.2445526123046875","3.2445526123046875"
"2178940928","2077","2077","2077","3.148052930831909","3.148052930831909","3.148052930831909"
"2179989504","2078","2078","2078","3.193971872329712","3.193971872329712","3.193971872329712"
"2181038080","2079","2079","2079","3.2374656200408936","3.2374656200408936","3.2374656200408936"
"2182086656","2080","2080","2080","3.2738776206970215","3.2738776206970215","3.2738776206970215"
"2183135232","2081","2081","2081","3.164476156234741","3.164476156234741","3.164476156234741"
"2184183808","2082","2082","2082","3.2212510108947754","3.2212510108947754","3.2212510108947754"
"2185232384","2083","2083","2083","3.171097993850708","3.171097993850708","3.171097993850708"
"2186280960","2084","2084","2084","3.1177947521209717","3.1177947521209717","3.1177947521209717"
"2187329536","2085","2085","2085","3.0760953426361084","3.0760953426361084","3.0760953426361084"
"2188378112","2086","2086","2086","3.2510499954223633","3.2510499954223633","3.2510499954223633"
"2189426688","2087","2087","2087","3.1561248302459717","3.1561248302459717","3.1561248302459717"
"2190475264","2088","2088","2088","3.210636854171753","3.210636854171753","3.210636854171753"
"2191523840","2089","2089","2089","3.1990177631378174","3.1990177631378174","3.1990177631378174"
"2192572416","2090","2090","2090","3.274609327316284","3.274609327316284","3.274609327316284"
"2193620992","2091","2091","2091","3.244349479675293","3.244349479675293","3.244349479675293"
"2194669568","2092","2092","2092","3.253427028656006","3.253427028656006","3.253427028656006"
"2195718144","2093","2093","2093","3.1923747062683105","3.1923747062683105","3.1923747062683105"
"2196766720","2094","2094","2094","3.1706836223602295","3.1706836223602295","3.1706836223602295"
"2197815296","2095","2095","2095","3.132131814956665","3.132131814956665","3.132131814956665"
"2198863872","2096","2096","2096","3.2290472984313965","3.2290472984313965","3.2290472984313965"
"2199912448","2097","2097","2097","3.2048799991607666","3.2048799991607666","3.2048799991607666"
"2200961024","2098","2098","2098","3.3030388355255127","3.3030388355255127","3.3030388355255127"
"2202009600","2099","2099","2099","3.076749801635742","3.076749801635742","3.076749801635742"
"2203058176","2100","2100","2100","3.226839065551758","3.226839065551758","3.226839065551758"
"2204106752","2101","2101","2101","3.1776583194732666","3.1776583194732666","3.1776583194732666"
"2205155328","2102","2102","2102","3.214057445526123","3.214057445526123","3.214057445526123"
"2206203904","2103","2103","2103","3.0644021034240723","3.0644021034240723","3.0644021034240723"
"2207252480","2104","2104","2104","3.2204337120056152","3.2204337120056152","3.2204337120056152"
"2208301056","2105","2105","2105","3.1001532077789307","3.1001532077789307","3.1001532077789307"
"2209349632","2106","2106","2106","3.250275135040283","3.250275135040283","3.250275135040283"
"2210398208","2107","2107","2107","3.166515350341797","3.166515350341797","3.166515350341797"
"2211446784","2108","2108","2108","3.3026962280273438","3.3026962280273438","3.3026962280273438"
"2212495360","2109","2109","2109","3.206359624862671","3.206359624862671","3.206359624862671"
"2213543936","2110","2110","2110","3.1611404418945312","3.1611404418945312","3.1611404418945312"
"2214592512","2111","2111","2111","3.189444065093994","3.189444065093994","3.189444065093994"
"2215641088","2112","2112","2112","3.1635489463806152","3.1635489463806152","3.1635489463806152"
"2216689664","2113","2113","2113","3.181089401245117","3.181089401245117","3.181089401245117"
"2217738240","2114","2114","2114","3.1135647296905518","3.1135647296905518","3.1135647296905518"
"2218786816","2115","2115","2115","3.1843819618225098","3.1843819618225098","3.1843819618225098"
"2219835392","2116","2116","2116","3.2552855014801025","3.2552855014801025","3.2552855014801025"
"2220883968","2117","2117","2117","3.0382003784179688","3.0382003784179688","3.0382003784179688"
"2221932544","2118","2118","2118","3.240612030029297","3.240612030029297","3.240612030029297"
"2222981120","2119","2119","2119","3.176969528198242","3.176969528198242","3.176969528198242"
"2224029696","2120","2120","2120","3.0733766555786133","3.0733766555786133","3.0733766555786133"
"2225078272","2121","2121","2121","3.0663204193115234","3.0663204193115234","3.0663204193115234"
"2226126848","2122","2122","2122","3.052724599838257","3.052724599838257","3.052724599838257"
"2227175424","2123","2123","2123","3.0077481269836426","3.0077481269836426","3.0077481269836426"
"2228224000","2124","2124","2124","3.1658387184143066","3.1658387184143066","3.1658387184143066"
"2229272576","2125","2125","2125","3.1609292030334473","3.1609292030334473","3.1609292030334473"
"2230321152","2126","2126","2126","3.211318016052246","3.211318016052246","3.211318016052246"
"2231369728","2127","2127","2127","3.1440484523773193","3.1440484523773193","3.1440484523773193"
"2232418304","2128","2128","2128","3.1744818687438965","3.1744818687438965","3.1744818687438965"
"2233466880","2129","2129","2129","3.0885653495788574","3.0885653495788574","3.0885653495788574"
"2234515456","2130","2130","2130","3.1358511447906494","3.1358511447906494","3.1358511447906494"
"2235564032","2131","2131","2131","3.048105478286743","3.048105478286743","3.048105478286743"
"2236612608","2132","2132","2132","3.3169422149658203","3.3169422149658203","3.3169422149658203"
"2237661184","2133","2133","2133","3.185148000717163","3.185148000717163","3.185148000717163"
"2238709760","2134","2134","2134","3.2323267459869385","3.2323267459869385","3.2323267459869385"
"2239758336","2135","2135","2135","3.1134283542633057","3.1134283542633057","3.1134283542633057"
"2240806912","2136","2136","2136","3.1336872577667236","3.1336872577667236","3.1336872577667236"
"2241855488","2137","2137","2137","3.101980686187744","3.101980686187744","3.101980686187744"
"2242904064","2138","2138","2138","3.152968168258667","3.152968168258667","3.152968168258667"
"2243952640","2139","2139","2139","3.0048844814300537","3.0048844814300537","3.0048844814300537"
"2245001216","2140","2140","2140","3.1353464126586914","3.1353464126586914","3.1353464126586914"
"2246049792","2141","2141","2141","2.997465133666992","2.997465133666992","2.997465133666992"
"2247098368","2142","2142","2142","3.084137201309204","3.084137201309204","3.084137201309204"
"2248146944","2143","2143","2143","3.04947829246521","3.04947829246521","3.04947829246521"
"2249195520","2144","2144","2144","3.214205741882324","3.214205741882324","3.214205741882324"
"2250244096","2145","2145","2145","3.008072853088379","3.008072853088379","3.008072853088379"
"2251292672","2146","2146","2146","3.2776498794555664","3.2776498794555664","3.2776498794555664"
"2252341248","2147","2147","2147","3.1678481101989746","3.1678481101989746","3.1678481101989746"
"2253389824","2148","2148","2148","3.2742271423339844","3.2742271423339844","3.2742271423339844"
"2254438400","2149","2149","2149","3.161878824234009","3.161878824234009","3.161878824234009"
"2255486976","2150","2150","2150","3.1657726764678955","3.1657726764678955","3.1657726764678955"
"2256535552","2151","2151","2151","2.9691309928894043","2.9691309928894043","2.9691309928894043"
"2257584128","2152","2152","2152","3.177560806274414","3.177560806274414","3.177560806274414"
"2258632704","2153","2153","2153","3.0385258197784424","3.0385258197784424","3.0385258197784424"
"2259681280","2154","2154","2154","3.125727653503418","3.125727653503418","3.125727653503418"
"2260729856","2155","2155","2155","3.175678253173828","3.175678253173828","3.175678253173828"
"2261778432","2156","2156","2156","3.222778081893921","3.222778081893921","3.222778081893921"
"2262827008","2157","2157","2157","3.1598613262176514","3.1598613262176514","3.1598613262176514"
"2263875584","2158","2158","2158","3.2320525646209717","3.2320525646209717","3.2320525646209717"
"2264924160","2159","2159","2159","3.1516828536987305","3.1516828536987305","3.1516828536987305"
"2265972736","2160","2160","2160","3.1357898712158203","3.1357898712158203","3.1357898712158203"
"2267021312","2161","2161","2161","3.040454626083374","3.040454626083374","3.040454626083374"
"2268069888","2162","2162","2162","3.1565604209899902","3.1565604209899902","3.1565604209899902"
"2269118464","2163","2163","2163","3.0908098220825195","3.0908098220825195","3.0908098220825195"
"2270167040","2164","2164","2164","3.2417054176330566","3.2417054176330566","3.2417054176330566"
"2271215616","2165","2165","2165","3.1216702461242676","3.1216702461242676","3.1216702461242676"
"2272264192","2166","2166","2166","3.137234687805176","3.137234687805176","3.137234687805176"
"2273312768","2167","2167","2167","3.0934126377105713","3.0934126377105713","3.0934126377105713"
"2274361344","2168","2168","2168","3.155755043029785","3.155755043029785","3.155755043029785"
"2275409920","2169","2169","2169","3.151674747467041","3.151674747467041","3.151674747467041"
"2276458496","2170","2170","2170","3.1002283096313477","3.1002283096313477","3.1002283096313477"
"2277507072","2171","2171","2171","3.1810433864593506","3.1810433864593506","3.1810433864593506"
"2278555648","2172","2172","2172","3.1630804538726807","3.1630804538726807","3.1630804538726807"
"2279604224","2173","2173","2173","3.1036815643310547","3.1036815643310547","3.1036815643310547"
"2280652800","2174","2174","2174","3.069680690765381","3.069680690765381","3.069680690765381"
"2281701376","2175","2175","2175","3.0760409832000732","3.0760409832000732","3.0760409832000732"
"2282749952","2176","2176","2176","3.178854465484619","3.178854465484619","3.178854465484619"
"2283798528","2177","2177","2177","3.084928035736084","3.084928035736084","3.084928035736084"
"2284847104","2178","2178","2178","3.1513524055480957","3.1513524055480957","3.1513524055480957"
"2285895680","2179","2179","2179","3.1767117977142334","3.1767117977142334","3.1767117977142334"
"2286944256","2180","2180","2180","3.223118782043457","3.223118782043457","3.223118782043457"
"2287992832","2181","2181","2181","3.017885208129883","3.017885208129883","3.017885208129883"
"2289041408","2182","2182","2182","3.245327949523926","3.245327949523926","3.245327949523926"
"2290089984","2183","2183","2183","3.154998779296875","3.154998779296875","3.154998779296875"
"2291138560","2184","2184","2184","3.3160603046417236","3.3160603046417236","3.3160603046417236"
"2292187136","2185","2185","2185","3.1514947414398193","3.1514947414398193","3.1514947414398193"
"2293235712","2186","2186","2186","3.161252737045288","3.161252737045288","3.161252737045288"
"2294284288","2187","2187","2187","3.1072189807891846","3.1072189807891846","3.1072189807891846"
"2295332864","2188","2188","2188","3.235142946243286","3.235142946243286","3.235142946243286"
"2296381440","2189","2189","2189","3.0777790546417236","3.0777790546417236","3.0777790546417236"
"2297430016","2190","2190","2190","3.1741394996643066","3.1741394996643066","3.1741394996643066"
"2298478592","2191","2191","2191","3.1289937496185303","3.1289937496185303","3.1289937496185303"
"2299527168","2192","2192","2192","3.1881284713745117","3.1881284713745117","3.1881284713745117"
"2300575744","2193","2193","2193","3.1247169971466064","3.1247169971466064","3.1247169971466064"
"2301624320","2194","2194","2194","3.144183874130249","3.144183874130249","3.144183874130249"
"2302672896","2195","2195","2195","3.0502724647521973","3.0502724647521973","3.0502724647521973"
"2303721472","2196","2196","2196","3.1773195266723633","3.1773195266723633","3.1773195266723633"
"2304770048","2197","2197","2197","3.136772871017456","3.136772871017456","3.136772871017456"
"2305818624","2198","2198","2198","3.190948009490967","3.190948009490967","3.190948009490967"
"2306867200","2199","2199","2199","3.171177625656128","3.171177625656128","3.171177625656128"
"2307915776","2200","2200","2200","3.1621346473693848","3.1621346473693848","3.1621346473693848"
"2308964352","2201","2201","2201","3.1093697547912598","3.1093697547912598","3.1093697547912598"
"2310012928","2202","2202","2202","3.194422721862793","3.194422721862793","3.194422721862793"
"2311061504","2203","2203","2203","3.079601764678955","3.079601764678955","3.079601764678955"
"2312110080","2204","2204","2204","3.208136796951294","3.208136796951294","3.208136796951294"
"2313158656","2205","2205","2205","3.1590323448181152","3.1590323448181152","3.1590323448181152"
"2314207232","2206","2206","2206","3.190673828125","3.190673828125","3.190673828125"
"2315255808","2207","2207","2207","3.0275256633758545","3.0275256633758545","3.0275256633758545"
"2316304384","2208","2208","2208","3.0856213569641113","3.0856213569641113","3.0856213569641113"
"2317352960","2209","2209","2209","3.0860605239868164","3.0860605239868164","3.0860605239868164"
"2318401536","2210","2210","2210","3.096730947494507","3.096730947494507","3.096730947494507"
"2319450112","2211","2211","2211","3.1096129417419434","3.1096129417419434","3.1096129417419434"
"2320498688","2212","2212","2212","3.2679543495178223","3.2679543495178223","3.2679543495178223"
"2321547264","2213","2213","2213","3.1107537746429443","3.1107537746429443","3.1107537746429443"
"2322595840","2214","2214","2214","3.0888595581054688","3.0888595581054688","3.0888595581054688"
"2323644416","2215","2215","2215","3.122847318649292","3.122847318649292","3.122847318649292"
"2324692992","2216","2216","2216","3.168107509613037","3.168107509613037","3.168107509613037"
"2325741568","2217","2217","2217","3.1967573165893555","3.1967573165893555","3.1967573165893555"
"2326790144","2218","2218","2218","3.221709728240967","3.221709728240967","3.221709728240967"
"2327838720","2219","2219","2219","3.213005781173706","3.213005781173706","3.213005781173706"
"2328887296","2220","2220","2220","3.126397132873535","3.126397132873535","3.126397132873535"
"2329935872","2221","2221","2221","3.173521041870117","3.173521041870117","3.173521041870117"
"2330984448","2222","2222","2222","3.1778860092163086","3.1778860092163086","3.1778860092163086"
"2332033024","2223","2223","2223","3.0968637466430664","3.0968637466430664","3.0968637466430664"
"2333081600","2224","2224","2224","3.3064193725585938","3.3064193725585938","3.3064193725585938"
"2334130176","2225","2225","2225","3.2413415908813477","3.2413415908813477","3.2413415908813477"
"2335178752","2226","2226","2226","3.1623334884643555","3.1623334884643555","3.1623334884643555"
"2336227328","2227","2227","2227","3.053670644760132","3.053670644760132","3.053670644760132"
"2337275904","2228","2228","2228","3.1879100799560547","3.1879100799560547","3.1879100799560547"
"2338324480","2229","2229","2229","3.0604195594787598","3.0604195594787598","3.0604195594787598"
"2339373056","2230","2230","2230","3.1382293701171875","3.1382293701171875","3.1382293701171875"
"2340421632","2231","2231","2231","3.0220775604248047","3.0220775604248047","3.0220775604248047"
"2341470208","2232","2232","2232","3.1179745197296143","3.1179745197296143","3.1179745197296143"
"2342518784","2233","2233","2233","3.063539743423462","3.063539743423462","3.063539743423462"
"2343567360","2234","2234","2234","3.1918704509735107","3.1918704509735107","3.1918704509735107"
"2344615936","2235","2235","2235","3.1696412563323975","3.1696412563323975","3.1696412563323975"
"2345664512","2236","2236","2236","3.114175796508789","3.114175796508789","3.114175796508789"
"2346713088","2237","2237","2237","3.1087119579315186","3.1087119579315186","3.1087119579315186"
"2347761664","2238","2238","2238","3.075404167175293","3.075404167175293","3.075404167175293"
"2348810240","2239","2239","2239","3.1070704460144043","3.1070704460144043","3.1070704460144043"
"2349858816","2240","2240","2240","3.234178066253662","3.234178066253662","3.234178066253662"
"2350907392","2241","2241","2241","3.130685567855835","3.130685567855835","3.130685567855835"
"2351955968","2242","2242","2242","3.2199203968048096","3.2199203968048096","3.2199203968048096"
"2353004544","2243","2243","2243","3.0966122150421143","3.0966122150421143","3.0966122150421143"
"2354053120","2244","2244","2244","3.2006473541259766","3.2006473541259766","3.2006473541259766"
"2355101696","2245","2245","2245","3.159790515899658","3.159790515899658","3.159790515899658"
"2356150272","2246","2246","2246","3.2106869220733643","3.2106869220733643","3.2106869220733643"
"2357198848","2247","2247","2247","3.144334554672241","3.144334554672241","3.144334554672241"
"2358247424","2248","2248","2248","3.158874988555908","3.158874988555908","3.158874988555908"
"2359296000","2249","2249","2249","3.1087868213653564","3.1087868213653564","3.1087868213653564"
"2360344576","2250","2250","2250","3.2070417404174805","3.2070417404174805","3.2070417404174805"
"2361393152","2251","2251","2251","2.9805097579956055","2.9805097579956055","2.9805097579956055"
"2362441728","2252","2252","2252","3.18784236907959","3.18784236907959","3.18784236907959"
"2363490304","2253","2253","2253","3.1591169834136963","3.1591169834136963","3.1591169834136963"
"2364538880","2254","2254","2254","3.2829208374023438","3.2829208374023438","3.2829208374023438"
"2365587456","2255","2255","2255","3.1802802085876465","3.1802802085876465","3.1802802085876465"
"2366636032","2256","2256","2256","3.0101165771484375","3.0101165771484375","3.0101165771484375"
"2367684608","2257","2257","2257","3.058736801147461","3.058736801147461","3.058736801147461"
"2368733184","2258","2258","2258","3.1258139610290527","3.1258139610290527","3.1258139610290527"
"2369781760","2259","2259","2259","3.0194411277770996","3.0194411277770996","3.0194411277770996"
"2370830336","2260","2260","2260","3.0566749572753906","3.0566749572753906","3.0566749572753906"
"2371878912","2261","2261","2261","3.034064292907715","3.034064292907715","3.034064292907715"
"2372927488","2262","2262","2262","3.174262523651123","3.174262523651123","3.174262523651123"
"2373976064","2263","2263","2263","3.076915979385376","3.076915979385376","3.076915979385376"
"2375024640","2264","2264","2264","3.1763253211975098","3.1763253211975098","3.1763253211975098"
"2376073216","2265","2265","2265","3.05875301361084","3.05875301361084","3.05875301361084"
"2377121792","2266","2266","2266","3.2901811599731445","3.2901811599731445","3.2901811599731445"
"2378170368","2267","2267","2267","3.1915078163146973","3.1915078163146973","3.1915078163146973"
"2379218944","2268","2268","2268","3.091468095779419","3.091468095779419","3.091468095779419"
"2380267520","2269","2269","2269","2.9839112758636475","2.9839112758636475","2.9839112758636475"
"2381316096","2270","2270","2270","3.1851718425750732","3.1851718425750732","3.1851718425750732"
"2382364672","2271","2271","2271","3.0621323585510254","3.0621323585510254","3.0621323585510254"
"2383413248","2272","2272","2272","3.157961130142212","3.157961130142212","3.157961130142212"
"2384461824","2273","2273","2273","3.1001744270324707","3.1001744270324707","3.1001744270324707"
"2385510400","2274","2274","2274","3.1209821701049805","3.1209821701049805","3.1209821701049805"
"2386558976","2275","2275","2275","3.12772798538208","3.12772798538208","3.12772798538208"
"2387607552","2276","2276","2276","3.2348532676696777","3.2348532676696777","3.2348532676696777"
"2388656128","2277","2277","2277","3.252284049987793","3.252284049987793","3.252284049987793"
"2389704704","2278","2278","2278","3.2762463092803955","3.2762463092803955","3.2762463092803955"
"2390753280","2279","2279","2279","3.0720109939575195","3.0720109939575195","3.0720109939575195"
"2391801856","2280","2280","2280","3.1392812728881836","3.1392812728881836","3.1392812728881836"
"2392850432","2281","2281","2281","3.0818629264831543","3.0818629264831543","3.0818629264831543"
"2393899008","2282","2282","2282","3.251939058303833","3.251939058303833","3.251939058303833"
"2394947584","2283","2283","2283","3.1054723262786865","3.1054723262786865","3.1054723262786865"
"2395996160","2284","2284","2284","3.1470580101013184","3.1470580101013184","3.1470580101013184"
"2397044736","2285","2285","2285","3.058204174041748","3.058204174041748","3.058204174041748"
"2398093312","2286","2286","2286","3.1197214126586914","3.1197214126586914","3.1197214126586914"
"2399141888","2287","2287","2287","3.2401881217956543","3.2401881217956543","3.2401881217956543"
"2400190464","2288","2288","2288","3.2716128826141357","3.2716128826141357","3.2716128826141357"
"2401239040","2289","2289","2289","3.1052587032318115","3.1052587032318115","3.1052587032318115"
"2402287616","2290","2290","2290","3.067349910736084","3.067349910736084","3.067349910736084"
"2403336192","2291","2291","2291","3.049640655517578","3.049640655517578","3.049640655517578"
"2404384768","2292","2292","2292","3.1986377239227295","3.1986377239227295","3.1986377239227295"
"2405433344","2293","2293","2293","2.9760565757751465","2.9760565757751465","2.9760565757751465"
"2406481920","2294","2294","2294","3.2111446857452393","3.2111446857452393","3.2111446857452393"
"2407530496","2295","2295","2295","3.077718734741211","3.077718734741211","3.077718734741211"
"2408579072","2296","2296","2296","3.1452696323394775","3.1452696323394775","3.1452696323394775"
"2409627648","2297","2297","2297","3.0746989250183105","3.0746989250183105","3.0746989250183105"
"2410676224","2298","2298","2298","3.1429388523101807","3.1429388523101807","3.1429388523101807"
"2411724800","2299","2299","2299","2.925701856613159","2.925701856613159","2.925701856613159"
"2412773376","2300","2300","2300","3.1467175483703613","3.1467175483703613","3.1467175483703613"
"2413821952","2301","2301","2301","3.0943713188171387","3.0943713188171387","3.0943713188171387"
"2414870528","2302","2302","2302","3.026083469390869","3.026083469390869","3.026083469390869"
"2415919104","2303","2303","2303","3.0220870971679688","3.0220870971679688","3.0220870971679688"
"2416967680","2304","2304","2304","3.2063674926757812","3.2063674926757812","3.2063674926757812"
"2418016256","2305","2305","2305","3.126403570175171","3.126403570175171","3.126403570175171"
"2419064832","2306","2306","2306","3.1304500102996826","3.1304500102996826","3.1304500102996826"
"2420113408","2307","2307","2307","3.008554458618164","3.008554458618164","3.008554458618164"
"2421161984","2308","2308","2308","3.1664772033691406","3.1664772033691406","3.1664772033691406"
"2422210560","2309","2309","2309","3.038625717163086","3.038625717163086","3.038625717163086"
"2423259136","2310","2310","2310","3.168595552444458","3.168595552444458","3.168595552444458"
"2424307712","2311","2311","2311","3.120077610015869","3.120077610015869","3.120077610015869"
"2425356288","2312","2312","2312","3.0664331912994385","3.0664331912994385","3.0664331912994385"
"2426404864","2313","2313","2313","3.0544838905334473","3.0544838905334473","3.0544838905334473"
"2427453440","2314","2314","2314","3.1637136936187744","3.1637136936187744","3.1637136936187744"
"2428502016","2315","2315","2315","3.145143508911133","3.145143508911133","3.145143508911133"
"2429550592","2316","2316","2316","3.150588035583496","3.150588035583496","3.150588035583496"
"2430599168","2317","2317","2317","3.046895980834961","3.046895980834961","3.046895980834961"
"2431647744","2318","2318","2318","3.1225926876068115","3.1225926876068115","3.1225926876068115"
"2432696320","2319","2319","2319","3.120798110961914","3.120798110961914","3.120798110961914"
"2433744896","2320","2320","2320","3.2236013412475586","3.2236013412475586","3.2236013412475586"
"2434793472","2321","2321","2321","3.0479350090026855","3.0479350090026855","3.0479350090026855"
"2435842048","2322","2322","2322","3.2615532875061035","3.2615532875061035","3.2615532875061035"
"2436890624","2323","2323","2323","3.1183056831359863","3.1183056831359863","3.1183056831359863"
"2437939200","2324","2324","2324","3.101818799972534","3.101818799972534","3.101818799972534"
"2438987776","2325","2325","2325","3.0364439487457275","3.0364439487457275","3.0364439487457275"
"2440036352","2326","2326","2326","3.1991803646087646","3.1991803646087646","3.1991803646087646"
"2441084928","2327","2327","2327","3.1622226238250732","3.1622226238250732","3.1622226238250732"
"2442133504","2328","2328","2328","3.176985025405884","3.176985025405884","3.176985025405884"
"2443182080","2329","2329","2329","2.927011251449585","2.927011251449585","2.927011251449585"
"2444230656","2330","2330","2330","3.158052682876587","3.158052682876587","3.158052682876587"
"2445279232","2331","2331","2331","3.017385244369507","3.017385244369507","3.017385244369507"
"2446327808","2332","2332","2332","3.233917713165283","3.233917713165283","3.233917713165283"
"2447376384","2333","2333","2333","3.0852856636047363","3.0852856636047363","3.0852856636047363"
"2448424960","2334","2334","2334","3.1254496574401855","3.1254496574401855","3.1254496574401855"
"2449473536","2335","2335","2335","2.9655468463897705","2.9655468463897705","2.9655468463897705"
"2450522112","2336","2336","2336","3.1312694549560547","3.1312694549560547","3.1312694549560547"
"2451570688","2337","2337","2337","3.0631728172302246","3.0631728172302246","3.0631728172302246"
"2452619264","2338","2338","2338","3.2235846519470215","3.2235846519470215","3.2235846519470215"
"2453667840","2339","2339","2339","3.0723447799682617","3.0723447799682617","3.0723447799682617"
"2454716416","2340","2340","2340","3.208810806274414","3.208810806274414","3.208810806274414"
"2455764992","2341","2341","2341","3.060687303543091","3.060687303543091","3.060687303543091"
"2456813568","2342","2342","2342","3.0065085887908936","3.0065085887908936","3.0065085887908936"
"2457862144","2343","2343","2343","3.060013771057129","3.060013771057129","3.060013771057129"
"2458910720","2344","2344","2344","3.135641098022461","3.135641098022461","3.135641098022461"
"2459959296","2345","2345","2345","3.1934115886688232","3.1934115886688232","3.1934115886688232"
"2461007872","2346","2346","2346","3.144252300262451","3.144252300262451","3.144252300262451"
"2462056448","2347","2347","2347","3.060486078262329","3.060486078262329","3.060486078262329"
"2463105024","2348","2348","2348","3.252140998840332","3.252140998840332","3.252140998840332"
"2464153600","2349","2349","2349","3.1560556888580322","3.1560556888580322","3.1560556888580322"
"2465202176","2350","2350","2350","3.197455406188965","3.197455406188965","3.197455406188965"
"2466250752","2351","2351","2351","3.0535807609558105","3.0535807609558105","3.0535807609558105"
"2467299328","2352","2352","2352","3.133272886276245","3.133272886276245","3.133272886276245"
"2468347904","2353","2353","2353","3.1085517406463623","3.1085517406463623","3.1085517406463623"
"2469396480","2354","2354","2354","3.1442480087280273","3.1442480087280273","3.1442480087280273"
"2470445056","2355","2355","2355","3.0556468963623047","3.0556468963623047","3.0556468963623047"
"2471493632","2356","2356","2356","3.1197471618652344","3.1197471618652344","3.1197471618652344"
"2472542208","2357","2357","2357","2.955122709274292","2.955122709274292","2.955122709274292"
"2473590784","2358","2358","2358","3.1317713260650635","3.1317713260650635","3.1317713260650635"
"2474639360","2359","2359","2359","3.052504539489746","3.052504539489746","3.052504539489746"
"2475687936","2360","2360","2360","3.0475189685821533","3.0475189685821533","3.0475189685821533"
"2476736512","2361","2361","2361","3.0007262229919434","3.0007262229919434","3.0007262229919434"
"2477785088","2362","2362","2362","3.035473346710205","3.035473346710205","3.035473346710205"
"2478833664","2363","2363","2363","3.046722650527954","3.046722650527954","3.046722650527954"
"2479882240","2364","2364","2364","3.193671226501465","3.193671226501465","3.193671226501465"
"2480930816","2365","2365","2365","3.1146678924560547","3.1146678924560547","3.1146678924560547"
"2481979392","2366","2366","2366","3.1692490577697754","3.1692490577697754","3.1692490577697754"
"2483027968","2367","2367","2367","3.099867343902588","3.099867343902588","3.099867343902588"
"2484076544","2368","2368","2368","3.1618707180023193","3.1618707180023193","3.1618707180023193"
"2485125120","2369","2369","2369","3.092690944671631","3.092690944671631","3.092690944671631"
"2486173696","2370","2370","2370","3.202394485473633","3.202394485473633","3.202394485473633"
"2487222272","2371","2371","2371","3.023604393005371","3.023604393005371","3.023604393005371"
"2488270848","2372","2372","2372","3.139570713043213","3.139570713043213","3.139570713043213"
"2489319424","2373","2373","2373","3.0474228858947754","3.0474228858947754","3.0474228858947754"
"2490368000","2374","2374","2374","3.2646093368530273","3.2646093368530273","3.2646093368530273"
"2491416576","2375","2375","2375","3.0689995288848877","3.0689995288848877","3.0689995288848877"
"2492465152","2376","2376","2376","3.2098758220672607","3.2098758220672607","3.2098758220672607"
"2493513728","2377","2377","2377","3.139543294906616","3.139543294906616","3.139543294906616"
"2494562304","2378","2378","2378","3.1917736530303955","3.1917736530303955","3.1917736530303955"
"2495610880","2379","2379","2379","3.09455943107605","3.09455943107605","3.09455943107605"
"2496659456","2380","2380","2380","3.1460506916046143","3.1460506916046143","3.1460506916046143"
"2497708032","2381","2381","2381","3.1371469497680664","3.1371469497680664","3.1371469497680664"
"2498756608","2382","2382","2382","2.920734405517578","2.920734405517578","2.920734405517578"
"2499805184","2383","2383","2383","2.9834108352661133","2.9834108352661133","2.9834108352661133"
"2500853760","2384","2384","2384","3.183966636657715","3.183966636657715","3.183966636657715"
"2501902336","2385","2385","2385","3.0609049797058105","3.0609049797058105","3.0609049797058105"
"2502950912","2386","2386","2386","3.028373956680298","3.028373956680298","3.028373956680298"
"2503999488","2387","2387","2387","3.0802910327911377","3.0802910327911377","3.0802910327911377"
"2505048064","2388","2388","2388","3.2554798126220703","3.2554798126220703","3.2554798126220703"
"2506096640","2389","2389","2389","3.0603480339050293","3.0603480339050293","3.0603480339050293"
"2507145216","2390","2390","2390","3.1019835472106934","3.1019835472106934","3.1019835472106934"
"2508193792","2391","2391","2391","3.083268642425537","3.083268642425537","3.083268642425537"
"2509242368","2392","2392","2392","3.0600314140319824","3.0600314140319824","3.0600314140319824"
"2510290944","2393","2393","2393","3.0039732456207275","3.0039732456207275","3.0039732456207275"
"2511339520","2394","2394","2394","3.103184223175049","3.103184223175049","3.103184223175049"
"2512388096","2395","2395","2395","3.0500710010528564","3.0500710010528564","3.0500710010528564"
"2513436672","2396","2396","2396","3.0573670864105225","3.0573670864105225","3.0573670864105225"
"2514485248","2397","2397","2397","3.06589412689209","3.06589412689209","3.06589412689209"
"2515533824","2398","2398","2398","3.1154918670654297","3.1154918670654297","3.1154918670654297"
"2516582400","2399","2399","2399","3.065676689147949","3.065676689147949","3.065676689147949"
"2517630976","2400","2400","2400","3.1168313026428223","3.1168313026428223","3.1168313026428223"
"2518679552","2401","2401","2401","3.054692268371582","3.054692268371582","3.054692268371582"
"2519728128","2402","2402","2402","3.001270294189453","3.001270294189453","3.001270294189453"
"2520776704","2403","2403","2403","2.9120993614196777","2.9120993614196777","2.9120993614196777"
"2521825280","2404","2404","2404","2.9956727027893066","2.9956727027893066","2.9956727027893066"
"2522873856","2405","2405","2405","3.050901412963867","3.050901412963867","3.050901412963867"
"2523922432","2406","2406","2406","3.115194797515869","3.115194797515869","3.115194797515869"
"2524971008","2407","2407","2407","3.1683874130249023","3.1683874130249023","3.1683874130249023"
"2526019584","2408","2408","2408","3.1109766960144043","3.1109766960144043","3.1109766960144043"
"2527068160","2409","2409","2409","2.991999387741089","2.991999387741089","2.991999387741089"
"2528116736","2410","2410","2410","3.17716121673584","3.17716121673584","3.17716121673584"
"2529165312","2411","2411","2411","3.0967323780059814","3.0967323780059814","3.0967323780059814"
"2530213888","2412","2412","2412","3.072073459625244","3.072073459625244","3.072073459625244"
"2531262464","2413","2413","2413","3.055241107940674","3.055241107940674","3.055241107940674"
"2532311040","2414","2414","2414","3.0475056171417236","3.0475056171417236","3.0475056171417236"
"2533359616","2415","2415","2415","3.0146167278289795","3.0146167278289795","3.0146167278289795"
"2534408192","2416","2416","2416","3.012918472290039","3.012918472290039","3.012918472290039"
"2535456768","2417","2417","2417","3.0131702423095703","3.0131702423095703","3.0131702423095703"
"2536505344","2418","2418","2418","3.1235742568969727","3.1235742568969727","3.1235742568969727"
"2537553920","2419","2419","2419","3.0214030742645264","3.0214030742645264","3.0214030742645264"
"2538602496","2420","2420","2420","3.0380051136016846","3.0380051136016846","3.0380051136016846"
"2539651072","2421","2421","2421","3.0341744422912598","3.0341744422912598","3.0341744422912598"
"2540699648","2422","2422","2422","3.12558650970459","3.12558650970459","3.12558650970459"
"2541748224","2423","2423","2423","2.9445295333862305","2.9445295333862305","2.9445295333862305"
"2542796800","2424","2424","2424","3.108102560043335","3.108102560043335","3.108102560043335"
"2543845376","2425","2425","2425","3.0152359008789062","3.0152359008789062","3.0152359008789062"
"2544893952","2426","2426","2426","3.1234371662139893","3.1234371662139893","3.1234371662139893"
"2545942528","2427","2427","2427","2.9751086235046387","2.9751086235046387","2.9751086235046387"
"2546991104","2428","2428","2428","3.171149492263794","3.171149492263794","3.171149492263794"
"2548039680","2429","2429","2429","3.0954742431640625","3.0954742431640625","3.0954742431640625"
"2549088256","2430","2430","2430","3.138404130935669","3.138404130935669","3.138404130935669"
"2550136832","2431","2431","2431","3.1391139030456543","3.1391139030456543","3.1391139030456543"
"2551185408","2432","2432","2432","3.126227617263794","3.126227617263794","3.126227617263794"
"2552233984","2433","2433","2433","2.960315227508545","2.960315227508545","2.960315227508545"
"2553282560","2434","2434","2434","3.106684684753418","3.106684684753418","3.106684684753418"
"2554331136","2435","2435","2435","3.0126900672912598","3.0126900672912598","3.0126900672912598"
"2555379712","2436","2436","2436","3.101834774017334","3.101834774017334","3.101834774017334"
"2556428288","2437","2437","2437","2.98475980758667","2.98475980758667","2.98475980758667"
"2557476864","2438","2438","2438","3.149759531021118","3.149759531021118","3.149759531021118"
"2558525440","2439","2439","2439","3.055600166320801","3.055600166320801","3.055600166320801"
"2559574016","2440","2440","2440","3.128598213195801","3.128598213195801","3.128598213195801"
"2560622592","2441","2441","2441","3.0143837928771973","3.0143837928771973","3.0143837928771973"
"2561671168","2442","2442","2442","3.146231174468994","3.146231174468994","3.146231174468994"
"2562719744","2443","2443","2443","3.0684163570404053","3.0684163570404053","3.0684163570404053"
"2563768320","2444","2444","2444","3.083714008331299","3.083714008331299","3.083714008331299"
"2564816896","2445","2445","2445","3.0060036182403564","3.0060036182403564","3.0060036182403564"
"2565865472","2446","2446","2446","3.077321767807007","3.077321767807007","3.077321767807007"
"2566914048","2447","2447","2447","3.0100016593933105","3.0100016593933105","3.0100016593933105"
"2567962624","2448","2448","2448","3.15671706199646","3.15671706199646","3.15671706199646"
"2569011200","2449","2449","2449","3.0161030292510986","3.0161030292510986","3.0161030292510986"
"2570059776","2450","2450","2450","3.104391098022461","3.104391098022461","3.104391098022461"
"2571108352","2451","2451","2451","3.0216903686523438","3.0216903686523438","3.0216903686523438"
"2572156928","2452","2452","2452","3.1976819038391113","3.1976819038391113","3.1976819038391113"
"2573205504","2453","2453","2453","3.063333749771118","3.063333749771118","3.063333749771118"
"2574254080","2454","2454","2454","3.095691442489624","3.095691442489624","3.095691442489624"
"2575302656","2455","2455","2455","3.0854616165161133","3.0854616165161133","3.0854616165161133"
"2576351232","2456","2456","2456","3.0861873626708984","3.0861873626708984","3.0861873626708984"
"2577399808","2457","2457","2457","2.9667840003967285","2.9667840003967285","2.9667840003967285"
"2578448384","2458","2458","2458","3.1677794456481934","3.1677794456481934","3.1677794456481934"
"2579496960","2459","2459","2459","3.079496383666992","3.079496383666992","3.079496383666992"
"2580545536","2460","2460","2460","3.0359647274017334","3.0359647274017334","3.0359647274017334"
"2581594112","2461","2461","2461","3.066053628921509","3.066053628921509","3.066053628921509"
"2582642688","2462","2462","2462","3.111215114593506","3.111215114593506","3.111215114593506"
"2583691264","2463","2463","2463","3.0328431129455566","3.0328431129455566","3.0328431129455566"
"2584739840","2464","2464","2464","3.0604865550994873","3.0604865550994873","3.0604865550994873"
"2585788416","2465","2465","2465","3.052767038345337","3.052767038345337","3.052767038345337"
"2586836992","2466","2466","2466","3.1402719020843506","3.1402719020843506","3.1402719020843506"
"2587885568","2467","2467","2467","3.1368162631988525","3.1368162631988525","3.1368162631988525"
"2588934144","2468","2468","2468","3.1488256454467773","3.1488256454467773","3.1488256454467773"
"2589982720","2469","2469","2469","2.9206502437591553","2.9206502437591553","2.9206502437591553"
"2591031296","2470","2470","2470","3.1077041625976562","3.1077041625976562","3.1077041625976562"
"2592079872","2471","2471","2471","3.1075503826141357","3.1075503826141357","3.1075503826141357"
"2593128448","2472","2472","2472","3.151665210723877","3.151665210723877","3.151665210723877"
"2594177024","2473","2473","2473","3.0425705909729004","3.0425705909729004","3.0425705909729004"
"2595225600","2474","2474","2474","3.090637445449829","3.090637445449829","3.090637445449829"
"2596274176","2475","2475","2475","2.9239084720611572","2.9239084720611572","2.9239084720611572"
"2597322752","2476","2476","2476","3.0511250495910645","3.0511250495910645","3.0511250495910645"
"2598371328","2477","2477","2477","3.02917742729187","3.02917742729187","3.02917742729187"
"2599419904","2478","2478","2478","3.2209010124206543","3.2209010124206543","3.2209010124206543"
"2600468480","2479","2479","2479","3.023308277130127","3.023308277130127","3.023308277130127"
"2601517056","2480","2480","2480","3.0946524143218994","3.0946524143218994","3.0946524143218994"
"2602565632","2481","2481","2481","3.033839702606201","3.033839702606201","3.033839702606201"
"2603614208","2482","2482","2482","3.0691418647766113","3.0691418647766113","3.0691418647766113"
"2604662784","2483","2483","2483","3.002410888671875","3.002410888671875","3.002410888671875"
"2605711360","2484","2484","2484","2.9677157402038574","2.9677157402038574","2.9677157402038574"
"2606759936","2485","2485","2485","2.9435930252075195","2.9435930252075195","2.9435930252075195"
"2607808512","2486","2486","2486","3.0078375339508057","3.0078375339508057","3.0078375339508057"
"2608857088","2487","2487","2487","3.102240562438965","3.102240562438965","3.102240562438965"
"2609905664","2488","2488","2488","3.103078842163086","3.103078842163086","3.103078842163086"
"2610954240","2489","2489","2489","3.0283374786376953","3.0283374786376953","3.0283374786376953"
"2612002816","2490","2490","2490","3.139641761779785","3.139641761779785","3.139641761779785"
"2613051392","2491","2491","2491","3.01755690574646","3.01755690574646","3.01755690574646"
"2614099968","2492","2492","2492","3.1145412921905518","3.1145412921905518","3.1145412921905518"
"2615148544","2493","2493","2493","3.0580077171325684","3.0580077171325684","3.0580077171325684"
"2616197120","2494","2494","2494","3.1986382007598877","3.1986382007598877","3.1986382007598877"
"2617245696","2495","2495","2495","3.056190252304077","3.056190252304077","3.056190252304077"
"2618294272","2496","2496","2496","3.0603017807006836","3.0603017807006836","3.0603017807006836"
"2619342848","2497","2497","2497","3.0718398094177246","3.0718398094177246","3.0718398094177246"
"2620391424","2498","2498","2498","3.112163543701172","3.112163543701172","3.112163543701172"
"2621440000","2499","2499","2499","3.0186619758605957","3.0186619758605957","3.0186619758605957"
"2622488576","2500","2500","2500","3.044894218444824","3.044894218444824","3.044894218444824"
"2623537152","2501","2501","2501","2.9729461669921875","2.9729461669921875","2.9729461669921875"
"2624585728","2502","2502","2502","3.074202299118042","3.074202299118042","3.074202299118042"
"2625634304","2503","2503","2503","3.0247814655303955","3.0247814655303955","3.0247814655303955"
"2626682880","2504","2504","2504","3.115058660507202","3.115058660507202","3.115058660507202"
"2627731456","2505","2505","2505","2.964919090270996","2.964919090270996","2.964919090270996"
"2628780032","2506","2506","2506","3.051065444946289","3.051065444946289","3.051065444946289"
"2629828608","2507","2507","2507","2.9661951065063477","2.9661951065063477","2.9661951065063477"
"2630877184","2508","2508","2508","3.0221824645996094","3.0221824645996094","3.0221824645996094"
"2631925760","2509","2509","2509","3.056540012359619","3.056540012359619","3.056540012359619"
"2632974336","2510","2510","2510","3.197885036468506","3.197885036468506","3.197885036468506"
"2634022912","2511","2511","2511","3.048205614089966","3.048205614089966","3.048205614089966"
"2635071488","2512","2512","2512","3.031954526901245","3.031954526901245","3.031954526901245"
"2636120064","2513","2513","2513","2.897369861602783","2.897369861602783","2.897369861602783"
"2637168640","2514","2514","2514","3.002185106277466","3.002185106277466","3.002185106277466"
"2638217216","2515","2515","2515","2.9112191200256348","2.9112191200256348","2.9112191200256348"
"2639265792","2516","2516","2516","3.1512293815612793","3.1512293815612793","3.1512293815612793"
"2640314368","2517","2517","2517","3.0320472717285156","3.0320472717285156","3.0320472717285156"
"2641362944","2518","2518","2518","3.0808346271514893","3.0808346271514893","3.0808346271514893"
"2642411520","2519","2519","2519","3.0491912364959717","3.0491912364959717","3.0491912364959717"
"2643460096","2520","2520","2520","3.086764335632324","3.086764335632324","3.086764335632324"
"2644508672","2521","2521","2521","2.976593017578125","2.976593017578125","2.976593017578125"
"2645557248","2522","2522","2522","3.096364974975586","3.096364974975586","3.096364974975586"
"2646605824","2523","2523","2523","3.0386462211608887","3.0386462211608887","3.0386462211608887"
"2647654400","2524","2524","2524","3.1214418411254883","3.1214418411254883","3.1214418411254883"
"2648702976","2525","2525","2525","2.9306623935699463","2.9306623935699463","2.9306623935699463"
"2649751552","2526","2526","2526","3.098437786102295","3.098437786102295","3.098437786102295"
"2650800128","2527","2527","2527","2.9798920154571533","2.9798920154571533","2.9798920154571533"
"2651848704","2528","2528","2528","2.992220401763916","2.992220401763916","2.992220401763916"
"2652897280","2529","2529","2529","3.076948642730713","3.076948642730713","3.076948642730713"
"2653945856","2530","2530","2530","3.042041301727295","3.042041301727295","3.042041301727295"
"2654994432","2531","2531","2531","2.96333384513855","2.96333384513855","2.96333384513855"
"2656043008","2532","2532","2532","3.106342077255249","3.106342077255249","3.106342077255249"
"2657091584","2533","2533","2533","2.9874935150146484","2.9874935150146484","2.9874935150146484"
"2658140160","2534","2534","2534","3.080683708190918","3.080683708190918","3.080683708190918"
"2659188736","2535","2535","2535","3.0841450691223145","3.0841450691223145","3.0841450691223145"
"2660237312","2536","2536","2536","3.0181221961975098","3.0181221961975098","3.0181221961975098"
"2661285888","2537","2537","2537","2.9707815647125244","2.9707815647125244","2.9707815647125244"
"2662334464","2538","2538","2538","3.118223190307617","3.118223190307617","3.118223190307617"
"2663383040","2539","2539","2539","2.973611354827881","2.973611354827881","2.973611354827881"
"2664431616","2540","2540","2540","3.0320773124694824","3.0320773124694824","3.0320773124694824"
"2665480192","2541","2541","2541","2.9540529251098633","2.9540529251098633","2.9540529251098633"
"2666528768","2542","2542","2542","3.163362503051758","3.163362503051758","3.163362503051758"
"2667577344","2543","2543","2543","3.0658841133117676","3.0658841133117676","3.0658841133117676"
"2668625920","2544","2544","2544","3.116299629211426","3.116299629211426","3.116299629211426"
"2669674496","2545","2545","2545","3.0641465187072754","3.0641465187072754","3.0641465187072754"
"2670723072","2546","2546","2546","3.0899200439453125","3.0899200439453125","3.0899200439453125"
"2671771648","2547","2547","2547","3.006347417831421","3.006347417831421","3.006347417831421"
"2672820224","2548","2548","2548","3.0714526176452637","3.0714526176452637","3.0714526176452637"
"2673868800","2549","2549","2549","3.013015031814575","3.013015031814575","3.013015031814575"
"2674917376","2550","2550","2550","3.0437910556793213","3.0437910556793213","3.0437910556793213"
"2675965952","2551","2551","2551","2.985980272293091","2.985980272293091","2.985980272293091"
"2677014528","2552","2552","2552","3.092341423034668","3.092341423034668","3.092341423034668"
"2678063104","2553","2553","2553","3.072413444519043","3.072413444519043","3.072413444519043"
"2679111680","2554","2554","2554","3.139705181121826","3.139705181121826","3.139705181121826"
"2680160256","2555","2555","2555","3.0243611335754395","3.0243611335754395","3.0243611335754395"
"2681208832","2556","2556","2556","3.0498340129852295","3.0498340129852295","3.0498340129852295"
"2682257408","2557","2557","2557","3.0132246017456055","3.0132246017456055","3.0132246017456055"
"2683305984","2558","2558","2558","3.072915554046631","3.072915554046631","3.072915554046631"
"2684354560","2559","2559","2559","3.1233010292053223","3.1233010292053223","3.1233010292053223"
"2685403136","2560","2560","2560","3.1691644191741943","3.1691644191741943","3.1691644191741943"
"2686451712","2561","2561","2561","2.91447114944458","2.91447114944458","2.91447114944458"
"2687500288","2562","2562","2562","3.0868191719055176","3.0868191719055176","3.0868191719055176"
"2688548864","2563","2563","2563","2.955913543701172","2.955913543701172","2.955913543701172"
"2689597440","2564","2564","2564","3.19234299659729","3.19234299659729","3.19234299659729"
"2690646016","2565","2565","2565","2.9362151622772217","2.9362151622772217","2.9362151622772217"
"2691694592","2566","2566","2566","2.99415922164917","2.99415922164917","2.99415922164917"
"2692743168","2567","2567","2567","2.863447666168213","2.863447666168213","2.863447666168213"
"2693791744","2568","2568","2568","3.0219948291778564","3.0219948291778564","3.0219948291778564"
"2694840320","2569","2569","2569","3.071521520614624","3.071521520614624","3.071521520614624"
"2695888896","2570","2570","2570","3.1426711082458496","3.1426711082458496","3.1426711082458496"
"2696937472","2571","2571","2571","2.9667325019836426","2.9667325019836426","2.9667325019836426"
"2697986048","2572","2572","2572","3.1020748615264893","3.1020748615264893","3.1020748615264893"
"2699034624","2573","2573","2573","3.08109450340271","3.08109450340271","3.08109450340271"
"2700083200","2574","2574","2574","3.058880090713501","3.058880090713501","3.058880090713501"
"2701131776","2575","2575","2575","3.0847971439361572","3.0847971439361572","3.0847971439361572"
"2702180352","2576","2576","2576","3.1011900901794434","3.1011900901794434","3.1011900901794434"
"2703228928","2577","2577","2577","2.916865825653076","2.916865825653076","2.916865825653076"
"2704277504","2578","2578","2578","3.0913636684417725","3.0913636684417725","3.0913636684417725"
"2705326080","2579","2579","2579","2.952329397201538","2.952329397201538","2.952329397201538"
"2706374656","2580","2580","2580","2.9973673820495605","2.9973673820495605","2.9973673820495605"
"2707423232","2581","2581","2581","3.0153205394744873","3.0153205394744873","3.0153205394744873"
"2708471808","2582","2582","2582","3.0562429428100586","3.0562429428100586","3.0562429428100586"
"2709520384","2583","2583","2583","2.968817949295044","2.968817949295044","2.968817949295044"
"2710568960","2584","2584","2584","3.1073946952819824","3.1073946952819824","3.1073946952819824"
"2711617536","2585","2585","2585","3.065852403640747","3.065852403640747","3.065852403640747"
"2712666112","2586","2586","2586","3.167863368988037","3.167863368988037","3.167863368988037"
"2713714688","2587","2587","2587","3.0329999923706055","3.0329999923706055","3.0329999923706055"
"2714763264","2588","2588","2588","2.979811668395996","2.979811668395996","2.979811668395996"
"2715811840","2589","2589","2589","2.901160955429077","2.901160955429077","2.901160955429077"
"2716860416","2590","2590","2590","3.1791553497314453","3.1791553497314453","3.1791553497314453"
"2717908992","2591","2591","2591","2.9868812561035156","2.9868812561035156","2.9868812561035156"
"2718957568","2592","2592","2592","3.0679054260253906","3.0679054260253906","3.0679054260253906"
"2720006144","2593","2593","2593","3.0451607704162598","3.0451607704162598","3.0451607704162598"
"2721054720","2594","2594","2594","3.042982339859009","3.042982339859009","3.042982339859009"
"2722103296","2595","2595","2595","2.908118724822998","2.908118724822998","2.908118724822998"
"2723151872","2596","2596","2596","3.1568708419799805","3.1568708419799805","3.1568708419799805"
"2724200448","2597","2597","2597","3.0881216526031494","3.0881216526031494","3.0881216526031494"
"2725249024","2598","2598","2598","3.023771286010742","3.023771286010742","3.023771286010742"
"2726297600","2599","2599","2599","2.938593864440918","2.938593864440918","2.938593864440918"
"2727346176","2600","2600","2600","3.1665258407592773","3.1665258407592773","3.1665258407592773"
"2728394752","2601","2601","2601","3.00826096534729","3.00826096534729","3.00826096534729"
"2729443328","2602","2602","2602","3.0562500953674316","3.0562500953674316","3.0562500953674316"
"2730491904","2603","2603","2603","2.9399211406707764","2.9399211406707764","2.9399211406707764"
"2731540480","2604","2604","2604","3.0151407718658447","3.0151407718658447","3.0151407718658447"
"2732589056","2605","2605","2605","2.956643581390381","2.956643581390381","2.956643581390381"
"2733637632","2606","2606","2606","3.162308692932129","3.162308692932129","3.162308692932129"
"2734686208","2607","2607","2607","3.061556816101074","3.061556816101074","3.061556816101074"
"2735734784","2608","2608","2608","3.0281543731689453","3.0281543731689453","3.0281543731689453"
"2736783360","2609","2609","2609","2.9751853942871094","2.9751853942871094","2.9751853942871094"
"2737831936","2610","2610","2610","3.077249050140381","3.077249050140381","3.077249050140381"
"2738880512","2611","2611","2611","3.0068702697753906","3.0068702697753906","3.0068702697753906"
"2739929088","2612","2612","2612","3.0664713382720947","3.0664713382720947","3.0664713382720947"
"2740977664","2613","2613","2613","3.076608657836914","3.076608657836914","3.076608657836914"
"2742026240","2614","2614","2614","3.0342705249786377","3.0342705249786377","3.0342705249786377"
"2743074816","2615","2615","2615","3.0461206436157227","3.0461206436157227","3.0461206436157227"
"2744123392","2616","2616","2616","3.0935356616973877","3.0935356616973877","3.0935356616973877"
"2745171968","2617","2617","2617","3.0425376892089844","3.0425376892089844","3.0425376892089844"
"2746220544","2618","2618","2618","3.1245102882385254","3.1245102882385254","3.1245102882385254"
"2747269120","2619","2619","2619","3.034653902053833","3.034653902053833","3.034653902053833"
"2748317696","2620","2620","2620","2.988577365875244","2.988577365875244","2.988577365875244"
"2749366272","2621","2621","2621","3.102921724319458","3.102921724319458","3.102921724319458"
"2750414848","2622","2622","2622","2.995555877685547","2.995555877685547","2.995555877685547"
"2751463424","2623","2623","2623","3.017603874206543","3.017603874206543","3.017603874206543"
"2752512000","2624","2624","2624","3.1600914001464844","3.1600914001464844","3.1600914001464844"
"2753560576","2625","2625","2625","2.989116668701172","2.989116668701172","2.989116668701172"
"2754609152","2626","2626","2626","3.0986156463623047","3.0986156463623047","3.0986156463623047"
"2755657728","2627","2627","2627","3.0105793476104736","3.0105793476104736","3.0105793476104736"
"2756706304","2628","2628","2628","3.1270694732666016","3.1270694732666016","3.1270694732666016"
"2757754880","2629","2629","2629","2.990009307861328","2.990009307861328","2.990009307861328"
"2758803456","2630","2630","2630","3.0685558319091797","3.0685558319091797","3.0685558319091797"
"2759852032","2631","2631","2631","2.952012538909912","2.952012538909912","2.952012538909912"
"2760900608","2632","2632","2632","3.036846160888672","3.036846160888672","3.036846160888672"
"2761949184","2633","2633","2633","2.9530398845672607","2.9530398845672607","2.9530398845672607"
"2762997760","2634","2634","2634","3.087604522705078","3.087604522705078","3.087604522705078"
"2764046336","2635","2635","2635","2.9043519496917725","2.9043519496917725","2.9043519496917725"
"2765094912","2636","2636","2636","3.0677430629730225","3.0677430629730225","3.0677430629730225"
"2766143488","2637","2637","2637","2.929900646209717","2.929900646209717","2.929900646209717"
"2767192064","2638","2638","2638","3.0656278133392334","3.0656278133392334","3.0656278133392334"
"2768240640","2639","2639","2639","3.0220682621002197","3.0220682621002197","3.0220682621002197"
"2769289216","2640","2640","2640","3.1223018169403076","3.1223018169403076","3.1223018169403076"
"2770337792","2641","2641","2641","2.929476499557495","2.929476499557495","2.929476499557495"
"2771386368","2642","2642","2642","3.0308876037597656","3.0308876037597656","3.0308876037597656"
"2772434944","2643","2643","2643","2.9282257556915283","2.9282257556915283","2.9282257556915283"
"2773483520","2644","2644","2644","3.0782604217529297","3.0782604217529297","3.0782604217529297"
"2774532096","2645","2645","2645","2.952740430831909","2.952740430831909","2.952740430831909"
"2775580672","2646","2646","2646","3.0134100914001465","3.0134100914001465","3.0134100914001465"
"2776629248","2647","2647","2647","3.042677164077759","3.042677164077759","3.042677164077759"
"2777677824","2648","2648","2648","3.1911535263061523","3.1911535263061523","3.1911535263061523"
"2778726400","2649","2649","2649","3.0723440647125244","3.0723440647125244","3.0723440647125244"
"2779774976","2650","2650","2650","2.963636636734009","2.963636636734009","2.963636636734009"
"2780823552","2651","2651","2651","3.0804243087768555","3.0804243087768555","3.0804243087768555"
"2781872128","2652","2652","2652","2.9762492179870605","2.9762492179870605","2.9762492179870605"
"2782920704","2653","2653","2653","2.959721326828003","2.959721326828003","2.959721326828003"
"2783969280","2654","2654","2654","3.028503179550171","3.028503179550171","3.028503179550171"
"2785017856","2655","2655","2655","2.8670201301574707","2.8670201301574707","2.8670201301574707"
"2786066432","2656","2656","2656","3.074822187423706","3.074822187423706","3.074822187423706"
"2787115008","2657","2657","2657","3.033458709716797","3.033458709716797","3.033458709716797"
"2788163584","2658","2658","2658","3.1051926612854004","3.1051926612854004","3.1051926612854004"
"2789212160","2659","2659","2659","2.9528207778930664","2.9528207778930664","2.9528207778930664"
"2790260736","2660","2660","2660","3.0202977657318115","3.0202977657318115","3.0202977657318115"
"2791309312","2661","2661","2661","3.003446578979492","3.003446578979492","3.003446578979492"
"2792357888","2662","2662","2662","2.964874505996704","2.964874505996704","2.964874505996704"
"2793406464","2663","2663","2663","2.91084361076355","2.91084361076355","2.91084361076355"
"2794455040","2664","2664","2664","2.9879894256591797","2.9879894256591797","2.9879894256591797"
"2795503616","2665","2665","2665","3.020111322402954","3.020111322402954","3.020111322402954"
"2796552192","2666","2666","2666","3.103611469268799","3.103611469268799","3.103611469268799"
"2797600768","2667","2667","2667","3.0232067108154297","3.0232067108154297","3.0232067108154297"
"2798649344","2668","2668","2668","3.1960525512695312","3.1960525512695312","3.1960525512695312"
"2799697920","2669","2669","2669","2.98663592338562","2.98663592338562","2.98663592338562"
"2800746496","2670","2670","2670","3.067523717880249","3.067523717880249","3.067523717880249"
"2801795072","2671","2671","2671","3.036933183670044","3.036933183670044","3.036933183670044"
"2802843648","2672","2672","2672","3.0705251693725586","3.0705251693725586","3.0705251693725586"
"2803892224","2673","2673","2673","2.9493699073791504","2.9493699073791504","2.9493699073791504"
"2804940800","2674","2674","2674","3.1099109649658203","3.1099109649658203","3.1099109649658203"
"2805989376","2675","2675","2675","3.007143020629883","3.007143020629883","3.007143020629883"
"2807037952","2676","2676","2676","3.1221489906311035","3.1221489906311035","3.1221489906311035"
"2808086528","2677","2677","2677","2.9739925861358643","2.9739925861358643","2.9739925861358643"
"2809135104","2678","2678","2678","3.058467149734497","3.058467149734497","3.058467149734497"
"2810183680","2679","2679","2679","2.9157495498657227","2.9157495498657227","2.9157495498657227"
"2811232256","2680","2680","2680","3.03094744682312","3.03094744682312","3.03094744682312"
"2812280832","2681","2681","2681","3.037796974182129","3.037796974182129","3.037796974182129"
"2813329408","2682","2682","2682","2.9594218730926514","2.9594218730926514","2.9594218730926514"
"2814377984","2683","2683","2683","2.9126243591308594","2.9126243591308594","2.9126243591308594"
"2815426560","2684","2684","2684","3.0840659141540527","3.0840659141540527","3.0840659141540527"
"2816475136","2685","2685","2685","2.978027582168579","2.978027582168579","2.978027582168579"
"2817523712","2686","2686","2686","3.0394678115844727","3.0394678115844727","3.0394678115844727"
"2818572288","2687","2687","2687","3.047355890274048","3.047355890274048","3.047355890274048"
"2819620864","2688","2688","2688","3.002389669418335","3.002389669418335","3.002389669418335"
"2820669440","2689","2689","2689","2.8547658920288086","2.8547658920288086","2.8547658920288086"
"2821718016","2690","2690","2690","2.9476757049560547","2.9476757049560547","2.9476757049560547"
"2822766592","2691","2691","2691","2.900585889816284","2.900585889816284","2.900585889816284"
"2823815168","2692","2692","2692","3.0795793533325195","3.0795793533325195","3.0795793533325195"
"2824863744","2693","2693","2693","2.9716949462890625","2.9716949462890625","2.9716949462890625"
"2825912320","2694","2694","2694","2.9785244464874268","2.9785244464874268","2.9785244464874268"
"2826960896","2695","2695","2695","3.039053201675415","3.039053201675415","3.039053201675415"
"2828009472","2696","2696","2696","3.0637636184692383","3.0637636184692383","3.0637636184692383"
"2829058048","2697","2697","2697","2.96555233001709","2.96555233001709","2.96555233001709"
"2830106624","2698","2698","2698","2.9974989891052246","2.9974989891052246","2.9974989891052246"
"2831155200","2699","2699","2699","2.98041033744812","2.98041033744812","2.98041033744812"
"2832203776","2700","2700","2700","3.08660888671875","3.08660888671875","3.08660888671875"
"2833252352","2701","2701","2701","3.0448241233825684","3.0448241233825684","3.0448241233825684"
"2834300928","2702","2702","2702","3.157151460647583","3.157151460647583","3.157151460647583"
"2835349504","2703","2703","2703","2.99513840675354","2.99513840675354","2.99513840675354"
"2836398080","2704","2704","2704","2.947477102279663","2.947477102279663","2.947477102279663"
"2837446656","2705","2705","2705","2.902395725250244","2.902395725250244","2.902395725250244"
"2838495232","2706","2706","2706","2.851276397705078","2.851276397705078","2.851276397705078"
"2839543808","2707","2707","2707","2.903567314147949","2.903567314147949","2.903567314147949"
"2840592384","2708","2708","2708","2.9950504302978516","2.9950504302978516","2.9950504302978516"
"2841640960","2709","2709","2709","2.8804540634155273","2.8804540634155273","2.8804540634155273"
"2842689536","2710","2710","2710","3.043020725250244","3.043020725250244","3.043020725250244"
"2843738112","2711","2711","2711","2.8845252990722656","2.8845252990722656","2.8845252990722656"
"2844786688","2712","2712","2712","2.9490346908569336","2.9490346908569336","2.9490346908569336"
"2845835264","2713","2713","2713","2.857668399810791","2.857668399810791","2.857668399810791"
"2846883840","2714","2714","2714","2.9075722694396973","2.9075722694396973","2.9075722694396973"
"2847932416","2715","2715","2715","2.9287109375","2.9287109375","2.9287109375"
"2848980992","2716","2716","2716","2.8406715393066406","2.8406715393066406","2.8406715393066406"
"2850029568","2717","2717","2717","2.874338150024414","2.874338150024414","2.874338150024414"
"2851078144","2718","2718","2718","2.9274373054504395","2.9274373054504395","2.9274373054504395"
"2852126720","2719","2719","2719","2.870887517929077","2.870887517929077","2.870887517929077"
"2853175296","2720","2720","2720","2.9384517669677734","2.9384517669677734","2.9384517669677734"
"2854223872","2721","2721","2721","2.799373149871826","2.799373149871826","2.799373149871826"
"2855272448","2722","2722","2722","3.0575127601623535","3.0575127601623535","3.0575127601623535"
"2856321024","2723","2723","2723","2.928740978240967","2.928740978240967","2.928740978240967"
"2857369600","2724","2724","2724","2.82578182220459","2.82578182220459","2.82578182220459"
"2858418176","2725","2725","2725","2.7377097606658936","2.7377097606658936","2.7377097606658936"
"2859466752","2726","2726","2726","2.9366490840911865","2.9366490840911865","2.9366490840911865"
"2860515328","2727","2727","2727","2.8979878425598145","2.8979878425598145","2.8979878425598145"
"2861563904","2728","2728","2728","2.954484224319458","2.954484224319458","2.954484224319458"
"2862612480","2729","2729","2729","2.8715460300445557","2.8715460300445557","2.8715460300445557"
"2863661056","2730","2730","2730","3.0290114879608154","3.0290114879608154","3.0290114879608154"
"2864709632","2731","2731","2731","2.927410364151001","2.927410364151001","2.927410364151001"
"2865758208","2732","2732","2732","2.8263816833496094","2.8263816833496094","2.8263816833496094"
"2866806784","2733","2733","2733","2.844736099243164","2.844736099243164","2.844736099243164"
"2867855360","2734","2734","2734","2.823611259460449","2.823611259460449","2.823611259460449"
"2868903936","2735","2735","2735","2.8751769065856934","2.8751769065856934","2.8751769065856934"
"2869952512","2736","2736","2736","2.8650286197662354","2.8650286197662354","2.8650286197662354"
"2871001088","2737","2737","2737","2.9080586433410645","2.9080586433410645","2.9080586433410645"
"2872049664","2738","2738","2738","3.0324370861053467","3.0324370861053467","3.0324370861053467"
"2873098240","2739","2739","2739","2.9383299350738525","2.9383299350738525","2.9383299350738525"
"2874146816","2740","2740","2740","2.861684560775757","2.861684560775757","2.861684560775757"
"2875195392","2741","2741","2741","2.8659937381744385","2.8659937381744385","2.8659937381744385"
"2876243968","2742","2742","2742","2.832526683807373","2.832526683807373","2.832526683807373"
"2877292544","2743","2743","2743","2.7863099575042725","2.7863099575042725","2.7863099575042725"
"2878341120","2744","2744","2744","2.908339262008667","2.908339262008667","2.908339262008667"
"2879389696","2745","2745","2745","2.931842803955078","2.931842803955078","2.931842803955078"
"2880438272","2746","2746","2746","2.897960662841797","2.897960662841797","2.897960662841797"
"2881486848","2747","2747","2747","2.8085057735443115","2.8085057735443115","2.8085057735443115"
"2882535424","2748","2748","2748","2.959833860397339","2.959833860397339","2.959833860397339"
"2883584000","2749","2749","2749","2.976250410079956","2.976250410079956","2.976250410079956"
"2884632576","2750","2750","2750","3.0934717655181885","3.0934717655181885","3.0934717655181885"
"2885681152","2751","2751","2751","3.0786824226379395","3.0786824226379395","3.0786824226379395"
"2886729728","2752","2752","2752","3.0740456581115723","3.0740456581115723","3.0740456581115723"
"2887778304","2753","2753","2753","2.9326086044311523","2.9326086044311523","2.9326086044311523"
"2888826880","2754","2754","2754","3.0652337074279785","3.0652337074279785","3.0652337074279785"
"2889875456","2755","2755","2755","2.8363447189331055","2.8363447189331055","2.8363447189331055"
"2890924032","2756","2756","2756","3.039851188659668","3.039851188659668","3.039851188659668"
"2891972608","2757","2757","2757","2.918839931488037","2.918839931488037","2.918839931488037"
"2893021184","2758","2758","2758","3.042628288269043","3.042628288269043","3.042628288269043"
"2894069760","2759","2759","2759","2.9711596965789795","2.9711596965789795","2.9711596965789795"
"2895118336","2760","2760","2760","2.951594352722168","2.951594352722168","2.951594352722168"
"2896166912","2761","2761","2761","2.964665651321411","2.964665651321411","2.964665651321411"
"2897215488","2762","2762","2762","2.966998815536499","2.966998815536499","2.966998815536499"
"2898264064","2763","2763","2763","2.9341959953308105","2.9341959953308105","2.9341959953308105"
"2899312640","2764","2764","2764","2.951455593109131","2.951455593109131","2.951455593109131"
"2900361216","2765","2765","2765","2.9311671257019043","2.9311671257019043","2.9311671257019043"
"2901409792","2766","2766","2766","2.97979474067688","2.97979474067688","2.97979474067688"
"2902458368","2767","2767","2767","3.0326409339904785","3.0326409339904785","3.0326409339904785"
"2903506944","2768","2768","2768","3.0309104919433594","3.0309104919433594","3.0309104919433594"
"2904555520","2769","2769","2769","2.94293212890625","2.94293212890625","2.94293212890625"
"2905604096","2770","2770","2770","2.959223508834839","2.959223508834839","2.959223508834839"
"2906652672","2771","2771","2771","2.8831894397735596","2.8831894397735596","2.8831894397735596"
"2907701248","2772","2772","2772","2.90387225151062","2.90387225151062","2.90387225151062"
"2908749824","2773","2773","2773","2.796250104904175","2.796250104904175","2.796250104904175"
"2909798400","2774","2774","2774","2.9770631790161133","2.9770631790161133","2.9770631790161133"
"2910846976","2775","2775","2775","2.977386951446533","2.977386951446533","2.977386951446533"
"2911895552","2776","2776","2776","3.157451629638672","3.157451629638672","3.157451629638672"
"2912944128","2777","2777","2777","3.0088319778442383","3.0088319778442383","3.0088319778442383"
"2913992704","2778","2778","2778","2.8407702445983887","2.8407702445983887","2.8407702445983887"
"2915041280","2779","2779","2779","2.90789794921875","2.90789794921875","2.90789794921875"
"2916089856","2780","2780","2780","2.76599383354187","2.76599383354187","2.76599383354187"
"2917138432","2781","2781","2781","2.8827145099639893","2.8827145099639893","2.8827145099639893"
"2918187008","2782","2782","2782","2.922361373901367","2.922361373901367","2.922361373901367"
"2919235584","2783","2783","2783","2.7932138442993164","2.7932138442993164","2.7932138442993164"
"2920284160","2784","2784","2784","2.9597301483154297","2.9597301483154297","2.9597301483154297"
"2921332736","2785","2785","2785","2.964545249938965","2.964545249938965","2.964545249938965"
"2922381312","2786","2786","2786","3.0525436401367188","3.0525436401367188","3.0525436401367188"
"2923429888","2787","2787","2787","3.0149173736572266","3.0149173736572266","3.0149173736572266"
"2924478464","2788","2788","2788","3.100956916809082","3.100956916809082","3.100956916809082"
"2925527040","2789","2789","2789","3.0248959064483643","3.0248959064483643","3.0248959064483643"
"2926575616","2790","2790","2790","3.030386447906494","3.030386447906494","3.030386447906494"
"2927624192","2791","2791","2791","2.944758653640747","2.944758653640747","2.944758653640747"
"2928672768","2792","2792","2792","3.0313589572906494","3.0313589572906494","3.0313589572906494"
"2929721344","2793","2793","2793","2.959150791168213","2.959150791168213","2.959150791168213"
"2930769920","2794","2794","2794","3.03410267829895","3.03410267829895","3.03410267829895"
"2931818496","2795","2795","2795","3.06984281539917","3.06984281539917","3.06984281539917"
"2932867072","2796","2796","2796","2.995701313018799","2.995701313018799","2.995701313018799"
"2933915648","2797","2797","2797","3.0286710262298584","3.0286710262298584","3.0286710262298584"
"2934964224","2798","2798","2798","3.07890248298645","3.07890248298645","3.07890248298645"
"2936012800","2799","2799","2799","2.932053565979004","2.932053565979004","2.932053565979004"
"2937061376","2800","2800","2800","3.033073663711548","3.033073663711548","3.033073663711548"
"2938109952","2801","2801","2801","2.9508326053619385","2.9508326053619385","2.9508326053619385"
"2939158528","2802","2802","2802","3.0534143447875977","3.0534143447875977","3.0534143447875977"
"2940207104","2803","2803","2803","2.858403205871582","2.858403205871582","2.858403205871582"
"2941255680","2804","2804","2804","3.0074119567871094","3.0074119567871094","3.0074119567871094"
"2942304256","2805","2805","2805","3.001229763031006","3.001229763031006","3.001229763031006"
"2943352832","2806","2806","2806","2.9935965538024902","2.9935965538024902","2.9935965538024902"
"2944401408","2807","2807","2807","3.0033721923828125","3.0033721923828125","3.0033721923828125"
"2945449984","2808","2808","2808","3.0373482704162598","3.0373482704162598","3.0373482704162598"
"2946498560","2809","2809","2809","3.034252166748047","3.034252166748047","3.034252166748047"
"2947547136","2810","2810","2810","3.0850977897644043","3.0850977897644043","3.0850977897644043"
"2948595712","2811","2811","2811","2.9710326194763184","2.9710326194763184","2.9710326194763184"
"2949644288","2812","2812","2812","2.954821825027466","2.954821825027466","2.954821825027466"
"2950692864","2813","2813","2813","2.9154529571533203","2.9154529571533203","2.9154529571533203"
"2951741440","2814","2814","2814","2.958951711654663","2.958951711654663","2.958951711654663"
"2952790016","2815","2815","2815","2.971442699432373","2.971442699432373","2.971442699432373"
"2953838592","2816","2816","2816","3.0856215953826904","3.0856215953826904","3.0856215953826904"
"2954887168","2817","2817","2817","2.907517910003662","2.907517910003662","2.907517910003662"
"2955935744","2818","2818","2818","3.0556068420410156","3.0556068420410156","3.0556068420410156"
"2956984320","2819","2819","2819","3.0628018379211426","3.0628018379211426","3.0628018379211426"
"2958032896","2820","2820","2820","3.026059865951538","3.026059865951538","3.026059865951538"
"2959081472","2821","2821","2821","2.9466168880462646","2.9466168880462646","2.9466168880462646"
"2960130048","2822","2822","2822","2.8757057189941406","2.8757057189941406","2.8757057189941406"
"2961178624","2823","2823","2823","2.8965864181518555","2.8965864181518555","2.8965864181518555"
"2962227200","2824","2824","2824","3.017542839050293","3.017542839050293","3.017542839050293"
"2963275776","2825","2825","2825","2.9808785915374756","2.9808785915374756","2.9808785915374756"
"2964324352","2826","2826","2826","2.9873046875","2.9873046875","2.9873046875"
"2965372928","2827","2827","2827","2.902287006378174","2.902287006378174","2.902287006378174"
"2966421504","2828","2828","2828","3.0024819374084473","3.0024819374084473","3.0024819374084473"
"2967470080","2829","2829","2829","2.9333224296569824","2.9333224296569824","2.9333224296569824"
"2968518656","2830","2830","2830","3.0292484760284424","3.0292484760284424","3.0292484760284424"
"2969567232","2831","2831","2831","2.9465246200561523","2.9465246200561523","2.9465246200561523"
"2970615808","2832","2832","2832","3.0723090171813965","3.0723090171813965","3.0723090171813965"
"2971664384","2833","2833","2833","2.9813590049743652","2.9813590049743652","2.9813590049743652"
"2972712960","2834","2834","2834","3.098151683807373","3.098151683807373","3.098151683807373"
"2973761536","2835","2835","2835","3.0089406967163086","3.0089406967163086","3.0089406967163086"
"2974810112","2836","2836","2836","3.066781520843506","3.066781520843506","3.066781520843506"
"2975858688","2837","2837","2837","2.9250705242156982","2.9250705242156982","2.9250705242156982"
"2976907264","2838","2838","2838","3.049757480621338","3.049757480621338","3.049757480621338"
"2977955840","2839","2839","2839","2.920633316040039","2.920633316040039","2.920633316040039"
"2979004416","2840","2840","2840","3.029108762741089","3.029108762741089","3.029108762741089"
"2980052992","2841","2841","2841","2.980093002319336","2.980093002319336","2.980093002319336"
"2981101568","2842","2842","2842","2.945345401763916","2.945345401763916","2.945345401763916"
"2982150144","2843","2843","2843","2.8591110706329346","2.8591110706329346","2.8591110706329346"
"2983198720","2844","2844","2844","2.969101667404175","2.969101667404175","2.969101667404175"
"2984247296","2845","2845","2845","2.955752372741699","2.955752372741699","2.955752372741699"
"2985295872","2846","2846","2846","3.00706148147583","3.00706148147583","3.00706148147583"
"2986344448","2847","2847","2847","2.933530569076538","2.933530569076538","2.933530569076538"
"2987393024","2848","2848","2848","2.950969696044922","2.950969696044922","2.950969696044922"
"2988441600","2849","2849","2849","2.943857192993164","2.943857192993164","2.943857192993164"
"2989490176","2850","2850","2850","3.054398536682129","3.054398536682129","3.054398536682129"
"2990538752","2851","2851","2851","2.938444137573242","2.938444137573242","2.938444137573242"
"2991587328","2852","2852","2852","3.062387228012085","3.062387228012085","3.062387228012085"
"2992635904","2853","2853","2853","2.910439968109131","2.910439968109131","2.910439968109131"
"2993684480","2854","2854","2854","2.9694063663482666","2.9694063663482666","2.9694063663482666"
"2994733056","2855","2855","2855","2.9045841693878174","2.9045841693878174","2.9045841693878174"
"2995781632","2856","2856","2856","2.9581477642059326","2.9581477642059326","2.9581477642059326"
"2996830208","2857","2857","2857","2.9529402256011963","2.9529402256011963","2.9529402256011963"
"2997878784","2858","2858","2858","3.062718629837036","3.062718629837036","3.062718629837036"
"2998927360","2859","2859","2859","3.0001425743103027","3.0001425743103027","3.0001425743103027"
"2999975936","2860","2860","2860","3.0006179809570312","3.0006179809570312","3.0006179809570312"
"3001024512","2861","2861","2861","2.92580509185791","2.92580509185791","2.92580509185791"
"3002073088","2862","2862","2862","3.0323598384857178","3.0323598384857178","3.0323598384857178"
"3003121664","2863","2863","2863","2.9509453773498535","2.9509453773498535","2.9509453773498535"
"3004170240","2864","2864","2864","2.9591987133026123","2.9591987133026123","2.9591987133026123"
"3005218816","2865","2865","2865","2.927548408508301","2.927548408508301","2.927548408508301"
"3006267392","2866","2866","2866","2.9656484127044678","2.9656484127044678","2.9656484127044678"
"3007315968","2867","2867","2867","2.939513683319092","2.939513683319092","2.939513683319092"
"3008364544","2868","2868","2868","3.0515007972717285","3.0515007972717285","3.0515007972717285"
"3009413120","2869","2869","2869","2.9395432472229004","2.9395432472229004","2.9395432472229004"
"3010461696","2870","2870","2870","2.8572683334350586","2.8572683334350586","2.8572683334350586"
"3011510272","2871","2871","2871","2.8913567066192627","2.8913567066192627","2.8913567066192627"
"3012558848","2872","2872","2872","3.01993989944458","3.01993989944458","3.01993989944458"
"3013607424","2873","2873","2873","3.0067691802978516","3.0067691802978516","3.0067691802978516"
"3014656000","2874","2874","2874","3.086315155029297","3.086315155029297","3.086315155029297"
"3015704576","2875","2875","2875","2.9631738662719727","2.9631738662719727","2.9631738662719727"
"3016753152","2876","2876","2876","2.940288782119751","2.940288782119751","2.940288782119751"
"3017801728","2877","2877","2877","2.9381072521209717","2.9381072521209717","2.9381072521209717"
"3018850304","2878","2878","2878","3.150460958480835","3.150460958480835","3.150460958480835"
"3019898880","2879","2879","2879","2.971212148666382","2.971212148666382","2.971212148666382"
"3020947456","2880","2880","2880","2.9792890548706055","2.9792890548706055","2.9792890548706055"
"3021996032","2881","2881","2881","2.9152779579162598","2.9152779579162598","2.9152779579162598"
"3023044608","2882","2882","2882","3.0411598682403564","3.0411598682403564","3.0411598682403564"
"3024093184","2883","2883","2883","2.9661612510681152","2.9661612510681152","2.9661612510681152"
"3025141760","2884","2884","2884","3.0059919357299805","3.0059919357299805","3.0059919357299805"
"3026190336","2885","2885","2885","2.9142584800720215","2.9142584800720215","2.9142584800720215"
"3027238912","2886","2886","2886","2.9680025577545166","2.9680025577545166","2.9680025577545166"
"3028287488","2887","2887","2887","2.9317846298217773","2.9317846298217773","2.9317846298217773"
"3029336064","2888","2888","2888","3.0908422470092773","3.0908422470092773","3.0908422470092773"
"3030384640","2889","2889","2889","2.923226833343506","2.923226833343506","2.923226833343506"
"3031433216","2890","2890","2890","3.059981107711792","3.059981107711792","3.059981107711792"
"3032481792","2891","2891","2891","2.9663169384002686","2.9663169384002686","2.9663169384002686"
"3033530368","2892","2892","2892","2.9193224906921387","2.9193224906921387","2.9193224906921387"
"3034578944","2893","2893","2893","2.8140392303466797","2.8140392303466797","2.8140392303466797"
"3035627520","2894","2894","2894","2.899535894393921","2.899535894393921","2.899535894393921"
"3036676096","2895","2895","2895","2.8338863849639893","2.8338863849639893","2.8338863849639893"
"3037724672","2896","2896","2896","2.9656920433044434","2.9656920433044434","2.9656920433044434"
"3038773248","2897","2897","2897","2.927424907684326","2.927424907684326","2.927424907684326"
"3039821824","2898","2898","2898","3.0017011165618896","3.0017011165618896","3.0017011165618896"
"3040870400","2899","2899","2899","2.852161169052124","2.852161169052124","2.852161169052124"
"3041918976","2900","2900","2900","3.0128283500671387","3.0128283500671387","3.0128283500671387"
"3042967552","2901","2901","2901","2.86572265625","2.86572265625","2.86572265625"
"3044016128","2902","2902","2902","3.1617462635040283","3.1617462635040283","3.1617462635040283"
"3045064704","2903","2903","2903","3.001631021499634","3.001631021499634","3.001631021499634"
"3046113280","2904","2904","2904","2.9967079162597656","2.9967079162597656","2.9967079162597656"
"3047161856","2905","2905","2905","2.869208335876465","2.869208335876465","2.869208335876465"
"3048210432","2906","2906","2906","3.083707332611084","3.083707332611084","3.083707332611084"
"3049259008","2907","2907","2907","2.9576711654663086","2.9576711654663086","2.9576711654663086"
"3050307584","2908","2908","2908","3.055185317993164","3.055185317993164","3.055185317993164"
"3051356160","2909","2909","2909","2.9106690883636475","2.9106690883636475","2.9106690883636475"
"3052404736","2910","2910","2910","2.9869701862335205","2.9869701862335205","2.9869701862335205"
"3053453312","2911","2911","2911","2.822283983230591","2.822283983230591","2.822283983230591"
"3054501888","2912","2912","2912","2.9916818141937256","2.9916818141937256","2.9916818141937256"
"3055550464","2913","2913","2913","2.9328067302703857","2.9328067302703857","2.9328067302703857"
"3056599040","2914","2914","2914","2.985713005065918","2.985713005065918","2.985713005065918"
"3057647616","2915","2915","2915","3.016124725341797","3.016124725341797","3.016124725341797"
"3058696192","2916","2916","2916","2.9782135486602783","2.9782135486602783","2.9782135486602783"
"3059744768","2917","2917","2917","2.88871169090271","2.88871169090271","2.88871169090271"
"3060793344","2918","2918","2918","3.0228943824768066","3.0228943824768066","3.0228943824768066"
"3061841920","2919","2919","2919","2.98724102973938","2.98724102973938","2.98724102973938"
"3062890496","2920","2920","2920","2.967411994934082","2.967411994934082","2.967411994934082"
"3063939072","2921","2921","2921","2.993835210800171","2.993835210800171","2.993835210800171"
"3064987648","2922","2922","2922","3.1087076663970947","3.1087076663970947","3.1087076663970947"
"3066036224","2923","2923","2923","3.0328714847564697","3.0328714847564697","3.0328714847564697"
"3067084800","2924","2924","2924","3.0456302165985107","3.0456302165985107","3.0456302165985107"
"3068133376","2925","2925","2925","2.9535958766937256","2.9535958766937256","2.9535958766937256"
"3069181952","2926","2926","2926","2.9627535343170166","2.9627535343170166","2.9627535343170166"
"3070230528","2927","2927","2927","2.8400700092315674","2.8400700092315674","2.8400700092315674"
"3071279104","2928","2928","2928","3.019496440887451","3.019496440887451","3.019496440887451"
"3072327680","2929","2929","2929","2.9213128089904785","2.9213128089904785","2.9213128089904785"
"3073376256","2930","2930","2930","3.035644054412842","3.035644054412842","3.035644054412842"
"3074424832","2931","2931","2931","2.833296537399292","2.833296537399292","2.833296537399292"
"3075473408","2932","2932","2932","3.025761127471924","3.025761127471924","3.025761127471924"
"3076521984","2933","2933","2933","2.8913373947143555","2.8913373947143555","2.8913373947143555"