"optimizer_step","recur1b-mig-212 - _step","recur1b-mig-212 - _step__MIN","recur1b-mig-212 - _step__MAX","recur1b-mig-212 - word_embed_l2_param_norm","recur1b-mig-212 - word_embed_l2_param_norm__MIN","recur1b-mig-212 - word_embed_l2_param_norm__MAX"
"1","1","1","1","114.48667907714844","114.48667907714844","114.48667907714844"
"2","3","3","3","114.47352600097656","114.47352600097656","114.47352600097656"
"3","5","5","5","114.46688842773438","114.46688842773438","114.46688842773438"
"4","7","7","7","114.45956420898438","114.45956420898438","114.45956420898438"
"5","9","9","9","114.45255279541016","114.45255279541016","114.45255279541016"
"6","11","11","11","114.44587707519531","114.44587707519531","114.44587707519531"
"7","13","13","13","114.43916320800781","114.43916320800781","114.43916320800781"
"8","15","15","15","114.43236541748047","114.43236541748047","114.43236541748047"
"9","17","17","17","114.42539978027344","114.42539978027344","114.42539978027344"
"10","19","19","19","114.41867065429688","114.41867065429688","114.41867065429688"
"11","21","21","21","114.41165161132812","114.41165161132812","114.41165161132812"
"12","23","23","23","114.40424346923828","114.40424346923828","114.40424346923828"
"13","25","25","25","114.39714813232422","114.39714813232422","114.39714813232422"
"14","27","27","27","114.39032745361328","114.39032745361328","114.39032745361328"
"15","29","29","29","114.38381958007812","114.38381958007812","114.38381958007812"
"16","31","31","31","114.37755584716797","114.37755584716797","114.37755584716797"
"17","33","33","33","114.36983489990234","114.36983489990234","114.36983489990234"
"18","35","35","35","114.36290740966797","114.36290740966797","114.36290740966797"
"19","37","37","37","114.35746765136719","114.35746765136719","114.35746765136719"
"20","39","39","39","114.3526611328125","114.3526611328125","114.3526611328125"
"21","41","41","41","114.34876251220703","114.34876251220703","114.34876251220703"
"22","43","43","43","114.34624481201172","114.34624481201172","114.34624481201172"
"23","45","45","45","114.34429931640625","114.34429931640625","114.34429931640625"
"24","47","47","47","114.3431396484375","114.3431396484375","114.3431396484375"
"25","49","49","49","114.34355163574219","114.34355163574219","114.34355163574219"
"26","51","51","51","114.34524536132812","114.34524536132812","114.34524536132812"
"27","53","53","53","114.34891510009766","114.34891510009766","114.34891510009766"
"28","55","55","55","114.35441589355469","114.35441589355469","114.35441589355469"
"29","57","57","57","114.36250305175781","114.36250305175781","114.36250305175781"
"30","59","59","59","114.3731460571289","114.3731460571289","114.3731460571289"
"31","61","61","61","114.38693237304688","114.38693237304688","114.38693237304688"
"32","63","63","63","114.40416717529297","114.40416717529297","114.40416717529297"
"33","65","65","65","114.42520904541016","114.42520904541016","114.42520904541016"
"34","67","67","67","114.45002746582031","114.45002746582031","114.45002746582031"
"35","69","69","69","114.47848510742188","114.47848510742188","114.47848510742188"
"36","71","71","71","114.5102767944336","114.5102767944336","114.5102767944336"
"37","73","73","73","114.54529571533203","114.54529571533203","114.54529571533203"
"38","75","75","75","114.5833740234375","114.5833740234375","114.5833740234375"
"39","77","77","77","114.62443542480469","114.62443542480469","114.62443542480469"
"40","79","79","79","114.6683349609375","114.6683349609375","114.6683349609375"
"41","81","81","81","114.71479797363281","114.71479797363281","114.71479797363281"
"42","83","83","83","114.76374053955078","114.76374053955078","114.76374053955078"
"43","85","85","85","114.81499481201172","114.81499481201172","114.81499481201172"
"44","87","87","87","114.86844635009766","114.86844635009766","114.86844635009766"
"45","89","89","89","114.92375183105469","114.92375183105469","114.92375183105469"
"46","91","91","91","114.98075866699219","114.98075866699219","114.98075866699219"
"47","93","93","93","115.03932189941406","115.03932189941406","115.03932189941406"
"48","95","95","95","115.0993881225586","115.0993881225586","115.0993881225586"
"49","97","97","97","115.1607894897461","115.1607894897461","115.1607894897461"
"50","99","99","99","115.22364807128906","115.22364807128906","115.22364807128906"
"51","101","101","101","115.28777313232422","115.28777313232422","115.28777313232422"
"52","103","103","103","115.35321807861328","115.35321807861328","115.35321807861328"
"53","105","105","105","115.41986846923828","115.41986846923828","115.41986846923828"
"54","107","107","107","115.48790740966797","115.48790740966797","115.48790740966797"
"55","109","109","109","115.55707550048828","115.55707550048828","115.55707550048828"
"56","111","111","111","115.62744903564453","115.62744903564453","115.62744903564453"
"57","113","113","113","115.69906616210938","115.69906616210938","115.69906616210938"
"58","115","115","115","115.77144622802734","115.77144622802734","115.77144622802734"
"59","117","117","117","115.84457397460938","115.84457397460938","115.84457397460938"
"60","119","119","119","115.91883850097656","115.91883850097656","115.91883850097656"
"61","121","121","121","115.9942855834961","115.9942855834961","115.9942855834961"
"62","123","123","123","116.07090759277344","116.07090759277344","116.07090759277344"
"63","125","125","125","116.14804077148438","116.14804077148438","116.14804077148438"
"64","127","127","127","116.22577667236328","116.22577667236328","116.22577667236328"
"65","129","129","129","116.30329132080078","116.30329132080078","116.30329132080078"
"66","131","131","131","116.38017272949219","116.38017272949219","116.38017272949219"
"67","133","133","133","116.45632934570312","116.45632934570312","116.45632934570312"
"68","135","135","135","116.53185272216797","116.53185272216797","116.53185272216797"
"69","137","137","137","116.60669708251953","116.60669708251953","116.60669708251953"
"70","139","139","139","116.68074798583984","116.68074798583984","116.68074798583984"
"71","141","141","141","116.75393676757812","116.75393676757812","116.75393676757812"
"72","143","143","143","116.82650756835938","116.82650756835938","116.82650756835938"
"73","145","145","145","116.89837646484375","116.89837646484375","116.89837646484375"
"74","147","147","147","116.96965026855469","116.96965026855469","116.96965026855469"
"75","149","149","149","117.04032135009766","117.04032135009766","117.04032135009766"
"76","151","151","151","117.1104507446289","117.1104507446289","117.1104507446289"
"77","153","153","153","117.17975616455078","117.17975616455078","117.17975616455078"
"78","155","155","155","117.24859619140625","117.24859619140625","117.24859619140625"
"79","157","157","157","117.3168716430664","117.3168716430664","117.3168716430664"
"80","159","159","159","117.38462829589844","117.38462829589844","117.38462829589844"
"81","161","161","161","117.45171356201172","117.45171356201172","117.45171356201172"
"82","163","163","163","117.51860046386719","117.51860046386719","117.51860046386719"
"83","165","165","165","117.58529663085938","117.58529663085938","117.58529663085938"
"84","167","167","167","117.65180206298828","117.65180206298828","117.65180206298828"
"85","169","169","169","117.71804809570312","117.71804809570312","117.71804809570312"
"86","171","171","171","117.7840347290039","117.7840347290039","117.7840347290039"
"87","173","173","173","117.84952545166016","117.84952545166016","117.84952545166016"
"88","175","175","175","117.9150619506836","117.9150619506836","117.9150619506836"
"89","177","177","177","117.980224609375","117.980224609375","117.980224609375"
"90","179","179","179","118.04553985595703","118.04553985595703","118.04553985595703"
"91","181","181","181","118.1107177734375","118.1107177734375","118.1107177734375"
"92","183","183","183","118.1756820678711","118.1756820678711","118.1756820678711"
"93","185","185","185","118.24081420898438","118.24081420898438","118.24081420898438"
"94","187","187","187","118.30599212646484","118.30599212646484","118.30599212646484"
"95","189","189","189","118.37091827392578","118.37091827392578","118.37091827392578"
"96","191","191","191","118.43576049804688","118.43576049804688","118.43576049804688"
"97","193","193","193","118.50060272216797","118.50060272216797","118.50060272216797"
"98","195","195","195","118.5648193359375","118.5648193359375","118.5648193359375"
"99","197","197","197","118.6292724609375","118.6292724609375","118.6292724609375"
"100","199","199","199","118.693603515625","118.693603515625","118.693603515625"
"101","201","201","201","118.75794219970703","118.75794219970703","118.75794219970703"
"102","203","203","203","118.82232666015625","118.82232666015625","118.82232666015625"
"103","205","205","205","118.88678741455078","118.88678741455078","118.88678741455078"
"104","207","207","207","118.95125579833984","118.95125579833984","118.95125579833984"
"105","209","209","209","119.01571655273438","119.01571655273438","119.01571655273438"
"106","211","211","211","119.08003234863281","119.08003234863281","119.08003234863281"
"107","213","213","213","119.14450073242188","119.14450073242188","119.14450073242188"
"108","215","215","215","119.20921325683594","119.20921325683594","119.20921325683594"
"109","217","217","217","119.27388000488281","119.27388000488281","119.27388000488281"
"110","219","219","219","119.33843231201172","119.33843231201172","119.33843231201172"
"111","221","221","221","119.4031753540039","119.4031753540039","119.4031753540039"
"112","223","223","223","119.4679183959961","119.4679183959961","119.4679183959961"
"113","225","225","225","119.53251647949219","119.53251647949219","119.53251647949219"
"114","227","227","227","119.59737396240234","119.59737396240234","119.59737396240234"
"115","229","229","229","119.66183471679688","119.66183471679688","119.66183471679688"
"116","231","231","231","119.72618865966797","119.72618865966797","119.72618865966797"
"117","233","233","233","119.79095458984375","119.79095458984375","119.79095458984375"
"118","235","235","235","119.85536193847656","119.85536193847656","119.85536193847656"
"119","237","237","237","119.91957092285156","119.91957092285156","119.91957092285156"
"120","239","239","239","119.98383331298828","119.98383331298828","119.98383331298828"
"121","241","241","241","120.04776763916016","120.04776763916016","120.04776763916016"
"122","243","243","243","120.11138153076172","120.11138153076172","120.11138153076172"
"123","245","245","245","120.17510223388672","120.17510223388672","120.17510223388672"
"124","247","247","247","120.23868560791016","120.23868560791016","120.23868560791016"
"125","249","249","249","120.30207824707031","120.30207824707031","120.30207824707031"
"126","251","251","251","120.36565399169922","120.36565399169922","120.36565399169922"
"127","253","253","253","120.42879486083984","120.42879486083984","120.42879486083984"
"128","255","255","255","120.49175262451172","120.49175262451172","120.49175262451172"
"129","257","257","257","120.55498504638672","120.55498504638672","120.55498504638672"
"130","259","259","259","120.61820220947266","120.61820220947266","120.61820220947266"
"131","261","261","261","120.68140411376953","120.68140411376953","120.68140411376953"
"132","263","263","263","120.7442626953125","120.7442626953125","120.7442626953125"
"133","265","265","265","120.80689239501953","120.80689239501953","120.80689239501953"
"134","267","267","267","120.8694839477539","120.8694839477539","120.8694839477539"
"135","269","269","269","120.93180084228516","120.93180084228516","120.93180084228516"
"136","271","271","271","120.99382019042969","120.99382019042969","120.99382019042969"
"137","273","273","273","121.0555648803711","121.0555648803711","121.0555648803711"
"138","275","275","275","121.11717987060547","121.11717987060547","121.11717987060547"
"139","277","277","277","121.17849731445312","121.17849731445312","121.17849731445312"
"140","279","279","279","121.23994445800781","121.23994445800781","121.23994445800781"
"141","281","281","281","121.30126953125","121.30126953125","121.30126953125"
"142","283","283","283","121.36268615722656","121.36268615722656","121.36268615722656"
"143","285","285","285","121.42349243164062","121.42349243164062","121.42349243164062"
"144","287","287","287","121.48444366455078","121.48444366455078","121.48444366455078"
"145","289","289","289","121.54533386230469","121.54533386230469","121.54533386230469"
"146","291","291","291","121.60649871826172","121.60649871826172","121.60649871826172"
"147","293","293","293","121.66753387451172","121.66753387451172","121.66753387451172"
"148","295","295","295","121.72822570800781","121.72822570800781","121.72822570800781"
"149","297","297","297","121.78843688964844","121.78843688964844","121.78843688964844"
"150","299","299","299","121.84845733642578","121.84845733642578","121.84845733642578"
"151","301","301","301","121.90885925292969","121.90885925292969","121.90885925292969"
"152","303","303","303","121.96896362304688","121.96896362304688","121.96896362304688"
"153","305","305","305","122.02881622314453","122.02881622314453","122.02881622314453"
"154","307","307","307","122.0883560180664","122.0883560180664","122.0883560180664"
"155","309","309","309","122.14808654785156","122.14808654785156","122.14808654785156"
"156","311","311","311","122.20706939697266","122.20706939697266","122.20706939697266"
"157","313","313","313","122.2665786743164","122.2665786743164","122.2665786743164"
"158","315","315","315","122.32537841796875","122.32537841796875","122.32537841796875"
"159","317","317","317","122.3841323852539","122.3841323852539","122.3841323852539"
"160","319","319","319","122.44336700439453","122.44336700439453","122.44336700439453"
"161","321","321","321","122.50206756591797","122.50206756591797","122.50206756591797"
"162","323","323","323","122.56058502197266","122.56058502197266","122.56058502197266"
"163","325","325","325","122.61885833740234","122.61885833740234","122.61885833740234"
"164","327","327","327","122.67684936523438","122.67684936523438","122.67684936523438"
"165","329","329","329","122.73501586914062","122.73501586914062","122.73501586914062"
"166","331","331","331","122.79285430908203","122.79285430908203","122.79285430908203"
"167","333","333","333","122.85029602050781","122.85029602050781","122.85029602050781"
"168","335","335","335","122.90774536132812","122.90774536132812","122.90774536132812"
"169","337","337","337","122.96458435058594","122.96458435058594","122.96458435058594"
"170","339","339","339","123.02137756347656","123.02137756347656","123.02137756347656"
"171","341","341","341","123.0782470703125","123.0782470703125","123.0782470703125"
"172","343","343","343","123.13440704345703","123.13440704345703","123.13440704345703"
"173","345","345","345","123.19059753417969","123.19059753417969","123.19059753417969"
"174","347","347","347","123.24718475341797","123.24718475341797","123.24718475341797"
"175","349","349","349","123.30298614501953","123.30298614501953","123.30298614501953"
"176","351","351","351","123.35902404785156","123.35902404785156","123.35902404785156"
"177","353","353","353","123.41460418701172","123.41460418701172","123.41460418701172"
"178","355","355","355","123.47020721435547","123.47020721435547","123.47020721435547"
"179","357","357","357","123.52487182617188","123.52487182617188","123.52487182617188"
"180","359","359","359","123.58007049560547","123.58007049560547","123.58007049560547"
"181","361","361","361","123.63580322265625","123.63580322265625","123.63580322265625"
"182","363","363","363","123.69062805175781","123.69062805175781","123.69062805175781"
"183","365","365","365","123.744873046875","123.744873046875","123.744873046875"
"184","367","367","367","123.79866027832031","123.79866027832031","123.79866027832031"
"185","369","369","369","123.85294342041016","123.85294342041016","123.85294342041016"
"186","371","371","371","123.90678405761719","123.90678405761719","123.90678405761719"
"187","373","373","373","123.95988464355469","123.95988464355469","123.95988464355469"
"188","375","375","375","124.01306915283203","124.01306915283203","124.01306915283203"
"189","377","377","377","124.06610870361328","124.06610870361328","124.06610870361328"
"190","379","379","379","124.11929321289062","124.11929321289062","124.11929321289062"
"191","381","381","381","124.1721420288086","124.1721420288086","124.1721420288086"
"192","383","383","383","124.22511291503906","124.22511291503906","124.22511291503906"
"193","385","385","385","124.27826690673828","124.27826690673828","124.27826690673828"
"194","387","387","387","124.33163452148438","124.33163452148438","124.33163452148438"
"195","389","389","389","124.38463592529297","124.38463592529297","124.38463592529297"
"196","391","391","391","124.43763732910156","124.43763732910156","124.43763732910156"
"197","393","393","393","124.49034881591797","124.49034881591797","124.49034881591797"
"198","395","395","395","124.54383087158203","124.54383087158203","124.54383087158203"
"199","397","397","397","124.59640502929688","124.59640502929688","124.59640502929688"
"200","399","399","399","124.64906311035156","124.64906311035156","124.64906311035156"
"201","401","401","401","124.70166778564453","124.70166778564453","124.70166778564453"
"202","403","403","403","124.7542724609375","124.7542724609375","124.7542724609375"
"203","405","405","405","124.8069839477539","124.8069839477539","124.8069839477539"
"204","407","407","407","124.85987091064453","124.85987091064453","124.85987091064453"
"205","409","409","409","124.91142272949219","124.91142272949219","124.91142272949219"
"206","411","411","411","124.9635009765625","124.9635009765625","124.9635009765625"
"207","413","413","413","125.01507568359375","125.01507568359375","125.01507568359375"
"208","415","415","415","125.06593322753906","125.06593322753906","125.06593322753906"
"209","417","417","417","125.117431640625","125.117431640625","125.117431640625"
"210","419","419","419","125.16879272460938","125.16879272460938","125.16879272460938"
"211","421","421","421","125.21988677978516","125.21988677978516","125.21988677978516"
"212","423","423","423","125.27117156982422","125.27117156982422","125.27117156982422"
"213","425","425","425","125.32180786132812","125.32180786132812","125.32180786132812"
"214","427","427","427","125.37285614013672","125.37285614013672","125.37285614013672"
"215","429","429","429","125.42339324951172","125.42339324951172","125.42339324951172"
"216","431","431","431","125.47401428222656","125.47401428222656","125.47401428222656"
"217","433","433","433","125.52449798583984","125.52449798583984","125.52449798583984"
"218","435","435","435","125.57479095458984","125.57479095458984","125.57479095458984"
"219","437","437","437","125.62445068359375","125.62445068359375","125.62445068359375"
"220","439","439","439","125.6748046875","125.6748046875","125.6748046875"
"221","441","441","441","125.72467041015625","125.72467041015625","125.72467041015625"
"222","443","443","443","125.77430725097656","125.77430725097656","125.77430725097656"
"223","445","445","445","125.82381439208984","125.82381439208984","125.82381439208984"
"224","447","447","447","125.87284851074219","125.87284851074219","125.87284851074219"
"225","449","449","449","125.92169189453125","125.92169189453125","125.92169189453125"
"226","451","451","451","125.97050476074219","125.97050476074219","125.97050476074219"
"227","453","453","453","126.01848602294922","126.01848602294922","126.01848602294922"
"228","455","455","455","126.06714630126953","126.06714630126953","126.06714630126953"
"229","457","457","457","126.11589813232422","126.11589813232422","126.11589813232422"
"230","459","459","459","126.16405487060547","126.16405487060547","126.16405487060547"
"231","461","461","461","126.21223449707031","126.21223449707031","126.21223449707031"
"232","463","463","463","126.26029205322266","126.26029205322266","126.26029205322266"
"233","465","465","465","126.30854797363281","126.30854797363281","126.30854797363281"
"234","467","467","467","126.35723876953125","126.35723876953125","126.35723876953125"
"235","469","469","469","126.40432739257812","126.40432739257812","126.40432739257812"
"236","471","471","471","126.45215606689453","126.45215606689453","126.45215606689453"
"237","473","473","473","126.4995346069336","126.4995346069336","126.4995346069336"
"238","475","475","475","126.5470199584961","126.5470199584961","126.5470199584961"
"239","477","477","477","126.59419250488281","126.59419250488281","126.59419250488281"
"240","479","479","479","126.64088439941406","126.64088439941406","126.64088439941406"
"241","481","481","481","126.68841552734375","126.68841552734375","126.68841552734375"
"242","483","483","483","126.7351303100586","126.7351303100586","126.7351303100586"
"243","485","485","485","126.78128051757812","126.78128051757812","126.78128051757812"
"244","487","487","487","126.82775115966797","126.82775115966797","126.82775115966797"
"245","489","489","489","126.87361907958984","126.87361907958984","126.87361907958984"
"246","491","491","491","126.91957092285156","126.91957092285156","126.91957092285156"
"247","493","493","493","126.9656982421875","126.9656982421875","126.9656982421875"
"248","495","495","495","127.01111602783203","127.01111602783203","127.01111602783203"
"249","497","497","497","127.05606842041016","127.05606842041016","127.05606842041016"
"250","499","499","499","127.10155487060547","127.10155487060547","127.10155487060547"
"251","501","501","501","127.14688110351562","127.14688110351562","127.14688110351562"
"252","503","503","503","127.19252014160156","127.19252014160156","127.19252014160156"
"253","505","505","505","127.23802947998047","127.23802947998047","127.23802947998047"
"254","507","507","507","127.2833023071289","127.2833023071289","127.2833023071289"
"255","509","509","509","127.32804870605469","127.32804870605469","127.32804870605469"
"256","511","511","511","127.37277221679688","127.37277221679688","127.37277221679688"
"257","513","513","513","127.41763305664062","127.41763305664062","127.41763305664062"
"258","515","515","515","127.4620361328125","127.4620361328125","127.4620361328125"
"259","517","517","517","127.5074462890625","127.5074462890625","127.5074462890625"
"260","519","519","519","127.55113983154297","127.55113983154297","127.55113983154297"
"261","521","521","521","127.5952377319336","127.5952377319336","127.5952377319336"
"262","523","523","523","127.63982391357422","127.63982391357422","127.63982391357422"
"263","525","525","525","127.6834945678711","127.6834945678711","127.6834945678711"
"264","527","527","527","127.7276611328125","127.7276611328125","127.7276611328125"
"265","529","529","529","127.7717056274414","127.7717056274414","127.7717056274414"
"266","531","531","531","127.81543731689453","127.81543731689453","127.81543731689453"
"267","533","533","533","127.85892486572266","127.85892486572266","127.85892486572266"
"268","535","535","535","127.90193939208984","127.90193939208984","127.90193939208984"
"269","537","537","537","127.94579315185547","127.94579315185547","127.94579315185547"
"270","539","539","539","127.98941802978516","127.98941802978516","127.98941802978516"
"271","541","541","541","128.03314208984375","128.03314208984375","128.03314208984375"
"272","543","543","543","128.07606506347656","128.07606506347656","128.07606506347656"
"273","545","545","545","128.11959838867188","128.11959838867188","128.11959838867188"
"274","547","547","547","128.16278076171875","128.16278076171875","128.16278076171875"
"275","549","549","549","128.2060546875","128.2060546875","128.2060546875"
"276","551","551","551","128.24937438964844","128.24937438964844","128.24937438964844"
"277","553","553","553","128.2919464111328","128.2919464111328","128.2919464111328"
"278","555","555","555","128.3357391357422","128.3357391357422","128.3357391357422"
"279","557","557","557","128.37835693359375","128.37835693359375","128.37835693359375"
"280","559","559","559","128.4209442138672","128.4209442138672","128.4209442138672"
"281","561","561","561","128.4640655517578","128.4640655517578","128.4640655517578"
"282","563","563","563","128.50555419921875","128.50555419921875","128.50555419921875"
"283","565","565","565","128.54754638671875","128.54754638671875","128.54754638671875"
"284","567","567","567","128.5900115966797","128.5900115966797","128.5900115966797"
"285","569","569","569","128.63156127929688","128.63156127929688","128.63156127929688"
"286","571","571","571","128.6732635498047","128.6732635498047","128.6732635498047"
"287","573","573","573","128.71478271484375","128.71478271484375","128.71478271484375"
"288","575","575","575","128.75747680664062","128.75747680664062","128.75747680664062"
"289","577","577","577","128.79916381835938","128.79916381835938","128.79916381835938"
"290","579","579","579","128.84121704101562","128.84121704101562","128.84121704101562"
"291","581","581","581","128.8827667236328","128.8827667236328","128.8827667236328"
"292","583","583","583","128.92381286621094","128.92381286621094","128.92381286621094"
"293","585","585","585","128.96510314941406","128.96510314941406","128.96510314941406"
"294","587","587","587","129.00619506835938","129.00619506835938","129.00619506835938"
"295","589","589","589","129.04696655273438","129.04696655273438","129.04696655273438"
"296","591","591","591","129.08815002441406","129.08815002441406","129.08815002441406"
"297","593","593","593","129.128662109375","129.128662109375","129.128662109375"
"298","595","595","595","129.1700897216797","129.1700897216797","129.1700897216797"
"299","597","597","597","129.2106475830078","129.2106475830078","129.2106475830078"
"300","599","599","599","129.2512664794922","129.2512664794922","129.2512664794922"
"301","601","601","601","129.29098510742188","129.29098510742188","129.29098510742188"
"302","603","603","603","129.33164978027344","129.33164978027344","129.33164978027344"
"303","605","605","605","129.37164306640625","129.37164306640625","129.37164306640625"
"304","607","607","607","129.410888671875","129.410888671875","129.410888671875"
"305","609","609","609","129.4513397216797","129.4513397216797","129.4513397216797"
"306","611","611","611","129.49085998535156","129.49085998535156","129.49085998535156"
"307","613","613","613","129.5303955078125","129.5303955078125","129.5303955078125"
"308","615","615","615","129.56976318359375","129.56976318359375","129.56976318359375"
"309","617","617","617","129.60971069335938","129.60971069335938","129.60971069335938"
"310","619","619","619","129.64938354492188","129.64938354492188","129.64938354492188"
"311","621","621","621","129.6895294189453","129.6895294189453","129.6895294189453"
"312","623","623","623","129.72804260253906","129.72804260253906","129.72804260253906"
"313","625","625","625","129.7670440673828","129.7670440673828","129.7670440673828"
"314","627","627","627","129.8065643310547","129.8065643310547","129.8065643310547"
"315","629","629","629","129.84500122070312","129.84500122070312","129.84500122070312"
"316","631","631","631","129.88392639160156","129.88392639160156","129.88392639160156"
"317","633","633","633","129.92230224609375","129.92230224609375","129.92230224609375"
"318","635","635","635","129.96087646484375","129.96087646484375","129.96087646484375"
"319","637","637","637","129.9994659423828","129.9994659423828","129.9994659423828"
"320","639","639","639","130.03741455078125","130.03741455078125","130.03741455078125"
"321","641","641","641","130.0763702392578","130.0763702392578","130.0763702392578"
"322","643","643","643","130.1145782470703","130.1145782470703","130.1145782470703"
"323","645","645","645","130.152587890625","130.152587890625","130.152587890625"
"324","647","647","647","130.19058227539062","130.19058227539062","130.19058227539062"
"325","649","649","649","130.22860717773438","130.22860717773438","130.22860717773438"
"326","651","651","651","130.2672119140625","130.2672119140625","130.2672119140625"
"327","653","653","653","130.30531311035156","130.30531311035156","130.30531311035156"
"328","655","655","655","130.34361267089844","130.34361267089844","130.34361267089844"
"329","657","657","657","130.38124084472656","130.38124084472656","130.38124084472656"
"330","659","659","659","130.41934204101562","130.41934204101562","130.41934204101562"
"331","661","661","661","130.45741271972656","130.45741271972656","130.45741271972656"
"332","663","663","663","130.49571228027344","130.49571228027344","130.49571228027344"
"333","665","665","665","130.53343200683594","130.53343200683594","130.53343200683594"
"334","667","667","667","130.5720977783203","130.5720977783203","130.5720977783203"
"335","669","669","669","130.609130859375","130.609130859375","130.609130859375"
"336","671","671","671","130.6466522216797","130.6466522216797","130.6466522216797"
"337","673","673","673","130.68453979492188","130.68453979492188","130.68453979492188"
"338","675","675","675","130.7222137451172","130.7222137451172","130.7222137451172"
"339","677","677","677","130.75926208496094","130.75926208496094","130.75926208496094"
"340","679","679","679","130.7960968017578","130.7960968017578","130.7960968017578"
"341","681","681","681","130.8331756591797","130.8331756591797","130.8331756591797"
"342","683","683","683","130.87059020996094","130.87059020996094","130.87059020996094"
"343","685","685","685","130.90745544433594","130.90745544433594","130.90745544433594"
"344","687","687","687","130.9449462890625","130.9449462890625","130.9449462890625"
"345","689","689","689","130.98175048828125","130.98175048828125","130.98175048828125"
"346","691","691","691","131.0189971923828","131.0189971923828","131.0189971923828"
"347","693","693","693","131.0562744140625","131.0562744140625","131.0562744140625"
"348","695","695","695","131.0931396484375","131.0931396484375","131.0931396484375"
"349","697","697","697","131.1296844482422","131.1296844482422","131.1296844482422"
"350","699","699","699","131.1669921875","131.1669921875","131.1669921875"
"351","701","701","701","131.20303344726562","131.20303344726562","131.20303344726562"
"352","703","703","703","131.23977661132812","131.23977661132812","131.23977661132812"
"353","705","705","705","131.27603149414062","131.27603149414062","131.27603149414062"
"354","707","707","707","131.31275939941406","131.31275939941406","131.31275939941406"
"355","709","709","709","131.34898376464844","131.34898376464844","131.34898376464844"
"356","711","711","711","131.384765625","131.384765625","131.384765625"
"357","713","713","713","131.4207763671875","131.4207763671875","131.4207763671875"
"358","715","715","715","131.4572296142578","131.4572296142578","131.4572296142578"
"359","717","717","717","131.49307250976562","131.49307250976562","131.49307250976562"
"360","719","719","719","131.52957153320312","131.52957153320312","131.52957153320312"
"361","721","721","721","131.5653533935547","131.5653533935547","131.5653533935547"
"362","723","723","723","131.60137939453125","131.60137939453125","131.60137939453125"
"363","725","725","725","131.6370086669922","131.6370086669922","131.6370086669922"
"364","727","727","727","131.6727752685547","131.6727752685547","131.6727752685547"
"365","729","729","729","131.70887756347656","131.70887756347656","131.70887756347656"
"366","731","731","731","131.74447631835938","131.74447631835938","131.74447631835938"
"367","733","733","733","131.77992248535156","131.77992248535156","131.77992248535156"
"368","735","735","735","131.81539916992188","131.81539916992188","131.81539916992188"
"369","737","737","737","131.85072326660156","131.85072326660156","131.85072326660156"
"370","739","739","739","131.88645935058594","131.88645935058594","131.88645935058594"
"371","741","741","741","131.9210662841797","131.9210662841797","131.9210662841797"
"372","743","743","743","131.95660400390625","131.95660400390625","131.95660400390625"
"373","745","745","745","131.99160766601562","131.99160766601562","131.99160766601562"
"374","747","747","747","132.02731323242188","132.02731323242188","132.02731323242188"
"375","749","749","749","132.0619354248047","132.0619354248047","132.0619354248047"
"376","751","751","751","132.0974578857422","132.0974578857422","132.0974578857422"
"377","753","753","753","132.13282775878906","132.13282775878906","132.13282775878906"
"378","755","755","755","132.1687469482422","132.1687469482422","132.1687469482422"
"379","757","757","757","132.20419311523438","132.20419311523438","132.20419311523438"
"380","759","759","759","132.23875427246094","132.23875427246094","132.23875427246094"
"381","761","761","761","132.27490234375","132.27490234375","132.27490234375"
"382","763","763","763","132.310546875","132.310546875","132.310546875"
"383","765","765","765","132.34568786621094","132.34568786621094","132.34568786621094"
"384","767","767","767","132.38104248046875","132.38104248046875","132.38104248046875"
"385","769","769","769","132.4154815673828","132.4154815673828","132.4154815673828"
"386","771","771","771","132.4512481689453","132.4512481689453","132.4512481689453"
"387","773","773","773","132.48602294921875","132.48602294921875","132.48602294921875"
"388","775","775","775","132.5203399658203","132.5203399658203","132.5203399658203"
"389","777","777","777","132.55519104003906","132.55519104003906","132.55519104003906"
"390","779","779","779","132.58985900878906","132.58985900878906","132.58985900878906"
"391","781","781","781","132.6244354248047","132.6244354248047","132.6244354248047"
"392","783","783","783","132.65911865234375","132.65911865234375","132.65911865234375"
"393","785","785","785","132.6932830810547","132.6932830810547","132.6932830810547"
"394","787","787","787","132.7288360595703","132.7288360595703","132.7288360595703"
"395","789","789","789","132.76321411132812","132.76321411132812","132.76321411132812"
"396","791","791","791","132.7978973388672","132.7978973388672","132.7978973388672"
"397","793","793","793","132.8319091796875","132.8319091796875","132.8319091796875"
"398","795","795","795","132.86697387695312","132.86697387695312","132.86697387695312"
"399","797","797","797","132.90077209472656","132.90077209472656","132.90077209472656"
"400","799","799","799","132.93531799316406","132.93531799316406","132.93531799316406"
"401","801","801","801","132.96954345703125","132.96954345703125","132.96954345703125"
"402","803","803","803","133.00421142578125","133.00421142578125","133.00421142578125"
"403","805","805","805","133.0379180908203","133.0379180908203","133.0379180908203"
"404","807","807","807","133.0717010498047","133.0717010498047","133.0717010498047"
"405","809","809","809","133.10623168945312","133.10623168945312","133.10623168945312"
"406","811","811","811","133.1397247314453","133.1397247314453","133.1397247314453"
"407","813","813","813","133.1734619140625","133.1734619140625","133.1734619140625"
"408","815","815","815","133.2064666748047","133.2064666748047","133.2064666748047"
"409","817","817","817","133.2406463623047","133.2406463623047","133.2406463623047"
"410","819","819","819","133.27322387695312","133.27322387695312","133.27322387695312"
"411","821","821","821","133.30686950683594","133.30686950683594","133.30686950683594"
"412","823","823","823","133.33969116210938","133.33969116210938","133.33969116210938"
"413","825","825","825","133.3733673095703","133.3733673095703","133.3733673095703"
"414","827","827","827","133.40650939941406","133.40650939941406","133.40650939941406"
"415","829","829","829","133.4392852783203","133.4392852783203","133.4392852783203"
"416","831","831","831","133.47256469726562","133.47256469726562","133.47256469726562"
"417","833","833","833","133.50558471679688","133.50558471679688","133.50558471679688"
"418","835","835","835","133.53848266601562","133.53848266601562","133.53848266601562"
"419","837","837","837","133.5718536376953","133.5718536376953","133.5718536376953"
"420","839","839","839","133.60467529296875","133.60467529296875","133.60467529296875"
"421","841","841","841","133.63845825195312","133.63845825195312","133.63845825195312"
"422","843","843","843","133.67221069335938","133.67221069335938","133.67221069335938"
"423","845","845","845","133.70506286621094","133.70506286621094","133.70506286621094"
"424","847","847","847","133.73841857910156","133.73841857910156","133.73841857910156"
"425","849","849","849","133.7705078125","133.7705078125","133.7705078125"
"426","851","851","851","133.80288696289062","133.80288696289062","133.80288696289062"
"427","853","853","853","133.83615112304688","133.83615112304688","133.83615112304688"
"428","855","855","855","133.8683319091797","133.8683319091797","133.8683319091797"
"429","857","857","857","133.90052795410156","133.90052795410156","133.90052795410156"
"430","859","859","859","133.9328155517578","133.9328155517578","133.9328155517578"
"431","861","861","861","133.96588134765625","133.96588134765625","133.96588134765625"
"432","863","863","863","133.9982452392578","133.9982452392578","133.9982452392578"
"433","865","865","865","134.03016662597656","134.03016662597656","134.03016662597656"
"434","867","867","867","134.06179809570312","134.06179809570312","134.06179809570312"
"435","869","869","869","134.0946044921875","134.0946044921875","134.0946044921875"
"436","871","871","871","134.1264190673828","134.1264190673828","134.1264190673828"
"437","873","873","873","134.15931701660156","134.15931701660156","134.15931701660156"
"438","875","875","875","134.19129943847656","134.19129943847656","134.19129943847656"
"439","877","877","877","134.22369384765625","134.22369384765625","134.22369384765625"
"440","879","879","879","134.25588989257812","134.25588989257812","134.25588989257812"
"441","881","881","881","134.28817749023438","134.28817749023438","134.28817749023438"
"442","883","883","883","134.32012939453125","134.32012939453125","134.32012939453125"
"443","885","885","885","134.3523712158203","134.3523712158203","134.3523712158203"
"444","887","887","887","134.384765625","134.384765625","134.384765625"
"445","889","889","889","134.4165802001953","134.4165802001953","134.4165802001953"
"446","891","891","891","134.44918823242188","134.44918823242188","134.44918823242188"
"447","893","893","893","134.48086547851562","134.48086547851562","134.48086547851562"
"448","895","895","895","134.51318359375","134.51318359375","134.51318359375"
"449","897","897","897","134.54518127441406","134.54518127441406","134.54518127441406"
"450","899","899","899","134.5771942138672","134.5771942138672","134.5771942138672"
"451","901","901","901","134.60980224609375","134.60980224609375","134.60980224609375"
"452","903","903","903","134.64105224609375","134.64105224609375","134.64105224609375"
"453","905","905","905","134.6733856201172","134.6733856201172","134.6733856201172"
"454","907","907","907","134.7047576904297","134.7047576904297","134.7047576904297"
"455","909","909","909","134.73727416992188","134.73727416992188","134.73727416992188"
"456","911","911","911","134.76901245117188","134.76901245117188","134.76901245117188"
"457","913","913","913","134.80015563964844","134.80015563964844","134.80015563964844"
"458","915","915","915","134.8318634033203","134.8318634033203","134.8318634033203"
"459","917","917","917","134.86380004882812","134.86380004882812","134.86380004882812"
"460","919","919","919","134.8956298828125","134.8956298828125","134.8956298828125"
"461","921","921","921","134.92718505859375","134.92718505859375","134.92718505859375"
"462","923","923","923","134.95858764648438","134.95858764648438","134.95858764648438"
"463","925","925","925","134.98959350585938","134.98959350585938","134.98959350585938"
"464","927","927","927","135.020263671875","135.020263671875","135.020263671875"
"465","929","929","929","135.0515899658203","135.0515899658203","135.0515899658203"
"466","931","931","931","135.08201599121094","135.08201599121094","135.08201599121094"
"467","933","933","933","135.11279296875","135.11279296875","135.11279296875"
"468","935","935","935","135.14321899414062","135.14321899414062","135.14321899414062"
"469","937","937","937","135.1743927001953","135.1743927001953","135.1743927001953"
"470","939","939","939","135.20480346679688","135.20480346679688","135.20480346679688"
"471","941","941","941","135.23623657226562","135.23623657226562","135.23623657226562"
"472","943","943","943","135.2671356201172","135.2671356201172","135.2671356201172"
"473","945","945","945","135.2981719970703","135.2981719970703","135.2981719970703"
"474","947","947","947","135.32933044433594","135.32933044433594","135.32933044433594"
"475","949","949","949","135.36050415039062","135.36050415039062","135.36050415039062"
"476","951","951","951","135.39208984375","135.39208984375","135.39208984375"
"477","953","953","953","135.42222595214844","135.42222595214844","135.42222595214844"
"478","955","955","955","135.4530487060547","135.4530487060547","135.4530487060547"
"479","957","957","957","135.48397827148438","135.48397827148438","135.48397827148438"
"480","959","959","959","135.51461791992188","135.51461791992188","135.51461791992188"
"481","961","961","961","135.54595947265625","135.54595947265625","135.54595947265625"
"482","963","963","963","135.576416015625","135.576416015625","135.576416015625"
"483","965","965","965","135.60719299316406","135.60719299316406","135.60719299316406"
"484","967","967","967","135.63754272460938","135.63754272460938","135.63754272460938"
"485","969","969","969","135.66835021972656","135.66835021972656","135.66835021972656"
"486","971","971","971","135.69851684570312","135.69851684570312","135.69851684570312"
"487","973","973","973","135.72914123535156","135.72914123535156","135.72914123535156"
"488","975","975","975","135.7592315673828","135.7592315673828","135.7592315673828"
"489","977","977","977","135.79039001464844","135.79039001464844","135.79039001464844"
"490","979","979","979","135.82058715820312","135.82058715820312","135.82058715820312"
"491","981","981","981","135.85118103027344","135.85118103027344","135.85118103027344"
"492","983","983","983","135.88153076171875","135.88153076171875","135.88153076171875"
"493","985","985","985","135.9122314453125","135.9122314453125","135.9122314453125"
"494","987","987","987","135.94253540039062","135.94253540039062","135.94253540039062"
"495","989","989","989","135.97280883789062","135.97280883789062","135.97280883789062"
"496","991","991","991","136.003173828125","136.003173828125","136.003173828125"
"497","993","993","993","136.0338134765625","136.0338134765625","136.0338134765625"
"498","995","995","995","136.0640106201172","136.0640106201172","136.0640106201172"
"499","997","997","997","136.09487915039062","136.09487915039062","136.09487915039062"
"500","999","999","999","136.12521362304688","136.12521362304688","136.12521362304688"
"501","1001","1001","1001","136.15606689453125","136.15606689453125","136.15606689453125"
"502","1003","1003","1003","136.1862335205078","136.1862335205078","136.1862335205078"
"503","1005","1005","1005","136.21690368652344","136.21690368652344","136.21690368652344"
"504","1007","1007","1007","136.24681091308594","136.24681091308594","136.24681091308594"
"505","1009","1009","1009","136.27734375","136.27734375","136.27734375"
"506","1011","1011","1011","136.30734252929688","136.30734252929688","136.30734252929688"
"507","1013","1013","1013","136.3374786376953","136.3374786376953","136.3374786376953"
"508","1015","1015","1015","136.3684539794922","136.3684539794922","136.3684539794922"
"509","1017","1017","1017","136.39837646484375","136.39837646484375","136.39837646484375"
"510","1019","1019","1019","136.42955017089844","136.42955017089844","136.42955017089844"
"511","1021","1021","1021","136.45919799804688","136.45919799804688","136.45919799804688"
"512","1023","1023","1023","136.48931884765625","136.48931884765625","136.48931884765625"
"513","1025","1025","1025","136.5201416015625","136.5201416015625","136.5201416015625"
"514","1027","1027","1027","136.5497283935547","136.5497283935547","136.5497283935547"
"515","1029","1029","1029","136.5796661376953","136.5796661376953","136.5796661376953"
"516","1031","1031","1031","136.609375","136.609375","136.609375"
"517","1033","1033","1033","136.63967895507812","136.63967895507812","136.63967895507812"
"518","1035","1035","1035","136.669189453125","136.669189453125","136.669189453125"
"519","1037","1037","1037","136.6998291015625","136.6998291015625","136.6998291015625"
"520","1039","1039","1039","136.7296905517578","136.7296905517578","136.7296905517578"
"521","1041","1041","1041","136.7598419189453","136.7598419189453","136.7598419189453"
"522","1043","1043","1043","136.79042053222656","136.79042053222656","136.79042053222656"
"523","1045","1045","1045","136.8197479248047","136.8197479248047","136.8197479248047"
"524","1047","1047","1047","136.85040283203125","136.85040283203125","136.85040283203125"
"525","1049","1049","1049","136.8804931640625","136.8804931640625","136.8804931640625"
"526","1051","1051","1051","136.910400390625","136.910400390625","136.910400390625"
"527","1053","1053","1053","136.9413299560547","136.9413299560547","136.9413299560547"
"528","1055","1055","1055","136.97140502929688","136.97140502929688","136.97140502929688"
"529","1057","1057","1057","137.0018310546875","137.0018310546875","137.0018310546875"
"530","1059","1059","1059","137.0322265625","137.0322265625","137.0322265625"
"531","1061","1061","1061","137.06289672851562","137.06289672851562","137.06289672851562"
"532","1063","1063","1063","137.09368896484375","137.09368896484375","137.09368896484375"
"533","1065","1065","1065","137.12435913085938","137.12435913085938","137.12435913085938"
"534","1067","1067","1067","137.15451049804688","137.15451049804688","137.15451049804688"
"535","1069","1069","1069","137.18618774414062","137.18618774414062","137.18618774414062"
"536","1071","1071","1071","137.2165069580078","137.2165069580078","137.2165069580078"
"537","1073","1073","1073","137.2476043701172","137.2476043701172","137.2476043701172"
"538","1075","1075","1075","137.2788543701172","137.2788543701172","137.2788543701172"
"539","1077","1077","1077","137.30946350097656","137.30946350097656","137.30946350097656"
"540","1079","1079","1079","137.34010314941406","137.34010314941406","137.34010314941406"
"541","1081","1081","1081","137.3712158203125","137.3712158203125","137.3712158203125"
"542","1083","1083","1083","137.4016876220703","137.4016876220703","137.4016876220703"
"543","1085","1085","1085","137.43304443359375","137.43304443359375","137.43304443359375"
"544","1087","1087","1087","137.46286010742188","137.46286010742188","137.46286010742188"
"545","1089","1089","1089","137.4928436279297","137.4928436279297","137.4928436279297"
"546","1091","1091","1091","137.52320861816406","137.52320861816406","137.52320861816406"
"547","1093","1093","1093","137.55300903320312","137.55300903320312","137.55300903320312"
"548","1095","1095","1095","137.58206176757812","137.58206176757812","137.58206176757812"
"549","1097","1097","1097","137.61207580566406","137.61207580566406","137.61207580566406"
"550","1099","1099","1099","137.6420135498047","137.6420135498047","137.6420135498047"
"551","1101","1101","1101","137.67237854003906","137.67237854003906","137.67237854003906"
"552","1103","1103","1103","137.70188903808594","137.70188903808594","137.70188903808594"
"553","1105","1105","1105","137.7324676513672","137.7324676513672","137.7324676513672"
"554","1107","1107","1107","137.76235961914062","137.76235961914062","137.76235961914062"
"555","1109","1109","1109","137.79214477539062","137.79214477539062","137.79214477539062"
"556","1111","1111","1111","137.82199096679688","137.82199096679688","137.82199096679688"
"557","1113","1113","1113","137.8517303466797","137.8517303466797","137.8517303466797"
"558","1115","1115","1115","137.88186645507812","137.88186645507812","137.88186645507812"
"559","1117","1117","1117","137.91128540039062","137.91128540039062","137.91128540039062"
"560","1119","1119","1119","137.9414825439453","137.9414825439453","137.9414825439453"
"561","1121","1121","1121","137.970703125","137.970703125","137.970703125"
"562","1123","1123","1123","138.00083923339844","138.00083923339844","138.00083923339844"
"563","1125","1125","1125","138.03024291992188","138.03024291992188","138.03024291992188"
"564","1127","1127","1127","138.06060791015625","138.06060791015625","138.06060791015625"
"565","1129","1129","1129","138.09066772460938","138.09066772460938","138.09066772460938"
"566","1131","1131","1131","138.11959838867188","138.11959838867188","138.11959838867188"
"567","1133","1133","1133","138.149169921875","138.149169921875","138.149169921875"
"568","1135","1135","1135","138.1793975830078","138.1793975830078","138.1793975830078"
"569","1137","1137","1137","138.208740234375","138.208740234375","138.208740234375"
"570","1139","1139","1139","138.23861694335938","138.23861694335938","138.23861694335938"
"571","1141","1141","1141","138.2678680419922","138.2678680419922","138.2678680419922"
"572","1143","1143","1143","138.29714965820312","138.29714965820312","138.29714965820312"
"573","1145","1145","1145","138.32672119140625","138.32672119140625","138.32672119140625"
"574","1147","1147","1147","138.35595703125","138.35595703125","138.35595703125"
"575","1149","1149","1149","138.38536071777344","138.38536071777344","138.38536071777344"
"576","1151","1151","1151","138.41468811035156","138.41468811035156","138.41468811035156"
"577","1153","1153","1153","138.44422912597656","138.44422912597656","138.44422912597656"
"578","1155","1155","1155","138.47340393066406","138.47340393066406","138.47340393066406"
"579","1157","1157","1157","138.5033416748047","138.5033416748047","138.5033416748047"
"580","1159","1159","1159","138.532470703125","138.532470703125","138.532470703125"
"581","1161","1161","1161","138.56268310546875","138.56268310546875","138.56268310546875"
"582","1163","1163","1163","138.59130859375","138.59130859375","138.59130859375"
"583","1165","1165","1165","138.6210174560547","138.6210174560547","138.6210174560547"
"584","1167","1167","1167","138.6497344970703","138.6497344970703","138.6497344970703"
"585","1169","1169","1169","138.679443359375","138.679443359375","138.679443359375"
"586","1171","1171","1171","138.70846557617188","138.70846557617188","138.70846557617188"
"587","1173","1173","1173","138.73773193359375","138.73773193359375","138.73773193359375"
"588","1175","1175","1175","138.767333984375","138.767333984375","138.767333984375"
"589","1177","1177","1177","138.79592895507812","138.79592895507812","138.79592895507812"
"590","1179","1179","1179","138.82554626464844","138.82554626464844","138.82554626464844"
"591","1181","1181","1181","138.8542022705078","138.8542022705078","138.8542022705078"
"592","1183","1183","1183","138.88333129882812","138.88333129882812","138.88333129882812"
"593","1185","1185","1185","138.91275024414062","138.91275024414062","138.91275024414062"
"594","1187","1187","1187","138.9420928955078","138.9420928955078","138.9420928955078"
"595","1189","1189","1189","138.97068786621094","138.97068786621094","138.97068786621094"
"596","1191","1191","1191","139.00038146972656","139.00038146972656","139.00038146972656"
"597","1193","1193","1193","139.0290069580078","139.0290069580078","139.0290069580078"
"598","1195","1195","1195","139.0594940185547","139.0594940185547","139.0594940185547"
"599","1197","1197","1197","139.08880615234375","139.08880615234375","139.08880615234375"
"600","1199","1199","1199","139.11683654785156","139.11683654785156","139.11683654785156"
"601","1201","1201","1201","139.14646911621094","139.14646911621094","139.14646911621094"
"602","1203","1203","1203","139.1750946044922","139.1750946044922","139.1750946044922"
"603","1205","1205","1205","139.20408630371094","139.20408630371094","139.20408630371094"
"604","1207","1207","1207","139.2336883544922","139.2336883544922","139.2336883544922"
"605","1209","1209","1209","139.262451171875","139.262451171875","139.262451171875"
"606","1211","1211","1211","139.29135131835938","139.29135131835938","139.29135131835938"
"607","1213","1213","1213","139.31993103027344","139.31993103027344","139.31993103027344"
"608","1215","1215","1215","139.34934997558594","139.34934997558594","139.34934997558594"
"609","1217","1217","1217","139.37820434570312","139.37820434570312","139.37820434570312"
"610","1219","1219","1219","139.4076385498047","139.4076385498047","139.4076385498047"
"611","1221","1221","1221","139.43666076660156","139.43666076660156","139.43666076660156"
"612","1223","1223","1223","139.46548461914062","139.46548461914062","139.46548461914062"
"613","1225","1225","1225","139.49537658691406","139.49537658691406","139.49537658691406"
"614","1227","1227","1227","139.5242919921875","139.5242919921875","139.5242919921875"
"615","1229","1229","1229","139.5538787841797","139.5538787841797","139.5538787841797"
"616","1231","1231","1231","139.58193969726562","139.58193969726562","139.58193969726562"
"617","1233","1233","1233","139.61106872558594","139.61106872558594","139.61106872558594"
"618","1235","1235","1235","139.63937377929688","139.63937377929688","139.63937377929688"
"619","1237","1237","1237","139.66806030273438","139.66806030273438","139.66806030273438"
"620","1239","1239","1239","139.69725036621094","139.69725036621094","139.69725036621094"
"621","1241","1241","1241","139.72633361816406","139.72633361816406","139.72633361816406"
"622","1243","1243","1243","139.75511169433594","139.75511169433594","139.75511169433594"
"623","1245","1245","1245","139.7837677001953","139.7837677001953","139.7837677001953"
"624","1247","1247","1247","139.8123016357422","139.8123016357422","139.8123016357422"
"625","1249","1249","1249","139.84129333496094","139.84129333496094","139.84129333496094"
"626","1251","1251","1251","139.87039184570312","139.87039184570312","139.87039184570312"
"627","1253","1253","1253","139.8983154296875","139.8983154296875","139.8983154296875"
"628","1255","1255","1255","139.927490234375","139.927490234375","139.927490234375"
"629","1257","1257","1257","139.95489501953125","139.95489501953125","139.95489501953125"
"630","1259","1259","1259","139.98387145996094","139.98387145996094","139.98387145996094"
"631","1261","1261","1261","140.01202392578125","140.01202392578125","140.01202392578125"
"632","1263","1263","1263","140.04022216796875","140.04022216796875","140.04022216796875"
"633","1265","1265","1265","140.0686492919922","140.0686492919922","140.0686492919922"
"634","1267","1267","1267","140.09632873535156","140.09632873535156","140.09632873535156"
"635","1269","1269","1269","140.12469482421875","140.12469482421875","140.12469482421875"
"636","1271","1271","1271","140.1529998779297","140.1529998779297","140.1529998779297"
"637","1273","1273","1273","140.18138122558594","140.18138122558594","140.18138122558594"
"638","1275","1275","1275","140.20904541015625","140.20904541015625","140.20904541015625"
"639","1277","1277","1277","140.23695373535156","140.23695373535156","140.23695373535156"
"640","1279","1279","1279","140.26504516601562","140.26504516601562","140.26504516601562"
"641","1281","1281","1281","140.29283142089844","140.29283142089844","140.29283142089844"
"642","1283","1283","1283","140.31993103027344","140.31993103027344","140.31993103027344"
"643","1285","1285","1285","140.34780883789062","140.34780883789062","140.34780883789062"
"644","1287","1287","1287","140.37551879882812","140.37551879882812","140.37551879882812"
"645","1289","1289","1289","140.40304565429688","140.40304565429688","140.40304565429688"
"646","1291","1291","1291","140.4300994873047","140.4300994873047","140.4300994873047"
"647","1293","1293","1293","140.45787048339844","140.45787048339844","140.45787048339844"
"648","1295","1295","1295","140.48471069335938","140.48471069335938","140.48471069335938"
"649","1297","1297","1297","140.5133056640625","140.5133056640625","140.5133056640625"
"650","1299","1299","1299","140.54022216796875","140.54022216796875","140.54022216796875"
"651","1301","1301","1301","140.56781005859375","140.56781005859375","140.56781005859375"
"652","1303","1303","1303","140.59373474121094","140.59373474121094","140.59373474121094"
"653","1305","1305","1305","140.62112426757812","140.62112426757812","140.62112426757812"
"654","1307","1307","1307","140.64834594726562","140.64834594726562","140.64834594726562"
"655","1309","1309","1309","140.6747283935547","140.6747283935547","140.6747283935547"
"656","1311","1311","1311","140.70208740234375","140.70208740234375","140.70208740234375"
"657","1313","1313","1313","140.72808837890625","140.72808837890625","140.72808837890625"
"658","1315","1315","1315","140.75477600097656","140.75477600097656","140.75477600097656"
"659","1317","1317","1317","140.78163146972656","140.78163146972656","140.78163146972656"
"660","1319","1319","1319","140.8072967529297","140.8072967529297","140.8072967529297"
"661","1321","1321","1321","140.83242797851562","140.83242797851562","140.83242797851562"
"662","1323","1323","1323","140.85877990722656","140.85877990722656","140.85877990722656"
"663","1325","1325","1325","140.88426208496094","140.88426208496094","140.88426208496094"
"664","1327","1327","1327","140.9096221923828","140.9096221923828","140.9096221923828"
"665","1329","1329","1329","140.9342498779297","140.9342498779297","140.9342498779297"
"666","1331","1331","1331","140.9608154296875","140.9608154296875","140.9608154296875"
"667","1333","1333","1333","140.98634338378906","140.98634338378906","140.98634338378906"
"668","1335","1335","1335","141.01251220703125","141.01251220703125","141.01251220703125"
"669","1337","1337","1337","141.03834533691406","141.03834533691406","141.03834533691406"
"670","1339","1339","1339","141.0643768310547","141.0643768310547","141.0643768310547"
"671","1341","1341","1341","141.08995056152344","141.08995056152344","141.08995056152344"
"672","1343","1343","1343","141.11563110351562","141.11563110351562","141.11563110351562"
"673","1345","1345","1345","141.1417694091797","141.1417694091797","141.1417694091797"
"674","1347","1347","1347","141.1666717529297","141.1666717529297","141.1666717529297"
"675","1349","1349","1349","141.19338989257812","141.19338989257812","141.19338989257812"
"676","1351","1351","1351","141.21893310546875","141.21893310546875","141.21893310546875"
"677","1353","1353","1353","141.24403381347656","141.24403381347656","141.24403381347656"
"678","1355","1355","1355","141.26988220214844","141.26988220214844","141.26988220214844"
"679","1357","1357","1357","141.29591369628906","141.29591369628906","141.29591369628906"
"680","1359","1359","1359","141.3213348388672","141.3213348388672","141.3213348388672"
"681","1361","1361","1361","141.34768676757812","141.34768676757812","141.34768676757812"
"682","1363","1363","1363","141.37290954589844","141.37290954589844","141.37290954589844"
"683","1365","1365","1365","141.39913940429688","141.39913940429688","141.39913940429688"
"684","1367","1367","1367","141.42425537109375","141.42425537109375","141.42425537109375"
"685","1369","1369","1369","141.4507598876953","141.4507598876953","141.4507598876953"
"686","1371","1371","1371","141.47592163085938","141.47592163085938","141.47592163085938"
"687","1373","1373","1373","141.50244140625","141.50244140625","141.50244140625"
"688","1375","1375","1375","141.5279083251953","141.5279083251953","141.5279083251953"
"689","1377","1377","1377","141.55322265625","141.55322265625","141.55322265625"
"690","1379","1379","1379","141.5791778564453","141.5791778564453","141.5791778564453"
"691","1381","1381","1381","141.60443115234375","141.60443115234375","141.60443115234375"
"692","1383","1383","1383","141.62982177734375","141.62982177734375","141.62982177734375"
"693","1385","1385","1385","141.65524291992188","141.65524291992188","141.65524291992188"
"694","1387","1387","1387","141.6796417236328","141.6796417236328","141.6796417236328"
"695","1389","1389","1389","141.70513916015625","141.70513916015625","141.70513916015625"
"696","1391","1391","1391","141.729736328125","141.729736328125","141.729736328125"
"697","1393","1393","1393","141.75564575195312","141.75564575195312","141.75564575195312"
"698","1395","1395","1395","141.78057861328125","141.78057861328125","141.78057861328125"
"699","1397","1397","1397","141.8062286376953","141.8062286376953","141.8062286376953"
"700","1399","1399","1399","141.83177185058594","141.83177185058594","141.83177185058594"
"701","1401","1401","1401","141.8561248779297","141.8561248779297","141.8561248779297"
"702","1403","1403","1403","141.88072204589844","141.88072204589844","141.88072204589844"
"703","1405","1405","1405","141.9059295654297","141.9059295654297","141.9059295654297"
"704","1407","1407","1407","141.92958068847656","141.92958068847656","141.92958068847656"
"705","1409","1409","1409","141.95472717285156","141.95472717285156","141.95472717285156"
"706","1411","1411","1411","141.97901916503906","141.97901916503906","141.97901916503906"
"707","1413","1413","1413","142.00347900390625","142.00347900390625","142.00347900390625"
"708","1415","1415","1415","142.02774047851562","142.02774047851562","142.02774047851562"
"709","1417","1417","1417","142.0526580810547","142.0526580810547","142.0526580810547"
"710","1419","1419","1419","142.0770721435547","142.0770721435547","142.0770721435547"
"711","1421","1421","1421","142.1017608642578","142.1017608642578","142.1017608642578"
"712","1423","1423","1423","142.12635803222656","142.12635803222656","142.12635803222656"
"713","1425","1425","1425","142.1510467529297","142.1510467529297","142.1510467529297"
"714","1427","1427","1427","142.17544555664062","142.17544555664062","142.17544555664062"
"715","1429","1429","1429","142.20013427734375","142.20013427734375","142.20013427734375"
"716","1431","1431","1431","142.22422790527344","142.22422790527344","142.22422790527344"
"717","1433","1433","1433","142.2487335205078","142.2487335205078","142.2487335205078"
"718","1435","1435","1435","142.27261352539062","142.27261352539062","142.27261352539062"
"719","1437","1437","1437","142.2968292236328","142.2968292236328","142.2968292236328"
"720","1439","1439","1439","142.32000732421875","142.32000732421875","142.32000732421875"
"721","1441","1441","1441","142.343994140625","142.343994140625","142.343994140625"
"722","1443","1443","1443","142.3669891357422","142.3669891357422","142.3669891357422"
"723","1445","1445","1445","142.39065551757812","142.39065551757812","142.39065551757812"
"724","1447","1447","1447","142.4136962890625","142.4136962890625","142.4136962890625"
"725","1449","1449","1449","142.43797302246094","142.43797302246094","142.43797302246094"
"726","1451","1451","1451","142.4606170654297","142.4606170654297","142.4606170654297"
"727","1453","1453","1453","142.48391723632812","142.48391723632812","142.48391723632812"
"728","1455","1455","1455","142.50668334960938","142.50668334960938","142.50668334960938"
"729","1457","1457","1457","142.5291290283203","142.5291290283203","142.5291290283203"
"730","1459","1459","1459","142.5523681640625","142.5523681640625","142.5523681640625"
"731","1461","1461","1461","142.57510375976562","142.57510375976562","142.57510375976562"
"732","1463","1463","1463","142.597900390625","142.597900390625","142.597900390625"
"733","1465","1465","1465","142.6201629638672","142.6201629638672","142.6201629638672"
"734","1467","1467","1467","142.6436767578125","142.6436767578125","142.6436767578125"
"735","1469","1469","1469","142.66627502441406","142.66627502441406","142.66627502441406"
"736","1471","1471","1471","142.68905639648438","142.68905639648438","142.68905639648438"
"737","1473","1473","1473","142.7119903564453","142.7119903564453","142.7119903564453"
"738","1475","1475","1475","142.73497009277344","142.73497009277344","142.73497009277344"
"739","1477","1477","1477","142.75726318359375","142.75726318359375","142.75726318359375"
"740","1479","1479","1479","142.78125","142.78125","142.78125"
"741","1481","1481","1481","142.80372619628906","142.80372619628906","142.80372619628906"
"742","1483","1483","1483","142.8265838623047","142.8265838623047","142.8265838623047"
"743","1485","1485","1485","142.84886169433594","142.84886169433594","142.84886169433594"
"744","1487","1487","1487","142.8722381591797","142.8722381591797","142.8722381591797"
"745","1489","1489","1489","142.89491271972656","142.89491271972656","142.89491271972656"
"746","1491","1491","1491","142.9179229736328","142.9179229736328","142.9179229736328"
"747","1493","1493","1493","142.9398651123047","142.9398651123047","142.9398651123047"
"748","1495","1495","1495","142.9635009765625","142.9635009765625","142.9635009765625"
"749","1497","1497","1497","142.98561096191406","142.98561096191406","142.98561096191406"
"750","1499","1499","1499","143.00880432128906","143.00880432128906","143.00880432128906"
"751","1501","1501","1501","143.0314178466797","143.0314178466797","143.0314178466797"
"752","1503","1503","1503","143.05389404296875","143.05389404296875","143.05389404296875"
"753","1505","1505","1505","143.07675170898438","143.07675170898438","143.07675170898438"
"754","1507","1507","1507","143.09835815429688","143.09835815429688","143.09835815429688"
"755","1509","1509","1509","143.12042236328125","143.12042236328125","143.12042236328125"
"756","1511","1511","1511","143.14248657226562","143.14248657226562","143.14248657226562"
"757","1513","1513","1513","143.16465759277344","143.16465759277344","143.16465759277344"
"758","1515","1515","1515","143.1861572265625","143.1861572265625","143.1861572265625"
"759","1517","1517","1517","143.20741271972656","143.20741271972656","143.20741271972656"
"760","1519","1519","1519","143.22882080078125","143.22882080078125","143.22882080078125"
"761","1521","1521","1521","143.25038146972656","143.25038146972656","143.25038146972656"
"762","1523","1523","1523","143.27117919921875","143.27117919921875","143.27117919921875"
"763","1525","1525","1525","143.2925262451172","143.2925262451172","143.2925262451172"
"764","1527","1527","1527","143.31430053710938","143.31430053710938","143.31430053710938"
"765","1529","1529","1529","143.33474731445312","143.33474731445312","143.33474731445312"
"766","1531","1531","1531","143.35662841796875","143.35662841796875","143.35662841796875"
"767","1533","1533","1533","143.3767852783203","143.3767852783203","143.3767852783203"
"768","1535","1535","1535","143.39759826660156","143.39759826660156","143.39759826660156"
"769","1537","1537","1537","143.41796875","143.41796875","143.41796875"
"770","1539","1539","1539","143.4393310546875","143.4393310546875","143.4393310546875"
"771","1541","1541","1541","143.45944213867188","143.45944213867188","143.45944213867188"
"772","1543","1543","1543","143.47935485839844","143.47935485839844","143.47935485839844"
"773","1545","1545","1545","143.5002899169922","143.5002899169922","143.5002899169922"
"774","1547","1547","1547","143.52001953125","143.52001953125","143.52001953125"
"775","1549","1549","1549","143.54112243652344","143.54112243652344","143.54112243652344"
"776","1551","1551","1551","143.56118774414062","143.56118774414062","143.56118774414062"
"777","1553","1553","1553","143.5811767578125","143.5811767578125","143.5811767578125"
"778","1555","1555","1555","143.60023498535156","143.60023498535156","143.60023498535156"
"779","1557","1557","1557","143.6209259033203","143.6209259033203","143.6209259033203"
"780","1559","1559","1559","143.640380859375","143.640380859375","143.640380859375"
"781","1561","1561","1561","143.6602020263672","143.6602020263672","143.6602020263672"
"782","1563","1563","1563","143.67996215820312","143.67996215820312","143.67996215820312"
"783","1565","1565","1565","143.7006378173828","143.7006378173828","143.7006378173828"
"784","1567","1567","1567","143.72027587890625","143.72027587890625","143.72027587890625"
"785","1569","1569","1569","143.7405548095703","143.7405548095703","143.7405548095703"
"786","1571","1571","1571","143.7611541748047","143.7611541748047","143.7611541748047"
"787","1573","1573","1573","143.7814178466797","143.7814178466797","143.7814178466797"
"788","1575","1575","1575","143.8018798828125","143.8018798828125","143.8018798828125"
"789","1577","1577","1577","143.82179260253906","143.82179260253906","143.82179260253906"
"790","1579","1579","1579","143.8427276611328","143.8427276611328","143.8427276611328"
"791","1581","1581","1581","143.86279296875","143.86279296875","143.86279296875"
"792","1583","1583","1583","143.88357543945312","143.88357543945312","143.88357543945312"
"793","1585","1585","1585","143.9032440185547","143.9032440185547","143.9032440185547"
"794","1587","1587","1587","143.92401123046875","143.92401123046875","143.92401123046875"
"795","1589","1589","1589","143.94296264648438","143.94296264648438","143.94296264648438"
"796","1591","1591","1591","143.9638214111328","143.9638214111328","143.9638214111328"
"797","1593","1593","1593","143.9837188720703","143.9837188720703","143.9837188720703"
"798","1595","1595","1595","144.00279235839844","144.00279235839844","144.00279235839844"
"799","1597","1597","1597","144.0231475830078","144.0231475830078","144.0231475830078"
"800","1599","1599","1599","144.0429229736328","144.0429229736328","144.0429229736328"
"801","1601","1601","1601","144.06304931640625","144.06304931640625","144.06304931640625"
"802","1603","1603","1603","144.0821533203125","144.0821533203125","144.0821533203125"
"803","1605","1605","1605","144.10203552246094","144.10203552246094","144.10203552246094"
"804","1607","1607","1607","144.1219940185547","144.1219940185547","144.1219940185547"
"805","1609","1609","1609","144.14141845703125","144.14141845703125","144.14141845703125"
"806","1611","1611","1611","144.16064453125","144.16064453125","144.16064453125"
"807","1613","1613","1613","144.18080139160156","144.18080139160156","144.18080139160156"
"808","1615","1615","1615","144.2003173828125","144.2003173828125","144.2003173828125"
"809","1617","1617","1617","144.21963500976562","144.21963500976562","144.21963500976562"
"810","1619","1619","1619","144.2392120361328","144.2392120361328","144.2392120361328"
"811","1621","1621","1621","144.2589111328125","144.2589111328125","144.2589111328125"
"812","1623","1623","1623","144.27810668945312","144.27810668945312","144.27810668945312"
"813","1625","1625","1625","144.2981719970703","144.2981719970703","144.2981719970703"
"814","1627","1627","1627","144.3172607421875","144.3172607421875","144.3172607421875"
"815","1629","1629","1629","144.3367156982422","144.3367156982422","144.3367156982422"
"816","1631","1631","1631","144.3553466796875","144.3553466796875","144.3553466796875"
"817","1633","1633","1633","144.37387084960938","144.37387084960938","144.37387084960938"
"818","1635","1635","1635","144.39324951171875","144.39324951171875","144.39324951171875"
"819","1637","1637","1637","144.41204833984375","144.41204833984375","144.41204833984375"
"820","1639","1639","1639","144.4307098388672","144.4307098388672","144.4307098388672"
"821","1641","1641","1641","144.4493865966797","144.4493865966797","144.4493865966797"
"822","1643","1643","1643","144.46913146972656","144.46913146972656","144.46913146972656"
"823","1645","1645","1645","144.48709106445312","144.48709106445312","144.48709106445312"
"824","1647","1647","1647","144.5057373046875","144.5057373046875","144.5057373046875"
"825","1649","1649","1649","144.52377319335938","144.52377319335938","144.52377319335938"
"826","1651","1651","1651","144.54266357421875","144.54266357421875","144.54266357421875"
"827","1653","1653","1653","144.56146240234375","144.56146240234375","144.56146240234375"
"828","1655","1655","1655","144.57940673828125","144.57940673828125","144.57940673828125"
"829","1657","1657","1657","144.59803771972656","144.59803771972656","144.59803771972656"
"830","1659","1659","1659","144.6161651611328","144.6161651611328","144.6161651611328"
"831","1661","1661","1661","144.63433837890625","144.63433837890625","144.63433837890625"
"832","1663","1663","1663","144.65281677246094","144.65281677246094","144.65281677246094"
"833","1665","1665","1665","144.67111206054688","144.67111206054688","144.67111206054688"
"834","1667","1667","1667","144.6893310546875","144.6893310546875","144.6893310546875"
"835","1669","1669","1669","144.7075653076172","144.7075653076172","144.7075653076172"
"836","1671","1671","1671","144.7264862060547","144.7264862060547","144.7264862060547"
"837","1673","1673","1673","144.74391174316406","144.74391174316406","144.74391174316406"
"838","1675","1675","1675","144.7620849609375","144.7620849609375","144.7620849609375"
"839","1677","1677","1677","144.77877807617188","144.77877807617188","144.77877807617188"
"840","1679","1679","1679","144.79718017578125","144.79718017578125","144.79718017578125"
"841","1681","1681","1681","144.8154754638672","144.8154754638672","144.8154754638672"
"842","1683","1683","1683","144.83323669433594","144.83323669433594","144.83323669433594"
"843","1685","1685","1685","144.8518524169922","144.8518524169922","144.8518524169922"
"844","1687","1687","1687","144.86898803710938","144.86898803710938","144.86898803710938"
"845","1689","1689","1689","144.887451171875","144.887451171875","144.887451171875"
"846","1691","1691","1691","144.90525817871094","144.90525817871094","144.90525817871094"
"847","1693","1693","1693","144.92320251464844","144.92320251464844","144.92320251464844"
"848","1695","1695","1695","144.94061279296875","144.94061279296875","144.94061279296875"
"849","1697","1697","1697","144.95851135253906","144.95851135253906","144.95851135253906"
"850","1699","1699","1699","144.9765167236328","144.9765167236328","144.9765167236328"
"851","1701","1701","1701","144.99383544921875","144.99383544921875","144.99383544921875"
"852","1703","1703","1703","145.0122528076172","145.0122528076172","145.0122528076172"
"853","1705","1705","1705","145.02944946289062","145.02944946289062","145.02944946289062"
"854","1707","1707","1707","145.04757690429688","145.04757690429688","145.04757690429688"
"855","1709","1709","1709","145.06520080566406","145.06520080566406","145.06520080566406"
"856","1711","1711","1711","145.0826873779297","145.0826873779297","145.0826873779297"
"857","1713","1713","1713","145.0997772216797","145.0997772216797","145.0997772216797"
"858","1715","1715","1715","145.11753845214844","145.11753845214844","145.11753845214844"
"859","1717","1717","1717","145.13381958007812","145.13381958007812","145.13381958007812"
"860","1719","1719","1719","145.15093994140625","145.15093994140625","145.15093994140625"
"861","1721","1721","1721","145.16807556152344","145.16807556152344","145.16807556152344"
"862","1723","1723","1723","145.1854248046875","145.1854248046875","145.1854248046875"
"863","1725","1725","1725","145.2024383544922","145.2024383544922","145.2024383544922"
"864","1727","1727","1727","145.21902465820312","145.21902465820312","145.21902465820312"
"865","1729","1729","1729","145.2354278564453","145.2354278564453","145.2354278564453"
"866","1731","1731","1731","145.25201416015625","145.25201416015625","145.25201416015625"
"867","1733","1733","1733","145.2681884765625","145.2681884765625","145.2681884765625"
"868","1735","1735","1735","145.28515625","145.28515625","145.28515625"
"869","1737","1737","1737","145.3013916015625","145.3013916015625","145.3013916015625"
"870","1739","1739","1739","145.3183135986328","145.3183135986328","145.3183135986328"
"871","1741","1741","1741","145.333984375","145.333984375","145.333984375"
"872","1743","1743","1743","145.35035705566406","145.35035705566406","145.35035705566406"
"873","1745","1745","1745","145.36587524414062","145.36587524414062","145.36587524414062"
"874","1747","1747","1747","145.38125610351562","145.38125610351562","145.38125610351562"
"875","1749","1749","1749","145.39735412597656","145.39735412597656","145.39735412597656"
"876","1751","1751","1751","145.412841796875","145.412841796875","145.412841796875"
"877","1753","1753","1753","145.42892456054688","145.42892456054688","145.42892456054688"
"878","1755","1755","1755","145.44371032714844","145.44371032714844","145.44371032714844"
"879","1757","1757","1757","145.46038818359375","145.46038818359375","145.46038818359375"
"880","1759","1759","1759","145.47560119628906","145.47560119628906","145.47560119628906"
"881","1761","1761","1761","145.49227905273438","145.49227905273438","145.49227905273438"
"882","1763","1763","1763","145.5078125","145.5078125","145.5078125"
"883","1765","1765","1765","145.5233154296875","145.5233154296875","145.5233154296875"
"884","1767","1767","1767","145.5404052734375","145.5404052734375","145.5404052734375"
"885","1769","1769","1769","145.5556640625","145.5556640625","145.5556640625"
"886","1771","1771","1771","145.57122802734375","145.57122802734375","145.57122802734375"
"887","1773","1773","1773","145.5872344970703","145.5872344970703","145.5872344970703"
"888","1775","1775","1775","145.60287475585938","145.60287475585938","145.60287475585938"
"889","1777","1777","1777","145.61849975585938","145.61849975585938","145.61849975585938"
"890","1779","1779","1779","145.63453674316406","145.63453674316406","145.63453674316406"
"891","1781","1781","1781","145.65017700195312","145.65017700195312","145.65017700195312"
"892","1783","1783","1783","145.6664581298828","145.6664581298828","145.6664581298828"
"893","1785","1785","1785","145.68240356445312","145.68240356445312","145.68240356445312"
"894","1787","1787","1787","145.6990966796875","145.6990966796875","145.6990966796875"
"895","1789","1789","1789","145.71417236328125","145.71417236328125","145.71417236328125"
"896","1791","1791","1791","145.7300567626953","145.7300567626953","145.7300567626953"
"897","1793","1793","1793","145.74583435058594","145.74583435058594","145.74583435058594"
"898","1795","1795","1795","145.760498046875","145.760498046875","145.760498046875"
"899","1797","1797","1797","145.77703857421875","145.77703857421875","145.77703857421875"
"900","1799","1799","1799","145.79238891601562","145.79238891601562","145.79238891601562"
"901","1801","1801","1801","145.8081512451172","145.8081512451172","145.8081512451172"
"902","1803","1803","1803","145.82394409179688","145.82394409179688","145.82394409179688"
"903","1805","1805","1805","145.83982849121094","145.83982849121094","145.83982849121094"
"904","1807","1807","1807","145.85557556152344","145.85557556152344","145.85557556152344"
"905","1809","1809","1809","145.87135314941406","145.87135314941406","145.87135314941406"
"906","1811","1811","1811","145.8874969482422","145.8874969482422","145.8874969482422"
"907","1813","1813","1813","145.90428161621094","145.90428161621094","145.90428161621094"
"908","1815","1815","1815","145.92068481445312","145.92068481445312","145.92068481445312"
"909","1817","1817","1817","145.93701171875","145.93701171875","145.93701171875"
"910","1819","1819","1819","145.9537353515625","145.9537353515625","145.9537353515625"
"911","1821","1821","1821","145.97000122070312","145.97000122070312","145.97000122070312"
"912","1823","1823","1823","145.98648071289062","145.98648071289062","145.98648071289062"
"913","1825","1825","1825","146.00289916992188","146.00289916992188","146.00289916992188"
"914","1827","1827","1827","146.01959228515625","146.01959228515625","146.01959228515625"
"915","1829","1829","1829","146.03550720214844","146.03550720214844","146.03550720214844"
"916","1831","1831","1831","146.05152893066406","146.05152893066406","146.05152893066406"
"917","1833","1833","1833","146.0680694580078","146.0680694580078","146.0680694580078"
"918","1835","1835","1835","146.0840606689453","146.0840606689453","146.0840606689453"
"919","1837","1837","1837","146.1015167236328","146.1015167236328","146.1015167236328"
"920","1839","1839","1839","146.11700439453125","146.11700439453125","146.11700439453125"
"921","1841","1841","1841","146.13430786132812","146.13430786132812","146.13430786132812"
"922","1843","1843","1843","146.15135192871094","146.15135192871094","146.15135192871094"
"923","1845","1845","1845","146.1672821044922","146.1672821044922","146.1672821044922"
"924","1847","1847","1847","146.1844940185547","146.1844940185547","146.1844940185547"
"925","1849","1849","1849","146.20037841796875","146.20037841796875","146.20037841796875"
"926","1851","1851","1851","146.21714782714844","146.21714782714844","146.21714782714844"
"927","1853","1853","1853","146.23358154296875","146.23358154296875","146.23358154296875"
"928","1855","1855","1855","146.24951171875","146.24951171875","146.24951171875"
"929","1857","1857","1857","146.2663116455078","146.2663116455078","146.2663116455078"
"930","1859","1859","1859","146.2826385498047","146.2826385498047","146.2826385498047"
"931","1861","1861","1861","146.2989044189453","146.2989044189453","146.2989044189453"
"932","1863","1863","1863","146.3148651123047","146.3148651123047","146.3148651123047"
"933","1865","1865","1865","146.33106994628906","146.33106994628906","146.33106994628906"
"934","1867","1867","1867","146.3466033935547","146.3466033935547","146.3466033935547"
"935","1869","1869","1869","146.36322021484375","146.36322021484375","146.36322021484375"
"936","1871","1871","1871","146.3789520263672","146.3789520263672","146.3789520263672"
"937","1873","1873","1873","146.39447021484375","146.39447021484375","146.39447021484375"
"938","1875","1875","1875","146.41082763671875","146.41082763671875","146.41082763671875"
"939","1877","1877","1877","146.42625427246094","146.42625427246094","146.42625427246094"
"940","1879","1879","1879","146.4425811767578","146.4425811767578","146.4425811767578"
"941","1881","1881","1881","146.457763671875","146.457763671875","146.457763671875"
"942","1883","1883","1883","146.47406005859375","146.47406005859375","146.47406005859375"
"943","1885","1885","1885","146.48928833007812","146.48928833007812","146.48928833007812"
"944","1887","1887","1887","146.5051727294922","146.5051727294922","146.5051727294922"
"945","1889","1889","1889","146.52024841308594","146.52024841308594","146.52024841308594"
"946","1891","1891","1891","146.53555297851562","146.53555297851562","146.53555297851562"
"947","1893","1893","1893","146.5513458251953","146.5513458251953","146.5513458251953"
"948","1895","1895","1895","146.56622314453125","146.56622314453125","146.56622314453125"
"949","1897","1897","1897","146.58172607421875","146.58172607421875","146.58172607421875"
"950","1899","1899","1899","146.59597778320312","146.59597778320312","146.59597778320312"
"951","1901","1901","1901","146.61141967773438","146.61141967773438","146.61141967773438"
"952","1903","1903","1903","146.62588500976562","146.62588500976562","146.62588500976562"
"953","1905","1905","1905","146.64093017578125","146.64093017578125","146.64093017578125"
"954","1907","1907","1907","146.65606689453125","146.65606689453125","146.65606689453125"
"955","1909","1909","1909","146.67079162597656","146.67079162597656","146.67079162597656"
"956","1911","1911","1911","146.6857452392578","146.6857452392578","146.6857452392578"
"957","1913","1913","1913","146.70057678222656","146.70057678222656","146.70057678222656"
"958","1915","1915","1915","146.7166290283203","146.7166290283203","146.7166290283203"
"959","1917","1917","1917","146.73109436035156","146.73109436035156","146.73109436035156"
"960","1919","1919","1919","146.74639892578125","146.74639892578125","146.74639892578125"
"961","1921","1921","1921","146.76100158691406","146.76100158691406","146.76100158691406"
"962","1923","1923","1923","146.7762908935547","146.7762908935547","146.7762908935547"
"963","1925","1925","1925","146.79061889648438","146.79061889648438","146.79061889648438"
"964","1927","1927","1927","146.8057403564453","146.8057403564453","146.8057403564453"
"965","1929","1929","1929","146.8202667236328","146.8202667236328","146.8202667236328"
"966","1931","1931","1931","146.8345947265625","146.8345947265625","146.8345947265625"
"967","1933","1933","1933","146.84925842285156","146.84925842285156","146.84925842285156"
"968","1935","1935","1935","146.86351013183594","146.86351013183594","146.86351013183594"
"969","1937","1937","1937","146.87852478027344","146.87852478027344","146.87852478027344"
"970","1939","1939","1939","146.89273071289062","146.89273071289062","146.89273071289062"
"971","1941","1941","1941","146.90701293945312","146.90701293945312","146.90701293945312"
"972","1943","1943","1943","146.92202758789062","146.92202758789062","146.92202758789062"
"973","1945","1945","1945","146.935791015625","146.935791015625","146.935791015625"
"974","1947","1947","1947","146.95057678222656","146.95057678222656","146.95057678222656"
"975","1949","1949","1949","146.96469116210938","146.96469116210938","146.96469116210938"
"976","1951","1951","1951","146.9793701171875","146.9793701171875","146.9793701171875"
"977","1953","1953","1953","146.99327087402344","146.99327087402344","146.99327087402344"
"978","1955","1955","1955","147.007568359375","147.007568359375","147.007568359375"
"979","1957","1957","1957","147.02194213867188","147.02194213867188","147.02194213867188"
"980","1959","1959","1959","147.03738403320312","147.03738403320312","147.03738403320312"
"981","1961","1961","1961","147.05055236816406","147.05055236816406","147.05055236816406"
"982","1963","1963","1963","147.06529235839844","147.06529235839844","147.06529235839844"
"983","1965","1965","1965","147.07958984375","147.07958984375","147.07958984375"
"984","1967","1967","1967","147.09454345703125","147.09454345703125","147.09454345703125"
"985","1969","1969","1969","147.10806274414062","147.10806274414062","147.10806274414062"
"986","1971","1971","1971","147.12245178222656","147.12245178222656","147.12245178222656"
"987","1973","1973","1973","147.1368865966797","147.1368865966797","147.1368865966797"
"988","1975","1975","1975","147.15106201171875","147.15106201171875","147.15106201171875"
"989","1977","1977","1977","147.16551208496094","147.16551208496094","147.16551208496094"
"990","1979","1979","1979","147.179443359375","147.179443359375","147.179443359375"
"991","1981","1981","1981","147.19369506835938","147.19369506835938","147.19369506835938"
"992","1983","1983","1983","147.20799255371094","147.20799255371094","147.20799255371094"
"993","1985","1985","1985","147.2227020263672","147.2227020263672","147.2227020263672"
"994","1987","1987","1987","147.23667907714844","147.23667907714844","147.23667907714844"
"995","1989","1989","1989","147.25076293945312","147.25076293945312","147.25076293945312"
"996","1991","1991","1991","147.26434326171875","147.26434326171875","147.26434326171875"
"997","1993","1993","1993","147.27976989746094","147.27976989746094","147.27976989746094"
"998","1995","1995","1995","147.29342651367188","147.29342651367188","147.29342651367188"
"999","1997","1997","1997","147.30699157714844","147.30699157714844","147.30699157714844"
"1000","1999","1999","1999","147.3214874267578","147.3214874267578","147.3214874267578"
"1001","2001","2001","2001","147.33457946777344","147.33457946777344","147.33457946777344"
"1002","2003","2003","2003","147.3488006591797","147.3488006591797","147.3488006591797"
"1003","2005","2005","2005","147.36204528808594","147.36204528808594","147.36204528808594"
"1004","2007","2007","2007","147.376220703125","147.376220703125","147.376220703125"
"1005","2009","2009","2009","147.39100646972656","147.39100646972656","147.39100646972656"
"1006","2011","2011","2011","147.40338134765625","147.40338134765625","147.40338134765625"
"1007","2013","2013","2013","147.41688537597656","147.41688537597656","147.41688537597656"
"1008","2015","2015","2015","147.4305419921875","147.4305419921875","147.4305419921875"
"1009","2017","2017","2017","147.44369506835938","147.44369506835938","147.44369506835938"
"1010","2019","2019","2019","147.45748901367188","147.45748901367188","147.45748901367188"
"1011","2021","2021","2021","147.4706268310547","147.4706268310547","147.4706268310547"
"1012","2023","2023","2023","147.4846954345703","147.4846954345703","147.4846954345703"
"1013","2025","2025","2025","147.49700927734375","147.49700927734375","147.49700927734375"
"1014","2027","2027","2027","147.51068115234375","147.51068115234375","147.51068115234375"
"1015","2029","2029","2029","147.52366638183594","147.52366638183594","147.52366638183594"
"1016","2031","2031","2031","147.5374755859375","147.5374755859375","147.5374755859375"
"1017","2033","2033","2033","147.55099487304688","147.55099487304688","147.55099487304688"
"1018","2035","2035","2035","147.56419372558594","147.56419372558594","147.56419372558594"
"1019","2037","2037","2037","147.5776824951172","147.5776824951172","147.5776824951172"
"1020","2039","2039","2039","147.59063720703125","147.59063720703125","147.59063720703125"
"1021","2041","2041","2041","147.6043701171875","147.6043701171875","147.6043701171875"
"1022","2043","2043","2043","147.61668395996094","147.61668395996094","147.61668395996094"
"1023","2045","2045","2045","147.6301727294922","147.6301727294922","147.6301727294922"
"1024","2047","2047","2047","147.6432647705078","147.6432647705078","147.6432647705078"
"1025","2049","2049","2049","147.65594482421875","147.65594482421875","147.65594482421875"
"1026","2051","2051","2051","147.66897583007812","147.66897583007812","147.66897583007812"
"1027","2053","2053","2053","147.68209838867188","147.68209838867188","147.68209838867188"
"1028","2055","2055","2055","147.69509887695312","147.69509887695312","147.69509887695312"
"1029","2057","2057","2057","147.70803833007812","147.70803833007812","147.70803833007812"
"1030","2059","2059","2059","147.72071838378906","147.72071838378906","147.72071838378906"
"1031","2061","2061","2061","147.7332305908203","147.7332305908203","147.7332305908203"
"1032","2063","2063","2063","147.74644470214844","147.74644470214844","147.74644470214844"
"1033","2065","2065","2065","147.758544921875","147.758544921875","147.758544921875"
"1034","2067","2067","2067","147.77212524414062","147.77212524414062","147.77212524414062"
"1035","2069","2069","2069","147.78439331054688","147.78439331054688","147.78439331054688"
"1036","2071","2071","2071","147.79660034179688","147.79660034179688","147.79660034179688"
"1037","2073","2073","2073","147.80958557128906","147.80958557128906","147.80958557128906"
"1038","2075","2075","2075","147.82203674316406","147.82203674316406","147.82203674316406"
"1039","2077","2077","2077","147.83551025390625","147.83551025390625","147.83551025390625"
"1040","2079","2079","2079","147.8475799560547","147.8475799560547","147.8475799560547"
"1041","2081","2081","2081","147.85943603515625","147.85943603515625","147.85943603515625"
"1042","2083","2083","2083","147.87200927734375","147.87200927734375","147.87200927734375"
"1043","2085","2085","2085","147.88458251953125","147.88458251953125","147.88458251953125"
"1044","2087","2087","2087","147.89697265625","147.89697265625","147.89697265625"
"1045","2089","2089","2089","147.9091033935547","147.9091033935547","147.9091033935547"
"1046","2091","2091","2091","147.9208984375","147.9208984375","147.9208984375"
"1047","2093","2093","2093","147.93360900878906","147.93360900878906","147.93360900878906"
"1048","2095","2095","2095","147.94586181640625","147.94586181640625","147.94586181640625"
"1049","2097","2097","2097","147.95846557617188","147.95846557617188","147.95846557617188"
"1050","2099","2099","2099","147.9699249267578","147.9699249267578","147.9699249267578"
"1051","2101","2101","2101","147.98265075683594","147.98265075683594","147.98265075683594"
"1052","2103","2103","2103","147.994384765625","147.994384765625","147.994384765625"
"1053","2105","2105","2105","148.0060577392578","148.0060577392578","148.0060577392578"
"1054","2107","2107","2107","148.01727294921875","148.01727294921875","148.01727294921875"
"1055","2109","2109","2109","148.02842712402344","148.02842712402344","148.02842712402344"
"1056","2111","2111","2111","148.03985595703125","148.03985595703125","148.03985595703125"
"1057","2113","2113","2113","148.05128479003906","148.05128479003906","148.05128479003906"
"1058","2115","2115","2115","148.06275939941406","148.06275939941406","148.06275939941406"
"1059","2117","2117","2117","148.0743408203125","148.0743408203125","148.0743408203125"
"1060","2119","2119","2119","148.08642578125","148.08642578125","148.08642578125"
"1061","2121","2121","2121","148.09825134277344","148.09825134277344","148.09825134277344"
"1062","2123","2123","2123","148.1104278564453","148.1104278564453","148.1104278564453"
"1063","2125","2125","2125","148.1223907470703","148.1223907470703","148.1223907470703"
"1064","2127","2127","2127","148.13487243652344","148.13487243652344","148.13487243652344"
"1065","2129","2129","2129","148.14651489257812","148.14651489257812","148.14651489257812"
"1066","2131","2131","2131","148.1593780517578","148.1593780517578","148.1593780517578"
"1067","2133","2133","2133","148.1709442138672","148.1709442138672","148.1709442138672"
"1068","2135","2135","2135","148.18324279785156","148.18324279785156","148.18324279785156"
"1069","2137","2137","2137","148.1942596435547","148.1942596435547","148.1942596435547"
"1070","2139","2139","2139","148.20654296875","148.20654296875","148.20654296875"
"1071","2141","2141","2141","148.21766662597656","148.21766662597656","148.21766662597656"
"1072","2143","2143","2143","148.22955322265625","148.22955322265625","148.22955322265625"
"1073","2145","2145","2145","148.24192810058594","148.24192810058594","148.24192810058594"
"1074","2147","2147","2147","148.25302124023438","148.25302124023438","148.25302124023438"
"1075","2149","2149","2149","148.2659454345703","148.2659454345703","148.2659454345703"
"1076","2151","2151","2151","148.27796936035156","148.27796936035156","148.27796936035156"
"1077","2153","2153","2153","148.2908172607422","148.2908172607422","148.2908172607422"
"1078","2155","2155","2155","148.30311584472656","148.30311584472656","148.30311584472656"
"1079","2157","2157","2157","148.31504821777344","148.31504821777344","148.31504821777344"
"1080","2159","2159","2159","148.32736206054688","148.32736206054688","148.32736206054688"
"1081","2161","2161","2161","148.33926391601562","148.33926391601562","148.33926391601562"
"1082","2163","2163","2163","148.3518524169922","148.3518524169922","148.3518524169922"
"1083","2165","2165","2165","148.3643341064453","148.3643341064453","148.3643341064453"
"1084","2167","2167","2167","148.37620544433594","148.37620544433594","148.37620544433594"
"1085","2169","2169","2169","148.38795471191406","148.38795471191406","148.38795471191406"
"1086","2171","2171","2171","148.40040588378906","148.40040588378906","148.40040588378906"
"1087","2173","2173","2173","148.41273498535156","148.41273498535156","148.41273498535156"
"1088","2175","2175","2175","148.42442321777344","148.42442321777344","148.42442321777344"
"1089","2177","2177","2177","148.43614196777344","148.43614196777344","148.43614196777344"
"1090","2179","2179","2179","148.44837951660156","148.44837951660156","148.44837951660156"
"1091","2181","2181","2181","148.4603729248047","148.4603729248047","148.4603729248047"
"1092","2183","2183","2183","148.47279357910156","148.47279357910156","148.47279357910156"
"1093","2185","2185","2185","148.48367309570312","148.48367309570312","148.48367309570312"
"1094","2187","2187","2187","148.49632263183594","148.49632263183594","148.49632263183594"
"1095","2189","2189","2189","148.5076141357422","148.5076141357422","148.5076141357422"
"1096","2191","2191","2191","148.51889038085938","148.51889038085938","148.51889038085938"
"1097","2193","2193","2193","148.5301971435547","148.5301971435547","148.5301971435547"
"1098","2195","2195","2195","148.54144287109375","148.54144287109375","148.54144287109375"
"1099","2197","2197","2197","148.55279541015625","148.55279541015625","148.55279541015625"
"1100","2199","2199","2199","148.56369018554688","148.56369018554688","148.56369018554688"
"1101","2201","2201","2201","148.57421875","148.57421875","148.57421875"
"1102","2203","2203","2203","148.58518981933594","148.58518981933594","148.58518981933594"
"1103","2205","2205","2205","148.59523010253906","148.59523010253906","148.59523010253906"
"1104","2207","2207","2207","148.60629272460938","148.60629272460938","148.60629272460938"
"1105","2209","2209","2209","148.6168975830078","148.6168975830078","148.6168975830078"
"1106","2211","2211","2211","148.6278533935547","148.6278533935547","148.6278533935547"
"1107","2213","2213","2213","148.638916015625","148.638916015625","148.638916015625"
"1108","2215","2215","2215","148.64894104003906","148.64894104003906","148.64894104003906"
"1109","2217","2217","2217","148.65966796875","148.65966796875","148.65966796875"
"1110","2219","2219","2219","148.6707305908203","148.6707305908203","148.6707305908203"
"1111","2221","2221","2221","148.68174743652344","148.68174743652344","148.68174743652344"
"1112","2223","2223","2223","148.6929473876953","148.6929473876953","148.6929473876953"
"1113","2225","2225","2225","148.70306396484375","148.70306396484375","148.70306396484375"
"1114","2227","2227","2227","148.7145233154297","148.7145233154297","148.7145233154297"
"1115","2229","2229","2229","148.7250518798828","148.7250518798828","148.7250518798828"
"1116","2231","2231","2231","148.73733520507812","148.73733520507812","148.73733520507812"
"1117","2233","2233","2233","148.74803161621094","148.74803161621094","148.74803161621094"
"1118","2235","2235","2235","148.75912475585938","148.75912475585938","148.75912475585938"
"1119","2237","2237","2237","148.7703094482422","148.7703094482422","148.7703094482422"
"1120","2239","2239","2239","148.78111267089844","148.78111267089844","148.78111267089844"
"1121","2241","2241","2241","148.79273986816406","148.79273986816406","148.79273986816406"
"1122","2243","2243","2243","148.8035430908203","148.8035430908203","148.8035430908203"
"1123","2245","2245","2245","148.8152618408203","148.8152618408203","148.8152618408203"
"1124","2247","2247","2247","148.82591247558594","148.82591247558594","148.82591247558594"
"1125","2249","2249","2249","148.83694458007812","148.83694458007812","148.83694458007812"
"1126","2251","2251","2251","148.84800720214844","148.84800720214844","148.84800720214844"
"1127","2253","2253","2253","148.85906982421875","148.85906982421875","148.85906982421875"
"1128","2255","2255","2255","148.86996459960938","148.86996459960938","148.86996459960938"
"1129","2257","2257","2257","148.8814239501953","148.8814239501953","148.8814239501953"
"1130","2259","2259","2259","148.89187622070312","148.89187622070312","148.89187622070312"
"1131","2261","2261","2261","148.9036102294922","148.9036102294922","148.9036102294922"
"1132","2263","2263","2263","148.9140625","148.9140625","148.9140625"
"1133","2265","2265","2265","148.92532348632812","148.92532348632812","148.92532348632812"
"1134","2267","2267","2267","148.93670654296875","148.93670654296875","148.93670654296875"
"1135","2269","2269","2269","148.9474334716797","148.9474334716797","148.9474334716797"
"1136","2271","2271","2271","148.95823669433594","148.95823669433594","148.95823669433594"
"1137","2273","2273","2273","148.96885681152344","148.96885681152344","148.96885681152344"
"1138","2275","2275","2275","148.97927856445312","148.97927856445312","148.97927856445312"
"1139","2277","2277","2277","148.9902801513672","148.9902801513672","148.9902801513672"
"1140","2279","2279","2279","149.00064086914062","149.00064086914062","149.00064086914062"
"1141","2281","2281","2281","149.01107788085938","149.01107788085938","149.01107788085938"
"1142","2283","2283","2283","149.02108764648438","149.02108764648438","149.02108764648438"
"1143","2285","2285","2285","149.03150939941406","149.03150939941406","149.03150939941406"
"1144","2287","2287","2287","149.04220581054688","149.04220581054688","149.04220581054688"
"1145","2289","2289","2289","149.05262756347656","149.05262756347656","149.05262756347656"
"1146","2291","2291","2291","149.0632781982422","149.0632781982422","149.0632781982422"
"1147","2293","2293","2293","149.07325744628906","149.07325744628906","149.07325744628906"
"1148","2295","2295","2295","149.08468627929688","149.08468627929688","149.08468627929688"
"1149","2297","2297","2297","149.09461975097656","149.09461975097656","149.09461975097656"
"1150","2299","2299","2299","149.10531616210938","149.10531616210938","149.10531616210938"
"1151","2301","2301","2301","149.11590576171875","149.11590576171875","149.11590576171875"
"1152","2303","2303","2303","149.12623596191406","149.12623596191406","149.12623596191406"
"1153","2305","2305","2305","149.1370391845703","149.1370391845703","149.1370391845703"
"1154","2307","2307","2307","149.147216796875","149.147216796875","149.147216796875"
"1155","2309","2309","2309","149.15756225585938","149.15756225585938","149.15756225585938"
"1156","2311","2311","2311","149.16790771484375","149.16790771484375","149.16790771484375"
"1157","2313","2313","2313","149.17909240722656","149.17909240722656","149.17909240722656"
"1158","2315","2315","2315","149.18899536132812","149.18899536132812","149.18899536132812"
"1159","2317","2317","2317","149.19969177246094","149.19969177246094","149.19969177246094"
"1160","2319","2319","2319","149.21023559570312","149.21023559570312","149.21023559570312"
"1161","2321","2321","2321","149.22019958496094","149.22019958496094","149.22019958496094"
"1162","2323","2323","2323","149.2308349609375","149.2308349609375","149.2308349609375"
"1163","2325","2325","2325","149.2394256591797","149.2394256591797","149.2394256591797"
"1164","2327","2327","2327","149.24964904785156","149.24964904785156","149.24964904785156"
"1165","2329","2329","2329","149.25962829589844","149.25962829589844","149.25962829589844"
"1166","2331","2331","2331","149.26881408691406","149.26881408691406","149.26881408691406"
"1167","2333","2333","2333","149.27931213378906","149.27931213378906","149.27931213378906"
"1168","2335","2335","2335","149.2889404296875","149.2889404296875","149.2889404296875"
"1169","2337","2337","2337","149.2991485595703","149.2991485595703","149.2991485595703"
"1170","2339","2339","2339","149.30857849121094","149.30857849121094","149.30857849121094"
"1171","2341","2341","2341","149.31869506835938","149.31869506835938","149.31869506835938"
"1172","2343","2343","2343","149.32913208007812","149.32913208007812","149.32913208007812"
"1173","2345","2345","2345","149.338623046875","149.338623046875","149.338623046875"
"1174","2347","2347","2347","149.3487548828125","149.3487548828125","149.3487548828125"
"1175","2349","2349","2349","149.35824584960938","149.35824584960938","149.35824584960938"
"1176","2351","2351","2351","149.36843872070312","149.36843872070312","149.36843872070312"
"1177","2353","2353","2353","149.37803649902344","149.37803649902344","149.37803649902344"
"1178","2355","2355","2355","149.38795471191406","149.38795471191406","149.38795471191406"
"1179","2357","2357","2357","149.39732360839844","149.39732360839844","149.39732360839844"
"1180","2359","2359","2359","149.4071807861328","149.4071807861328","149.4071807861328"
"1181","2361","2361","2361","149.4159393310547","149.4159393310547","149.4159393310547"
"1182","2363","2363","2363","149.42601013183594","149.42601013183594","149.42601013183594"
"1183","2365","2365","2365","149.43472290039062","149.43472290039062","149.43472290039062"
"1184","2367","2367","2367","149.44406127929688","149.44406127929688","149.44406127929688"
"1185","2369","2369","2369","149.45347595214844","149.45347595214844","149.45347595214844"
"1186","2371","2371","2371","149.46249389648438","149.46249389648438","149.46249389648438"
"1187","2373","2373","2373","149.47305297851562","149.47305297851562","149.47305297851562"
"1188","2375","2375","2375","149.481689453125","149.481689453125","149.481689453125"
"1189","2377","2377","2377","149.4913787841797","149.4913787841797","149.4913787841797"
"1190","2379","2379","2379","149.50047302246094","149.50047302246094","149.50047302246094"
"1191","2381","2381","2381","149.51002502441406","149.51002502441406","149.51002502441406"
"1192","2383","2383","2383","149.51927185058594","149.51927185058594","149.51927185058594"
"1193","2385","2385","2385","149.52870178222656","149.52870178222656","149.52870178222656"
"1194","2387","2387","2387","149.53848266601562","149.53848266601562","149.53848266601562"
"1195","2389","2389","2389","149.54759216308594","149.54759216308594","149.54759216308594"
"1196","2391","2391","2391","149.5572967529297","149.5572967529297","149.5572967529297"
"1197","2393","2393","2393","149.5661163330078","149.5661163330078","149.5661163330078"
"1198","2395","2395","2395","149.57618713378906","149.57618713378906","149.57618713378906"
"1199","2397","2397","2397","149.58460998535156","149.58460998535156","149.58460998535156"
"1200","2399","2399","2399","149.59445190429688","149.59445190429688","149.59445190429688"
"1201","2401","2401","2401","149.60421752929688","149.60421752929688","149.60421752929688"
"1202","2403","2403","2403","149.61306762695312","149.61306762695312","149.61306762695312"
"1203","2405","2405","2405","149.62319946289062","149.62319946289062","149.62319946289062"
"1204","2407","2407","2407","149.63284301757812","149.63284301757812","149.63284301757812"
"1205","2409","2409","2409","149.64112854003906","149.64112854003906","149.64112854003906"
"1206","2411","2411","2411","149.65159606933594","149.65159606933594","149.65159606933594"
"1207","2413","2413","2413","149.6611328125","149.6611328125","149.6611328125"
"1208","2415","2415","2415","149.67079162597656","149.67079162597656","149.67079162597656"
"1209","2417","2417","2417","149.6799774169922","149.6799774169922","149.6799774169922"
"1210","2419","2419","2419","149.6890869140625","149.6890869140625","149.6890869140625"
"1211","2421","2421","2421","149.6983184814453","149.6983184814453","149.6983184814453"
"1212","2423","2423","2423","149.70834350585938","149.70834350585938","149.70834350585938"
"1213","2425","2425","2425","149.71726989746094","149.71726989746094","149.71726989746094"
"1214","2427","2427","2427","149.7266845703125","149.7266845703125","149.7266845703125"
"1215","2429","2429","2429","149.7360076904297","149.7360076904297","149.7360076904297"
"1216","2431","2431","2431","149.74456787109375","149.74456787109375","149.74456787109375"
"1217","2433","2433","2433","149.7539825439453","149.7539825439453","149.7539825439453"
"1218","2435","2435","2435","149.7633514404297","149.7633514404297","149.7633514404297"
"1219","2437","2437","2437","149.7727508544922","149.7727508544922","149.7727508544922"
"1220","2439","2439","2439","149.7819366455078","149.7819366455078","149.7819366455078"
"1221","2441","2441","2441","149.7910919189453","149.7910919189453","149.7910919189453"
"1222","2443","2443","2443","149.8007049560547","149.8007049560547","149.8007049560547"
"1223","2445","2445","2445","149.8103790283203","149.8103790283203","149.8103790283203"
"1224","2447","2447","2447","149.81996154785156","149.81996154785156","149.81996154785156"
"1225","2449","2449","2449","149.82908630371094","149.82908630371094","149.82908630371094"
"1226","2451","2451","2451","149.83868408203125","149.83868408203125","149.83868408203125"
"1227","2453","2453","2453","149.84817504882812","149.84817504882812","149.84817504882812"
"1228","2455","2455","2455","149.8571319580078","149.8571319580078","149.8571319580078"
"1229","2457","2457","2457","149.8667449951172","149.8667449951172","149.8667449951172"
"1230","2459","2459","2459","149.87539672851562","149.87539672851562","149.87539672851562"
"1231","2461","2461","2461","149.88551330566406","149.88551330566406","149.88551330566406"
"1232","2463","2463","2463","149.89447021484375","149.89447021484375","149.89447021484375"
"1233","2465","2465","2465","149.90391540527344","149.90391540527344","149.90391540527344"
"1234","2467","2467","2467","149.9125518798828","149.9125518798828","149.9125518798828"
"1235","2469","2469","2469","149.9217071533203","149.9217071533203","149.9217071533203"
"1236","2471","2471","2471","149.9311981201172","149.9311981201172","149.9311981201172"
"1237","2473","2473","2473","149.94009399414062","149.94009399414062","149.94009399414062"
"1238","2475","2475","2475","149.94915771484375","149.94915771484375","149.94915771484375"
"1239","2477","2477","2477","149.95782470703125","149.95782470703125","149.95782470703125"
"1240","2479","2479","2479","149.9674835205078","149.9674835205078","149.9674835205078"
"1241","2481","2481","2481","149.9759063720703","149.9759063720703","149.9759063720703"
"1242","2483","2483","2483","149.9848175048828","149.9848175048828","149.9848175048828"
"1243","2485","2485","2485","149.99330139160156","149.99330139160156","149.99330139160156"
"1244","2487","2487","2487","150.00210571289062","150.00210571289062","150.00210571289062"
"1245","2489","2489","2489","150.01116943359375","150.01116943359375","150.01116943359375"
"1246","2491","2491","2491","150.01942443847656","150.01942443847656","150.01942443847656"
"1247","2493","2493","2493","150.02783203125","150.02783203125","150.02783203125"
"1248","2495","2495","2495","150.0363311767578","150.0363311767578","150.0363311767578"
"1249","2497","2497","2497","150.0448455810547","150.0448455810547","150.0448455810547"
"1250","2499","2499","2499","150.0537872314453","150.0537872314453","150.0537872314453"
"1251","2501","2501","2501","150.06106567382812","150.06106567382812","150.06106567382812"
"1252","2503","2503","2503","150.07046508789062","150.07046508789062","150.07046508789062"
"1253","2505","2505","2505","150.07870483398438","150.07870483398438","150.07870483398438"
"1254","2507","2507","2507","150.08673095703125","150.08673095703125","150.08673095703125"
"1255","2509","2509","2509","150.0953369140625","150.0953369140625","150.0953369140625"
"1256","2511","2511","2511","150.1040496826172","150.1040496826172","150.1040496826172"
"1257","2513","2513","2513","150.1129913330078","150.1129913330078","150.1129913330078"
"1258","2515","2515","2515","150.1215362548828","150.1215362548828","150.1215362548828"
"1259","2517","2517","2517","150.12989807128906","150.12989807128906","150.12989807128906"
"1260","2519","2519","2519","150.13902282714844","150.13902282714844","150.13902282714844"
"1261","2521","2521","2521","150.14764404296875","150.14764404296875","150.14764404296875"
"1262","2523","2523","2523","150.15655517578125","150.15655517578125","150.15655517578125"
"1263","2525","2525","2525","150.16461181640625","150.16461181640625","150.16461181640625"
"1264","2527","2527","2527","150.17398071289062","150.17398071289062","150.17398071289062"
"1265","2529","2529","2529","150.1818084716797","150.1818084716797","150.1818084716797"
"1266","2531","2531","2531","150.19122314453125","150.19122314453125","150.19122314453125"
"1267","2533","2533","2533","150.1995086669922","150.1995086669922","150.1995086669922"
"1268","2535","2535","2535","150.2076873779297","150.2076873779297","150.2076873779297"
"1269","2537","2537","2537","150.21560668945312","150.21560668945312","150.21560668945312"
"1270","2539","2539","2539","150.2240447998047","150.2240447998047","150.2240447998047"
"1271","2541","2541","2541","150.23191833496094","150.23191833496094","150.23191833496094"
"1272","2543","2543","2543","150.23995971679688","150.23995971679688","150.23995971679688"
"1273","2545","2545","2545","150.2475128173828","150.2475128173828","150.2475128173828"
"1274","2547","2547","2547","150.2560577392578","150.2560577392578","150.2560577392578"
"1275","2549","2549","2549","150.2637481689453","150.2637481689453","150.2637481689453"
"1276","2551","2551","2551","150.27232360839844","150.27232360839844","150.27232360839844"
"1277","2553","2553","2553","150.2799530029297","150.2799530029297","150.2799530029297"
"1278","2555","2555","2555","150.2875518798828","150.2875518798828","150.2875518798828"
"1279","2557","2557","2557","150.2959747314453","150.2959747314453","150.2959747314453"
"1280","2559","2559","2559","150.30380249023438","150.30380249023438","150.30380249023438"
"1281","2561","2561","2561","150.31167602539062","150.31167602539062","150.31167602539062"
"1282","2563","2563","2563","150.3191680908203","150.3191680908203","150.3191680908203"
"1283","2565","2565","2565","150.32742309570312","150.32742309570312","150.32742309570312"
"1284","2567","2567","2567","150.33477783203125","150.33477783203125","150.33477783203125"
"1285","2569","2569","2569","150.3427734375","150.3427734375","150.3427734375"
"1286","2571","2571","2571","150.35044860839844","150.35044860839844","150.35044860839844"
"1287","2573","2573","2573","150.35833740234375","150.35833740234375","150.35833740234375"
"1288","2575","2575","2575","150.36605834960938","150.36605834960938","150.36605834960938"
"1289","2577","2577","2577","150.3739776611328","150.3739776611328","150.3739776611328"
"1290","2579","2579","2579","150.38119506835938","150.38119506835938","150.38119506835938"
"1291","2581","2581","2581","150.389404296875","150.389404296875","150.389404296875"
"1292","2583","2583","2583","150.39598083496094","150.39598083496094","150.39598083496094"
"1293","2585","2585","2585","150.40365600585938","150.40365600585938","150.40365600585938"
"1294","2587","2587","2587","150.41104125976562","150.41104125976562","150.41104125976562"
"1295","2589","2589","2589","150.41929626464844","150.41929626464844","150.41929626464844"
"1296","2591","2591","2591","150.425537109375","150.425537109375","150.425537109375"
"1297","2593","2593","2593","150.43255615234375","150.43255615234375","150.43255615234375"
"1298","2595","2595","2595","150.44029235839844","150.44029235839844","150.44029235839844"
"1299","2597","2597","2597","150.44737243652344","150.44737243652344","150.44737243652344"
"1300","2599","2599","2599","150.4562530517578","150.4562530517578","150.4562530517578"
"1301","2601","2601","2601","150.46302795410156","150.46302795410156","150.46302795410156"
"1302","2603","2603","2603","150.47122192382812","150.47122192382812","150.47122192382812"
"1303","2605","2605","2605","150.47967529296875","150.47967529296875","150.47967529296875"
"1304","2607","2607","2607","150.48631286621094","150.48631286621094","150.48631286621094"
"1305","2609","2609","2609","150.49432373046875","150.49432373046875","150.49432373046875"
"1306","2611","2611","2611","150.5016632080078","150.5016632080078","150.5016632080078"
"1307","2613","2613","2613","150.50918579101562","150.50918579101562","150.50918579101562"
"1308","2615","2615","2615","150.51698303222656","150.51698303222656","150.51698303222656"
"1309","2617","2617","2617","150.52398681640625","150.52398681640625","150.52398681640625"
"1310","2619","2619","2619","150.5313720703125","150.5313720703125","150.5313720703125"
"1311","2621","2621","2621","150.5380859375","150.5380859375","150.5380859375"
"1312","2623","2623","2623","150.5455322265625","150.5455322265625","150.5455322265625"
"1313","2625","2625","2625","150.55300903320312","150.55300903320312","150.55300903320312"
"1314","2627","2627","2627","150.56031799316406","150.56031799316406","150.56031799316406"
"1315","2629","2629","2629","150.5671844482422","150.5671844482422","150.5671844482422"
"1316","2631","2631","2631","150.5748748779297","150.5748748779297","150.5748748779297"
"1317","2633","2633","2633","150.58148193359375","150.58148193359375","150.58148193359375"
"1318","2635","2635","2635","150.58908081054688","150.58908081054688","150.58908081054688"
"1319","2637","2637","2637","150.5964813232422","150.5964813232422","150.5964813232422"
"1320","2639","2639","2639","150.60354614257812","150.60354614257812","150.60354614257812"
"1321","2641","2641","2641","150.6112823486328","150.6112823486328","150.6112823486328"
"1322","2643","2643","2643","150.6181182861328","150.6181182861328","150.6181182861328"
"1323","2645","2645","2645","150.62503051757812","150.62503051757812","150.62503051757812"
"1324","2647","2647","2647","150.63218688964844","150.63218688964844","150.63218688964844"
"1325","2649","2649","2649","150.63902282714844","150.63902282714844","150.63902282714844"
"1326","2651","2651","2651","150.64659118652344","150.64659118652344","150.64659118652344"
"1327","2653","2653","2653","150.65260314941406","150.65260314941406","150.65260314941406"
"1328","2655","2655","2655","150.6599578857422","150.6599578857422","150.6599578857422"
"1329","2657","2657","2657","150.6674346923828","150.6674346923828","150.6674346923828"
"1330","2659","2659","2659","150.67434692382812","150.67434692382812","150.67434692382812"
"1331","2661","2661","2661","150.68191528320312","150.68191528320312","150.68191528320312"
"1332","2663","2663","2663","150.6890411376953","150.6890411376953","150.6890411376953"
"1333","2665","2665","2665","150.69589233398438","150.69589233398438","150.69589233398438"
"1334","2667","2667","2667","150.70310974121094","150.70310974121094","150.70310974121094"
"1335","2669","2669","2669","150.7099609375","150.7099609375","150.7099609375"
"1336","2671","2671","2671","150.71697998046875","150.71697998046875","150.71697998046875"
"1337","2673","2673","2673","150.7237091064453","150.7237091064453","150.7237091064453"
"1338","2675","2675","2675","150.73040771484375","150.73040771484375","150.73040771484375"
"1339","2677","2677","2677","150.73753356933594","150.73753356933594","150.73753356933594"
"1340","2679","2679","2679","150.74386596679688","150.74386596679688","150.74386596679688"
"1341","2681","2681","2681","150.75128173828125","150.75128173828125","150.75128173828125"
"1342","2683","2683","2683","150.7574920654297","150.7574920654297","150.7574920654297"
"1343","2685","2685","2685","150.76475524902344","150.76475524902344","150.76475524902344"
"1344","2687","2687","2687","150.7714080810547","150.7714080810547","150.7714080810547"
"1345","2689","2689","2689","150.7782745361328","150.7782745361328","150.7782745361328"
"1346","2691","2691","2691","150.78538513183594","150.78538513183594","150.78538513183594"
"1347","2693","2693","2693","150.7919921875","150.7919921875","150.7919921875"
"1348","2695","2695","2695","150.79930114746094","150.79930114746094","150.79930114746094"
"1349","2697","2697","2697","150.8061981201172","150.8061981201172","150.8061981201172"
"1350","2699","2699","2699","150.8131103515625","150.8131103515625","150.8131103515625"
"1351","2701","2701","2701","150.819580078125","150.819580078125","150.819580078125"
"1352","2703","2703","2703","150.8265838623047","150.8265838623047","150.8265838623047"
"1353","2705","2705","2705","150.83322143554688","150.83322143554688","150.83322143554688"
"1354","2707","2707","2707","150.84011840820312","150.84011840820312","150.84011840820312"
"1355","2709","2709","2709","150.8466796875","150.8466796875","150.8466796875"
"1356","2711","2711","2711","150.853515625","150.853515625","150.853515625"
"1357","2713","2713","2713","150.8603515625","150.8603515625","150.8603515625"
"1358","2715","2715","2715","150.8670654296875","150.8670654296875","150.8670654296875"
"1359","2717","2717","2717","150.87388610839844","150.87388610839844","150.87388610839844"
"1360","2719","2719","2719","150.88125610351562","150.88125610351562","150.88125610351562"
"1361","2721","2721","2721","150.88763427734375","150.88763427734375","150.88763427734375"
"1362","2723","2723","2723","150.89378356933594","150.89378356933594","150.89378356933594"
"1363","2725","2725","2725","150.90029907226562","150.90029907226562","150.90029907226562"
"1364","2727","2727","2727","150.90737915039062","150.90737915039062","150.90737915039062"
"1365","2729","2729","2729","150.9134521484375","150.9134521484375","150.9134521484375"
"1366","2731","2731","2731","150.9201202392578","150.9201202392578","150.9201202392578"
"1367","2733","2733","2733","150.92601013183594","150.92601013183594","150.92601013183594"
"1368","2735","2735","2735","150.93272399902344","150.93272399902344","150.93272399902344"
"1369","2737","2737","2737","150.93905639648438","150.93905639648438","150.93905639648438"
"1370","2739","2739","2739","150.94522094726562","150.94522094726562","150.94522094726562"
"1371","2741","2741","2741","150.9515838623047","150.9515838623047","150.9515838623047"
"1372","2743","2743","2743","150.95762634277344","150.95762634277344","150.95762634277344"
"1373","2745","2745","2745","150.9635009765625","150.9635009765625","150.9635009765625"
"1374","2747","2747","2747","150.9692840576172","150.9692840576172","150.9692840576172"
"1375","2749","2749","2749","150.97523498535156","150.97523498535156","150.97523498535156"
"1376","2751","2751","2751","150.98092651367188","150.98092651367188","150.98092651367188"
"1377","2753","2753","2753","150.9867401123047","150.9867401123047","150.9867401123047"
"1378","2755","2755","2755","150.9922637939453","150.9922637939453","150.9922637939453"
"1379","2757","2757","2757","150.99859619140625","150.99859619140625","150.99859619140625"
"1380","2759","2759","2759","151.00526428222656","151.00526428222656","151.00526428222656"
"1381","2761","2761","2761","151.01068115234375","151.01068115234375","151.01068115234375"
"1382","2763","2763","2763","151.01638793945312","151.01638793945312","151.01638793945312"
"1383","2765","2765","2765","151.0225067138672","151.0225067138672","151.0225067138672"
"1384","2767","2767","2767","151.02821350097656","151.02821350097656","151.02821350097656"
"1385","2769","2769","2769","151.0349578857422","151.0349578857422","151.0349578857422"
"1386","2771","2771","2771","151.03956604003906","151.03956604003906","151.03956604003906"
"1387","2773","2773","2773","151.04542541503906","151.04542541503906","151.04542541503906"
"1388","2775","2775","2775","151.05172729492188","151.05172729492188","151.05172729492188"
"1389","2777","2777","2777","151.05735778808594","151.05735778808594","151.05735778808594"
"1390","2779","2779","2779","151.06398010253906","151.06398010253906","151.06398010253906"
"1391","2781","2781","2781","151.0695037841797","151.0695037841797","151.0695037841797"
"1392","2783","2783","2783","151.07537841796875","151.07537841796875","151.07537841796875"
"1393","2785","2785","2785","151.0824737548828","151.0824737548828","151.0824737548828"
"1394","2787","2787","2787","151.08804321289062","151.08804321289062","151.08804321289062"
"1395","2789","2789","2789","151.0937042236328","151.0937042236328","151.0937042236328"
"1396","2791","2791","2791","151.09927368164062","151.09927368164062","151.09927368164062"
"1397","2793","2793","2793","151.1051788330078","151.1051788330078","151.1051788330078"
"1398","2795","2795","2795","151.11148071289062","151.11148071289062","151.11148071289062"
"1399","2797","2797","2797","151.11720275878906","151.11720275878906","151.11720275878906"
"1400","2799","2799","2799","151.12356567382812","151.12356567382812","151.12356567382812"
"1401","2801","2801","2801","151.12954711914062","151.12954711914062","151.12954711914062"
"1402","2803","2803","2803","151.1357421875","151.1357421875","151.1357421875"
"1403","2805","2805","2805","151.14157104492188","151.14157104492188","151.14157104492188"
"1404","2807","2807","2807","151.14784240722656","151.14784240722656","151.14784240722656"
"1405","2809","2809","2809","151.15296936035156","151.15296936035156","151.15296936035156"
"1406","2811","2811","2811","151.15921020507812","151.15921020507812","151.15921020507812"
"1407","2813","2813","2813","151.16583251953125","151.16583251953125","151.16583251953125"
"1408","2815","2815","2815","151.17111206054688","151.17111206054688","151.17111206054688"
"1409","2817","2817","2817","151.177001953125","151.177001953125","151.177001953125"
"1410","2819","2819","2819","151.18313598632812","151.18313598632812","151.18313598632812"
"1411","2821","2821","2821","151.18914794921875","151.18914794921875","151.18914794921875"
"1412","2823","2823","2823","151.1947021484375","151.1947021484375","151.1947021484375"
"1413","2825","2825","2825","151.20098876953125","151.20098876953125","151.20098876953125"
"1414","2827","2827","2827","151.20635986328125","151.20635986328125","151.20635986328125"
"1415","2829","2829","2829","151.21278381347656","151.21278381347656","151.21278381347656"
"1416","2831","2831","2831","151.21820068359375","151.21820068359375","151.21820068359375"
"1417","2833","2833","2833","151.22476196289062","151.22476196289062","151.22476196289062"
"1418","2835","2835","2835","151.23028564453125","151.23028564453125","151.23028564453125"
"1419","2837","2837","2837","151.23617553710938","151.23617553710938","151.23617553710938"
"1420","2839","2839","2839","151.2423553466797","151.2423553466797","151.2423553466797"
"1421","2841","2841","2841","151.24798583984375","151.24798583984375","151.24798583984375"
"1422","2843","2843","2843","151.25418090820312","151.25418090820312","151.25418090820312"
"1423","2845","2845","2845","151.25975036621094","151.25975036621094","151.25975036621094"
"1424","2847","2847","2847","151.2661895751953","151.2661895751953","151.2661895751953"
"1425","2849","2849","2849","151.27198791503906","151.27198791503906","151.27198791503906"
"1426","2851","2851","2851","151.27774047851562","151.27774047851562","151.27774047851562"
"1427","2853","2853","2853","151.28399658203125","151.28399658203125","151.28399658203125"
"1428","2855","2855","2855","151.2889862060547","151.2889862060547","151.2889862060547"
"1429","2857","2857","2857","151.29556274414062","151.29556274414062","151.29556274414062"
"1430","2859","2859","2859","151.30101013183594","151.30101013183594","151.30101013183594"
"1431","2861","2861","2861","151.30284118652344","151.30284118652344","151.30284118652344"
"1432","2863","2863","2863","151.30474853515625","151.30474853515625","151.30474853515625"
"1433","2865","2865","2865","151.30609130859375","151.30609130859375","151.30609130859375"
"1434","2867","2867","2867","151.3077392578125","151.3077392578125","151.3077392578125"
"1435","2869","2869","2869","151.30931091308594","151.30931091308594","151.30931091308594"
"1436","2871","2871","2871","151.3104705810547","151.3104705810547","151.3104705810547"
"1437","2873","2873","2873","151.31187438964844","151.31187438964844","151.31187438964844"
"1438","2875","2875","2875","151.31300354003906","151.31300354003906","151.31300354003906"
"1439","2877","2877","2877","151.3141632080078","151.3141632080078","151.3141632080078"
"1440","2879","2879","2879","151.31517028808594","151.31517028808594","151.31517028808594"
"1441","2881","2881","2881","151.31614685058594","151.31614685058594","151.31614685058594"
"1442","2883","2883","2883","151.31700134277344","151.31700134277344","151.31700134277344"
"1443","2885","2885","2885","151.3179931640625","151.3179931640625","151.3179931640625"
"1444","2887","2887","2887","151.31886291503906","151.31886291503906","151.31886291503906"
"1445","2889","2889","2889","151.3199005126953","151.3199005126953","151.3199005126953"
"1446","2891","2891","2891","151.32041931152344","151.32041931152344","151.32041931152344"
"1447","2893","2893","2893","151.3211669921875","151.3211669921875","151.3211669921875"
"1448","2895","2895","2895","151.32215881347656","151.32215881347656","151.32215881347656"
"1449","2897","2897","2897","151.32272338867188","151.32272338867188","151.32272338867188"
"1450","2899","2899","2899","151.32347106933594","151.32347106933594","151.32347106933594"
"1451","2901","2901","2901","151.32411193847656","151.32411193847656","151.32411193847656"
"1452","2903","2903","2903","151.32498168945312","151.32498168945312","151.32498168945312"
"1453","2905","2905","2905","151.32577514648438","151.32577514648438","151.32577514648438"
"1454","2907","2907","2907","151.32650756835938","151.32650756835938","151.32650756835938"
"1455","2909","2909","2909","151.3270721435547","151.3270721435547","151.3270721435547"
"1456","2911","2911","2911","151.3279266357422","151.3279266357422","151.3279266357422"
"1457","2913","2913","2913","151.3284912109375","151.3284912109375","151.3284912109375"
"1458","2915","2915","2915","151.32916259765625","151.32916259765625","151.32916259765625"
"1459","2917","2917","2917","151.32986450195312","151.32986450195312","151.32986450195312"
"1460","2919","2919","2919","151.33071899414062","151.33071899414062","151.33071899414062"
"1461","2921","2921","2921","151.33143615722656","151.33143615722656","151.33143615722656"
"1462","2923","2923","2923","151.33204650878906","151.33204650878906","151.33204650878906"
"1463","2925","2925","2925","151.33277893066406","151.33277893066406","151.33277893066406"
"1464","2927","2927","2927","151.3336639404297","151.3336639404297","151.3336639404297"
"1465","2929","2929","2929","151.3345184326172","151.3345184326172","151.3345184326172"
"1466","2931","2931","2931","151.3350830078125","151.3350830078125","151.3350830078125"
"1467","2933","2933","2933","151.33612060546875","151.33612060546875","151.33612060546875"