"optimizer_step","recur1b-mig-212 - _step","recur1b-mig-212 - _step__MIN","recur1b-mig-212 - _step__MAX","recur1b-mig-212 - global_grad_norm","recur1b-mig-212 - global_grad_norm__MIN","recur1b-mig-212 - global_grad_norm__MAX"
"0","0","0","0","0","0","0"
"1","1","1","1","1.472285270690918","1.472285270690918","1.472285270690918"
"2","3","3","3","1.5795985460281372","1.5795985460281372","1.5795985460281372"
"3","5","5","5","1.4686321020126343","1.4686321020126343","1.4686321020126343"
"4","7","7","7","1.7651702165603638","1.7651702165603638","1.7651702165603638"
"5","9","9","9","1.981536865234375","1.981536865234375","1.981536865234375"
"6","11","11","11","1.925295352935791","1.925295352935791","1.925295352935791"
"7","13","13","13","1.8406940698623657","1.8406940698623657","1.8406940698623657"
"8","15","15","15","1.7779691219329834","1.7779691219329834","1.7779691219329834"
"9","17","17","17","1.7323695421218872","1.7323695421218872","1.7323695421218872"
"10","19","19","19","1.5683624744415283","1.5683624744415283","1.5683624744415283"
"11","21","21","21","1.6273744106292725","1.6273744106292725","1.6273744106292725"
"12","23","23","23","1.732556939125061","1.732556939125061","1.732556939125061"
"13","25","25","25","1.575896143913269","1.575896143913269","1.575896143913269"
"14","27","27","27","1.52553391456604","1.52553391456604","1.52553391456604"
"15","29","29","29","1.4210689067840576","1.4210689067840576","1.4210689067840576"
"16","31","31","31","1.3275665044784546","1.3275665044784546","1.3275665044784546"
"17","33","33","33","10.160928726196289","10.160928726196289","10.160928726196289"
"18","35","35","35","2.278247594833374","2.278247594833374","2.278247594833374"
"19","37","37","37","1.437824010848999","1.437824010848999","1.437824010848999"
"20","39","39","39","1.5377907752990723","1.5377907752990723","1.5377907752990723"
"21","41","41","41","1.46689772605896","1.46689772605896","1.46689772605896"
"22","43","43","43","1.941667914390564","1.941667914390564","1.941667914390564"
"23","45","45","45","1.165774941444397","1.165774941444397","1.165774941444397"
"24","47","47","47","1.0067752599716187","1.0067752599716187","1.0067752599716187"
"25","49","49","49","1.0514144897460938","1.0514144897460938","1.0514144897460938"
"26","51","51","51","0.98047935962677","0.98047935962677","0.98047935962677"
"27","53","53","53","1.0322675704956055","1.0322675704956055","1.0322675704956055"
"28","55","55","55","0.8950725197792053","0.8950725197792053","0.8950725197792053"
"29","57","57","57","1.0048415660858154","1.0048415660858154","1.0048415660858154"
"30","59","59","59","0.8031297922134399","0.8031297922134399","0.8031297922134399"
"31","61","61","61","0.9084082245826721","0.9084082245826721","0.9084082245826721"
"32","63","63","63","0.7759727239608765","0.7759727239608765","0.7759727239608765"
"33","65","65","65","0.7530498504638672","0.7530498504638672","0.7530498504638672"
"34","67","67","67","0.797502338886261","0.797502338886261","0.797502338886261"
"35","69","69","69","0.6068175435066223","0.6068175435066223","0.6068175435066223"
"36","71","71","71","0.6655552387237549","0.6655552387237549","0.6655552387237549"
"37","73","73","73","0.528744101524353","0.528744101524353","0.528744101524353"
"38","75","75","75","0.5470888018608093","0.5470888018608093","0.5470888018608093"
"39","77","77","77","0.5252926349639893","0.5252926349639893","0.5252926349639893"
"40","79","79","79","0.5068790912628174","0.5068790912628174","0.5068790912628174"
"41","81","81","81","0.5011964440345764","0.5011964440345764","0.5011964440345764"
"42","83","83","83","0.3689265847206116","0.3689265847206116","0.3689265847206116"
"43","85","85","85","0.5248677730560303","0.5248677730560303","0.5248677730560303"
"44","87","87","87","0.4032892882823944","0.4032892882823944","0.4032892882823944"
"45","89","89","89","0.3914252519607544","0.3914252519607544","0.3914252519607544"
"46","91","91","91","0.4490363895893097","0.4490363895893097","0.4490363895893097"
"47","93","93","93","0.30955806374549866","0.30955806374549866","0.30955806374549866"
"48","95","95","95","0.362447053194046","0.362447053194046","0.362447053194046"
"49","97","97","97","0.3898443579673767","0.3898443579673767","0.3898443579673767"
"50","99","99","99","0.31914758682250977","0.31914758682250977","0.31914758682250977"
"51","101","101","101","0.4423966705799103","0.4423966705799103","0.4423966705799103"
"52","103","103","103","0.38507118821144104","0.38507118821144104","0.38507118821144104"
"53","105","105","105","0.3607148826122284","0.3607148826122284","0.3607148826122284"
"54","107","107","107","0.5805588364601135","0.5805588364601135","0.5805588364601135"
"55","109","109","109","0.7174468636512756","0.7174468636512756","0.7174468636512756"
"56","111","111","111","0.45315852761268616","0.45315852761268616","0.45315852761268616"
"57","113","113","113","0.9368788003921509","0.9368788003921509","0.9368788003921509"
"58","115","115","115","0.47595760226249695","0.47595760226249695","0.47595760226249695"
"59","117","117","117","0.8659533858299255","0.8659533858299255","0.8659533858299255"
"60","119","119","119","0.4893970191478729","0.4893970191478729","0.4893970191478729"
"61","121","121","121","1.037951946258545","1.037951946258545","1.037951946258545"
"62","123","123","123","0.4308514893054962","0.4308514893054962","0.4308514893054962"
"63","125","125","125","0.9557838439941406","0.9557838439941406","0.9557838439941406"
"64","127","127","127","0.5764100551605225","0.5764100551605225","0.5764100551605225"
"65","129","129","129","0.8324589133262634","0.8324589133262634","0.8324589133262634"
"66","131","131","131","0.6798621416091919","0.6798621416091919","0.6798621416091919"
"67","133","133","133","0.4787521958351135","0.4787521958351135","0.4787521958351135"
"68","135","135","135","0.6864005923271179","0.6864005923271179","0.6864005923271179"
"69","137","137","137","0.49214133620262146","0.49214133620262146","0.49214133620262146"
"70","139","139","139","0.5752421617507935","0.5752421617507935","0.5752421617507935"
"71","141","141","141","0.4737336337566376","0.4737336337566376","0.4737336337566376"
"72","143","143","143","0.5119311213493347","0.5119311213493347","0.5119311213493347"
"73","145","145","145","0.4149329960346222","0.4149329960346222","0.4149329960346222"
"74","147","147","147","0.3631777763366699","0.3631777763366699","0.3631777763366699"
"75","149","149","149","0.5075367093086243","0.5075367093086243","0.5075367093086243"
"76","151","151","151","0.3429384231567383","0.3429384231567383","0.3429384231567383"
"77","153","153","153","0.35208985209465027","0.35208985209465027","0.35208985209465027"
"78","155","155","155","0.39462152123451233","0.39462152123451233","0.39462152123451233"
"79","157","157","157","0.3098868429660797","0.3098868429660797","0.3098868429660797"
"80","159","159","159","0.36711499094963074","0.36711499094963074","0.36711499094963074"
"81","161","161","161","0.36344829201698303","0.36344829201698303","0.36344829201698303"
"82","163","163","163","0.32228896021842957","0.32228896021842957","0.32228896021842957"
"83","165","165","165","0.28799957036972046","0.28799957036972046","0.28799957036972046"
"84","167","167","167","0.26551729440689087","0.26551729440689087","0.26551729440689087"
"85","169","169","169","0.3148455321788788","0.3148455321788788","0.3148455321788788"
"86","171","171","171","0.28537729382514954","0.28537729382514954","0.28537729382514954"
"87","173","173","173","0.27758628129959106","0.27758628129959106","0.27758628129959106"
"88","175","175","175","0.3555135428905487","0.3555135428905487","0.3555135428905487"
"89","177","177","177","0.37770378589630127","0.37770378589630127","0.37770378589630127"
"90","179","179","179","0.25482332706451416","0.25482332706451416","0.25482332706451416"
"91","181","181","181","0.2980861961841583","0.2980861961841583","0.2980861961841583"
"92","183","183","183","0.38617125153541565","0.38617125153541565","0.38617125153541565"
"93","185","185","185","0.2843843102455139","0.2843843102455139","0.2843843102455139"
"94","187","187","187","0.33366310596466064","0.33366310596466064","0.33366310596466064"
"95","189","189","189","0.3823721408843994","0.3823721408843994","0.3823721408843994"
"96","191","191","191","0.299329936504364","0.299329936504364","0.299329936504364"
"97","193","193","193","0.23908448219299316","0.23908448219299316","0.23908448219299316"
"98","195","195","195","0.3851974606513977","0.3851974606513977","0.3851974606513977"
"99","197","197","197","0.3070070445537567","0.3070070445537567","0.3070070445537567"
"100","199","199","199","0.28869161009788513","0.28869161009788513","0.28869161009788513"
"101","201","201","201","0.3844646215438843","0.3844646215438843","0.3844646215438843"
"102","203","203","203","0.36409837007522583","0.36409837007522583","0.36409837007522583"
"103","205","205","205","0.3112484812736511","0.3112484812736511","0.3112484812736511"
"104","207","207","207","0.3622705638408661","0.3622705638408661","0.3622705638408661"
"105","209","209","209","0.34988340735435486","0.34988340735435486","0.34988340735435486"
"106","211","211","211","0.33875519037246704","0.33875519037246704","0.33875519037246704"
"107","213","213","213","0.30419984459877014","0.30419984459877014","0.30419984459877014"
"108","215","215","215","0.3690134584903717","0.3690134584903717","0.3690134584903717"
"109","217","217","217","0.5286900401115417","0.5286900401115417","0.5286900401115417"
"110","219","219","219","0.5455716848373413","0.5455716848373413","0.5455716848373413"
"111","221","221","221","0.3023513853549957","0.3023513853549957","0.3023513853549957"
"112","223","223","223","0.5881723165512085","0.5881723165512085","0.5881723165512085"
"113","225","225","225","0.42744743824005127","0.42744743824005127","0.42744743824005127"
"114","227","227","227","0.7876366972923279","0.7876366972923279","0.7876366972923279"
"115","229","229","229","0.56613689661026","0.56613689661026","0.56613689661026"
"116","231","231","231","0.6383160352706909","0.6383160352706909","0.6383160352706909"
"117","233","233","233","0.525338888168335","0.525338888168335","0.525338888168335"
"118","235","235","235","0.6623771786689758","0.6623771786689758","0.6623771786689758"
"119","237","237","237","0.3611326217651367","0.3611326217651367","0.3611326217651367"
"120","239","239","239","0.6643875241279602","0.6643875241279602","0.6643875241279602"
"121","241","241","241","0.4481489956378937","0.4481489956378937","0.4481489956378937"
"122","243","243","243","0.6223532557487488","0.6223532557487488","0.6223532557487488"
"123","245","245","245","0.5424121022224426","0.5424121022224426","0.5424121022224426"
"124","247","247","247","0.6068986058235168","0.6068986058235168","0.6068986058235168"
"125","249","249","249","0.6535347700119019","0.6535347700119019","0.6535347700119019"
"126","251","251","251","0.44966474175453186","0.44966474175453186","0.44966474175453186"
"127","253","253","253","0.6145008206367493","0.6145008206367493","0.6145008206367493"
"128","255","255","255","0.4287657141685486","0.4287657141685486","0.4287657141685486"
"129","257","257","257","0.5318149924278259","0.5318149924278259","0.5318149924278259"
"130","259","259","259","0.5093709826469421","0.5093709826469421","0.5093709826469421"
"131","261","261","261","0.6069650650024414","0.6069650650024414","0.6069650650024414"
"132","263","263","263","0.6002669930458069","0.6002669930458069","0.6002669930458069"
"133","265","265","265","0.6125347018241882","0.6125347018241882","0.6125347018241882"
"134","267","267","267","0.41446173191070557","0.41446173191070557","0.41446173191070557"
"135","269","269","269","0.6055970191955566","0.6055970191955566","0.6055970191955566"
"136","271","271","271","0.5921577215194702","0.5921577215194702","0.5921577215194702"
"137","273","273","273","0.6368112564086914","0.6368112564086914","0.6368112564086914"
"138","275","275","275","0.48825758695602417","0.48825758695602417","0.48825758695602417"
"139","277","277","277","0.46405136585235596","0.46405136585235596","0.46405136585235596"
"140","279","279","279","0.5855030417442322","0.5855030417442322","0.5855030417442322"
"141","281","281","281","0.3810255825519562","0.3810255825519562","0.3810255825519562"
"142","283","283","283","0.49360328912734985","0.49360328912734985","0.49360328912734985"
"143","285","285","285","0.504335343837738","0.504335343837738","0.504335343837738"
"144","287","287","287","0.4944698214530945","0.4944698214530945","0.4944698214530945"
"145","289","289","289","0.5436557531356812","0.5436557531356812","0.5436557531356812"
"146","291","291","291","0.47607001662254333","0.47607001662254333","0.47607001662254333"
"147","293","293","293","0.5418651103973389","0.5418651103973389","0.5418651103973389"
"148","295","295","295","0.5272361040115356","0.5272361040115356","0.5272361040115356"
"149","297","297","297","0.4121037721633911","0.4121037721633911","0.4121037721633911"
"150","299","299","299","0.7128123044967651","0.7128123044967651","0.7128123044967651"
"151","301","301","301","0.5598805546760559","0.5598805546760559","0.5598805546760559"
"152","303","303","303","0.4856525957584381","0.4856525957584381","0.4856525957584381"
"153","305","305","305","0.46007657051086426","0.46007657051086426","0.46007657051086426"
"154","307","307","307","0.4664812684059143","0.4664812684059143","0.4664812684059143"
"155","309","309","309","0.49565666913986206","0.49565666913986206","0.49565666913986206"
"156","311","311","311","0.5595474243164062","0.5595474243164062","0.5595474243164062"
"157","313","313","313","0.6119794845581055","0.6119794845581055","0.6119794845581055"
"158","315","315","315","0.5781997442245483","0.5781997442245483","0.5781997442245483"
"159","317","317","317","0.6161173582077026","0.6161173582077026","0.6161173582077026"
"160","319","319","319","0.5442885160446167","0.5442885160446167","0.5442885160446167"
"161","321","321","321","0.5097163915634155","0.5097163915634155","0.5097163915634155"
"162","323","323","323","0.45024165511131287","0.45024165511131287","0.45024165511131287"
"163","325","325","325","0.6235184073448181","0.6235184073448181","0.6235184073448181"
"164","327","327","327","0.5016165971755981","0.5016165971755981","0.5016165971755981"
"165","329","329","329","0.5392562747001648","0.5392562747001648","0.5392562747001648"
"166","331","331","331","0.6199491024017334","0.6199491024017334","0.6199491024017334"
"167","333","333","333","0.6237255930900574","0.6237255930900574","0.6237255930900574"
"168","335","335","335","0.7867254018783569","0.7867254018783569","0.7867254018783569"
"169","337","337","337","0.49372726678848267","0.49372726678848267","0.49372726678848267"
"170","339","339","339","0.5615214705467224","0.5615214705467224","0.5615214705467224"
"171","341","341","341","0.6146419644355774","0.6146419644355774","0.6146419644355774"
"172","343","343","343","0.7838605642318726","0.7838605642318726","0.7838605642318726"
"173","345","345","345","0.7032032608985901","0.7032032608985901","0.7032032608985901"
"174","347","347","347","0.6119351387023926","0.6119351387023926","0.6119351387023926"
"175","349","349","349","0.7084605097770691","0.7084605097770691","0.7084605097770691"
"176","351","351","351","0.7185491919517517","0.7185491919517517","0.7185491919517517"
"177","353","353","353","0.6512690782546997","0.6512690782546997","0.6512690782546997"
"178","355","355","355","1.0835317373275757","1.0835317373275757","1.0835317373275757"
"179","357","357","357","0.5890849828720093","0.5890849828720093","0.5890849828720093"
"180","359","359","359","0.9317132830619812","0.9317132830619812","0.9317132830619812"
"181","361","361","361","0.606960117816925","0.606960117816925","0.606960117816925"
"182","363","363","363","0.871397852897644","0.871397852897644","0.871397852897644"
"183","365","365","365","0.6234524846076965","0.6234524846076965","0.6234524846076965"
"184","367","367","367","0.8078733682632446","0.8078733682632446","0.8078733682632446"
"185","369","369","369","0.579845130443573","0.579845130443573","0.579845130443573"
"186","371","371","371","0.6628121137619019","0.6628121137619019","0.6628121137619019"
"187","373","373","373","0.7231021523475647","0.7231021523475647","0.7231021523475647"
"188","375","375","375","0.6116462349891663","0.6116462349891663","0.6116462349891663"
"189","377","377","377","0.834847092628479","0.834847092628479","0.834847092628479"
"190","379","379","379","0.5240342020988464","0.5240342020988464","0.5240342020988464"
"191","381","381","381","0.6623506546020508","0.6623506546020508","0.6623506546020508"
"192","383","383","383","0.4694868326187134","0.4694868326187134","0.4694868326187134"
"193","385","385","385","0.5935704708099365","0.5935704708099365","0.5935704708099365"
"194","387","387","387","0.5445617437362671","0.5445617437362671","0.5445617437362671"
"195","389","389","389","0.5271969437599182","0.5271969437599182","0.5271969437599182"
"196","391","391","391","0.5219292640686035","0.5219292640686035","0.5219292640686035"
"197","393","393","393","0.5492833852767944","0.5492833852767944","0.5492833852767944"
"198","395","395","395","0.7324970960617065","0.7324970960617065","0.7324970960617065"
"199","397","397","397","0.9515944123268127","0.9515944123268127","0.9515944123268127"
"200","399","399","399","0.6781401038169861","0.6781401038169861","0.6781401038169861"
"201","401","401","401","0.9396219253540039","0.9396219253540039","0.9396219253540039"
"202","403","403","403","0.8005205988883972","0.8005205988883972","0.8005205988883972"
"203","405","405","405","0.6916418075561523","0.6916418075561523","0.6916418075561523"
"204","407","407","407","0.8012149930000305","0.8012149930000305","0.8012149930000305"
"205","409","409","409","0.907587468624115","0.907587468624115","0.907587468624115"
"206","411","411","411","0.974049985408783","0.974049985408783","0.974049985408783"
"207","413","413","413","0.5901176333427429","0.5901176333427429","0.5901176333427429"
"208","415","415","415","0.7423831224441528","0.7423831224441528","0.7423831224441528"
"209","417","417","417","0.7256091237068176","0.7256091237068176","0.7256091237068176"
"210","419","419","419","0.4664381742477417","0.4664381742477417","0.4664381742477417"
"211","421","421","421","0.6445587277412415","0.6445587277412415","0.6445587277412415"
"212","423","423","423","0.5681398510932922","0.5681398510932922","0.5681398510932922"
"213","425","425","425","0.5621017813682556","0.5621017813682556","0.5621017813682556"
"214","427","427","427","0.6190045475959778","0.6190045475959778","0.6190045475959778"
"215","429","429","429","0.7811899185180664","0.7811899185180664","0.7811899185180664"
"216","431","431","431","0.9003772139549255","0.9003772139549255","0.9003772139549255"
"217","433","433","433","0.728252112865448","0.728252112865448","0.728252112865448"
"218","435","435","435","0.7745003700256348","0.7745003700256348","0.7745003700256348"
"219","437","437","437","0.8502241969108582","0.8502241969108582","0.8502241969108582"
"220","439","439","439","0.7281312942504883","0.7281312942504883","0.7281312942504883"
"221","441","441","441","0.63185054063797","0.63185054063797","0.63185054063797"
"222","443","443","443","0.6201639175415039","0.6201639175415039","0.6201639175415039"
"223","445","445","445","0.6825152635574341","0.6825152635574341","0.6825152635574341"
"224","447","447","447","0.6681981086730957","0.6681981086730957","0.6681981086730957"
"225","449","449","449","0.6151266098022461","0.6151266098022461","0.6151266098022461"
"226","451","451","451","0.7480778098106384","0.7480778098106384","0.7480778098106384"
"227","453","453","453","0.650776743888855","0.650776743888855","0.650776743888855"
"228","455","455","455","0.8015926480293274","0.8015926480293274","0.8015926480293274"
"229","457","457","457","0.585837721824646","0.585837721824646","0.585837721824646"
"230","459","459","459","0.5555546879768372","0.5555546879768372","0.5555546879768372"
"231","461","461","461","0.7945266366004944","0.7945266366004944","0.7945266366004944"
"232","463","463","463","0.7529888153076172","0.7529888153076172","0.7529888153076172"
"233","465","465","465","0.903453528881073","0.903453528881073","0.903453528881073"
"234","467","467","467","0.8543232679367065","0.8543232679367065","0.8543232679367065"
"235","469","469","469","0.8049131035804749","0.8049131035804749","0.8049131035804749"
"236","471","471","471","0.8849809765815735","0.8849809765815735","0.8849809765815735"
"237","473","473","473","0.8846573233604431","0.8846573233604431","0.8846573233604431"
"238","475","475","475","0.6428560614585876","0.6428560614585876","0.6428560614585876"
"239","477","477","477","0.6773443818092346","0.6773443818092346","0.6773443818092346"
"240","479","479","479","0.7804149985313416","0.7804149985313416","0.7804149985313416"
"241","481","481","481","0.9096763730049133","0.9096763730049133","0.9096763730049133"
"242","483","483","483","0.7266939282417297","0.7266939282417297","0.7266939282417297"
"243","485","485","485","0.9874480962753296","0.9874480962753296","0.9874480962753296"
"244","487","487","487","0.766511082649231","0.766511082649231","0.766511082649231"
"245","489","489","489","0.7135213613510132","0.7135213613510132","0.7135213613510132"
"246","491","491","491","0.6668175458908081","0.6668175458908081","0.6668175458908081"
"247","493","493","493","0.6779164671897888","0.6779164671897888","0.6779164671897888"
"248","495","495","495","0.5869176983833313","0.5869176983833313","0.5869176983833313"
"249","497","497","497","0.7266965508460999","0.7266965508460999","0.7266965508460999"
"250","499","499","499","0.8125827312469482","0.8125827312469482","0.8125827312469482"
"251","501","501","501","0.7265645265579224","0.7265645265579224","0.7265645265579224"
"252","503","503","503","0.8349637985229492","0.8349637985229492","0.8349637985229492"
"253","505","505","505","0.6417295932769775","0.6417295932769775","0.6417295932769775"
"254","507","507","507","0.7556182146072388","0.7556182146072388","0.7556182146072388"
"255","509","509","509","0.9817392230033875","0.9817392230033875","0.9817392230033875"
"256","511","511","511","0.6709421873092651","0.6709421873092651","0.6709421873092651"
"257","513","513","513","0.8387109637260437","0.8387109637260437","0.8387109637260437"
"258","515","515","515","0.8457517623901367","0.8457517623901367","0.8457517623901367"
"259","517","517","517","1.017675518989563","1.017675518989563","1.017675518989563"
"260","519","519","519","0.956836462020874","0.956836462020874","0.956836462020874"
"261","521","521","521","0.7378168702125549","0.7378168702125549","0.7378168702125549"
"262","523","523","523","0.7941349148750305","0.7941349148750305","0.7941349148750305"
"263","525","525","525","0.8557981252670288","0.8557981252670288","0.8557981252670288"
"264","527","527","527","0.8478023409843445","0.8478023409843445","0.8478023409843445"
"265","529","529","529","0.9195155501365662","0.9195155501365662","0.9195155501365662"
"266","531","531","531","0.6806066036224365","0.6806066036224365","0.6806066036224365"
"267","533","533","533","0.8155522346496582","0.8155522346496582","0.8155522346496582"
"268","535","535","535","0.7625573873519897","0.7625573873519897","0.7625573873519897"
"269","537","537","537","0.8478750586509705","0.8478750586509705","0.8478750586509705"
"270","539","539","539","0.8369053602218628","0.8369053602218628","0.8369053602218628"
"271","541","541","541","0.7880159616470337","0.7880159616470337","0.7880159616470337"
"272","543","543","543","0.9287660717964172","0.9287660717964172","0.9287660717964172"
"273","545","545","545","0.8117427229881287","0.8117427229881287","0.8117427229881287"
"274","547","547","547","0.7288113832473755","0.7288113832473755","0.7288113832473755"
"275","549","549","549","0.679694652557373","0.679694652557373","0.679694652557373"
"276","551","551","551","0.6878677606582642","0.6878677606582642","0.6878677606582642"
"277","553","553","553","0.7674005627632141","0.7674005627632141","0.7674005627632141"
"278","555","555","555","0.8671814203262329","0.8671814203262329","0.8671814203262329"
"279","557","557","557","1.0651189088821411","1.0651189088821411","1.0651189088821411"
"280","559","559","559","0.6141107082366943","0.6141107082366943","0.6141107082366943"
"281","561","561","561","0.9796541333198547","0.9796541333198547","0.9796541333198547"
"282","563","563","563","1.0278143882751465","1.0278143882751465","1.0278143882751465"
"283","565","565","565","0.9794108271598816","0.9794108271598816","0.9794108271598816"
"284","567","567","567","0.8112363815307617","0.8112363815307617","0.8112363815307617"
"285","569","569","569","0.8481194376945496","0.8481194376945496","0.8481194376945496"
"286","571","571","571","0.7767159938812256","0.7767159938812256","0.7767159938812256"
"287","573","573","573","0.688644289970398","0.688644289970398","0.688644289970398"
"288","575","575","575","0.9170119762420654","0.9170119762420654","0.9170119762420654"
"289","577","577","577","0.8075557947158813","0.8075557947158813","0.8075557947158813"
"290","579","579","579","0.673889696598053","0.673889696598053","0.673889696598053"
"291","581","581","581","0.6297984719276428","0.6297984719276428","0.6297984719276428"
"292","583","583","583","0.5841233730316162","0.5841233730316162","0.5841233730316162"
"293","585","585","585","0.7030402421951294","0.7030402421951294","0.7030402421951294"
"294","587","587","587","0.6621976494789124","0.6621976494789124","0.6621976494789124"
"295","589","589","589","0.8529524803161621","0.8529524803161621","0.8529524803161621"
"296","591","591","591","0.9059682488441467","0.9059682488441467","0.9059682488441467"
"297","593","593","593","0.8163076639175415","0.8163076639175415","0.8163076639175415"
"298","595","595","595","0.8424621820449829","0.8424621820449829","0.8424621820449829"
"299","597","597","597","0.8811085820198059","0.8811085820198059","0.8811085820198059"
"300","599","599","599","1.1646987199783325","1.1646987199783325","1.1646987199783325"
"301","601","601","601","0.9050431251525879","0.9050431251525879","0.9050431251525879"
"302","603","603","603","1.0184531211853027","1.0184531211853027","1.0184531211853027"
"303","605","605","605","0.7220402956008911","0.7220402956008911","0.7220402956008911"
"304","607","607","607","0.8041893839836121","0.8041893839836121","0.8041893839836121"
"305","609","609","609","1.0225975513458252","1.0225975513458252","1.0225975513458252"
"306","611","611","611","0.7314395904541016","0.7314395904541016","0.7314395904541016"
"307","613","613","613","1.0247355699539185","1.0247355699539185","1.0247355699539185"
"308","615","615","615","0.627941906452179","0.627941906452179","0.627941906452179"
"309","617","617","617","0.8186582922935486","0.8186582922935486","0.8186582922935486"
"310","619","619","619","0.848015308380127","0.848015308380127","0.848015308380127"
"311","621","621","621","0.9790794253349304","0.9790794253349304","0.9790794253349304"
"312","623","623","623","1.2074851989746094","1.2074851989746094","1.2074851989746094"
"313","625","625","625","0.7778632044792175","0.7778632044792175","0.7778632044792175"
"314","627","627","627","0.8413008451461792","0.8413008451461792","0.8413008451461792"
"315","629","629","629","0.8028910160064697","0.8028910160064697","0.8028910160064697"
"316","631","631","631","0.8537408113479614","0.8537408113479614","0.8537408113479614"
"317","633","633","633","0.7565155625343323","0.7565155625343323","0.7565155625343323"
"318","635","635","635","0.8293677568435669","0.8293677568435669","0.8293677568435669"
"319","637","637","637","0.7113297581672668","0.7113297581672668","0.7113297581672668"
"320","639","639","639","0.8820949196815491","0.8820949196815491","0.8820949196815491"
"321","641","641","641","0.8304809927940369","0.8304809927940369","0.8304809927940369"
"322","643","643","643","0.9024039506912231","0.9024039506912231","0.9024039506912231"
"323","645","645","645","0.9284918904304504","0.9284918904304504","0.9284918904304504"
"324","647","647","647","0.7644249796867371","0.7644249796867371","0.7644249796867371"
"325","649","649","649","0.7879472374916077","0.7879472374916077","0.7879472374916077"
"326","651","651","651","0.737791121006012","0.737791121006012","0.737791121006012"
"327","653","653","653","0.6769036650657654","0.6769036650657654","0.6769036650657654"
"328","655","655","655","0.7995607256889343","0.7995607256889343","0.7995607256889343"
"329","657","657","657","0.7636549472808838","0.7636549472808838","0.7636549472808838"
"330","659","659","659","0.8208765387535095","0.8208765387535095","0.8208765387535095"
"331","661","661","661","0.8797619938850403","0.8797619938850403","0.8797619938850403"
"332","663","663","663","0.766395628452301","0.766395628452301","0.766395628452301"
"333","665","665","665","0.7266563773155212","0.7266563773155212","0.7266563773155212"
"334","667","667","667","0.8004826903343201","0.8004826903343201","0.8004826903343201"
"335","669","669","669","1.1091135740280151","1.1091135740280151","1.1091135740280151"
"336","671","671","671","0.785194456577301","0.785194456577301","0.785194456577301"
"337","673","673","673","0.7938637137413025","0.7938637137413025","0.7938637137413025"
"338","675","675","675","0.7698599696159363","0.7698599696159363","0.7698599696159363"
"339","677","677","677","0.6568847894668579","0.6568847894668579","0.6568847894668579"
"340","679","679","679","0.6532955765724182","0.6532955765724182","0.6532955765724182"
"341","681","681","681","0.7316634654998779","0.7316634654998779","0.7316634654998779"
"342","683","683","683","0.8537260293960571","0.8537260293960571","0.8537260293960571"
"343","685","685","685","0.8519706726074219","0.8519706726074219","0.8519706726074219"
"344","687","687","687","1.1710987091064453","1.1710987091064453","1.1710987091064453"
"345","689","689","689","0.8782190084457397","0.8782190084457397","0.8782190084457397"
"346","691","691","691","0.9020450711250305","0.9020450711250305","0.9020450711250305"
"347","693","693","693","0.9935169816017151","0.9935169816017151","0.9935169816017151"
"348","695","695","695","0.9241733551025391","0.9241733551025391","0.9241733551025391"
"349","697","697","697","0.7106545567512512","0.7106545567512512","0.7106545567512512"
"350","699","699","699","1.0252889394760132","1.0252889394760132","1.0252889394760132"
"351","701","701","701","0.8250844478607178","0.8250844478607178","0.8250844478607178"
"352","703","703","703","0.8658496141433716","0.8658496141433716","0.8658496141433716"
"353","705","705","705","0.772355854511261","0.772355854511261","0.772355854511261"
"354","707","707","707","0.7308604717254639","0.7308604717254639","0.7308604717254639"
"355","709","709","709","0.6717257499694824","0.6717257499694824","0.6717257499694824"
"356","711","711","711","0.8077153563499451","0.8077153563499451","0.8077153563499451"
"357","713","713","713","0.9960765838623047","0.9960765838623047","0.9960765838623047"
"358","715","715","715","0.7505879998207092","0.7505879998207092","0.7505879998207092"
"359","717","717","717","0.8097622394561768","0.8097622394561768","0.8097622394561768"
"360","719","719","719","0.909443199634552","0.909443199634552","0.909443199634552"
"361","721","721","721","0.8624207973480225","0.8624207973480225","0.8624207973480225"
"362","723","723","723","0.9047686457633972","0.9047686457633972","0.9047686457633972"
"363","725","725","725","0.8694133162498474","0.8694133162498474","0.8694133162498474"
"364","727","727","727","0.8295749425888062","0.8295749425888062","0.8295749425888062"
"365","729","729","729","0.8882666230201721","0.8882666230201721","0.8882666230201721"
"366","731","731","731","0.8826420903205872","0.8826420903205872","0.8826420903205872"
"367","733","733","733","0.8331859111785889","0.8331859111785889","0.8331859111785889"
"368","735","735","735","0.8536319732666016","0.8536319732666016","0.8536319732666016"
"369","737","737","737","0.7271427512168884","0.7271427512168884","0.7271427512168884"
"370","739","739","739","0.8156691789627075","0.8156691789627075","0.8156691789627075"
"371","741","741","741","0.9325211644172668","0.9325211644172668","0.9325211644172668"
"372","743","743","743","0.9595725536346436","0.9595725536346436","0.9595725536346436"
"373","745","745","745","0.8572091460227966","0.8572091460227966","0.8572091460227966"
"374","747","747","747","0.8780667781829834","0.8780667781829834","0.8780667781829834"
"375","749","749","749","0.7739281058311462","0.7739281058311462","0.7739281058311462"
"376","751","751","751","0.8983942270278931","0.8983942270278931","0.8983942270278931"
"377","753","753","753","1.0002423524856567","1.0002423524856567","1.0002423524856567"
"378","755","755","755","0.9096708297729492","0.9096708297729492","0.9096708297729492"
"379","757","757","757","0.7676081657409668","0.7676081657409668","0.7676081657409668"
"380","759","759","759","0.8576425313949585","0.8576425313949585","0.8576425313949585"
"381","761","761","761","0.8644686937332153","0.8644686937332153","0.8644686937332153"
"382","763","763","763","0.6792269945144653","0.6792269945144653","0.6792269945144653"
"383","765","765","765","0.7022490501403809","0.7022490501403809","0.7022490501403809"
"384","767","767","767","0.7022913694381714","0.7022913694381714","0.7022913694381714"
"385","769","769","769","0.8735411167144775","0.8735411167144775","0.8735411167144775"
"386","771","771","771","0.887092113494873","0.887092113494873","0.887092113494873"
"387","773","773","773","0.6789246201515198","0.6789246201515198","0.6789246201515198"
"388","775","775","775","0.7058809995651245","0.7058809995651245","0.7058809995651245"
"389","777","777","777","0.7861031889915466","0.7861031889915466","0.7861031889915466"
"390","779","779","779","0.7146928906440735","0.7146928906440735","0.7146928906440735"
"391","781","781","781","0.7777186632156372","0.7777186632156372","0.7777186632156372"
"392","783","783","783","0.6993992924690247","0.6993992924690247","0.6993992924690247"
"393","785","785","785","0.8433483242988586","0.8433483242988586","0.8433483242988586"
"394","787","787","787","0.8362720608711243","0.8362720608711243","0.8362720608711243"
"395","789","789","789","0.8034013509750366","0.8034013509750366","0.8034013509750366"
"396","791","791","791","0.8142263889312744","0.8142263889312744","0.8142263889312744"
"397","793","793","793","0.8981354236602783","0.8981354236602783","0.8981354236602783"
"398","795","795","795","0.9049592614173889","0.9049592614173889","0.9049592614173889"
"399","797","797","797","0.8400304317474365","0.8400304317474365","0.8400304317474365"
"400","799","799","799","0.7701117396354675","0.7701117396354675","0.7701117396354675"
"401","801","801","801","0.9559556245803833","0.9559556245803833","0.9559556245803833"
"402","803","803","803","0.8997098207473755","0.8997098207473755","0.8997098207473755"
"403","805","805","805","0.8482765555381775","0.8482765555381775","0.8482765555381775"
"404","807","807","807","0.9474104642868042","0.9474104642868042","0.9474104642868042"
"405","809","809","809","0.7600417137145996","0.7600417137145996","0.7600417137145996"
"406","811","811","811","0.7707377672195435","0.7707377672195435","0.7707377672195435"
"407","813","813","813","0.8555455207824707","0.8555455207824707","0.8555455207824707"
"408","815","815","815","0.7521750330924988","0.7521750330924988","0.7521750330924988"
"409","817","817","817","0.8267998695373535","0.8267998695373535","0.8267998695373535"
"410","819","819","819","1.0817415714263916","1.0817415714263916","1.0817415714263916"
"411","821","821","821","0.9180167317390442","0.9180167317390442","0.9180167317390442"
"412","823","823","823","0.7924804091453552","0.7924804091453552","0.7924804091453552"
"413","825","825","825","0.786921501159668","0.786921501159668","0.786921501159668"
"414","827","827","827","0.6589233875274658","0.6589233875274658","0.6589233875274658"
"415","829","829","829","0.7105610966682434","0.7105610966682434","0.7105610966682434"
"416","831","831","831","0.7122227549552917","0.7122227549552917","0.7122227549552917"
"417","833","833","833","0.7842053174972534","0.7842053174972534","0.7842053174972534"
"418","835","835","835","0.7594670057296753","0.7594670057296753","0.7594670057296753"
"419","837","837","837","0.7362161874771118","0.7362161874771118","0.7362161874771118"
"420","839","839","839","0.7268420457839966","0.7268420457839966","0.7268420457839966"
"421","841","841","841","0.8076932430267334","0.8076932430267334","0.8076932430267334"
"422","843","843","843","0.8028615117073059","0.8028615117073059","0.8028615117073059"
"423","845","845","845","0.9457573890686035","0.9457573890686035","0.9457573890686035"
"424","847","847","847","1.1981760263442993","1.1981760263442993","1.1981760263442993"
"425","849","849","849","0.9253255128860474","0.9253255128860474","0.9253255128860474"
"426","851","851","851","0.9748168587684631","0.9748168587684631","0.9748168587684631"
"427","853","853","853","0.9962255358695984","0.9962255358695984","0.9962255358695984"
"428","855","855","855","0.7451634407043457","0.7451634407043457","0.7451634407043457"
"429","857","857","857","0.9313657879829407","0.9313657879829407","0.9313657879829407"
"430","859","859","859","0.8724509477615356","0.8724509477615356","0.8724509477615356"
"431","861","861","861","0.9214068055152893","0.9214068055152893","0.9214068055152893"
"432","863","863","863","0.9206737875938416","0.9206737875938416","0.9206737875938416"
"433","865","865","865","0.8166269659996033","0.8166269659996033","0.8166269659996033"
"434","867","867","867","0.8188406229019165","0.8188406229019165","0.8188406229019165"
"435","869","869","869","0.8941251635551453","0.8941251635551453","0.8941251635551453"
"436","871","871","871","0.956750214099884","0.956750214099884","0.956750214099884"
"437","873","873","873","0.9065526723861694","0.9065526723861694","0.9065526723861694"
"438","875","875","875","0.7945876717567444","0.7945876717567444","0.7945876717567444"
"439","877","877","877","0.8014283180236816","0.8014283180236816","0.8014283180236816"
"440","879","879","879","0.707090437412262","0.707090437412262","0.707090437412262"
"441","881","881","881","0.7596665620803833","0.7596665620803833","0.7596665620803833"
"442","883","883","883","0.6893722414970398","0.6893722414970398","0.6893722414970398"
"443","885","885","885","0.6993446350097656","0.6993446350097656","0.6993446350097656"
"444","887","887","887","0.7324273586273193","0.7324273586273193","0.7324273586273193"
"445","889","889","889","0.8916844725608826","0.8916844725608826","0.8916844725608826"
"446","891","891","891","1.0439386367797852","1.0439386367797852","1.0439386367797852"
"447","893","893","893","0.9549573063850403","0.9549573063850403","0.9549573063850403"
"448","895","895","895","0.7365460991859436","0.7365460991859436","0.7365460991859436"
"449","897","897","897","0.7752850651741028","0.7752850651741028","0.7752850651741028"
"450","899","899","899","0.7776495218276978","0.7776495218276978","0.7776495218276978"
"451","901","901","901","0.9227057695388794","0.9227057695388794","0.9227057695388794"
"452","903","903","903","0.932948648929596","0.932948648929596","0.932948648929596"
"453","905","905","905","0.869850754737854","0.869850754737854","0.869850754737854"
"454","907","907","907","1.070047378540039","1.070047378540039","1.070047378540039"
"455","909","909","909","0.881622850894928","0.881622850894928","0.881622850894928"
"456","911","911","911","0.8863162994384766","0.8863162994384766","0.8863162994384766"
"457","913","913","913","0.9177490472793579","0.9177490472793579","0.9177490472793579"
"458","915","915","915","0.8702882528305054","0.8702882528305054","0.8702882528305054"
"459","917","917","917","0.8597234487533569","0.8597234487533569","0.8597234487533569"
"460","919","919","919","0.8165593147277832","0.8165593147277832","0.8165593147277832"
"461","921","921","921","0.9380466341972351","0.9380466341972351","0.9380466341972351"
"462","923","923","923","0.901102602481842","0.901102602481842","0.901102602481842"
"463","925","925","925","0.8081753849983215","0.8081753849983215","0.8081753849983215"
"464","927","927","927","0.7305514216423035","0.7305514216423035","0.7305514216423035"
"465","929","929","929","0.8375316858291626","0.8375316858291626","0.8375316858291626"
"466","931","931","931","0.916404128074646","0.916404128074646","0.916404128074646"
"467","933","933","933","0.9356164336204529","0.9356164336204529","0.9356164336204529"
"468","935","935","935","0.7894549369812012","0.7894549369812012","0.7894549369812012"
"469","937","937","937","0.8550282716751099","0.8550282716751099","0.8550282716751099"
"470","939","939","939","1.0082409381866455","1.0082409381866455","1.0082409381866455"
"471","941","941","941","0.8706219792366028","0.8706219792366028","0.8706219792366028"
"472","943","943","943","0.7051491737365723","0.7051491737365723","0.7051491737365723"
"473","945","945","945","0.7593063116073608","0.7593063116073608","0.7593063116073608"
"474","947","947","947","0.7712546586990356","0.7712546586990356","0.7712546586990356"
"475","949","949","949","0.8081422448158264","0.8081422448158264","0.8081422448158264"
"476","951","951","951","0.9073931574821472","0.9073931574821472","0.9073931574821472"
"477","953","953","953","1.0049781799316406","1.0049781799316406","1.0049781799316406"
"478","955","955","955","0.8083474636077881","0.8083474636077881","0.8083474636077881"
"479","957","957","957","0.8092617988586426","0.8092617988586426","0.8092617988586426"
"480","959","959","959","0.8771889805793762","0.8771889805793762","0.8771889805793762"
"481","961","961","961","0.8609127998352051","0.8609127998352051","0.8609127998352051"
"482","963","963","963","0.867321252822876","0.867321252822876","0.867321252822876"
"483","965","965","965","0.7109743356704712","0.7109743356704712","0.7109743356704712"
"484","967","967","967","0.6809212565422058","0.6809212565422058","0.6809212565422058"
"485","969","969","969","0.7291829586029053","0.7291829586029053","0.7291829586029053"
"486","971","971","971","0.7870504260063171","0.7870504260063171","0.7870504260063171"
"487","973","973","973","0.7815214395523071","0.7815214395523071","0.7815214395523071"
"488","975","975","975","0.748688280582428","0.748688280582428","0.748688280582428"
"489","977","977","977","0.7906685471534729","0.7906685471534729","0.7906685471534729"
"490","979","979","979","0.6962102651596069","0.6962102651596069","0.6962102651596069"
"491","981","981","981","0.738236129283905","0.738236129283905","0.738236129283905"
"492","983","983","983","0.7024792432785034","0.7024792432785034","0.7024792432785034"
"493","985","985","985","0.818444013595581","0.818444013595581","0.818444013595581"
"494","987","987","987","0.8871200680732727","0.8871200680732727","0.8871200680732727"
"495","989","989","989","0.945177435874939","0.945177435874939","0.945177435874939"
"496","991","991","991","0.7237640023231506","0.7237640023231506","0.7237640023231506"
"497","993","993","993","1.036643385887146","1.036643385887146","1.036643385887146"
"498","995","995","995","0.6824162602424622","0.6824162602424622","0.6824162602424622"
"499","997","997","997","0.9608699679374695","0.9608699679374695","0.9608699679374695"
"500","999","999","999","0.6803832650184631","0.6803832650184631","0.6803832650184631"
"501","1001","1001","1001","0.8968465328216553","0.8968465328216553","0.8968465328216553"
"502","1003","1003","1003","0.7837663292884827","0.7837663292884827","0.7837663292884827"
"503","1005","1005","1005","1.0137763023376465","1.0137763023376465","1.0137763023376465"
"504","1007","1007","1007","0.9077104330062866","0.9077104330062866","0.9077104330062866"
"505","1009","1009","1009","0.8869812488555908","0.8869812488555908","0.8869812488555908"
"506","1011","1011","1011","0.9163011908531189","0.9163011908531189","0.9163011908531189"
"507","1013","1013","1013","0.9718549847602844","0.9718549847602844","0.9718549847602844"
"508","1015","1015","1015","0.8188081383705139","0.8188081383705139","0.8188081383705139"
"509","1017","1017","1017","0.860654354095459","0.860654354095459","0.860654354095459"
"510","1019","1019","1019","0.9021182656288147","0.9021182656288147","0.9021182656288147"
"511","1021","1021","1021","0.9178412556648254","0.9178412556648254","0.9178412556648254"
"512","1023","1023","1023","0.8776321411132812","0.8776321411132812","0.8776321411132812"
"513","1025","1025","1025","0.7684902548789978","0.7684902548789978","0.7684902548789978"
"514","1027","1027","1027","0.7952030301094055","0.7952030301094055","0.7952030301094055"
"515","1029","1029","1029","0.7880164980888367","0.7880164980888367","0.7880164980888367"
"516","1031","1031","1031","0.7137139439582825","0.7137139439582825","0.7137139439582825"
"517","1033","1033","1033","0.8523204326629639","0.8523204326629639","0.8523204326629639"
"518","1035","1035","1035","0.8932544589042664","0.8932544589042664","0.8932544589042664"
"519","1037","1037","1037","1.019361972808838","1.019361972808838","1.019361972808838"
"520","1039","1039","1039","0.9298880696296692","0.9298880696296692","0.9298880696296692"
"521","1041","1041","1041","0.8307898044586182","0.8307898044586182","0.8307898044586182"
"522","1043","1043","1043","0.7924060225486755","0.7924060225486755","0.7924060225486755"
"523","1045","1045","1045","1.033886432647705","1.033886432647705","1.033886432647705"
"524","1047","1047","1047","1.004995346069336","1.004995346069336","1.004995346069336"
"525","1049","1049","1049","0.8075960874557495","0.8075960874557495","0.8075960874557495"
"526","1051","1051","1051","0.733859121799469","0.733859121799469","0.733859121799469"
"527","1053","1053","1053","0.7418533563613892","0.7418533563613892","0.7418533563613892"
"528","1055","1055","1055","0.815460741519928","0.815460741519928","0.815460741519928"
"529","1057","1057","1057","0.7039794921875","0.7039794921875","0.7039794921875"
"530","1059","1059","1059","0.7292211055755615","0.7292211055755615","0.7292211055755615"
"531","1061","1061","1061","0.7383505702018738","0.7383505702018738","0.7383505702018738"
"532","1063","1063","1063","0.6722357869148254","0.6722357869148254","0.6722357869148254"
"533","1065","1065","1065","0.6617076992988586","0.6617076992988586","0.6617076992988586"
"534","1067","1067","1067","0.774400532245636","0.774400532245636","0.774400532245636"
"535","1069","1069","1069","0.9842086434364319","0.9842086434364319","0.9842086434364319"
"536","1071","1071","1071","0.9880806803703308","0.9880806803703308","0.9880806803703308"
"537","1073","1073","1073","0.9517353177070618","0.9517353177070618","0.9517353177070618"
"538","1075","1075","1075","0.9204500913619995","0.9204500913619995","0.9204500913619995"
"539","1077","1077","1077","0.7419309020042419","0.7419309020042419","0.7419309020042419"
"540","1079","1079","1079","0.7241077423095703","0.7241077423095703","0.7241077423095703"
"541","1081","1081","1081","0.9028987288475037","0.9028987288475037","0.9028987288475037"
"542","1083","1083","1083","0.8941643834114075","0.8941643834114075","0.8941643834114075"
"543","1085","1085","1085","0.9097766876220703","0.9097766876220703","0.9097766876220703"
"544","1087","1087","1087","0.9389783143997192","0.9389783143997192","0.9389783143997192"
"545","1089","1089","1089","0.8976648449897766","0.8976648449897766","0.8976648449897766"
"546","1091","1091","1091","0.8533612489700317","0.8533612489700317","0.8533612489700317"
"547","1093","1093","1093","0.822953999042511","0.822953999042511","0.822953999042511"
"548","1095","1095","1095","0.9448888301849365","0.9448888301849365","0.9448888301849365"
"549","1097","1097","1097","0.8188753128051758","0.8188753128051758","0.8188753128051758"
"550","1099","1099","1099","0.8987085223197937","0.8987085223197937","0.8987085223197937"
"551","1101","1101","1101","0.886704683303833","0.886704683303833","0.886704683303833"
"552","1103","1103","1103","0.8652680516242981","0.8652680516242981","0.8652680516242981"
"553","1105","1105","1105","0.8875446319580078","0.8875446319580078","0.8875446319580078"
"554","1107","1107","1107","0.890957236289978","0.890957236289978","0.890957236289978"
"555","1109","1109","1109","0.7151825428009033","0.7151825428009033","0.7151825428009033"
"556","1111","1111","1111","0.7644462585449219","0.7644462585449219","0.7644462585449219"
"557","1113","1113","1113","0.7032467722892761","0.7032467722892761","0.7032467722892761"
"558","1115","1115","1115","0.7868099212646484","0.7868099212646484","0.7868099212646484"
"559","1117","1117","1117","0.7484592795372009","0.7484592795372009","0.7484592795372009"
"560","1119","1119","1119","0.7279263138771057","0.7279263138771057","0.7279263138771057"
"561","1121","1121","1121","0.8363240957260132","0.8363240957260132","0.8363240957260132"
"562","1123","1123","1123","0.9870542883872986","0.9870542883872986","0.9870542883872986"
"563","1125","1125","1125","0.8577425479888916","0.8577425479888916","0.8577425479888916"
"564","1127","1127","1127","0.7797403335571289","0.7797403335571289","0.7797403335571289"
"565","1129","1129","1129","0.8859206438064575","0.8859206438064575","0.8859206438064575"
"566","1131","1131","1131","0.8904789686203003","0.8904789686203003","0.8904789686203003"
"567","1133","1133","1133","0.7633134126663208","0.7633134126663208","0.7633134126663208"
"568","1135","1135","1135","0.7784624695777893","0.7784624695777893","0.7784624695777893"
"569","1137","1137","1137","0.90916907787323","0.90916907787323","0.90916907787323"
"570","1139","1139","1139","1.065103530883789","1.065103530883789","1.065103530883789"
"571","1141","1141","1141","0.6658034920692444","0.6658034920692444","0.6658034920692444"
"572","1143","1143","1143","0.8650354743003845","0.8650354743003845","0.8650354743003845"
"573","1145","1145","1145","0.7037342190742493","0.7037342190742493","0.7037342190742493"
"574","1147","1147","1147","0.8017458915710449","0.8017458915710449","0.8017458915710449"
"575","1149","1149","1149","0.7356853485107422","0.7356853485107422","0.7356853485107422"
"576","1151","1151","1151","0.8504579663276672","0.8504579663276672","0.8504579663276672"
"577","1153","1153","1153","0.7914961576461792","0.7914961576461792","0.7914961576461792"
"578","1155","1155","1155","0.7687903642654419","0.7687903642654419","0.7687903642654419"
"579","1157","1157","1157","0.7270885109901428","0.7270885109901428","0.7270885109901428"
"580","1159","1159","1159","0.7954728603363037","0.7954728603363037","0.7954728603363037"
"581","1161","1161","1161","0.8861557841300964","0.8861557841300964","0.8861557841300964"
"582","1163","1163","1163","0.9158530235290527","0.9158530235290527","0.9158530235290527"
"583","1165","1165","1165","0.8593268394470215","0.8593268394470215","0.8593268394470215"
"584","1167","1167","1167","0.7997377514839172","0.7997377514839172","0.7997377514839172"
"585","1169","1169","1169","0.7394918203353882","0.7394918203353882","0.7394918203353882"
"586","1171","1171","1171","0.7068948745727539","0.7068948745727539","0.7068948745727539"
"587","1173","1173","1173","0.7370380759239197","0.7370380759239197","0.7370380759239197"
"588","1175","1175","1175","0.7128040194511414","0.7128040194511414","0.7128040194511414"
"589","1177","1177","1177","0.8072594404220581","0.8072594404220581","0.8072594404220581"
"590","1179","1179","1179","0.8122986555099487","0.8122986555099487","0.8122986555099487"
"591","1181","1181","1181","0.79689621925354","0.79689621925354","0.79689621925354"
"592","1183","1183","1183","0.7783788442611694","0.7783788442611694","0.7783788442611694"
"593","1185","1185","1185","0.8094454407691956","0.8094454407691956","0.8094454407691956"
"594","1187","1187","1187","0.8207582831382751","0.8207582831382751","0.8207582831382751"
"595","1189","1189","1189","0.7266907691955566","0.7266907691955566","0.7266907691955566"
"596","1191","1191","1191","0.8112133741378784","0.8112133741378784","0.8112133741378784"
"597","1193","1193","1193","0.9727383255958557","0.9727383255958557","0.9727383255958557"
"598","1195","1195","1195","1.0227385759353638","1.0227385759353638","1.0227385759353638"
"599","1197","1197","1197","0.7934898734092712","0.7934898734092712","0.7934898734092712"
"600","1199","1199","1199","0.7507224678993225","0.7507224678993225","0.7507224678993225"
"601","1201","1201","1201","0.9371266961097717","0.9371266961097717","0.9371266961097717"
"602","1203","1203","1203","0.7322297692298889","0.7322297692298889","0.7322297692298889"
"603","1205","1205","1205","0.7682719230651855","0.7682719230651855","0.7682719230651855"
"604","1207","1207","1207","0.795238733291626","0.795238733291626","0.795238733291626"
"605","1209","1209","1209","0.7852106094360352","0.7852106094360352","0.7852106094360352"
"606","1211","1211","1211","0.704102098941803","0.704102098941803","0.704102098941803"
"607","1213","1213","1213","0.6820029020309448","0.6820029020309448","0.6820029020309448"
"608","1215","1215","1215","0.8175445199012756","0.8175445199012756","0.8175445199012756"
"609","1217","1217","1217","0.9409382939338684","0.9409382939338684","0.9409382939338684"
"610","1219","1219","1219","0.9463421702384949","0.9463421702384949","0.9463421702384949"
"611","1221","1221","1221","0.8062571287155151","0.8062571287155151","0.8062571287155151"
"612","1223","1223","1223","0.8309329152107239","0.8309329152107239","0.8309329152107239"
"613","1225","1225","1225","0.7902960777282715","0.7902960777282715","0.7902960777282715"
"614","1227","1227","1227","0.8971222639083862","0.8971222639083862","0.8971222639083862"
"615","1229","1229","1229","0.8572764992713928","0.8572764992713928","0.8572764992713928"
"616","1231","1231","1231","0.8155427575111389","0.8155427575111389","0.8155427575111389"
"617","1233","1233","1233","0.7893919944763184","0.7893919944763184","0.7893919944763184"
"618","1235","1235","1235","0.7430525422096252","0.7430525422096252","0.7430525422096252"
"619","1237","1237","1237","0.6162232160568237","0.6162232160568237","0.6162232160568237"
"620","1239","1239","1239","0.6030047535896301","0.6030047535896301","0.6030047535896301"
"621","1241","1241","1241","0.6887852549552917","0.6887852549552917","0.6887852549552917"
"622","1243","1243","1243","0.6213435530662537","0.6213435530662537","0.6213435530662537"
"623","1245","1245","1245","0.775100827217102","0.775100827217102","0.775100827217102"
"624","1247","1247","1247","0.8486801385879517","0.8486801385879517","0.8486801385879517"
"625","1249","1249","1249","0.8117428421974182","0.8117428421974182","0.8117428421974182"
"626","1251","1251","1251","0.7693230509757996","0.7693230509757996","0.7693230509757996"
"627","1253","1253","1253","0.727024257183075","0.727024257183075","0.727024257183075"
"628","1255","1255","1255","0.8471879363059998","0.8471879363059998","0.8471879363059998"
"629","1257","1257","1257","0.9657903909683228","0.9657903909683228","0.9657903909683228"
"630","1259","1259","1259","0.9822235703468323","0.9822235703468323","0.9822235703468323"
"631","1261","1261","1261","0.7921682596206665","0.7921682596206665","0.7921682596206665"
"632","1263","1263","1263","0.745689332485199","0.745689332485199","0.745689332485199"
"633","1265","1265","1265","0.7994964122772217","0.7994964122772217","0.7994964122772217"
"634","1267","1267","1267","0.8274250030517578","0.8274250030517578","0.8274250030517578"
"635","1269","1269","1269","0.8153369426727295","0.8153369426727295","0.8153369426727295"
"636","1271","1271","1271","0.8145306706428528","0.8145306706428528","0.8145306706428528"
"637","1273","1273","1273","0.7822641134262085","0.7822641134262085","0.7822641134262085"
"638","1275","1275","1275","0.8370710015296936","0.8370710015296936","0.8370710015296936"
"639","1277","1277","1277","0.7748075723648071","0.7748075723648071","0.7748075723648071"
"640","1279","1279","1279","0.7475993037223816","0.7475993037223816","0.7475993037223816"
"641","1281","1281","1281","0.7877345681190491","0.7877345681190491","0.7877345681190491"
"642","1283","1283","1283","0.7945722937583923","0.7945722937583923","0.7945722937583923"
"643","1285","1285","1285","0.6720200181007385","0.6720200181007385","0.6720200181007385"
"644","1287","1287","1287","0.5905370712280273","0.5905370712280273","0.5905370712280273"
"645","1289","1289","1289","0.6936156749725342","0.6936156749725342","0.6936156749725342"
"646","1291","1291","1291","0.7081179022789001","0.7081179022789001","0.7081179022789001"
"647","1293","1293","1293","0.7602664828300476","0.7602664828300476","0.7602664828300476"
"648","1295","1295","1295","0.9406187534332275","0.9406187534332275","0.9406187534332275"
"649","1297","1297","1297","0.8587048053741455","0.8587048053741455","0.8587048053741455"
"650","1299","1299","1299","0.8051726818084717","0.8051726818084717","0.8051726818084717"
"651","1301","1301","1301","0.829092800617218","0.829092800617218","0.829092800617218"
"652","1303","1303","1303","0.8751841187477112","0.8751841187477112","0.8751841187477112"
"653","1305","1305","1305","0.9032669067382812","0.9032669067382812","0.9032669067382812"
"654","1307","1307","1307","0.8570266366004944","0.8570266366004944","0.8570266366004944"
"655","1309","1309","1309","0.7684106230735779","0.7684106230735779","0.7684106230735779"
"656","1311","1311","1311","0.7931041121482849","0.7931041121482849","0.7931041121482849"
"657","1313","1313","1313","0.7551895976066589","0.7551895976066589","0.7551895976066589"
"658","1315","1315","1315","0.7688165307044983","0.7688165307044983","0.7688165307044983"
"659","1317","1317","1317","0.8947698473930359","0.8947698473930359","0.8947698473930359"
"660","1319","1319","1319","0.7977057695388794","0.7977057695388794","0.7977057695388794"
"661","1321","1321","1321","0.7477942705154419","0.7477942705154419","0.7477942705154419"
"662","1323","1323","1323","0.872549295425415","0.872549295425415","0.872549295425415"
"663","1325","1325","1325","0.6939687132835388","0.6939687132835388","0.6939687132835388"
"664","1327","1327","1327","0.8463214635848999","0.8463214635848999","0.8463214635848999"
"665","1329","1329","1329","0.8221299648284912","0.8221299648284912","0.8221299648284912"
"666","1331","1331","1331","0.8385980129241943","0.8385980129241943","0.8385980129241943"
"667","1333","1333","1333","0.8516511917114258","0.8516511917114258","0.8516511917114258"
"668","1335","1335","1335","0.8545107841491699","0.8545107841491699","0.8545107841491699"
"669","1337","1337","1337","0.7430705428123474","0.7430705428123474","0.7430705428123474"
"670","1339","1339","1339","0.71560138463974","0.71560138463974","0.71560138463974"
"671","1341","1341","1341","0.7500162720680237","0.7500162720680237","0.7500162720680237"
"672","1343","1343","1343","0.7797273397445679","0.7797273397445679","0.7797273397445679"
"673","1345","1345","1345","0.9786861538887024","0.9786861538887024","0.9786861538887024"
"674","1347","1347","1347","0.9409670829772949","0.9409670829772949","0.9409670829772949"
"675","1349","1349","1349","0.765175461769104","0.765175461769104","0.765175461769104"
"676","1351","1351","1351","0.8512516021728516","0.8512516021728516","0.8512516021728516"
"677","1353","1353","1353","0.7365189790725708","0.7365189790725708","0.7365189790725708"
"678","1355","1355","1355","0.7409656047821045","0.7409656047821045","0.7409656047821045"
"679","1357","1357","1357","0.6889638900756836","0.6889638900756836","0.6889638900756836"
"680","1359","1359","1359","0.629351794719696","0.629351794719696","0.629351794719696"
"681","1361","1361","1361","0.6896716356277466","0.6896716356277466","0.6896716356277466"
"682","1363","1363","1363","0.7375614643096924","0.7375614643096924","0.7375614643096924"
"683","1365","1365","1365","0.7391471266746521","0.7391471266746521","0.7391471266746521"
"684","1367","1367","1367","0.7049711346626282","0.7049711346626282","0.7049711346626282"
"685","1369","1369","1369","0.8130902647972107","0.8130902647972107","0.8130902647972107"
"686","1371","1371","1371","0.8292332291603088","0.8292332291603088","0.8292332291603088"
"687","1373","1373","1373","0.8387337327003479","0.8387337327003479","0.8387337327003479"
"688","1375","1375","1375","0.8870543241500854","0.8870543241500854","0.8870543241500854"
"689","1377","1377","1377","0.6958003640174866","0.6958003640174866","0.6958003640174866"
"690","1379","1379","1379","0.8521431088447571","0.8521431088447571","0.8521431088447571"
"691","1381","1381","1381","0.8302286267280579","0.8302286267280579","0.8302286267280579"
"692","1383","1383","1383","0.7459464073181152","0.7459464073181152","0.7459464073181152"
"693","1385","1385","1385","0.7884159088134766","0.7884159088134766","0.7884159088134766"
"694","1387","1387","1387","0.7509320378303528","0.7509320378303528","0.7509320378303528"
"695","1389","1389","1389","0.7495359182357788","0.7495359182357788","0.7495359182357788"
"696","1391","1391","1391","0.7941497564315796","0.7941497564315796","0.7941497564315796"
"697","1393","1393","1393","0.831278920173645","0.831278920173645","0.831278920173645"
"698","1395","1395","1395","0.8826592564582825","0.8826592564582825","0.8826592564582825"
"699","1397","1397","1397","1.0644246339797974","1.0644246339797974","1.0644246339797974"
"700","1399","1399","1399","0.7259131669998169","0.7259131669998169","0.7259131669998169"
"701","1401","1401","1401","0.6950562596321106","0.6950562596321106","0.6950562596321106"
"702","1403","1403","1403","0.8049736618995667","0.8049736618995667","0.8049736618995667"
"703","1405","1405","1405","0.7781591415405273","0.7781591415405273","0.7781591415405273"
"704","1407","1407","1407","0.7580150961875916","0.7580150961875916","0.7580150961875916"
"705","1409","1409","1409","0.8369430303573608","0.8369430303573608","0.8369430303573608"
"706","1411","1411","1411","0.7441171407699585","0.7441171407699585","0.7441171407699585"
"707","1413","1413","1413","0.7731483578681946","0.7731483578681946","0.7731483578681946"
"708","1415","1415","1415","0.6736100316047668","0.6736100316047668","0.6736100316047668"
"709","1417","1417","1417","0.6158776879310608","0.6158776879310608","0.6158776879310608"
"710","1419","1419","1419","0.5826690196990967","0.5826690196990967","0.5826690196990967"
"711","1421","1421","1421","0.6260879635810852","0.6260879635810852","0.6260879635810852"
"712","1423","1423","1423","0.6206950545310974","0.6206950545310974","0.6206950545310974"
"713","1425","1425","1425","0.696987509727478","0.696987509727478","0.696987509727478"
"714","1427","1427","1427","0.749505341053009","0.749505341053009","0.749505341053009"
"715","1429","1429","1429","0.7549096941947937","0.7549096941947937","0.7549096941947937"
"716","1431","1431","1431","0.8064698576927185","0.8064698576927185","0.8064698576927185"
"717","1433","1433","1433","0.8059040904045105","0.8059040904045105","0.8059040904045105"
"718","1435","1435","1435","0.693073570728302","0.693073570728302","0.693073570728302"
"719","1437","1437","1437","0.6783811450004578","0.6783811450004578","0.6783811450004578"
"720","1439","1439","1439","0.8098801970481873","0.8098801970481873","0.8098801970481873"
"721","1441","1441","1441","0.7504732012748718","0.7504732012748718","0.7504732012748718"
"722","1443","1443","1443","0.8251758217811584","0.8251758217811584","0.8251758217811584"
"723","1445","1445","1445","0.8349398374557495","0.8349398374557495","0.8349398374557495"
"724","1447","1447","1447","0.7432587146759033","0.7432587146759033","0.7432587146759033"
"725","1449","1449","1449","0.852466344833374","0.852466344833374","0.852466344833374"
"726","1451","1451","1451","0.8833125829696655","0.8833125829696655","0.8833125829696655"
"727","1453","1453","1453","0.902911901473999","0.902911901473999","0.902911901473999"
"728","1455","1455","1455","0.6316167116165161","0.6316167116165161","0.6316167116165161"
"729","1457","1457","1457","0.6401010155677795","0.6401010155677795","0.6401010155677795"
"730","1459","1459","1459","0.7373555898666382","0.7373555898666382","0.7373555898666382"
"731","1461","1461","1461","0.7060720920562744","0.7060720920562744","0.7060720920562744"
"732","1463","1463","1463","0.6975848078727722","0.6975848078727722","0.6975848078727722"
"733","1465","1465","1465","0.6286075711250305","0.6286075711250305","0.6286075711250305"
"734","1467","1467","1467","0.7756053805351257","0.7756053805351257","0.7756053805351257"
"735","1469","1469","1469","0.9602194428443909","0.9602194428443909","0.9602194428443909"
"736","1471","1471","1471","1.0348930358886719","1.0348930358886719","1.0348930358886719"
"737","1473","1473","1473","0.7780501246452332","0.7780501246452332","0.7780501246452332"
"738","1475","1475","1475","0.8630489110946655","0.8630489110946655","0.8630489110946655"
"739","1477","1477","1477","0.8809771537780762","0.8809771537780762","0.8809771537780762"
"740","1479","1479","1479","0.7724989652633667","0.7724989652633667","0.7724989652633667"
"741","1481","1481","1481","0.8208133578300476","0.8208133578300476","0.8208133578300476"
"742","1483","1483","1483","0.7843430638313293","0.7843430638313293","0.7843430638313293"
"743","1485","1485","1485","0.7657530307769775","0.7657530307769775","0.7657530307769775"
"744","1487","1487","1487","0.6935140490531921","0.6935140490531921","0.6935140490531921"
"745","1489","1489","1489","0.6272027492523193","0.6272027492523193","0.6272027492523193"
"746","1491","1491","1491","0.7565425634384155","0.7565425634384155","0.7565425634384155"
"747","1493","1493","1493","0.7516840100288391","0.7516840100288391","0.7516840100288391"
"748","1495","1495","1495","0.9750718474388123","0.9750718474388123","0.9750718474388123"
"749","1497","1497","1497","0.836630642414093","0.836630642414093","0.836630642414093"
"750","1499","1499","1499","0.718055248260498","0.718055248260498","0.718055248260498"
"751","1501","1501","1501","0.8191063404083252","0.8191063404083252","0.8191063404083252"
"752","1503","1503","1503","0.686005175113678","0.686005175113678","0.686005175113678"
"753","1505","1505","1505","0.6767820715904236","0.6767820715904236","0.6767820715904236"
"754","1507","1507","1507","0.7373343706130981","0.7373343706130981","0.7373343706130981"
"755","1509","1509","1509","0.6836163997650146","0.6836163997650146","0.6836163997650146"
"756","1511","1511","1511","0.6810318231582642","0.6810318231582642","0.6810318231582642"
"757","1513","1513","1513","0.7240269184112549","0.7240269184112549","0.7240269184112549"
"758","1515","1515","1515","0.798283040523529","0.798283040523529","0.798283040523529"
"759","1517","1517","1517","0.7801355123519897","0.7801355123519897","0.7801355123519897"
"760","1519","1519","1519","0.7353742122650146","0.7353742122650146","0.7353742122650146"
"761","1521","1521","1521","0.7462857961654663","0.7462857961654663","0.7462857961654663"
"762","1523","1523","1523","0.7791681885719299","0.7791681885719299","0.7791681885719299"
"763","1525","1525","1525","0.8627168536186218","0.8627168536186218","0.8627168536186218"
"764","1527","1527","1527","0.8259593844413757","0.8259593844413757","0.8259593844413757"
"765","1529","1529","1529","0.7541728615760803","0.7541728615760803","0.7541728615760803"
"766","1531","1531","1531","0.7169888019561768","0.7169888019561768","0.7169888019561768"
"767","1533","1533","1533","0.7579448819160461","0.7579448819160461","0.7579448819160461"
"768","1535","1535","1535","0.7857099175453186","0.7857099175453186","0.7857099175453186"
"769","1537","1537","1537","0.8077000379562378","0.8077000379562378","0.8077000379562378"
"770","1539","1539","1539","0.7482066750526428","0.7482066750526428","0.7482066750526428"
"771","1541","1541","1541","0.6043357849121094","0.6043357849121094","0.6043357849121094"
"772","1543","1543","1543","0.6540052890777588","0.6540052890777588","0.6540052890777588"
"773","1545","1545","1545","0.7038781642913818","0.7038781642913818","0.7038781642913818"
"774","1547","1547","1547","0.7661609649658203","0.7661609649658203","0.7661609649658203"
"775","1549","1549","1549","0.7782588005065918","0.7782588005065918","0.7782588005065918"
"776","1551","1551","1551","0.7373163104057312","0.7373163104057312","0.7373163104057312"
"777","1553","1553","1553","0.8292350172996521","0.8292350172996521","0.8292350172996521"
"778","1555","1555","1555","0.7658891677856445","0.7658891677856445","0.7658891677856445"
"779","1557","1557","1557","0.6239408850669861","0.6239408850669861","0.6239408850669861"
"780","1559","1559","1559","0.7857123613357544","0.7857123613357544","0.7857123613357544"
"781","1561","1561","1561","0.8937899470329285","0.8937899470329285","0.8937899470329285"
"782","1563","1563","1563","0.9700061082839966","0.9700061082839966","0.9700061082839966"
"783","1565","1565","1565","0.6771654486656189","0.6771654486656189","0.6771654486656189"
"784","1567","1567","1567","0.887305498123169","0.887305498123169","0.887305498123169"
"785","1569","1569","1569","0.6726613640785217","0.6726613640785217","0.6726613640785217"
"786","1571","1571","1571","0.6185266971588135","0.6185266971588135","0.6185266971588135"
"787","1573","1573","1573","0.6333580613136292","0.6333580613136292","0.6333580613136292"
"788","1575","1575","1575","0.6334720849990845","0.6334720849990845","0.6334720849990845"
"789","1577","1577","1577","0.6958733201026917","0.6958733201026917","0.6958733201026917"
"790","1579","1579","1579","0.6863614916801453","0.6863614916801453","0.6863614916801453"
"791","1581","1581","1581","0.6111331582069397","0.6111331582069397","0.6111331582069397"
"792","1583","1583","1583","0.6822564601898193","0.6822564601898193","0.6822564601898193"
"793","1585","1585","1585","0.7293825745582581","0.7293825745582581","0.7293825745582581"
"794","1587","1587","1587","0.7380663156509399","0.7380663156509399","0.7380663156509399"
"795","1589","1589","1589","0.8397199511528015","0.8397199511528015","0.8397199511528015"
"796","1591","1591","1591","0.7283098697662354","0.7283098697662354","0.7283098697662354"
"797","1593","1593","1593","0.6017564535140991","0.6017564535140991","0.6017564535140991"
"798","1595","1595","1595","0.7529715895652771","0.7529715895652771","0.7529715895652771"
"799","1597","1597","1597","0.8437780737876892","0.8437780737876892","0.8437780737876892"
"800","1599","1599","1599","0.9715545177459717","0.9715545177459717","0.9715545177459717"
"801","1601","1601","1601","0.8244068026542664","0.8244068026542664","0.8244068026542664"
"802","1603","1603","1603","0.6493242383003235","0.6493242383003235","0.6493242383003235"
"803","1605","1605","1605","0.7676695585250854","0.7676695585250854","0.7676695585250854"
"804","1607","1607","1607","0.7239835262298584","0.7239835262298584","0.7239835262298584"
"805","1609","1609","1609","0.7735764980316162","0.7735764980316162","0.7735764980316162"
"806","1611","1611","1611","0.7553938031196594","0.7553938031196594","0.7553938031196594"
"807","1613","1613","1613","0.8675152063369751","0.8675152063369751","0.8675152063369751"
"808","1615","1615","1615","0.8915579915046692","0.8915579915046692","0.8915579915046692"
"809","1617","1617","1617","0.7897085547447205","0.7897085547447205","0.7897085547447205"
"810","1619","1619","1619","0.835841715335846","0.835841715335846","0.835841715335846"
"811","1621","1621","1621","0.7734194397926331","0.7734194397926331","0.7734194397926331"
"812","1623","1623","1623","0.8051410913467407","0.8051410913467407","0.8051410913467407"
"813","1625","1625","1625","0.8024196624755859","0.8024196624755859","0.8024196624755859"
"814","1627","1627","1627","0.7693039774894714","0.7693039774894714","0.7693039774894714"
"815","1629","1629","1629","0.6373072266578674","0.6373072266578674","0.6373072266578674"
"816","1631","1631","1631","0.6291449069976807","0.6291449069976807","0.6291449069976807"
"817","1633","1633","1633","0.5904661417007446","0.5904661417007446","0.5904661417007446"
"818","1635","1635","1635","0.5955620408058167","0.5955620408058167","0.5955620408058167"
"819","1637","1637","1637","0.6880606412887573","0.6880606412887573","0.6880606412887573"
"820","1639","1639","1639","0.618159294128418","0.618159294128418","0.618159294128418"
"821","1641","1641","1641","0.6750448942184448","0.6750448942184448","0.6750448942184448"
"822","1643","1643","1643","0.6650281548500061","0.6650281548500061","0.6650281548500061"
"823","1645","1645","1645","0.6736573576927185","0.6736573576927185","0.6736573576927185"
"824","1647","1647","1647","0.7569506764411926","0.7569506764411926","0.7569506764411926"
"825","1649","1649","1649","0.7802925109863281","0.7802925109863281","0.7802925109863281"
"826","1651","1651","1651","0.7441061735153198","0.7441061735153198","0.7441061735153198"
"827","1653","1653","1653","0.704371452331543","0.704371452331543","0.704371452331543"
"828","1655","1655","1655","0.6815482378005981","0.6815482378005981","0.6815482378005981"
"829","1657","1657","1657","0.8617245554924011","0.8617245554924011","0.8617245554924011"
"830","1659","1659","1659","0.779185950756073","0.779185950756073","0.779185950756073"
"831","1661","1661","1661","0.7309648394584656","0.7309648394584656","0.7309648394584656"
"832","1663","1663","1663","0.7664144039154053","0.7664144039154053","0.7664144039154053"
"833","1665","1665","1665","0.7299579977989197","0.7299579977989197","0.7299579977989197"
"834","1667","1667","1667","0.661797821521759","0.661797821521759","0.661797821521759"
"835","1669","1669","1669","0.7149344086647034","0.7149344086647034","0.7149344086647034"
"836","1671","1671","1671","0.6401854157447815","0.6401854157447815","0.6401854157447815"
"837","1673","1673","1673","0.6951661705970764","0.6951661705970764","0.6951661705970764"
"838","1675","1675","1675","0.7408055663108826","0.7408055663108826","0.7408055663108826"
"839","1677","1677","1677","0.7332850694656372","0.7332850694656372","0.7332850694656372"
"840","1679","1679","1679","0.6595792174339294","0.6595792174339294","0.6595792174339294"
"841","1681","1681","1681","0.6587188839912415","0.6587188839912415","0.6587188839912415"
"842","1683","1683","1683","0.7216528058052063","0.7216528058052063","0.7216528058052063"
"843","1685","1685","1685","0.8208631277084351","0.8208631277084351","0.8208631277084351"
"844","1687","1687","1687","0.8818007707595825","0.8818007707595825","0.8818007707595825"
"845","1689","1689","1689","0.6853074431419373","0.6853074431419373","0.6853074431419373"
"846","1691","1691","1691","0.7337934970855713","0.7337934970855713","0.7337934970855713"
"847","1693","1693","1693","0.6288362145423889","0.6288362145423889","0.6288362145423889"
"848","1695","1695","1695","0.6484357118606567","0.6484357118606567","0.6484357118606567"
"849","1697","1697","1697","0.6053540706634521","0.6053540706634521","0.6053540706634521"
"850","1699","1699","1699","0.6413334012031555","0.6413334012031555","0.6413334012031555"
"851","1701","1701","1701","0.7110431790351868","0.7110431790351868","0.7110431790351868"
"852","1703","1703","1703","0.777671754360199","0.777671754360199","0.777671754360199"
"853","1705","1705","1705","0.7789196968078613","0.7789196968078613","0.7789196968078613"
"854","1707","1707","1707","0.8099592328071594","0.8099592328071594","0.8099592328071594"
"855","1709","1709","1709","0.676007091999054","0.676007091999054","0.676007091999054"
"856","1711","1711","1711","0.666747510433197","0.666747510433197","0.666747510433197"
"857","1713","1713","1713","0.6007459759712219","0.6007459759712219","0.6007459759712219"
"858","1715","1715","1715","0.6771434545516968","0.6771434545516968","0.6771434545516968"
"859","1717","1717","1717","0.7294129133224487","0.7294129133224487","0.7294129133224487"
"860","1719","1719","1719","0.7951402068138123","0.7951402068138123","0.7951402068138123"
"861","1721","1721","1721","0.787388026714325","0.787388026714325","0.787388026714325"
"862","1723","1723","1723","0.6338300704956055","0.6338300704956055","0.6338300704956055"
"863","1725","1725","1725","0.5778871178627014","0.5778871178627014","0.5778871178627014"
"864","1727","1727","1727","0.6169556379318237","0.6169556379318237","0.6169556379318237"
"865","1729","1729","1729","0.6726540327072144","0.6726540327072144","0.6726540327072144"
"866","1731","1731","1731","0.7760974764823914","0.7760974764823914","0.7760974764823914"
"867","1733","1733","1733","0.6640039682388306","0.6640039682388306","0.6640039682388306"
"868","1735","1735","1735","0.6139699816703796","0.6139699816703796","0.6139699816703796"
"869","1737","1737","1737","0.7693338394165039","0.7693338394165039","0.7693338394165039"
"870","1739","1739","1739","0.651714026927948","0.651714026927948","0.651714026927948"
"871","1741","1741","1741","0.7360818386077881","0.7360818386077881","0.7360818386077881"
"872","1743","1743","1743","0.6834138035774231","0.6834138035774231","0.6834138035774231"
"873","1745","1745","1745","0.6674488186836243","0.6674488186836243","0.6674488186836243"
"874","1747","1747","1747","0.7357752919197083","0.7357752919197083","0.7357752919197083"
"875","1749","1749","1749","0.6361663937568665","0.6361663937568665","0.6361663937568665"
"876","1751","1751","1751","0.6550171971321106","0.6550171971321106","0.6550171971321106"
"877","1753","1753","1753","0.6430850028991699","0.6430850028991699","0.6430850028991699"
"878","1755","1755","1755","0.7066797018051147","0.7066797018051147","0.7066797018051147"
"879","1757","1757","1757","0.7493568658828735","0.7493568658828735","0.7493568658828735"
"880","1759","1759","1759","0.781248152256012","0.781248152256012","0.781248152256012"
"881","1761","1761","1761","0.8254669904708862","0.8254669904708862","0.8254669904708862"
"882","1763","1763","1763","0.8373410105705261","0.8373410105705261","0.8373410105705261"
"883","1765","1765","1765","0.8314501643180847","0.8314501643180847","0.8314501643180847"
"884","1767","1767","1767","0.7530328035354614","0.7530328035354614","0.7530328035354614"
"885","1769","1769","1769","0.7215271592140198","0.7215271592140198","0.7215271592140198"
"886","1771","1771","1771","0.7151042222976685","0.7151042222976685","0.7151042222976685"
"887","1773","1773","1773","0.6817762851715088","0.6817762851715088","0.6817762851715088"
"888","1775","1775","1775","0.7240399122238159","0.7240399122238159","0.7240399122238159"
"889","1777","1777","1777","0.6876725554466248","0.6876725554466248","0.6876725554466248"
"890","1779","1779","1779","0.8227214217185974","0.8227214217185974","0.8227214217185974"
"891","1781","1781","1781","0.8685616254806519","0.8685616254806519","0.8685616254806519"
"892","1783","1783","1783","0.6838483214378357","0.6838483214378357","0.6838483214378357"
"893","1785","1785","1785","0.6800215244293213","0.6800215244293213","0.6800215244293213"
"894","1787","1787","1787","0.8025680780410767","0.8025680780410767","0.8025680780410767"
"895","1789","1789","1789","0.8015468120574951","0.8015468120574951","0.8015468120574951"
"896","1791","1791","1791","0.7215815782546997","0.7215815782546997","0.7215815782546997"
"897","1793","1793","1793","0.7063366174697876","0.7063366174697876","0.7063366174697876"
"898","1795","1795","1795","0.7555321455001831","0.7555321455001831","0.7555321455001831"
"899","1797","1797","1797","0.7606464624404907","0.7606464624404907","0.7606464624404907"
"900","1799","1799","1799","0.8496348857879639","0.8496348857879639","0.8496348857879639"
"901","1801","1801","1801","0.8525558710098267","0.8525558710098267","0.8525558710098267"
"902","1803","1803","1803","0.6637080311775208","0.6637080311775208","0.6637080311775208"
"903","1805","1805","1805","0.6561295390129089","0.6561295390129089","0.6561295390129089"
"904","1807","1807","1807","0.7606562972068787","0.7606562972068787","0.7606562972068787"
"905","1809","1809","1809","0.7771000862121582","0.7771000862121582","0.7771000862121582"
"906","1811","1811","1811","0.7520705461502075","0.7520705461502075","0.7520705461502075"
"907","1813","1813","1813","0.7521153092384338","0.7521153092384338","0.7521153092384338"
"908","1815","1815","1815","0.7770417928695679","0.7770417928695679","0.7770417928695679"
"909","1817","1817","1817","0.7689085602760315","0.7689085602760315","0.7689085602760315"
"910","1819","1819","1819","0.7646244764328003","0.7646244764328003","0.7646244764328003"
"911","1821","1821","1821","0.7415797114372253","0.7415797114372253","0.7415797114372253"
"912","1823","1823","1823","0.755355954170227","0.755355954170227","0.755355954170227"
"913","1825","1825","1825","0.754982590675354","0.754982590675354","0.754982590675354"
"914","1827","1827","1827","0.6719862222671509","0.6719862222671509","0.6719862222671509"
"915","1829","1829","1829","0.6534660458564758","0.6534660458564758","0.6534660458564758"
"916","1831","1831","1831","0.6417336463928223","0.6417336463928223","0.6417336463928223"
"917","1833","1833","1833","0.6201291084289551","0.6201291084289551","0.6201291084289551"
"918","1835","1835","1835","0.5736395716667175","0.5736395716667175","0.5736395716667175"
"919","1837","1837","1837","0.6645393371582031","0.6645393371582031","0.6645393371582031"
"920","1839","1839","1839","0.8277552127838135","0.8277552127838135","0.8277552127838135"
"921","1841","1841","1841","0.8229944109916687","0.8229944109916687","0.8229944109916687"
"922","1843","1843","1843","0.829123854637146","0.829123854637146","0.829123854637146"
"923","1845","1845","1845","0.6202074289321899","0.6202074289321899","0.6202074289321899"
"924","1847","1847","1847","0.7841672897338867","0.7841672897338867","0.7841672897338867"
"925","1849","1849","1849","0.7816188931465149","0.7816188931465149","0.7816188931465149"
"926","1851","1851","1851","0.7263097763061523","0.7263097763061523","0.7263097763061523"
"927","1853","1853","1853","0.7280125617980957","0.7280125617980957","0.7280125617980957"
"928","1855","1855","1855","0.7345255613327026","0.7345255613327026","0.7345255613327026"
"929","1857","1857","1857","0.6768630146980286","0.6768630146980286","0.6768630146980286"
"930","1859","1859","1859","0.666233479976654","0.666233479976654","0.666233479976654"
"931","1861","1861","1861","0.6615516543388367","0.6615516543388367","0.6615516543388367"
"932","1863","1863","1863","0.8345769047737122","0.8345769047737122","0.8345769047737122"
"933","1865","1865","1865","0.7352834343910217","0.7352834343910217","0.7352834343910217"
"934","1867","1867","1867","0.723423421382904","0.723423421382904","0.723423421382904"
"935","1869","1869","1869","0.7001596689224243","0.7001596689224243","0.7001596689224243"
"936","1871","1871","1871","0.7136460542678833","0.7136460542678833","0.7136460542678833"
"937","1873","1873","1873","0.7037936449050903","0.7037936449050903","0.7037936449050903"
"938","1875","1875","1875","0.6385767459869385","0.6385767459869385","0.6385767459869385"
"939","1877","1877","1877","0.6335843205451965","0.6335843205451965","0.6335843205451965"
"940","1879","1879","1879","0.6356692910194397","0.6356692910194397","0.6356692910194397"
"941","1881","1881","1881","0.6417003273963928","0.6417003273963928","0.6417003273963928"
"942","1883","1883","1883","0.6829858422279358","0.6829858422279358","0.6829858422279358"
"943","1885","1885","1885","0.6232963800430298","0.6232963800430298","0.6232963800430298"
"944","1887","1887","1887","0.7006702423095703","0.7006702423095703","0.7006702423095703"
"945","1889","1889","1889","0.7506060004234314","0.7506060004234314","0.7506060004234314"
"946","1891","1891","1891","0.7075559496879578","0.7075559496879578","0.7075559496879578"
"947","1893","1893","1893","0.8208785653114319","0.8208785653114319","0.8208785653114319"
"948","1895","1895","1895","0.7283865809440613","0.7283865809440613","0.7283865809440613"
"949","1897","1897","1897","0.74196457862854","0.74196457862854","0.74196457862854"
"950","1899","1899","1899","0.8523149490356445","0.8523149490356445","0.8523149490356445"
"951","1901","1901","1901","0.7312813401222229","0.7312813401222229","0.7312813401222229"
"952","1903","1903","1903","0.6678764224052429","0.6678764224052429","0.6678764224052429"
"953","1905","1905","1905","0.7018086314201355","0.7018086314201355","0.7018086314201355"
"954","1907","1907","1907","0.6932096481323242","0.6932096481323242","0.6932096481323242"
"955","1909","1909","1909","0.5914281010627747","0.5914281010627747","0.5914281010627747"
"956","1911","1911","1911","0.5929232835769653","0.5929232835769653","0.5929232835769653"
"957","1913","1913","1913","0.6809077262878418","0.6809077262878418","0.6809077262878418"
"958","1915","1915","1915","0.7285560965538025","0.7285560965538025","0.7285560965538025"
"959","1917","1917","1917","0.8608792424201965","0.8608792424201965","0.8608792424201965"
"960","1919","1919","1919","0.6960449814796448","0.6960449814796448","0.6960449814796448"
"961","1921","1921","1921","0.668799102306366","0.668799102306366","0.668799102306366"
"962","1923","1923","1923","0.7677899599075317","0.7677899599075317","0.7677899599075317"
"963","1925","1925","1925","0.7568274140357971","0.7568274140357971","0.7568274140357971"
"964","1927","1927","1927","0.7515900135040283","0.7515900135040283","0.7515900135040283"
"965","1929","1929","1929","0.7723249793052673","0.7723249793052673","0.7723249793052673"
"966","1931","1931","1931","0.6432345509529114","0.6432345509529114","0.6432345509529114"
"967","1933","1933","1933","0.6589210629463196","0.6589210629463196","0.6589210629463196"
"968","1935","1935","1935","0.70631343126297","0.70631343126297","0.70631343126297"
"969","1937","1937","1937","0.7731135487556458","0.7731135487556458","0.7731135487556458"
"970","1939","1939","1939","0.7143195867538452","0.7143195867538452","0.7143195867538452"
"971","1941","1941","1941","0.716644287109375","0.716644287109375","0.716644287109375"
"972","1943","1943","1943","0.7279186844825745","0.7279186844825745","0.7279186844825745"
"973","1945","1945","1945","0.7633810639381409","0.7633810639381409","0.7633810639381409"
"974","1947","1947","1947","0.8427729606628418","0.8427729606628418","0.8427729606628418"
"975","1949","1949","1949","0.8482677340507507","0.8482677340507507","0.8482677340507507"
"976","1951","1951","1951","0.7325448393821716","0.7325448393821716","0.7325448393821716"
"977","1953","1953","1953","0.6976007223129272","0.6976007223129272","0.6976007223129272"
"978","1955","1955","1955","0.7124482989311218","0.7124482989311218","0.7124482989311218"
"979","1957","1957","1957","0.7522944211959839","0.7522944211959839","0.7522944211959839"
"980","1959","1959","1959","0.8279649615287781","0.8279649615287781","0.8279649615287781"
"981","1961","1961","1961","0.6986653208732605","0.6986653208732605","0.6986653208732605"
"982","1963","1963","1963","0.6703828573226929","0.6703828573226929","0.6703828573226929"
"983","1965","1965","1965","0.7082796692848206","0.7082796692848206","0.7082796692848206"
"984","1967","1967","1967","0.7107463479042053","0.7107463479042053","0.7107463479042053"
"985","1969","1969","1969","0.7762492299079895","0.7762492299079895","0.7762492299079895"
"986","1971","1971","1971","0.7855028510093689","0.7855028510093689","0.7855028510093689"
"987","1973","1973","1973","0.6397601962089539","0.6397601962089539","0.6397601962089539"
"988","1975","1975","1975","0.6884753704071045","0.6884753704071045","0.6884753704071045"
"989","1977","1977","1977","0.7184815406799316","0.7184815406799316","0.7184815406799316"
"990","1979","1979","1979","0.6976029276847839","0.6976029276847839","0.6976029276847839"
"991","1981","1981","1981","0.6761079430580139","0.6761079430580139","0.6761079430580139"
"992","1983","1983","1983","0.58598393201828","0.58598393201828","0.58598393201828"
"993","1985","1985","1985","0.6337588429450989","0.6337588429450989","0.6337588429450989"
"994","1987","1987","1987","0.7197670340538025","0.7197670340538025","0.7197670340538025"
"995","1989","1989","1989","0.6873688697814941","0.6873688697814941","0.6873688697814941"
"996","1991","1991","1991","0.6699968576431274","0.6699968576431274","0.6699968576431274"
"997","1993","1993","1993","0.8581115007400513","0.8581115007400513","0.8581115007400513"
"998","1995","1995","1995","0.8794227838516235","0.8794227838516235","0.8794227838516235"
"999","1997","1997","1997","0.7769443392753601","0.7769443392753601","0.7769443392753601"
"1000","1999","1999","1999","0.7512848377227783","0.7512848377227783","0.7512848377227783"
"1001","2001","2001","2001","0.703058660030365","0.703058660030365","0.703058660030365"
"1002","2003","2003","2003","0.7911967635154724","0.7911967635154724","0.7911967635154724"
"1003","2005","2005","2005","0.7226186394691467","0.7226186394691467","0.7226186394691467"
"1004","2007","2007","2007","0.7038436532020569","0.7038436532020569","0.7038436532020569"
"1005","2009","2009","2009","0.7169762849807739","0.7169762849807739","0.7169762849807739"
"1006","2011","2011","2011","0.6935585737228394","0.6935585737228394","0.6935585737228394"
"1007","2013","2013","2013","0.6561051607131958","0.6561051607131958","0.6561051607131958"
"1008","2015","2015","2015","0.6182641386985779","0.6182641386985779","0.6182641386985779"
"1009","2017","2017","2017","0.5953871607780457","0.5953871607780457","0.5953871607780457"
"1010","2019","2019","2019","0.6453540325164795","0.6453540325164795","0.6453540325164795"
"1011","2021","2021","2021","0.6971675157546997","0.6971675157546997","0.6971675157546997"
"1012","2023","2023","2023","0.787611186504364","0.787611186504364","0.787611186504364"
"1013","2025","2025","2025","0.7018892168998718","0.7018892168998718","0.7018892168998718"
"1014","2027","2027","2027","0.6307006478309631","0.6307006478309631","0.6307006478309631"
"1015","2029","2029","2029","0.6533669829368591","0.6533669829368591","0.6533669829368591"
"1016","2031","2031","2031","0.6400579214096069","0.6400579214096069","0.6400579214096069"
"1017","2033","2033","2033","0.6858528852462769","0.6858528852462769","0.6858528852462769"
"1018","2035","2035","2035","0.6639851927757263","0.6639851927757263","0.6639851927757263"
"1019","2037","2037","2037","0.6896735429763794","0.6896735429763794","0.6896735429763794"
"1020","2039","2039","2039","0.744972288608551","0.744972288608551","0.744972288608551"
"1021","2041","2041","2041","0.8298144936561584","0.8298144936561584","0.8298144936561584"
"1022","2043","2043","2043","0.7361530661582947","0.7361530661582947","0.7361530661582947"
"1023","2045","2045","2045","0.7451887130737305","0.7451887130737305","0.7451887130737305"
"1024","2047","2047","2047","0.6519190669059753","0.6519190669059753","0.6519190669059753"
"1025","2049","2049","2049","0.6741513609886169","0.6741513609886169","0.6741513609886169"
"1026","2051","2051","2051","0.7181119918823242","0.7181119918823242","0.7181119918823242"
"1027","2053","2053","2053","0.7133020162582397","0.7133020162582397","0.7133020162582397"
"1028","2055","2055","2055","0.7112265825271606","0.7112265825271606","0.7112265825271606"
"1029","2057","2057","2057","0.7687617540359497","0.7687617540359497","0.7687617540359497"
"1030","2059","2059","2059","0.7201877236366272","0.7201877236366272","0.7201877236366272"
"1031","2061","2061","2061","0.7035155892372131","0.7035155892372131","0.7035155892372131"
"1032","2063","2063","2063","0.751678466796875","0.751678466796875","0.751678466796875"
"1033","2065","2065","2065","0.6976057291030884","0.6976057291030884","0.6976057291030884"
"1034","2067","2067","2067","0.779751181602478","0.779751181602478","0.779751181602478"
"1035","2069","2069","2069","0.7197445034980774","0.7197445034980774","0.7197445034980774"
"1036","2071","2071","2071","0.6569732427597046","0.6569732427597046","0.6569732427597046"
"1037","2073","2073","2073","0.6997190713882446","0.6997190713882446","0.6997190713882446"
"1038","2075","2075","2075","0.6997637748718262","0.6997637748718262","0.6997637748718262"
"1039","2077","2077","2077","0.7813636064529419","0.7813636064529419","0.7813636064529419"
"1040","2079","2079","2079","0.7731238007545471","0.7731238007545471","0.7731238007545471"
"1041","2081","2081","2081","0.6938465237617493","0.6938465237617493","0.6938465237617493"
"1042","2083","2083","2083","0.7948725819587708","0.7948725819587708","0.7948725819587708"
"1043","2085","2085","2085","0.7479024529457092","0.7479024529457092","0.7479024529457092"
"1044","2087","2087","2087","0.6191141605377197","0.6191141605377197","0.6191141605377197"
"1045","2089","2089","2089","0.7633569240570068","0.7633569240570068","0.7633569240570068"
"1046","2091","2091","2091","0.7832320332527161","0.7832320332527161","0.7832320332527161"
"1047","2093","2093","2093","0.6788485646247864","0.6788485646247864","0.6788485646247864"
"1048","2095","2095","2095","0.7965835928916931","0.7965835928916931","0.7965835928916931"
"1049","2097","2097","2097","0.6953611373901367","0.6953611373901367","0.6953611373901367"
"1050","2099","2099","2099","0.7656643390655518","0.7656643390655518","0.7656643390655518"
"1051","2101","2101","2101","0.712593674659729","0.712593674659729","0.712593674659729"
"1052","2103","2103","2103","0.7181904911994934","0.7181904911994934","0.7181904911994934"
"1053","2105","2105","2105","0.596782386302948","0.596782386302948","0.596782386302948"
"1054","2107","2107","2107","0.6497214436531067","0.6497214436531067","0.6497214436531067"
"1055","2109","2109","2109","0.6782390475273132","0.6782390475273132","0.6782390475273132"
"1056","2111","2111","2111","0.7534791827201843","0.7534791827201843","0.7534791827201843"
"1057","2113","2113","2113","0.6947171092033386","0.6947171092033386","0.6947171092033386"
"1058","2115","2115","2115","0.6670054197311401","0.6670054197311401","0.6670054197311401"
"1059","2117","2117","2117","0.645098090171814","0.645098090171814","0.645098090171814"
"1060","2119","2119","2119","0.7468755841255188","0.7468755841255188","0.7468755841255188"
"1061","2121","2121","2121","0.7796659469604492","0.7796659469604492","0.7796659469604492"
"1062","2123","2123","2123","0.6739355325698853","0.6739355325698853","0.6739355325698853"
"1063","2125","2125","2125","0.7226855158805847","0.7226855158805847","0.7226855158805847"
"1064","2127","2127","2127","0.7045392394065857","0.7045392394065857","0.7045392394065857"
"1065","2129","2129","2129","0.6378507018089294","0.6378507018089294","0.6378507018089294"
"1066","2131","2131","2131","0.6761267781257629","0.6761267781257629","0.6761267781257629"
"1067","2133","2133","2133","0.5726672410964966","0.5726672410964966","0.5726672410964966"
"1068","2135","2135","2135","0.5861244797706604","0.5861244797706604","0.5861244797706604"
"1069","2137","2137","2137","0.6657450199127197","0.6657450199127197","0.6657450199127197"
"1070","2139","2139","2139","0.7962992787361145","0.7962992787361145","0.7962992787361145"
"1071","2141","2141","2141","0.7632551789283752","0.7632551789283752","0.7632551789283752"
"1072","2143","2143","2143","0.6411722898483276","0.6411722898483276","0.6411722898483276"
"1073","2145","2145","2145","0.7045083045959473","0.7045083045959473","0.7045083045959473"
"1074","2147","2147","2147","0.7345460057258606","0.7345460057258606","0.7345460057258606"
"1075","2149","2149","2149","0.6790478825569153","0.6790478825569153","0.6790478825569153"
"1076","2151","2151","2151","0.6656823754310608","0.6656823754310608","0.6656823754310608"
"1077","2153","2153","2153","0.6728756427764893","0.6728756427764893","0.6728756427764893"
"1078","2155","2155","2155","0.6154178380966187","0.6154178380966187","0.6154178380966187"
"1079","2157","2157","2157","0.6543471813201904","0.6543471813201904","0.6543471813201904"
"1080","2159","2159","2159","0.7277945280075073","0.7277945280075073","0.7277945280075073"
"1081","2161","2161","2161","0.6799368858337402","0.6799368858337402","0.6799368858337402"
"1082","2163","2163","2163","0.6635134816169739","0.6635134816169739","0.6635134816169739"
"1083","2165","2165","2165","0.674498975276947","0.674498975276947","0.674498975276947"
"1084","2167","2167","2167","0.6654379963874817","0.6654379963874817","0.6654379963874817"
"1085","2169","2169","2169","0.6856021881103516","0.6856021881103516","0.6856021881103516"
"1086","2171","2171","2171","0.6927058696746826","0.6927058696746826","0.6927058696746826"
"1087","2173","2173","2173","0.6968628764152527","0.6968628764152527","0.6968628764152527"
"1088","2175","2175","2175","0.6405073404312134","0.6405073404312134","0.6405073404312134"
"1089","2177","2177","2177","0.6229246258735657","0.6229246258735657","0.6229246258735657"
"1090","2179","2179","2179","0.650175154209137","0.650175154209137","0.650175154209137"
"1091","2181","2181","2181","0.6136607527732849","0.6136607527732849","0.6136607527732849"
"1092","2183","2183","2183","0.6667191982269287","0.6667191982269287","0.6667191982269287"
"1093","2185","2185","2185","0.7742740511894226","0.7742740511894226","0.7742740511894226"
"1094","2187","2187","2187","0.807077944278717","0.807077944278717","0.807077944278717"
"1095","2189","2189","2189","0.6921306252479553","0.6921306252479553","0.6921306252479553"
"1096","2191","2191","2191","0.7885465621948242","0.7885465621948242","0.7885465621948242"
"1097","2193","2193","2193","0.7352692484855652","0.7352692484855652","0.7352692484855652"
"1098","2195","2195","2195","0.6913968324661255","0.6913968324661255","0.6913968324661255"
"1099","2197","2197","2197","0.7344899773597717","0.7344899773597717","0.7344899773597717"
"1100","2199","2199","2199","0.7014809846878052","0.7014809846878052","0.7014809846878052"
"1101","2201","2201","2201","0.7232845425605774","0.7232845425605774","0.7232845425605774"
"1102","2203","2203","2203","0.7163406014442444","0.7163406014442444","0.7163406014442444"
"1103","2205","2205","2205","0.7163004279136658","0.7163004279136658","0.7163004279136658"
"1104","2207","2207","2207","0.582402765750885","0.582402765750885","0.582402765750885"
"1105","2209","2209","2209","0.5937216281890869","0.5937216281890869","0.5937216281890869"
"1106","2211","2211","2211","0.5535359978675842","0.5535359978675842","0.5535359978675842"
"1107","2213","2213","2213","0.6389756798744202","0.6389756798744202","0.6389756798744202"
"1108","2215","2215","2215","0.6352851986885071","0.6352851986885071","0.6352851986885071"
"1109","2217","2217","2217","0.5698527097702026","0.5698527097702026","0.5698527097702026"
"1110","2219","2219","2219","0.6254472732543945","0.6254472732543945","0.6254472732543945"
"1111","2221","2221","2221","0.6843270063400269","0.6843270063400269","0.6843270063400269"
"1112","2223","2223","2223","0.736679196357727","0.736679196357727","0.736679196357727"
"1113","2225","2225","2225","0.7834159731864929","0.7834159731864929","0.7834159731864929"
"1114","2227","2227","2227","0.7243218421936035","0.7243218421936035","0.7243218421936035"
"1115","2229","2229","2229","0.737811803817749","0.737811803817749","0.737811803817749"
"1116","2231","2231","2231","0.7211030721664429","0.7211030721664429","0.7211030721664429"
"1117","2233","2233","2233","0.6818874478340149","0.6818874478340149","0.6818874478340149"
"1118","2235","2235","2235","0.7040669322013855","0.7040669322013855","0.7040669322013855"
"1119","2237","2237","2237","0.6492577195167542","0.6492577195167542","0.6492577195167542"
"1120","2239","2239","2239","0.6929364800453186","0.6929364800453186","0.6929364800453186"
"1121","2241","2241","2241","0.7101663947105408","0.7101663947105408","0.7101663947105408"
"1122","2243","2243","2243","0.693850576877594","0.693850576877594","0.693850576877594"
"1123","2245","2245","2245","0.6538116931915283","0.6538116931915283","0.6538116931915283"
"1124","2247","2247","2247","0.6351335644721985","0.6351335644721985","0.6351335644721985"
"1125","2249","2249","2249","0.5946765542030334","0.5946765542030334","0.5946765542030334"
"1126","2251","2251","2251","0.5419435501098633","0.5419435501098633","0.5419435501098633"
"1127","2253","2253","2253","0.5609230399131775","0.5609230399131775","0.5609230399131775"
"1128","2255","2255","2255","0.5559543371200562","0.5559543371200562","0.5559543371200562"
"1129","2257","2257","2257","0.6619427800178528","0.6619427800178528","0.6619427800178528"
"1130","2259","2259","2259","0.6610819101333618","0.6610819101333618","0.6610819101333618"
"1131","2261","2261","2261","0.6805737614631653","0.6805737614631653","0.6805737614631653"
"1132","2263","2263","2263","0.6791391968727112","0.6791391968727112","0.6791391968727112"
"1133","2265","2265","2265","0.6500033736228943","0.6500033736228943","0.6500033736228943"
"1134","2267","2267","2267","0.657585859298706","0.657585859298706","0.657585859298706"
"1135","2269","2269","2269","0.7233698964118958","0.7233698964118958","0.7233698964118958"
"1136","2271","2271","2271","0.7084744572639465","0.7084744572639465","0.7084744572639465"
"1137","2273","2273","2273","0.7245345711708069","0.7245345711708069","0.7245345711708069"
"1138","2275","2275","2275","0.6149249076843262","0.6149249076843262","0.6149249076843262"
"1139","2277","2277","2277","0.6795777678489685","0.6795777678489685","0.6795777678489685"
"1140","2279","2279","2279","0.7576223015785217","0.7576223015785217","0.7576223015785217"
"1141","2281","2281","2281","0.6075122356414795","0.6075122356414795","0.6075122356414795"
"1142","2283","2283","2283","0.6180854439735413","0.6180854439735413","0.6180854439735413"
"1143","2285","2285","2285","0.6026718616485596","0.6026718616485596","0.6026718616485596"
"1144","2287","2287","2287","0.6224632859230042","0.6224632859230042","0.6224632859230042"
"1145","2289","2289","2289","0.7132834792137146","0.7132834792137146","0.7132834792137146"
"1146","2291","2291","2291","0.7533056139945984","0.7533056139945984","0.7533056139945984"
"1147","2293","2293","2293","0.6872920989990234","0.6872920989990234","0.6872920989990234"
"1148","2295","2295","2295","0.7133716940879822","0.7133716940879822","0.7133716940879822"
"1149","2297","2297","2297","0.787233829498291","0.787233829498291","0.787233829498291"
"1150","2299","2299","2299","0.6453291177749634","0.6453291177749634","0.6453291177749634"
"1151","2301","2301","2301","0.6109501123428345","0.6109501123428345","0.6109501123428345"
"1152","2303","2303","2303","0.6651439666748047","0.6651439666748047","0.6651439666748047"
"1153","2305","2305","2305","0.6574336886405945","0.6574336886405945","0.6574336886405945"
"1154","2307","2307","2307","0.6258825659751892","0.6258825659751892","0.6258825659751892"
"1155","2309","2309","2309","0.5712898373603821","0.5712898373603821","0.5712898373603821"
"1156","2311","2311","2311","0.6146676540374756","0.6146676540374756","0.6146676540374756"
"1157","2313","2313","2313","0.6126498579978943","0.6126498579978943","0.6126498579978943"
"1158","2315","2315","2315","0.6973466873168945","0.6973466873168945","0.6973466873168945"
"1159","2317","2317","2317","0.7706609964370728","0.7706609964370728","0.7706609964370728"
"1160","2319","2319","2319","0.7614010572433472","0.7614010572433472","0.7614010572433472"
"1161","2321","2321","2321","0.7251566052436829","0.7251566052436829","0.7251566052436829"
"1162","2323","2323","2323","0.6801058650016785","0.6801058650016785","0.6801058650016785"
"1163","2325","2325","2325","0.7099997401237488","0.7099997401237488","0.7099997401237488"
"1164","2327","2327","2327","0.7189216017723083","0.7189216017723083","0.7189216017723083"
"1165","2329","2329","2329","0.7141565084457397","0.7141565084457397","0.7141565084457397"
"1166","2331","2331","2331","0.6959412693977356","0.6959412693977356","0.6959412693977356"
"1167","2333","2333","2333","0.6850885152816772","0.6850885152816772","0.6850885152816772"
"1168","2335","2335","2335","0.6924799680709839","0.6924799680709839","0.6924799680709839"
"1169","2337","2337","2337","0.7747465372085571","0.7747465372085571","0.7747465372085571"
"1170","2339","2339","2339","0.6504518985748291","0.6504518985748291","0.6504518985748291"
"1171","2341","2341","2341","0.7447323799133301","0.7447323799133301","0.7447323799133301"
"1172","2343","2343","2343","0.6818201541900635","0.6818201541900635","0.6818201541900635"
"1173","2345","2345","2345","0.655741810798645","0.655741810798645","0.655741810798645"
"1174","2347","2347","2347","0.7205781936645508","0.7205781936645508","0.7205781936645508"
"1175","2349","2349","2349","0.7162570953369141","0.7162570953369141","0.7162570953369141"
"1176","2351","2351","2351","0.7351580858230591","0.7351580858230591","0.7351580858230591"
"1177","2353","2353","2353","0.6591386795043945","0.6591386795043945","0.6591386795043945"
"1178","2355","2355","2355","0.6912156343460083","0.6912156343460083","0.6912156343460083"
"1179","2357","2357","2357","0.6661308407783508","0.6661308407783508","0.6661308407783508"
"1180","2359","2359","2359","0.6392903327941895","0.6392903327941895","0.6392903327941895"
"1181","2361","2361","2361","0.6869170665740967","0.6869170665740967","0.6869170665740967"
"1182","2363","2363","2363","0.6891440153121948","0.6891440153121948","0.6891440153121948"
"1183","2365","2365","2365","0.6844450831413269","0.6844450831413269","0.6844450831413269"
"1184","2367","2367","2367","0.7070549130439758","0.7070549130439758","0.7070549130439758"
"1185","2369","2369","2369","0.6661410331726074","0.6661410331726074","0.6661410331726074"
"1186","2371","2371","2371","0.5954381227493286","0.5954381227493286","0.5954381227493286"
"1187","2373","2373","2373","0.6692047119140625","0.6692047119140625","0.6692047119140625"
"1188","2375","2375","2375","0.6801862120628357","0.6801862120628357","0.6801862120628357"
"1189","2377","2377","2377","0.674262285232544","0.674262285232544","0.674262285232544"
"1190","2379","2379","2379","0.7010337710380554","0.7010337710380554","0.7010337710380554"
"1191","2381","2381","2381","0.6303073167800903","0.6303073167800903","0.6303073167800903"
"1192","2383","2383","2383","0.5327132344245911","0.5327132344245911","0.5327132344245911"
"1193","2385","2385","2385","0.5272662043571472","0.5272662043571472","0.5272662043571472"
"1194","2387","2387","2387","0.5035769939422607","0.5035769939422607","0.5035769939422607"
"1195","2389","2389","2389","0.5368410348892212","0.5368410348892212","0.5368410348892212"
"1196","2391","2391","2391","0.5854953527450562","0.5854953527450562","0.5854953527450562"
"1197","2393","2393","2393","0.6281347870826721","0.6281347870826721","0.6281347870826721"
"1198","2395","2395","2395","0.6957316994667053","0.6957316994667053","0.6957316994667053"
"1199","2397","2397","2397","0.6954513788223267","0.6954513788223267","0.6954513788223267"
"1200","2399","2399","2399","0.7027304172515869","0.7027304172515869","0.7027304172515869"
"1201","2401","2401","2401","0.7089172005653381","0.7089172005653381","0.7089172005653381"
"1202","2403","2403","2403","0.6705938577651978","0.6705938577651978","0.6705938577651978"
"1203","2405","2405","2405","0.8103964328765869","0.8103964328765869","0.8103964328765869"
"1204","2407","2407","2407","0.7085962891578674","0.7085962891578674","0.7085962891578674"
"1205","2409","2409","2409","0.6926817297935486","0.6926817297935486","0.6926817297935486"
"1206","2411","2411","2411","0.7231588959693909","0.7231588959693909","0.7231588959693909"
"1207","2413","2413","2413","0.657193660736084","0.657193660736084","0.657193660736084"
"1208","2415","2415","2415","0.6214917302131653","0.6214917302131653","0.6214917302131653"
"1209","2417","2417","2417","0.6539459824562073","0.6539459824562073","0.6539459824562073"
"1210","2419","2419","2419","0.7638834118843079","0.7638834118843079","0.7638834118843079"
"1211","2421","2421","2421","0.752144992351532","0.752144992351532","0.752144992351532"
"1212","2423","2423","2423","0.6136658191680908","0.6136658191680908","0.6136658191680908"
"1213","2425","2425","2425","0.562008798122406","0.562008798122406","0.562008798122406"
"1214","2427","2427","2427","0.6392781734466553","0.6392781734466553","0.6392781734466553"
"1215","2429","2429","2429","0.6590205430984497","0.6590205430984497","0.6590205430984497"
"1216","2431","2431","2431","0.7422265410423279","0.7422265410423279","0.7422265410423279"
"1217","2433","2433","2433","0.6578674912452698","0.6578674912452698","0.6578674912452698"
"1218","2435","2435","2435","0.5957976579666138","0.5957976579666138","0.5957976579666138"
"1219","2437","2437","2437","0.6757214069366455","0.6757214069366455","0.6757214069366455"
"1220","2439","2439","2439","0.6362869143486023","0.6362869143486023","0.6362869143486023"
"1221","2441","2441","2441","0.6631361246109009","0.6631361246109009","0.6631361246109009"
"1222","2443","2443","2443","0.6217025518417358","0.6217025518417358","0.6217025518417358"
"1223","2445","2445","2445","0.6344518065452576","0.6344518065452576","0.6344518065452576"
"1224","2447","2447","2447","0.6245441436767578","0.6245441436767578","0.6245441436767578"
"1225","2449","2449","2449","0.6096175909042358","0.6096175909042358","0.6096175909042358"
"1226","2451","2451","2451","0.5874308943748474","0.5874308943748474","0.5874308943748474"
"1227","2453","2453","2453","0.5754950642585754","0.5754950642585754","0.5754950642585754"
"1228","2455","2455","2455","0.6052561402320862","0.6052561402320862","0.6052561402320862"
"1229","2457","2457","2457","0.6422828435897827","0.6422828435897827","0.6422828435897827"
"1230","2459","2459","2459","0.6385191082954407","0.6385191082954407","0.6385191082954407"
"1231","2461","2461","2461","0.6350013613700867","0.6350013613700867","0.6350013613700867"
"1232","2463","2463","2463","0.6964783072471619","0.6964783072471619","0.6964783072471619"
"1233","2465","2465","2465","0.7899629473686218","0.7899629473686218","0.7899629473686218"
"1234","2467","2467","2467","0.60595703125","0.60595703125","0.60595703125"
"1235","2469","2469","2469","0.6175816655158997","0.6175816655158997","0.6175816655158997"
"1236","2471","2471","2471","0.6775480508804321","0.6775480508804321","0.6775480508804321"
"1237","2473","2473","2473","0.6438156366348267","0.6438156366348267","0.6438156366348267"
"1238","2475","2475","2475","0.6357098817825317","0.6357098817825317","0.6357098817825317"
"1239","2477","2477","2477","0.595775842666626","0.595775842666626","0.595775842666626"
"1240","2479","2479","2479","0.6277124881744385","0.6277124881744385","0.6277124881744385"
"1241","2481","2481","2481","0.6207171082496643","0.6207171082496643","0.6207171082496643"
"1242","2483","2483","2483","0.5761299133300781","0.5761299133300781","0.5761299133300781"
"1243","2485","2485","2485","0.5490615367889404","0.5490615367889404","0.5490615367889404"
"1244","2487","2487","2487","0.5065956115722656","0.5065956115722656","0.5065956115722656"
"1245","2489","2489","2489","0.6095595955848694","0.6095595955848694","0.6095595955848694"
"1246","2491","2491","2491","0.6596384048461914","0.6596384048461914","0.6596384048461914"
"1247","2493","2493","2493","0.6646000146865845","0.6646000146865845","0.6646000146865845"
"1248","2495","2495","2495","0.7312406897544861","0.7312406897544861","0.7312406897544861"
"1249","2497","2497","2497","0.8269370198249817","0.8269370198249817","0.8269370198249817"
"1250","2499","2499","2499","0.6347881555557251","0.6347881555557251","0.6347881555557251"
"1251","2501","2501","2501","0.6721325516700745","0.6721325516700745","0.6721325516700745"
"1252","2503","2503","2503","0.6550050377845764","0.6550050377845764","0.6550050377845764"
"1253","2505","2505","2505","0.6621044278144836","0.6621044278144836","0.6621044278144836"
"1254","2507","2507","2507","0.6821156144142151","0.6821156144142151","0.6821156144142151"
"1255","2509","2509","2509","0.7005430459976196","0.7005430459976196","0.7005430459976196"
"1256","2511","2511","2511","0.6411683559417725","0.6411683559417725","0.6411683559417725"
"1257","2513","2513","2513","0.610297679901123","0.610297679901123","0.610297679901123"
"1258","2515","2515","2515","0.6979985237121582","0.6979985237121582","0.6979985237121582"
"1259","2517","2517","2517","0.6409851908683777","0.6409851908683777","0.6409851908683777"
"1260","2519","2519","2519","0.622942328453064","0.622942328453064","0.622942328453064"
"1261","2521","2521","2521","0.5725078582763672","0.5725078582763672","0.5725078582763672"
"1262","2523","2523","2523","0.5911540389060974","0.5911540389060974","0.5911540389060974"
"1263","2525","2525","2525","0.5504851937294006","0.5504851937294006","0.5504851937294006"
"1264","2527","2527","2527","0.5792357921600342","0.5792357921600342","0.5792357921600342"
"1265","2529","2529","2529","0.6490898728370667","0.6490898728370667","0.6490898728370667"
"1266","2531","2531","2531","0.6480013728141785","0.6480013728141785","0.6480013728141785"
"1267","2533","2533","2533","0.6201679110527039","0.6201679110527039","0.6201679110527039"
"1268","2535","2535","2535","0.6856876611709595","0.6856876611709595","0.6856876611709595"
"1269","2537","2537","2537","0.6375115513801575","0.6375115513801575","0.6375115513801575"
"1270","2539","2539","2539","0.6405731439590454","0.6405731439590454","0.6405731439590454"
"1271","2541","2541","2541","0.6793266534805298","0.6793266534805298","0.6793266534805298"
"1272","2543","2543","2543","0.6473457217216492","0.6473457217216492","0.6473457217216492"
"1273","2545","2545","2545","0.6952806115150452","0.6952806115150452","0.6952806115150452"
"1274","2547","2547","2547","0.6649971604347229","0.6649971604347229","0.6649971604347229"
"1275","2549","2549","2549","0.7155015468597412","0.7155015468597412","0.7155015468597412"
"1276","2551","2551","2551","0.6363058686256409","0.6363058686256409","0.6363058686256409"
"1277","2553","2553","2553","0.6722068190574646","0.6722068190574646","0.6722068190574646"
"1278","2555","2555","2555","0.6945164203643799","0.6945164203643799","0.6945164203643799"
"1279","2557","2557","2557","0.7366682887077332","0.7366682887077332","0.7366682887077332"
"1280","2559","2559","2559","0.5742657780647278","0.5742657780647278","0.5742657780647278"
"1281","2561","2561","2561","0.5315330624580383","0.5315330624580383","0.5315330624580383"
"1282","2563","2563","2563","0.5388298034667969","0.5388298034667969","0.5388298034667969"
"1283","2565","2565","2565","0.5976418256759644","0.5976418256759644","0.5976418256759644"
"1284","2567","2567","2567","0.5459672808647156","0.5459672808647156","0.5459672808647156"
"1285","2569","2569","2569","0.5498729944229126","0.5498729944229126","0.5498729944229126"
"1286","2571","2571","2571","0.607011616230011","0.607011616230011","0.607011616230011"
"1287","2573","2573","2573","0.612921953201294","0.612921953201294","0.612921953201294"
"1288","2575","2575","2575","0.7038792967796326","0.7038792967796326","0.7038792967796326"
"1289","2577","2577","2577","0.8991233110427856","0.8991233110427856","0.8991233110427856"
"1290","2579","2579","2579","0.7253278493881226","0.7253278493881226","0.7253278493881226"
"1291","2581","2581","2581","0.7433952689170837","0.7433952689170837","0.7433952689170837"
"1292","2583","2583","2583","0.7805095314979553","0.7805095314979553","0.7805095314979553"
"1293","2585","2585","2585","0.6311668157577515","0.6311668157577515","0.6311668157577515"
"1294","2587","2587","2587","0.6754804849624634","0.6754804849624634","0.6754804849624634"
"1295","2589","2589","2589","0.6643049716949463","0.6643049716949463","0.6643049716949463"
"1296","2591","2591","2591","0.7288191914558411","0.7288191914558411","0.7288191914558411"
"1297","2593","2593","2593","0.6988130211830139","0.6988130211830139","0.6988130211830139"
"1298","2595","2595","2595","0.6395973563194275","0.6395973563194275","0.6395973563194275"
"1299","2597","2597","2597","0.661458432674408","0.661458432674408","0.661458432674408"
"1300","2599","2599","2599","0.6723217964172363","0.6723217964172363","0.6723217964172363"
"1301","2601","2601","2601","0.7283182740211487","0.7283182740211487","0.7283182740211487"
"1302","2603","2603","2603","0.7119115591049194","0.7119115591049194","0.7119115591049194"
"1303","2605","2605","2605","0.689714789390564","0.689714789390564","0.689714789390564"
"1304","2607","2607","2607","0.6149678826332092","0.6149678826332092","0.6149678826332092"
"1305","2609","2609","2609","0.585814893245697","0.585814893245697","0.585814893245697"
"1306","2611","2611","2611","0.6235620379447937","0.6235620379447937","0.6235620379447937"
"1307","2613","2613","2613","0.5625622272491455","0.5625622272491455","0.5625622272491455"
"1308","2615","2615","2615","0.5475844740867615","0.5475844740867615","0.5475844740867615"
"1309","2617","2617","2617","0.5977444648742676","0.5977444648742676","0.5977444648742676"
"1310","2619","2619","2619","0.533111035823822","0.533111035823822","0.533111035823822"
"1311","2621","2621","2621","0.636746346950531","0.636746346950531","0.636746346950531"
"1312","2623","2623","2623","0.6422450542449951","0.6422450542449951","0.6422450542449951"
"1313","2625","2625","2625","0.6487932801246643","0.6487932801246643","0.6487932801246643"
"1314","2627","2627","2627","0.6386682391166687","0.6386682391166687","0.6386682391166687"
"1315","2629","2629","2629","0.6671834588050842","0.6671834588050842","0.6671834588050842"
"1316","2631","2631","2631","0.706563413143158","0.706563413143158","0.706563413143158"
"1317","2633","2633","2633","0.6446587443351746","0.6446587443351746","0.6446587443351746"
"1318","2635","2635","2635","0.6621316075325012","0.6621316075325012","0.6621316075325012"
"1319","2637","2637","2637","0.6475778222084045","0.6475778222084045","0.6475778222084045"
"1320","2639","2639","2639","0.6181759238243103","0.6181759238243103","0.6181759238243103"
"1321","2641","2641","2641","0.6162195801734924","0.6162195801734924","0.6162195801734924"
"1322","2643","2643","2643","0.5491434335708618","0.5491434335708618","0.5491434335708618"
"1323","2645","2645","2645","0.5667108297348022","0.5667108297348022","0.5667108297348022"
"1324","2647","2647","2647","0.6543745994567871","0.6543745994567871","0.6543745994567871"
"1325","2649","2649","2649","0.6662909388542175","0.6662909388542175","0.6662909388542175"
"1326","2651","2651","2651","0.7395540475845337","0.7395540475845337","0.7395540475845337"
"1327","2653","2653","2653","0.689277708530426","0.689277708530426","0.689277708530426"
"1328","2655","2655","2655","0.6552664637565613","0.6552664637565613","0.6552664637565613"
"1329","2657","2657","2657","0.571757435798645","0.571757435798645","0.571757435798645"
"1330","2659","2659","2659","0.643314778804779","0.643314778804779","0.643314778804779"
"1331","2661","2661","2661","0.6677642464637756","0.6677642464637756","0.6677642464637756"
"1332","2663","2663","2663","0.5946900248527527","0.5946900248527527","0.5946900248527527"
"1333","2665","2665","2665","0.6376047134399414","0.6376047134399414","0.6376047134399414"
"1334","2667","2667","2667","0.5241115689277649","0.5241115689277649","0.5241115689277649"
"1335","2669","2669","2669","0.5893581509590149","0.5893581509590149","0.5893581509590149"
"1336","2671","2671","2671","0.6676852703094482","0.6676852703094482","0.6676852703094482"
"1337","2673","2673","2673","0.6521458625793457","0.6521458625793457","0.6521458625793457"
"1338","2675","2675","2675","0.5975509881973267","0.5975509881973267","0.5975509881973267"
"1339","2677","2677","2677","0.5659688711166382","0.5659688711166382","0.5659688711166382"
"1340","2679","2679","2679","0.5253471732139587","0.5253471732139587","0.5253471732139587"
"1341","2681","2681","2681","0.6136075258255005","0.6136075258255005","0.6136075258255005"
"1342","2683","2683","2683","0.7021639347076416","0.7021639347076416","0.7021639347076416"
"1343","2685","2685","2685","0.5957048535346985","0.5957048535346985","0.5957048535346985"
"1344","2687","2687","2687","0.5826920866966248","0.5826920866966248","0.5826920866966248"
"1345","2689","2689","2689","0.5861769914627075","0.5861769914627075","0.5861769914627075"
"1346","2691","2691","2691","0.6468477845191956","0.6468477845191956","0.6468477845191956"
"1347","2693","2693","2693","0.7128435373306274","0.7128435373306274","0.7128435373306274"
"1348","2695","2695","2695","0.6446768641471863","0.6446768641471863","0.6446768641471863"
"1349","2697","2697","2697","0.6519507169723511","0.6519507169723511","0.6519507169723511"
"1350","2699","2699","2699","0.6348136067390442","0.6348136067390442","0.6348136067390442"
"1351","2701","2701","2701","0.6183579564094543","0.6183579564094543","0.6183579564094543"
"1352","2703","2703","2703","0.6923917531967163","0.6923917531967163","0.6923917531967163"
"1353","2705","2705","2705","0.7100769281387329","0.7100769281387329","0.7100769281387329"
"1354","2707","2707","2707","0.6187571883201599","0.6187571883201599","0.6187571883201599"
"1355","2709","2709","2709","0.7198294401168823","0.7198294401168823","0.7198294401168823"
"1356","2711","2711","2711","0.6932148933410645","0.6932148933410645","0.6932148933410645"
"1357","2713","2713","2713","0.567926824092865","0.567926824092865","0.567926824092865"
"1358","2715","2715","2715","0.6281256675720215","0.6281256675720215","0.6281256675720215"
"1359","2717","2717","2717","0.6194705367088318","0.6194705367088318","0.6194705367088318"
"1360","2719","2719","2719","0.6215410828590393","0.6215410828590393","0.6215410828590393"
"1361","2721","2721","2721","0.6236294507980347","0.6236294507980347","0.6236294507980347"
"1362","2723","2723","2723","0.6229485273361206","0.6229485273361206","0.6229485273361206"
"1363","2725","2725","2725","0.6434560418128967","0.6434560418128967","0.6434560418128967"
"1364","2727","2727","2727","0.5905446410179138","0.5905446410179138","0.5905446410179138"
"1365","2729","2729","2729","0.6004228591918945","0.6004228591918945","0.6004228591918945"
"1366","2731","2731","2731","0.5717505216598511","0.5717505216598511","0.5717505216598511"
"1367","2733","2733","2733","0.669026255607605","0.669026255607605","0.669026255607605"
"1368","2735","2735","2735","0.6217374205589294","0.6217374205589294","0.6217374205589294"
"1369","2737","2737","2737","0.5150084495544434","0.5150084495544434","0.5150084495544434"
"1370","2739","2739","2739","0.537720799446106","0.537720799446106","0.537720799446106"
"1371","2741","2741","2741","0.5706437826156616","0.5706437826156616","0.5706437826156616"
"1372","2743","2743","2743","0.5499237775802612","0.5499237775802612","0.5499237775802612"
"1373","2745","2745","2745","0.5230399370193481","0.5230399370193481","0.5230399370193481"
"1374","2747","2747","2747","0.5684161186218262","0.5684161186218262","0.5684161186218262"
"1375","2749","2749","2749","0.5597491264343262","0.5597491264343262","0.5597491264343262"
"1376","2751","2751","2751","0.5882165431976318","0.5882165431976318","0.5882165431976318"
"1377","2753","2753","2753","0.7278538942337036","0.7278538942337036","0.7278538942337036"
"1378","2755","2755","2755","0.6292108297348022","0.6292108297348022","0.6292108297348022"
"1379","2757","2757","2757","0.6759512424468994","0.6759512424468994","0.6759512424468994"
"1380","2759","2759","2759","0.7455493211746216","0.7455493211746216","0.7455493211746216"
"1381","2761","2761","2761","0.6221084594726562","0.6221084594726562","0.6221084594726562"
"1382","2763","2763","2763","0.6575866937637329","0.6575866937637329","0.6575866937637329"
"1383","2765","2765","2765","0.628197968006134","0.628197968006134","0.628197968006134"
"1384","2767","2767","2767","0.602773129940033","0.602773129940033","0.602773129940033"
"1385","2769","2769","2769","0.718637228012085","0.718637228012085","0.718637228012085"
"1386","2771","2771","2771","0.6384931206703186","0.6384931206703186","0.6384931206703186"
"1387","2773","2773","2773","0.5807892084121704","0.5807892084121704","0.5807892084121704"
"1388","2775","2775","2775","0.610661506652832","0.610661506652832","0.610661506652832"
"1389","2777","2777","2777","0.6334623098373413","0.6334623098373413","0.6334623098373413"
"1390","2779","2779","2779","0.6850410103797913","0.6850410103797913","0.6850410103797913"
"1391","2781","2781","2781","0.5878364443778992","0.5878364443778992","0.5878364443778992"
"1392","2783","2783","2783","0.5658498406410217","0.5658498406410217","0.5658498406410217"
"1393","2785","2785","2785","0.5881384015083313","0.5881384015083313","0.5881384015083313"
"1394","2787","2787","2787","0.7327442169189453","0.7327442169189453","0.7327442169189453"
"1395","2789","2789","2789","0.6791979670524597","0.6791979670524597","0.6791979670524597"
"1396","2791","2791","2791","0.7018210887908936","0.7018210887908936","0.7018210887908936"
"1397","2793","2793","2793","0.6211928129196167","0.6211928129196167","0.6211928129196167"
"1398","2795","2795","2795","0.5845779180526733","0.5845779180526733","0.5845779180526733"
"1399","2797","2797","2797","0.6523610353469849","0.6523610353469849","0.6523610353469849"
"1400","2799","2799","2799","0.7257046103477478","0.7257046103477478","0.7257046103477478"
"1401","2801","2801","2801","0.6147375106811523","0.6147375106811523","0.6147375106811523"
"1402","2803","2803","2803","0.7004925608634949","0.7004925608634949","0.7004925608634949"
"1403","2805","2805","2805","0.6146328449249268","0.6146328449249268","0.6146328449249268"
"1404","2807","2807","2807","0.6757446527481079","0.6757446527481079","0.6757446527481079"
"1405","2809","2809","2809","0.6773948669433594","0.6773948669433594","0.6773948669433594"
"1406","2811","2811","2811","0.790674090385437","0.790674090385437","0.790674090385437"
"1407","2813","2813","2813","0.5556646585464478","0.5556646585464478","0.5556646585464478"
"1408","2815","2815","2815","0.6811288595199585","0.6811288595199585","0.6811288595199585"
"1409","2817","2817","2817","0.7131689190864563","0.7131689190864563","0.7131689190864563"
"1410","2819","2819","2819","0.622421383857727","0.622421383857727","0.622421383857727"
"1411","2821","2821","2821","0.6439481377601624","0.6439481377601624","0.6439481377601624"
"1412","2823","2823","2823","0.566221296787262","0.566221296787262","0.566221296787262"
"1413","2825","2825","2825","0.5642153024673462","0.5642153024673462","0.5642153024673462"
"1414","2827","2827","2827","0.5699125528335571","0.5699125528335571","0.5699125528335571"
"1415","2829","2829","2829","0.5988706946372986","0.5988706946372986","0.5988706946372986"
"1416","2831","2831","2831","0.6723573803901672","0.6723573803901672","0.6723573803901672"
"1417","2833","2833","2833","0.785979151725769","0.785979151725769","0.785979151725769"
"1418","2835","2835","2835","0.7066133618354797","0.7066133618354797","0.7066133618354797"
"1419","2837","2837","2837","0.6256806254386902","0.6256806254386902","0.6256806254386902"
"1420","2839","2839","2839","0.5887147784233093","0.5887147784233093","0.5887147784233093"
"1421","2841","2841","2841","0.5781375765800476","0.5781375765800476","0.5781375765800476"
"1422","2843","2843","2843","0.5557529926300049","0.5557529926300049","0.5557529926300049"
"1423","2845","2845","2845","0.5828047394752502","0.5828047394752502","0.5828047394752502"
"1424","2847","2847","2847","0.6495112180709839","0.6495112180709839","0.6495112180709839"
"1425","2849","2849","2849","0.5808666348457336","0.5808666348457336","0.5808666348457336"
"1426","2851","2851","2851","0.5699683427810669","0.5699683427810669","0.5699683427810669"
"1427","2853","2853","2853","0.6290528774261475","0.6290528774261475","0.6290528774261475"
"1428","2855","2855","2855","0.6152875423431396","0.6152875423431396","0.6152875423431396"
"1429","2857","2857","2857","0.5836911797523499","0.5836911797523499","0.5836911797523499"
"1430","2859","2859","2859","0.5907188057899475","0.5907188057899475","0.5907188057899475"
"1431","2861","2861","2861","0.542740523815155","0.542740523815155","0.542740523815155"
"1432","2863","2863","2863","0.5674763321876526","0.5674763321876526","0.5674763321876526"
"1433","2865","2865","2865","0.5794788002967834","0.5794788002967834","0.5794788002967834"
"1434","2867","2867","2867","0.5520145893096924","0.5520145893096924","0.5520145893096924"
"1435","2869","2869","2869","0.567013144493103","0.567013144493103","0.567013144493103"
"1436","2871","2871","2871","0.5762866139411926","0.5762866139411926","0.5762866139411926"
"1437","2873","2873","2873","0.6282543540000916","0.6282543540000916","0.6282543540000916"
"1438","2875","2875","2875","0.7036550641059875","0.7036550641059875","0.7036550641059875"
"1439","2877","2877","2877","0.5847684741020203","0.5847684741020203","0.5847684741020203"
"1440","2879","2879","2879","0.5597279667854309","0.5597279667854309","0.5597279667854309"
"1441","2881","2881","2881","0.5832098126411438","0.5832098126411438","0.5832098126411438"
"1442","2883","2883","2883","0.6000811457633972","0.6000811457633972","0.6000811457633972"
"1443","2885","2885","2885","0.6346143484115601","0.6346143484115601","0.6346143484115601"
"1444","2887","2887","2887","0.5598288774490356","0.5598288774490356","0.5598288774490356"
"1445","2889","2889","2889","0.5744568109512329","0.5744568109512329","0.5744568109512329"
"1446","2891","2891","2891","0.6440793871879578","0.6440793871879578","0.6440793871879578"
"1447","2893","2893","2893","0.6023046970367432","0.6023046970367432","0.6023046970367432"
"1448","2895","2895","2895","0.6364657878875732","0.6364657878875732","0.6364657878875732"
"1449","2897","2897","2897","0.662854790687561","0.662854790687561","0.662854790687561"
"1450","2899","2899","2899","0.6426110863685608","0.6426110863685608","0.6426110863685608"
"1451","2901","2901","2901","0.6719351410865784","0.6719351410865784","0.6719351410865784"
"1452","2903","2903","2903","0.6807609796524048","0.6807609796524048","0.6807609796524048"
"1453","2905","2905","2905","0.6572695970535278","0.6572695970535278","0.6572695970535278"
"1454","2907","2907","2907","0.6686234474182129","0.6686234474182129","0.6686234474182129"
"1455","2909","2909","2909","0.6346645951271057","0.6346645951271057","0.6346645951271057"
"1456","2911","2911","2911","0.5632965564727783","0.5632965564727783","0.5632965564727783"
"1457","2913","2913","2913","0.618928074836731","0.618928074836731","0.618928074836731"
"1458","2915","2915","2915","0.5519055724143982","0.5519055724143982","0.5519055724143982"
"1459","2917","2917","2917","0.5751257538795471","0.5751257538795471","0.5751257538795471"
"1460","2919","2919","2919","0.5855118036270142","0.5855118036270142","0.5855118036270142"
"1461","2921","2921","2921","0.630685031414032","0.630685031414032","0.630685031414032"
"1462","2923","2923","2923","0.6318238377571106","0.6318238377571106","0.6318238377571106"
"1463","2925","2925","2925","0.5585778951644897","0.5585778951644897","0.5585778951644897"
"1464","2927","2927","2927","0.5903303623199463","0.5903303623199463","0.5903303623199463"
"1465","2929","2929","2929","0.6072527170181274","0.6072527170181274","0.6072527170181274"
"1466","2931","2931","2931","0.6656860709190369","0.6656860709190369","0.6656860709190369"
"1467","2933","2933","2933","0.5909260511398315","0.5909260511398315","0.5909260511398315"